ISO-10303-21;
HEADER;
/* Generated by software containing ST-Developer
 * from STEP Tools, Inc. (www.steptools.com) 
 */

FILE_DESCRIPTION(
/* description */ (''),
/* implementation_level */ '2;1');

FILE_NAME(
/* name */ 'Female_3_pin_header.step',
/* time_stamp */ '2026-10-08T20:00:59-04:00',
/* author */ (''),
/* organization */ (''),
/* preprocessor_version */ 'ST-DEVELOPER v20.2',
/* originating_system */ 'Autodesk Translation Framework v15.15.0.0',
/* authorisation */ '');

FILE_SCHEMA (('AUTOMOTIVE_DESIGN { 1 0 10303 214 3 1 1 }'));
ENDSEC;

DATA;
#10=MECHANICAL_DESIGN_GEOMETRIC_PRESENTATION_REPRESENTATION('',(#55,#56,
#57,#58),#3165);
#11=SHAPE_REPRESENTATION_RELATIONSHIP('SRR','None',#3172,#12);
#12=ADVANCED_BREP_SHAPE_REPRESENTATION('',(#59,#60,#61,#62),#3164);
#13=B_SPLINE_SURFACE_WITH_KNOTS('',5,1,((#2723,#2724),(#2725,#2726),(#2727,
#2728),(#2729,#2730),(#2731,#2732),(#2733,#2734),(#2735,#2736),(#2737,#2738),
(#2739,#2740),(#2741,#2742)),.UNSPECIFIED.,.F.,.F.,.F.,(6,1,1,1,1,6),(2,
2),(-1.,-0.8,-0.6,-0.4,-0.2,0.),(0.,0.12),.UNSPECIFIED.);
#14=B_SPLINE_SURFACE_WITH_KNOTS('',5,1,((#2787,#2788),(#2789,#2790),(#2791,
#2792),(#2793,#2794),(#2795,#2796),(#2797,#2798),(#2799,#2800),(#2801,#2802),
(#2803,#2804),(#2805,#2806)),.UNSPECIFIED.,.F.,.F.,.F.,(6,1,1,1,1,6),(2,
2),(0.,0.2,0.4,0.6,0.8,1.),(0.,0.12),.UNSPECIFIED.);
#15=B_SPLINE_SURFACE_WITH_KNOTS('',5,1,((#2889,#2890),(#2891,#2892),(#2893,
#2894),(#2895,#2896),(#2897,#2898),(#2899,#2900),(#2901,#2902),(#2903,#2904),
(#2905,#2906),(#2907,#2908)),.UNSPECIFIED.,.F.,.F.,.F.,(6,1,1,1,1,6),(2,
2),(-1.,-0.8,-0.6,-0.4,-0.2,0.),(0.,0.12),.UNSPECIFIED.);
#16=B_SPLINE_SURFACE_WITH_KNOTS('',5,1,((#2953,#2954),(#2955,#2956),(#2957,
#2958),(#2959,#2960),(#2961,#2962),(#2963,#2964),(#2965,#2966),(#2967,#2968),
(#2969,#2970),(#2971,#2972)),.UNSPECIFIED.,.F.,.F.,.F.,(6,1,1,1,1,6),(2,
2),(0.,0.2,0.4,0.6,0.8,1.),(0.,0.12),.UNSPECIFIED.);
#17=B_SPLINE_SURFACE_WITH_KNOTS('',5,1,((#3055,#3056),(#3057,#3058),(#3059,
#3060),(#3061,#3062),(#3063,#3064),(#3065,#3066),(#3067,#3068),(#3069,#3070),
(#3071,#3072),(#3073,#3074)),.UNSPECIFIED.,.F.,.F.,.F.,(6,1,1,1,1,6),(2,
2),(-1.,-0.8,-0.6,-0.4,-0.2,0.),(0.,0.12),.UNSPECIFIED.);
#18=B_SPLINE_SURFACE_WITH_KNOTS('',5,1,((#3119,#3120),(#3121,#3122),(#3123,
#3124),(#3125,#3126),(#3127,#3128),(#3129,#3130),(#3131,#3132),(#3133,#3134),
(#3135,#3136),(#3137,#3138)),.UNSPECIFIED.,.F.,.F.,.F.,(6,1,1,1,1,6),(2,
2),(0.,0.2,0.4,0.6,0.8,1.),(0.,0.12),.UNSPECIFIED.);
#19=B_SPLINE_CURVE_WITH_KNOTS('',5,(#2673,#2674,#2675,#2676,#2677,#2678,
#2679,#2680,#2681,#2682),.UNSPECIFIED.,.F.,.F.,(6,1,1,1,1,6),(0.,0.2,0.4,
0.6,0.8,1.),.UNSPECIFIED.);
#20=B_SPLINE_CURVE_WITH_KNOTS('',5,(#2700,#2701,#2702,#2703,#2704,#2705,
#2706,#2707,#2708,#2709),.UNSPECIFIED.,.F.,.F.,(6,1,1,1,1,6),(-1.,-0.8,
-0.6,-0.4,-0.2,0.),.UNSPECIFIED.);
#21=B_SPLINE_CURVE_WITH_KNOTS('',5,(#2744,#2745,#2746,#2747,#2748,#2749,
#2750,#2751,#2752,#2753),.UNSPECIFIED.,.F.,.F.,(6,1,1,1,1,6),(-1.,-0.8,
-0.6,-0.4,-0.2,0.),.UNSPECIFIED.);
#22=B_SPLINE_CURVE_WITH_KNOTS('',5,(#2808,#2809,#2810,#2811,#2812,#2813,
#2814,#2815,#2816,#2817),.UNSPECIFIED.,.F.,.F.,(6,1,1,1,1,6),(0.,0.2,0.4,
0.6,0.8,1.),.UNSPECIFIED.);
#23=B_SPLINE_CURVE_WITH_KNOTS('',5,(#2839,#2840,#2841,#2842,#2843,#2844,
#2845,#2846,#2847,#2848),.UNSPECIFIED.,.F.,.F.,(6,1,1,1,1,6),(0.,0.2,0.4,
0.6,0.8,1.),.UNSPECIFIED.);
#24=B_SPLINE_CURVE_WITH_KNOTS('',5,(#2866,#2867,#2868,#2869,#2870,#2871,
#2872,#2873,#2874,#2875),.UNSPECIFIED.,.F.,.F.,(6,1,1,1,1,6),(-1.,-0.8,
-0.6,-0.4,-0.2,0.),.UNSPECIFIED.);
#25=B_SPLINE_CURVE_WITH_KNOTS('',5,(#2910,#2911,#2912,#2913,#2914,#2915,
#2916,#2917,#2918,#2919),.UNSPECIFIED.,.F.,.F.,(6,1,1,1,1,6),(-1.,-0.8,
-0.6,-0.4,-0.2,0.),.UNSPECIFIED.);
#26=B_SPLINE_CURVE_WITH_KNOTS('',5,(#2974,#2975,#2976,#2977,#2978,#2979,
#2980,#2981,#2982,#2983),.UNSPECIFIED.,.F.,.F.,(6,1,1,1,1,6),(0.,0.2,0.4,
0.6,0.8,1.),.UNSPECIFIED.);
#27=B_SPLINE_CURVE_WITH_KNOTS('',5,(#3005,#3006,#3007,#3008,#3009,#3010,
#3011,#3012,#3013,#3014),.UNSPECIFIED.,.F.,.F.,(6,1,1,1,1,6),(0.,0.2,0.4,
0.6,0.8,1.),.UNSPECIFIED.);
#28=B_SPLINE_CURVE_WITH_KNOTS('',5,(#3032,#3033,#3034,#3035,#3036,#3037,
#3038,#3039,#3040,#3041),.UNSPECIFIED.,.F.,.F.,(6,1,1,1,1,6),(-1.,-0.8,
-0.6,-0.4,-0.2,0.),.UNSPECIFIED.);
#29=B_SPLINE_CURVE_WITH_KNOTS('',5,(#3076,#3077,#3078,#3079,#3080,#3081,
#3082,#3083,#3084,#3085),.UNSPECIFIED.,.F.,.F.,(6,1,1,1,1,6),(-1.,-0.8,
-0.6,-0.4,-0.2,0.),.UNSPECIFIED.);
#30=B_SPLINE_CURVE_WITH_KNOTS('',5,(#3140,#3141,#3142,#3143,#3144,#3145,
#3146,#3147,#3148,#3149),.UNSPECIFIED.,.F.,.F.,(6,1,1,1,1,6),(0.,0.2,0.4,
0.6,0.8,1.),.UNSPECIFIED.);
#31=CIRCLE('',#1890,0.35);
#32=CIRCLE('',#1891,0.499999999999902);
#33=CIRCLE('',#1892,0.499999999993827);
#34=CIRCLE('',#1893,0.35);
#35=CIRCLE('',#1895,0.35);
#36=CIRCLE('',#1901,0.499999999999902);
#37=CIRCLE('',#1903,0.499999999993827);
#38=CIRCLE('',#1909,0.35);
#39=CIRCLE('',#1913,0.35);
#40=CIRCLE('',#1914,0.499999999999902);
#41=CIRCLE('',#1915,0.499999999993827);
#42=CIRCLE('',#1916,0.35);
#43=CIRCLE('',#1918,0.35);
#44=CIRCLE('',#1924,0.499999999999902);
#45=CIRCLE('',#1926,0.499999999993827);
#46=CIRCLE('',#1932,0.35);
#47=CIRCLE('',#1936,0.35);
#48=CIRCLE('',#1937,0.499999999999902);
#49=CIRCLE('',#1938,0.499999999993827);
#50=CIRCLE('',#1939,0.35);
#51=CIRCLE('',#1941,0.35);
#52=CIRCLE('',#1947,0.499999999999902);
#53=CIRCLE('',#1949,0.499999999993827);
#54=CIRCLE('',#1955,0.35);
#55=STYLED_ITEM('',(#3182),#59);
#56=STYLED_ITEM('',(#3183),#60);
#57=STYLED_ITEM('',(#3183),#61);
#58=STYLED_ITEM('',(#3183),#62);
#59=MANIFOLD_SOLID_BREP('Body1',#1814);
#60=MANIFOLD_SOLID_BREP('Body2',#1815);
#61=MANIFOLD_SOLID_BREP('Body3',#1816);
#62=MANIFOLD_SOLID_BREP('Body4',#1817);
#63=ELLIPSE('',#1838,0.848528137423857,0.6);
#64=ELLIPSE('',#1839,0.848528137423857,0.6);
#65=ELLIPSE('',#1841,0.848528137423857,0.6);
#66=ELLIPSE('',#1843,0.848528137423857,0.6);
#67=ELLIPSE('',#1855,0.848528137423857,0.6);
#68=ELLIPSE('',#1856,0.848528137423857,0.6);
#69=ELLIPSE('',#1858,0.848528137423857,0.6);
#70=ELLIPSE('',#1860,0.848528137423857,0.6);
#71=ELLIPSE('',#1876,0.848528137423857,0.6);
#72=ELLIPSE('',#1877,0.848528137423857,0.6);
#73=ELLIPSE('',#1879,0.848528137423857,0.6);
#74=ELLIPSE('',#1881,0.848528137423857,0.6);
#75=CYLINDRICAL_SURFACE('',#1837,0.6);
#76=CYLINDRICAL_SURFACE('',#1840,0.6);
#77=CYLINDRICAL_SURFACE('',#1842,0.6);
#78=CYLINDRICAL_SURFACE('',#1844,0.6);
#79=CYLINDRICAL_SURFACE('',#1854,0.6);
#80=CYLINDRICAL_SURFACE('',#1857,0.6);
#81=CYLINDRICAL_SURFACE('',#1859,0.6);
#82=CYLINDRICAL_SURFACE('',#1861,0.6);
#83=CYLINDRICAL_SURFACE('',#1875,0.6);
#84=CYLINDRICAL_SURFACE('',#1878,0.6);
#85=CYLINDRICAL_SURFACE('',#1880,0.6);
#86=CYLINDRICAL_SURFACE('',#1882,0.6);
#87=CYLINDRICAL_SURFACE('',#1894,0.35);
#88=CYLINDRICAL_SURFACE('',#1900,0.499999999999902);
#89=CYLINDRICAL_SURFACE('',#1902,0.499999999993827);
#90=CYLINDRICAL_SURFACE('',#1908,0.35);
#91=CYLINDRICAL_SURFACE('',#1917,0.35);
#92=CYLINDRICAL_SURFACE('',#1923,0.499999999999902);
#93=CYLINDRICAL_SURFACE('',#1925,0.499999999993827);
#94=CYLINDRICAL_SURFACE('',#1931,0.35);
#95=CYLINDRICAL_SURFACE('',#1940,0.35);
#96=CYLINDRICAL_SURFACE('',#1946,0.499999999999902);
#97=CYLINDRICAL_SURFACE('',#1948,0.499999999993827);
#98=CYLINDRICAL_SURFACE('',#1954,0.35);
#99=FACE_BOUND('',#206,.T.);
#100=FACE_BOUND('',#220,.T.);
#101=FACE_BOUND('',#238,.T.);
#102=FACE_BOUND('',#248,.T.);
#103=FACE_BOUND('',#249,.T.);
#104=FACE_BOUND('',#250,.T.);
#105=FACE_OUTER_BOUND('',#202,.T.);
#106=FACE_OUTER_BOUND('',#203,.T.);
#107=FACE_OUTER_BOUND('',#204,.T.);
#108=FACE_OUTER_BOUND('',#205,.T.);
#109=FACE_OUTER_BOUND('',#207,.T.);
#110=FACE_OUTER_BOUND('',#208,.T.);
#111=FACE_OUTER_BOUND('',#209,.T.);
#112=FACE_OUTER_BOUND('',#210,.T.);
#113=FACE_OUTER_BOUND('',#211,.T.);
#114=FACE_OUTER_BOUND('',#212,.T.);
#115=FACE_OUTER_BOUND('',#213,.T.);
#116=FACE_OUTER_BOUND('',#214,.T.);
#117=FACE_OUTER_BOUND('',#215,.T.);
#118=FACE_OUTER_BOUND('',#216,.T.);
#119=FACE_OUTER_BOUND('',#217,.T.);
#120=FACE_OUTER_BOUND('',#218,.T.);
#121=FACE_OUTER_BOUND('',#219,.T.);
#122=FACE_OUTER_BOUND('',#221,.T.);
#123=FACE_OUTER_BOUND('',#222,.T.);
#124=FACE_OUTER_BOUND('',#223,.T.);
#125=FACE_OUTER_BOUND('',#224,.T.);
#126=FACE_OUTER_BOUND('',#225,.T.);
#127=FACE_OUTER_BOUND('',#226,.T.);
#128=FACE_OUTER_BOUND('',#227,.T.);
#129=FACE_OUTER_BOUND('',#228,.T.);
#130=FACE_OUTER_BOUND('',#229,.T.);
#131=FACE_OUTER_BOUND('',#230,.T.);
#132=FACE_OUTER_BOUND('',#231,.T.);
#133=FACE_OUTER_BOUND('',#232,.T.);
#134=FACE_OUTER_BOUND('',#233,.T.);
#135=FACE_OUTER_BOUND('',#234,.T.);
#136=FACE_OUTER_BOUND('',#235,.T.);
#137=FACE_OUTER_BOUND('',#236,.T.);
#138=FACE_OUTER_BOUND('',#237,.T.);
#139=FACE_OUTER_BOUND('',#239,.T.);
#140=FACE_OUTER_BOUND('',#240,.T.);
#141=FACE_OUTER_BOUND('',#241,.T.);
#142=FACE_OUTER_BOUND('',#242,.T.);
#143=FACE_OUTER_BOUND('',#243,.T.);
#144=FACE_OUTER_BOUND('',#244,.T.);
#145=FACE_OUTER_BOUND('',#245,.T.);
#146=FACE_OUTER_BOUND('',#246,.T.);
#147=FACE_OUTER_BOUND('',#247,.T.);
#148=FACE_OUTER_BOUND('',#251,.T.);
#149=FACE_OUTER_BOUND('',#252,.T.);
#150=FACE_OUTER_BOUND('',#253,.T.);
#151=FACE_OUTER_BOUND('',#254,.T.);
#152=FACE_OUTER_BOUND('',#255,.T.);
#153=FACE_OUTER_BOUND('',#256,.T.);
#154=FACE_OUTER_BOUND('',#257,.T.);
#155=FACE_OUTER_BOUND('',#258,.T.);
#156=FACE_OUTER_BOUND('',#259,.T.);
#157=FACE_OUTER_BOUND('',#260,.T.);
#158=FACE_OUTER_BOUND('',#261,.T.);
#159=FACE_OUTER_BOUND('',#262,.T.);
#160=FACE_OUTER_BOUND('',#263,.T.);
#161=FACE_OUTER_BOUND('',#264,.T.);
#162=FACE_OUTER_BOUND('',#265,.T.);
#163=FACE_OUTER_BOUND('',#266,.T.);
#164=FACE_OUTER_BOUND('',#267,.T.);
#165=FACE_OUTER_BOUND('',#268,.T.);
#166=FACE_OUTER_BOUND('',#269,.T.);
#167=FACE_OUTER_BOUND('',#270,.T.);
#168=FACE_OUTER_BOUND('',#271,.T.);
#169=FACE_OUTER_BOUND('',#272,.T.);
#170=FACE_OUTER_BOUND('',#273,.T.);
#171=FACE_OUTER_BOUND('',#274,.T.);
#172=FACE_OUTER_BOUND('',#275,.T.);
#173=FACE_OUTER_BOUND('',#276,.T.);
#174=FACE_OUTER_BOUND('',#277,.T.);
#175=FACE_OUTER_BOUND('',#278,.T.);
#176=FACE_OUTER_BOUND('',#279,.T.);
#177=FACE_OUTER_BOUND('',#280,.T.);
#178=FACE_OUTER_BOUND('',#281,.T.);
#179=FACE_OUTER_BOUND('',#282,.T.);
#180=FACE_OUTER_BOUND('',#283,.T.);
#181=FACE_OUTER_BOUND('',#284,.T.);
#182=FACE_OUTER_BOUND('',#285,.T.);
#183=FACE_OUTER_BOUND('',#286,.T.);
#184=FACE_OUTER_BOUND('',#287,.T.);
#185=FACE_OUTER_BOUND('',#288,.T.);
#186=FACE_OUTER_BOUND('',#289,.T.);
#187=FACE_OUTER_BOUND('',#290,.T.);
#188=FACE_OUTER_BOUND('',#291,.T.);
#189=FACE_OUTER_BOUND('',#292,.T.);
#190=FACE_OUTER_BOUND('',#293,.T.);
#191=FACE_OUTER_BOUND('',#294,.T.);
#192=FACE_OUTER_BOUND('',#295,.T.);
#193=FACE_OUTER_BOUND('',#296,.T.);
#194=FACE_OUTER_BOUND('',#297,.T.);
#195=FACE_OUTER_BOUND('',#298,.T.);
#196=FACE_OUTER_BOUND('',#299,.T.);
#197=FACE_OUTER_BOUND('',#300,.T.);
#198=FACE_OUTER_BOUND('',#301,.T.);
#199=FACE_OUTER_BOUND('',#302,.T.);
#200=FACE_OUTER_BOUND('',#303,.T.);
#201=FACE_OUTER_BOUND('',#304,.T.);
#202=EDGE_LOOP('',(#1140,#1141,#1142,#1143));
#203=EDGE_LOOP('',(#1144,#1145,#1146,#1147));
#204=EDGE_LOOP('',(#1148,#1149,#1150,#1151));
#205=EDGE_LOOP('',(#1152,#1153,#1154,#1155));
#206=EDGE_LOOP('',(#1156,#1157,#1158,#1159));
#207=EDGE_LOOP('',(#1160,#1161,#1162,#1163));
#208=EDGE_LOOP('',(#1164,#1165,#1166,#1167));
#209=EDGE_LOOP('',(#1168,#1169,#1170,#1171));
#210=EDGE_LOOP('',(#1172,#1173,#1174,#1175));
#211=EDGE_LOOP('',(#1176,#1177,#1178,#1179));
#212=EDGE_LOOP('',(#1180,#1181,#1182,#1183));
#213=EDGE_LOOP('',(#1184,#1185,#1186,#1187));
#214=EDGE_LOOP('',(#1188,#1189,#1190,#1191));
#215=EDGE_LOOP('',(#1192,#1193,#1194,#1195,#1196,#1197,#1198,#1199));
#216=EDGE_LOOP('',(#1200,#1201,#1202,#1203));
#217=EDGE_LOOP('',(#1204,#1205,#1206,#1207));
#218=EDGE_LOOP('',(#1208,#1209,#1210,#1211));
#219=EDGE_LOOP('',(#1212,#1213,#1214,#1215));
#220=EDGE_LOOP('',(#1216,#1217,#1218,#1219));
#221=EDGE_LOOP('',(#1220,#1221,#1222,#1223));
#222=EDGE_LOOP('',(#1224,#1225,#1226,#1227));
#223=EDGE_LOOP('',(#1228,#1229,#1230,#1231));
#224=EDGE_LOOP('',(#1232,#1233,#1234,#1235));
#225=EDGE_LOOP('',(#1236,#1237,#1238,#1239));
#226=EDGE_LOOP('',(#1240,#1241,#1242,#1243));
#227=EDGE_LOOP('',(#1244,#1245,#1246,#1247));
#228=EDGE_LOOP('',(#1248,#1249,#1250,#1251));
#229=EDGE_LOOP('',(#1252,#1253,#1254,#1255));
#230=EDGE_LOOP('',(#1256,#1257,#1258,#1259));
#231=EDGE_LOOP('',(#1260,#1261,#1262,#1263,#1264,#1265,#1266,#1267));
#232=EDGE_LOOP('',(#1268,#1269,#1270,#1271));
#233=EDGE_LOOP('',(#1272,#1273,#1274,#1275,#1276,#1277,#1278,#1279,#1280,
#1281,#1282,#1283,#1284,#1285,#1286,#1287));
#234=EDGE_LOOP('',(#1288,#1289,#1290,#1291));
#235=EDGE_LOOP('',(#1292,#1293,#1294,#1295,#1296,#1297,#1298,#1299,#1300,
#1301,#1302,#1303,#1304,#1305,#1306,#1307));
#236=EDGE_LOOP('',(#1308,#1309,#1310,#1311));
#237=EDGE_LOOP('',(#1312,#1313,#1314,#1315));
#238=EDGE_LOOP('',(#1316,#1317,#1318,#1319));
#239=EDGE_LOOP('',(#1320,#1321,#1322,#1323));
#240=EDGE_LOOP('',(#1324,#1325,#1326,#1327));
#241=EDGE_LOOP('',(#1328,#1329,#1330,#1331));
#242=EDGE_LOOP('',(#1332,#1333,#1334,#1335));
#243=EDGE_LOOP('',(#1336,#1337,#1338,#1339));
#244=EDGE_LOOP('',(#1340,#1341,#1342,#1343));
#245=EDGE_LOOP('',(#1344,#1345,#1346,#1347));
#246=EDGE_LOOP('',(#1348,#1349,#1350,#1351));
#247=EDGE_LOOP('',(#1352,#1353,#1354,#1355));
#248=EDGE_LOOP('',(#1356,#1357,#1358,#1359));
#249=EDGE_LOOP('',(#1360,#1361,#1362,#1363));
#250=EDGE_LOOP('',(#1364,#1365,#1366,#1367));
#251=EDGE_LOOP('',(#1368,#1369,#1370,#1371));
#252=EDGE_LOOP('',(#1372,#1373,#1374,#1375));
#253=EDGE_LOOP('',(#1376,#1377,#1378,#1379));
#254=EDGE_LOOP('',(#1380,#1381,#1382,#1383,#1384,#1385,#1386,#1387,#1388,
#1389,#1390,#1391,#1392,#1393,#1394));
#255=EDGE_LOOP('',(#1395,#1396,#1397,#1398));
#256=EDGE_LOOP('',(#1399,#1400,#1401,#1402));
#257=EDGE_LOOP('',(#1403,#1404,#1405,#1406));
#258=EDGE_LOOP('',(#1407,#1408,#1409,#1410));
#259=EDGE_LOOP('',(#1411,#1412,#1413,#1414));
#260=EDGE_LOOP('',(#1415,#1416,#1417,#1418));
#261=EDGE_LOOP('',(#1419,#1420,#1421,#1422));
#262=EDGE_LOOP('',(#1423,#1424,#1425,#1426));
#263=EDGE_LOOP('',(#1427,#1428,#1429,#1430));
#264=EDGE_LOOP('',(#1431,#1432,#1433,#1434));
#265=EDGE_LOOP('',(#1435,#1436,#1437,#1438));
#266=EDGE_LOOP('',(#1439,#1440,#1441,#1442));
#267=EDGE_LOOP('',(#1443,#1444,#1445,#1446));
#268=EDGE_LOOP('',(#1447,#1448,#1449,#1450));
#269=EDGE_LOOP('',(#1451,#1452,#1453,#1454));
#270=EDGE_LOOP('',(#1455,#1456,#1457,#1458,#1459,#1460,#1461,#1462,#1463,
#1464,#1465,#1466,#1467,#1468,#1469));
#271=EDGE_LOOP('',(#1470,#1471,#1472,#1473,#1474,#1475,#1476,#1477,#1478,
#1479,#1480,#1481,#1482,#1483,#1484));
#272=EDGE_LOOP('',(#1485,#1486,#1487,#1488));
#273=EDGE_LOOP('',(#1489,#1490,#1491,#1492));
#274=EDGE_LOOP('',(#1493,#1494,#1495,#1496));
#275=EDGE_LOOP('',(#1497,#1498,#1499,#1500));
#276=EDGE_LOOP('',(#1501,#1502,#1503,#1504));
#277=EDGE_LOOP('',(#1505,#1506,#1507,#1508));
#278=EDGE_LOOP('',(#1509,#1510,#1511,#1512));
#279=EDGE_LOOP('',(#1513,#1514,#1515,#1516));
#280=EDGE_LOOP('',(#1517,#1518,#1519,#1520));
#281=EDGE_LOOP('',(#1521,#1522,#1523,#1524));
#282=EDGE_LOOP('',(#1525,#1526,#1527,#1528));
#283=EDGE_LOOP('',(#1529,#1530,#1531,#1532));
#284=EDGE_LOOP('',(#1533,#1534,#1535,#1536));
#285=EDGE_LOOP('',(#1537,#1538,#1539,#1540));
#286=EDGE_LOOP('',(#1541,#1542,#1543,#1544));
#287=EDGE_LOOP('',(#1545,#1546,#1547,#1548,#1549,#1550,#1551,#1552,#1553,
#1554,#1555,#1556,#1557,#1558,#1559));
#288=EDGE_LOOP('',(#1560,#1561,#1562,#1563,#1564,#1565,#1566,#1567,#1568,
#1569,#1570,#1571,#1572,#1573,#1574));
#289=EDGE_LOOP('',(#1575,#1576,#1577,#1578));
#290=EDGE_LOOP('',(#1579,#1580,#1581,#1582));
#291=EDGE_LOOP('',(#1583,#1584,#1585,#1586));
#292=EDGE_LOOP('',(#1587,#1588,#1589,#1590));
#293=EDGE_LOOP('',(#1591,#1592,#1593,#1594));
#294=EDGE_LOOP('',(#1595,#1596,#1597,#1598));
#295=EDGE_LOOP('',(#1599,#1600,#1601,#1602));
#296=EDGE_LOOP('',(#1603,#1604,#1605,#1606));
#297=EDGE_LOOP('',(#1607,#1608,#1609,#1610));
#298=EDGE_LOOP('',(#1611,#1612,#1613,#1614));
#299=EDGE_LOOP('',(#1615,#1616,#1617,#1618));
#300=EDGE_LOOP('',(#1619,#1620,#1621,#1622));
#301=EDGE_LOOP('',(#1623,#1624,#1625,#1626));
#302=EDGE_LOOP('',(#1627,#1628,#1629,#1630));
#303=EDGE_LOOP('',(#1631,#1632,#1633,#1634));
#304=EDGE_LOOP('',(#1635,#1636,#1637,#1638,#1639,#1640,#1641,#1642,#1643,
#1644,#1645,#1646,#1647,#1648,#1649));
#305=LINE('',#2425,#512);
#306=LINE('',#2427,#513);
#307=LINE('',#2429,#514);
#308=LINE('',#2430,#515);
#309=LINE('',#2434,#516);
#310=LINE('',#2436,#517);
#311=LINE('',#2438,#518);
#312=LINE('',#2439,#519);
#313=LINE('',#2442,#520);
#314=LINE('',#2444,#521);
#315=LINE('',#2445,#522);
#316=LINE('',#2447,#523);
#317=LINE('',#2448,#524);
#318=LINE('',#2451,#525);
#319=LINE('',#2453,#526);
#320=LINE('',#2455,#527);
#321=LINE('',#2456,#528);
#322=LINE('',#2459,#529);
#323=LINE('',#2461,#530);
#324=LINE('',#2462,#531);
#325=LINE('',#2465,#532);
#326=LINE('',#2466,#533);
#327=LINE('',#2470,#534);
#328=LINE('',#2473,#535);
#329=LINE('',#2477,#536);
#330=LINE('',#2481,#537);
#331=LINE('',#2484,#538);
#332=LINE('',#2485,#539);
#333=LINE('',#2487,#540);
#334=LINE('',#2491,#541);
#335=LINE('',#2493,#542);
#336=LINE('',#2495,#543);
#337=LINE('',#2497,#544);
#338=LINE('',#2499,#545);
#339=LINE('',#2501,#546);
#340=LINE('',#2502,#547);
#341=LINE('',#2506,#548);
#342=LINE('',#2507,#549);
#343=LINE('',#2508,#550);
#344=LINE('',#2512,#551);
#345=LINE('',#2514,#552);
#346=LINE('',#2516,#553);
#347=LINE('',#2517,#554);
#348=LINE('',#2520,#555);
#349=LINE('',#2522,#556);
#350=LINE('',#2523,#557);
#351=LINE('',#2525,#558);
#352=LINE('',#2526,#559);
#353=LINE('',#2529,#560);
#354=LINE('',#2531,#561);
#355=LINE('',#2533,#562);
#356=LINE('',#2534,#563);
#357=LINE('',#2537,#564);
#358=LINE('',#2539,#565);
#359=LINE('',#2540,#566);
#360=LINE('',#2543,#567);
#361=LINE('',#2544,#568);
#362=LINE('',#2548,#569);
#363=LINE('',#2551,#570);
#364=LINE('',#2555,#571);
#365=LINE('',#2559,#572);
#366=LINE('',#2562,#573);
#367=LINE('',#2563,#574);
#368=LINE('',#2565,#575);
#369=LINE('',#2570,#576);
#370=LINE('',#2571,#577);
#371=LINE('',#2572,#578);
#372=LINE('',#2576,#579);
#373=LINE('',#2578,#580);
#374=LINE('',#2580,#581);
#375=LINE('',#2581,#582);
#376=LINE('',#2584,#583);
#377=LINE('',#2586,#584);
#378=LINE('',#2588,#585);
#379=LINE('',#2590,#586);
#380=LINE('',#2592,#587);
#381=LINE('',#2594,#588);
#382=LINE('',#2595,#589);
#383=LINE('',#2598,#590);
#384=LINE('',#2600,#591);
#385=LINE('',#2601,#592);
#386=LINE('',#2604,#593);
#387=LINE('',#2605,#594);
#388=LINE('',#2606,#595);
#389=LINE('',#2608,#596);
#390=LINE('',#2609,#597);
#391=LINE('',#2612,#598);
#392=LINE('',#2613,#599);
#393=LINE('',#2615,#600);
#394=LINE('',#2619,#601);
#395=LINE('',#2621,#602);
#396=LINE('',#2623,#603);
#397=LINE('',#2624,#604);
#398=LINE('',#2627,#605);
#399=LINE('',#2629,#606);
#400=LINE('',#2630,#607);
#401=LINE('',#2633,#608);
#402=LINE('',#2634,#609);
#403=LINE('',#2638,#610);
#404=LINE('',#2641,#611);
#405=LINE('',#2645,#612);
#406=LINE('',#2649,#613);
#407=LINE('',#2652,#614);
#408=LINE('',#2653,#615);
#409=LINE('',#2655,#616);
#410=LINE('',#2658,#617);
#411=LINE('',#2659,#618);
#412=LINE('',#2661,#619);
#413=LINE('',#2667,#620);
#414=LINE('',#2671,#621);
#415=LINE('',#2684,#622);
#416=LINE('',#2686,#623);
#417=LINE('',#2688,#624);
#418=LINE('',#2694,#625);
#419=LINE('',#2696,#626);
#420=LINE('',#2698,#627);
#421=LINE('',#2711,#628);
#422=LINE('',#2715,#629);
#423=LINE('',#2718,#630);
#424=LINE('',#2721,#631);
#425=LINE('',#2722,#632);
#426=LINE('',#2754,#633);
#427=LINE('',#2757,#634);
#428=LINE('',#2758,#635);
#429=LINE('',#2761,#636);
#430=LINE('',#2762,#637);
#431=LINE('',#2765,#638);
#432=LINE('',#2766,#639);
#433=LINE('',#2770,#640);
#434=LINE('',#2774,#641);
#435=LINE('',#2777,#642);
#436=LINE('',#2778,#643);
#437=LINE('',#2781,#644);
#438=LINE('',#2782,#645);
#439=LINE('',#2785,#646);
#440=LINE('',#2786,#647);
#441=LINE('',#2818,#648);
#442=LINE('',#2821,#649);
#443=LINE('',#2822,#650);
#444=LINE('',#2826,#651);
#445=LINE('',#2828,#652);
#446=LINE('',#2833,#653);
#447=LINE('',#2837,#654);
#448=LINE('',#2850,#655);
#449=LINE('',#2852,#656);
#450=LINE('',#2854,#657);
#451=LINE('',#2860,#658);
#452=LINE('',#2862,#659);
#453=LINE('',#2864,#660);
#454=LINE('',#2877,#661);
#455=LINE('',#2881,#662);
#456=LINE('',#2884,#663);
#457=LINE('',#2887,#664);
#458=LINE('',#2888,#665);
#459=LINE('',#2920,#666);
#460=LINE('',#2923,#667);
#461=LINE('',#2924,#668);
#462=LINE('',#2927,#669);
#463=LINE('',#2928,#670);
#464=LINE('',#2931,#671);
#465=LINE('',#2932,#672);
#466=LINE('',#2936,#673);
#467=LINE('',#2940,#674);
#468=LINE('',#2943,#675);
#469=LINE('',#2944,#676);
#470=LINE('',#2947,#677);
#471=LINE('',#2948,#678);
#472=LINE('',#2951,#679);
#473=LINE('',#2952,#680);
#474=LINE('',#2984,#681);
#475=LINE('',#2987,#682);
#476=LINE('',#2988,#683);
#477=LINE('',#2992,#684);
#478=LINE('',#2994,#685);
#479=LINE('',#2999,#686);
#480=LINE('',#3003,#687);
#481=LINE('',#3016,#688);
#482=LINE('',#3018,#689);
#483=LINE('',#3020,#690);
#484=LINE('',#3026,#691);
#485=LINE('',#3028,#692);
#486=LINE('',#3030,#693);
#487=LINE('',#3043,#694);
#488=LINE('',#3047,#695);
#489=LINE('',#3050,#696);
#490=LINE('',#3053,#697);
#491=LINE('',#3054,#698);
#492=LINE('',#3086,#699);
#493=LINE('',#3089,#700);
#494=LINE('',#3090,#701);
#495=LINE('',#3093,#702);
#496=LINE('',#3094,#703);
#497=LINE('',#3097,#704);
#498=LINE('',#3098,#705);
#499=LINE('',#3102,#706);
#500=LINE('',#3106,#707);
#501=LINE('',#3109,#708);
#502=LINE('',#3110,#709);
#503=LINE('',#3113,#710);
#504=LINE('',#3114,#711);
#505=LINE('',#3117,#712);
#506=LINE('',#3118,#713);
#507=LINE('',#3150,#714);
#508=LINE('',#3153,#715);
#509=LINE('',#3154,#716);
#510=LINE('',#3158,#717);
#511=LINE('',#3160,#718);
#512=VECTOR('',#1962,10.);
#513=VECTOR('',#1963,10.);
#514=VECTOR('',#1964,10.);
#515=VECTOR('',#1965,10.);
#516=VECTOR('',#1968,10.);
#517=VECTOR('',#1969,10.);
#518=VECTOR('',#1970,10.);
#519=VECTOR('',#1971,10.);
#520=VECTOR('',#1974,10.);
#521=VECTOR('',#1975,10.);
#522=VECTOR('',#1976,10.);
#523=VECTOR('',#1979,10.);
#524=VECTOR('',#1980,10.);
#525=VECTOR('',#1981,10.);
#526=VECTOR('',#1982,10.);
#527=VECTOR('',#1983,10.);
#528=VECTOR('',#1984,10.);
#529=VECTOR('',#1987,10.);
#530=VECTOR('',#1988,10.);
#531=VECTOR('',#1989,10.);
#532=VECTOR('',#1992,10.);
#533=VECTOR('',#1993,10.);
#534=VECTOR('',#1996,10.);
#535=VECTOR('',#1999,10.);
#536=VECTOR('',#2004,10.);
#537=VECTOR('',#2009,10.);
#538=VECTOR('',#2014,10.);
#539=VECTOR('',#2015,10.);
#540=VECTOR('',#2018,10.);
#541=VECTOR('',#2023,10.);
#542=VECTOR('',#2024,10.);
#543=VECTOR('',#2025,10.);
#544=VECTOR('',#2026,10.);
#545=VECTOR('',#2027,10.);
#546=VECTOR('',#2028,10.);
#547=VECTOR('',#2029,10.);
#548=VECTOR('',#2032,10.);
#549=VECTOR('',#2033,10.);
#550=VECTOR('',#2034,10.);
#551=VECTOR('',#2037,10.);
#552=VECTOR('',#2038,10.);
#553=VECTOR('',#2039,10.);
#554=VECTOR('',#2040,10.);
#555=VECTOR('',#2043,10.);
#556=VECTOR('',#2044,10.);
#557=VECTOR('',#2045,10.);
#558=VECTOR('',#2048,10.);
#559=VECTOR('',#2049,10.);
#560=VECTOR('',#2050,10.);
#561=VECTOR('',#2051,10.);
#562=VECTOR('',#2052,10.);
#563=VECTOR('',#2053,10.);
#564=VECTOR('',#2056,10.);
#565=VECTOR('',#2057,10.);
#566=VECTOR('',#2058,10.);
#567=VECTOR('',#2061,10.);
#568=VECTOR('',#2062,10.);
#569=VECTOR('',#2065,10.);
#570=VECTOR('',#2068,10.);
#571=VECTOR('',#2073,10.);
#572=VECTOR('',#2078,10.);
#573=VECTOR('',#2083,10.);
#574=VECTOR('',#2084,10.);
#575=VECTOR('',#2087,10.);
#576=VECTOR('',#2092,10.);
#577=VECTOR('',#2093,10.);
#578=VECTOR('',#2094,10.);
#579=VECTOR('',#2097,10.);
#580=VECTOR('',#2098,10.);
#581=VECTOR('',#2099,10.);
#582=VECTOR('',#2100,10.);
#583=VECTOR('',#2103,10.);
#584=VECTOR('',#2104,10.);
#585=VECTOR('',#2105,10.);
#586=VECTOR('',#2106,10.);
#587=VECTOR('',#2107,10.);
#588=VECTOR('',#2108,10.);
#589=VECTOR('',#2109,10.);
#590=VECTOR('',#2112,10.);
#591=VECTOR('',#2113,10.);
#592=VECTOR('',#2114,10.);
#593=VECTOR('',#2117,10.);
#594=VECTOR('',#2118,10.);
#595=VECTOR('',#2119,10.);
#596=VECTOR('',#2122,10.);
#597=VECTOR('',#2123,10.);
#598=VECTOR('',#2126,10.);
#599=VECTOR('',#2127,10.);
#600=VECTOR('',#2130,10.);
#601=VECTOR('',#2133,10.);
#602=VECTOR('',#2134,10.);
#603=VECTOR('',#2135,10.);
#604=VECTOR('',#2136,10.);
#605=VECTOR('',#2139,10.);
#606=VECTOR('',#2140,10.);
#607=VECTOR('',#2141,10.);
#608=VECTOR('',#2144,10.);
#609=VECTOR('',#2145,10.);
#610=VECTOR('',#2148,10.);
#611=VECTOR('',#2151,10.);
#612=VECTOR('',#2156,10.);
#613=VECTOR('',#2161,10.);
#614=VECTOR('',#2166,10.);
#615=VECTOR('',#2167,10.);
#616=VECTOR('',#2170,10.);
#617=VECTOR('',#2175,10.);
#618=VECTOR('',#2176,10.);
#619=VECTOR('',#2179,10.);
#620=VECTOR('',#2186,10.);
#621=VECTOR('',#2189,10.);
#622=VECTOR('',#2190,10.);
#623=VECTOR('',#2191,10.);
#624=VECTOR('',#2192,10.);
#625=VECTOR('',#2197,10.);
#626=VECTOR('',#2198,10.);
#627=VECTOR('',#2199,10.);
#628=VECTOR('',#2200,10.);
#629=VECTOR('',#2205,10.);
#630=VECTOR('',#2208,10.);
#631=VECTOR('',#2211,10.);
#632=VECTOR('',#2212,10.);
#633=VECTOR('',#2213,10.);
#634=VECTOR('',#2216,10.);
#635=VECTOR('',#2217,10.);
#636=VECTOR('',#2220,10.);
#637=VECTOR('',#2221,10.);
#638=VECTOR('',#2224,10.);
#639=VECTOR('',#2225,10.);
#640=VECTOR('',#2230,10.);
#641=VECTOR('',#2235,10.);
#642=VECTOR('',#2238,10.);
#643=VECTOR('',#2239,10.);
#644=VECTOR('',#2242,10.);
#645=VECTOR('',#2243,10.);
#646=VECTOR('',#2246,10.);
#647=VECTOR('',#2247,10.);
#648=VECTOR('',#2248,10.);
#649=VECTOR('',#2251,10.);
#650=VECTOR('',#2252,10.);
#651=VECTOR('',#2257,10.);
#652=VECTOR('',#2260,10.);
#653=VECTOR('',#2265,10.);
#654=VECTOR('',#2268,10.);
#655=VECTOR('',#2269,10.);
#656=VECTOR('',#2270,10.);
#657=VECTOR('',#2271,10.);
#658=VECTOR('',#2276,10.);
#659=VECTOR('',#2277,10.);
#660=VECTOR('',#2278,10.);
#661=VECTOR('',#2279,10.);
#662=VECTOR('',#2284,10.);
#663=VECTOR('',#2287,10.);
#664=VECTOR('',#2290,10.);
#665=VECTOR('',#2291,10.);
#666=VECTOR('',#2292,10.);
#667=VECTOR('',#2295,10.);
#668=VECTOR('',#2296,10.);
#669=VECTOR('',#2299,10.);
#670=VECTOR('',#2300,10.);
#671=VECTOR('',#2303,10.);
#672=VECTOR('',#2304,10.);
#673=VECTOR('',#2309,10.);
#674=VECTOR('',#2314,10.);
#675=VECTOR('',#2317,10.);
#676=VECTOR('',#2318,10.);
#677=VECTOR('',#2321,10.);
#678=VECTOR('',#2322,10.);
#679=VECTOR('',#2325,10.);
#680=VECTOR('',#2326,10.);
#681=VECTOR('',#2327,10.);
#682=VECTOR('',#2330,10.);
#683=VECTOR('',#2331,10.);
#684=VECTOR('',#2336,10.);
#685=VECTOR('',#2339,10.);
#686=VECTOR('',#2344,10.);
#687=VECTOR('',#2347,10.);
#688=VECTOR('',#2348,10.);
#689=VECTOR('',#2349,10.);
#690=VECTOR('',#2350,10.);
#691=VECTOR('',#2355,10.);
#692=VECTOR('',#2356,10.);
#693=VECTOR('',#2357,10.);
#694=VECTOR('',#2358,10.);
#695=VECTOR('',#2363,10.);
#696=VECTOR('',#2366,10.);
#697=VECTOR('',#2369,10.);
#698=VECTOR('',#2370,10.);
#699=VECTOR('',#2371,10.);
#700=VECTOR('',#2374,10.);
#701=VECTOR('',#2375,10.);
#702=VECTOR('',#2378,10.);
#703=VECTOR('',#2379,10.);
#704=VECTOR('',#2382,10.);
#705=VECTOR('',#2383,10.);
#706=VECTOR('',#2388,10.);
#707=VECTOR('',#2393,10.);
#708=VECTOR('',#2396,10.);
#709=VECTOR('',#2397,10.);
#710=VECTOR('',#2400,10.);
#711=VECTOR('',#2401,10.);
#712=VECTOR('',#2404,10.);
#713=VECTOR('',#2405,10.);
#714=VECTOR('',#2406,10.);
#715=VECTOR('',#2409,10.);
#716=VECTOR('',#2410,10.);
#717=VECTOR('',#2415,10.);
#718=VECTOR('',#2418,10.);
#719=VERTEX_POINT('',#2423);
#720=VERTEX_POINT('',#2424);
#721=VERTEX_POINT('',#2426);
#722=VERTEX_POINT('',#2428);
#723=VERTEX_POINT('',#2432);
#724=VERTEX_POINT('',#2433);
#725=VERTEX_POINT('',#2435);
#726=VERTEX_POINT('',#2437);
#727=VERTEX_POINT('',#2441);
#728=VERTEX_POINT('',#2443);
#729=VERTEX_POINT('',#2449);
#730=VERTEX_POINT('',#2450);
#731=VERTEX_POINT('',#2452);
#732=VERTEX_POINT('',#2454);
#733=VERTEX_POINT('',#2458);
#734=VERTEX_POINT('',#2460);
#735=VERTEX_POINT('',#2464);
#736=VERTEX_POINT('',#2468);
#737=VERTEX_POINT('',#2469);
#738=VERTEX_POINT('',#2472);
#739=VERTEX_POINT('',#2476);
#740=VERTEX_POINT('',#2480);
#741=VERTEX_POINT('',#2490);
#742=VERTEX_POINT('',#2492);
#743=VERTEX_POINT('',#2494);
#744=VERTEX_POINT('',#2496);
#745=VERTEX_POINT('',#2498);
#746=VERTEX_POINT('',#2500);
#747=VERTEX_POINT('',#2504);
#748=VERTEX_POINT('',#2505);
#749=VERTEX_POINT('',#2510);
#750=VERTEX_POINT('',#2511);
#751=VERTEX_POINT('',#2513);
#752=VERTEX_POINT('',#2515);
#753=VERTEX_POINT('',#2519);
#754=VERTEX_POINT('',#2521);
#755=VERTEX_POINT('',#2527);
#756=VERTEX_POINT('',#2528);
#757=VERTEX_POINT('',#2530);
#758=VERTEX_POINT('',#2532);
#759=VERTEX_POINT('',#2536);
#760=VERTEX_POINT('',#2538);
#761=VERTEX_POINT('',#2542);
#762=VERTEX_POINT('',#2546);
#763=VERTEX_POINT('',#2547);
#764=VERTEX_POINT('',#2550);
#765=VERTEX_POINT('',#2554);
#766=VERTEX_POINT('',#2558);
#767=VERTEX_POINT('',#2568);
#768=VERTEX_POINT('',#2569);
#769=VERTEX_POINT('',#2574);
#770=VERTEX_POINT('',#2575);
#771=VERTEX_POINT('',#2577);
#772=VERTEX_POINT('',#2579);
#773=VERTEX_POINT('',#2583);
#774=VERTEX_POINT('',#2585);
#775=VERTEX_POINT('',#2587);
#776=VERTEX_POINT('',#2589);
#777=VERTEX_POINT('',#2591);
#778=VERTEX_POINT('',#2593);
#779=VERTEX_POINT('',#2597);
#780=VERTEX_POINT('',#2599);
#781=VERTEX_POINT('',#2603);
#782=VERTEX_POINT('',#2611);
#783=VERTEX_POINT('',#2617);
#784=VERTEX_POINT('',#2618);
#785=VERTEX_POINT('',#2620);
#786=VERTEX_POINT('',#2622);
#787=VERTEX_POINT('',#2626);
#788=VERTEX_POINT('',#2628);
#789=VERTEX_POINT('',#2632);
#790=VERTEX_POINT('',#2636);
#791=VERTEX_POINT('',#2637);
#792=VERTEX_POINT('',#2640);
#793=VERTEX_POINT('',#2644);
#794=VERTEX_POINT('',#2648);
#795=VERTEX_POINT('',#2665);
#796=VERTEX_POINT('',#2666);
#797=VERTEX_POINT('',#2668);
#798=VERTEX_POINT('',#2670);
#799=VERTEX_POINT('',#2672);
#800=VERTEX_POINT('',#2683);
#801=VERTEX_POINT('',#2685);
#802=VERTEX_POINT('',#2687);
#803=VERTEX_POINT('',#2689);
#804=VERTEX_POINT('',#2691);
#805=VERTEX_POINT('',#2693);
#806=VERTEX_POINT('',#2695);
#807=VERTEX_POINT('',#2697);
#808=VERTEX_POINT('',#2699);
#809=VERTEX_POINT('',#2710);
#810=VERTEX_POINT('',#2714);
#811=VERTEX_POINT('',#2716);
#812=VERTEX_POINT('',#2720);
#813=VERTEX_POINT('',#2743);
#814=VERTEX_POINT('',#2756);
#815=VERTEX_POINT('',#2760);
#816=VERTEX_POINT('',#2764);
#817=VERTEX_POINT('',#2768);
#818=VERTEX_POINT('',#2772);
#819=VERTEX_POINT('',#2776);
#820=VERTEX_POINT('',#2780);
#821=VERTEX_POINT('',#2784);
#822=VERTEX_POINT('',#2807);
#823=VERTEX_POINT('',#2820);
#824=VERTEX_POINT('',#2824);
#825=VERTEX_POINT('',#2831);
#826=VERTEX_POINT('',#2832);
#827=VERTEX_POINT('',#2834);
#828=VERTEX_POINT('',#2836);
#829=VERTEX_POINT('',#2838);
#830=VERTEX_POINT('',#2849);
#831=VERTEX_POINT('',#2851);
#832=VERTEX_POINT('',#2853);
#833=VERTEX_POINT('',#2855);
#834=VERTEX_POINT('',#2857);
#835=VERTEX_POINT('',#2859);
#836=VERTEX_POINT('',#2861);
#837=VERTEX_POINT('',#2863);
#838=VERTEX_POINT('',#2865);
#839=VERTEX_POINT('',#2876);
#840=VERTEX_POINT('',#2880);
#841=VERTEX_POINT('',#2882);
#842=VERTEX_POINT('',#2886);
#843=VERTEX_POINT('',#2909);
#844=VERTEX_POINT('',#2922);
#845=VERTEX_POINT('',#2926);
#846=VERTEX_POINT('',#2930);
#847=VERTEX_POINT('',#2934);
#848=VERTEX_POINT('',#2938);
#849=VERTEX_POINT('',#2942);
#850=VERTEX_POINT('',#2946);
#851=VERTEX_POINT('',#2950);
#852=VERTEX_POINT('',#2973);
#853=VERTEX_POINT('',#2986);
#854=VERTEX_POINT('',#2990);
#855=VERTEX_POINT('',#2997);
#856=VERTEX_POINT('',#2998);
#857=VERTEX_POINT('',#3000);
#858=VERTEX_POINT('',#3002);
#859=VERTEX_POINT('',#3004);
#860=VERTEX_POINT('',#3015);
#861=VERTEX_POINT('',#3017);
#862=VERTEX_POINT('',#3019);
#863=VERTEX_POINT('',#3021);
#864=VERTEX_POINT('',#3023);
#865=VERTEX_POINT('',#3025);
#866=VERTEX_POINT('',#3027);
#867=VERTEX_POINT('',#3029);
#868=VERTEX_POINT('',#3031);
#869=VERTEX_POINT('',#3042);
#870=VERTEX_POINT('',#3046);
#871=VERTEX_POINT('',#3048);
#872=VERTEX_POINT('',#3052);
#873=VERTEX_POINT('',#3075);
#874=VERTEX_POINT('',#3088);
#875=VERTEX_POINT('',#3092);
#876=VERTEX_POINT('',#3096);
#877=VERTEX_POINT('',#3100);
#878=VERTEX_POINT('',#3104);
#879=VERTEX_POINT('',#3108);
#880=VERTEX_POINT('',#3112);
#881=VERTEX_POINT('',#3116);
#882=VERTEX_POINT('',#3139);
#883=VERTEX_POINT('',#3152);
#884=VERTEX_POINT('',#3156);
#885=EDGE_CURVE('',#719,#720,#305,.T.);
#886=EDGE_CURVE('',#721,#719,#306,.T.);
#887=EDGE_CURVE('',#722,#721,#307,.T.);
#888=EDGE_CURVE('',#722,#720,#308,.T.);
#889=EDGE_CURVE('',#723,#724,#309,.T.);
#890=EDGE_CURVE('',#724,#725,#310,.T.);
#891=EDGE_CURVE('',#725,#726,#311,.T.);
#892=EDGE_CURVE('',#723,#726,#312,.T.);
#893=EDGE_CURVE('',#720,#727,#313,.T.);
#894=EDGE_CURVE('',#727,#728,#314,.T.);
#895=EDGE_CURVE('',#719,#728,#315,.T.);
#896=EDGE_CURVE('',#726,#727,#316,.T.);
#897=EDGE_CURVE('',#728,#725,#317,.T.);
#898=EDGE_CURVE('',#729,#730,#318,.T.);
#899=EDGE_CURVE('',#731,#729,#319,.T.);
#900=EDGE_CURVE('',#732,#731,#320,.T.);
#901=EDGE_CURVE('',#730,#732,#321,.T.);
#902=EDGE_CURVE('',#729,#733,#322,.T.);
#903=EDGE_CURVE('',#734,#733,#323,.T.);
#904=EDGE_CURVE('',#731,#734,#324,.T.);
#905=EDGE_CURVE('',#730,#735,#325,.T.);
#906=EDGE_CURVE('',#733,#735,#326,.T.);
#907=EDGE_CURVE('',#736,#737,#327,.T.);
#908=EDGE_CURVE('',#737,#735,#63,.T.);
#909=EDGE_CURVE('',#735,#738,#328,.T.);
#910=EDGE_CURVE('',#736,#738,#64,.T.);
#911=EDGE_CURVE('',#737,#739,#329,.T.);
#912=EDGE_CURVE('',#739,#733,#65,.T.);
#913=EDGE_CURVE('',#739,#740,#330,.T.);
#914=EDGE_CURVE('',#740,#734,#66,.T.);
#915=EDGE_CURVE('',#738,#734,#331,.T.);
#916=EDGE_CURVE('',#740,#736,#332,.T.);
#917=EDGE_CURVE('',#732,#738,#333,.T.);
#918=EDGE_CURVE('',#721,#741,#334,.T.);
#919=EDGE_CURVE('',#741,#742,#335,.T.);
#920=EDGE_CURVE('',#742,#743,#336,.T.);
#921=EDGE_CURVE('',#744,#743,#337,.T.);
#922=EDGE_CURVE('',#745,#744,#338,.T.);
#923=EDGE_CURVE('',#745,#746,#339,.T.);
#924=EDGE_CURVE('',#746,#722,#340,.T.);
#925=EDGE_CURVE('',#747,#748,#341,.T.);
#926=EDGE_CURVE('',#724,#747,#342,.T.);
#927=EDGE_CURVE('',#723,#748,#343,.T.);
#928=EDGE_CURVE('',#749,#750,#344,.T.);
#929=EDGE_CURVE('',#750,#751,#345,.T.);
#930=EDGE_CURVE('',#751,#752,#346,.T.);
#931=EDGE_CURVE('',#749,#752,#347,.T.);
#932=EDGE_CURVE('',#748,#753,#348,.T.);
#933=EDGE_CURVE('',#753,#754,#349,.T.);
#934=EDGE_CURVE('',#747,#754,#350,.T.);
#935=EDGE_CURVE('',#752,#753,#351,.T.);
#936=EDGE_CURVE('',#754,#751,#352,.T.);
#937=EDGE_CURVE('',#755,#756,#353,.T.);
#938=EDGE_CURVE('',#757,#755,#354,.T.);
#939=EDGE_CURVE('',#758,#757,#355,.T.);
#940=EDGE_CURVE('',#756,#758,#356,.T.);
#941=EDGE_CURVE('',#755,#759,#357,.T.);
#942=EDGE_CURVE('',#760,#759,#358,.T.);
#943=EDGE_CURVE('',#757,#760,#359,.T.);
#944=EDGE_CURVE('',#756,#761,#360,.T.);
#945=EDGE_CURVE('',#759,#761,#361,.T.);
#946=EDGE_CURVE('',#762,#763,#362,.T.);
#947=EDGE_CURVE('',#763,#761,#67,.T.);
#948=EDGE_CURVE('',#761,#764,#363,.T.);
#949=EDGE_CURVE('',#762,#764,#68,.T.);
#950=EDGE_CURVE('',#763,#765,#364,.T.);
#951=EDGE_CURVE('',#765,#759,#69,.T.);
#952=EDGE_CURVE('',#765,#766,#365,.T.);
#953=EDGE_CURVE('',#766,#760,#70,.T.);
#954=EDGE_CURVE('',#764,#760,#366,.T.);
#955=EDGE_CURVE('',#766,#762,#367,.T.);
#956=EDGE_CURVE('',#758,#764,#368,.T.);
#957=EDGE_CURVE('',#767,#768,#369,.T.);
#958=EDGE_CURVE('',#750,#767,#370,.T.);
#959=EDGE_CURVE('',#749,#768,#371,.T.);
#960=EDGE_CURVE('',#769,#770,#372,.T.);
#961=EDGE_CURVE('',#771,#769,#373,.T.);
#962=EDGE_CURVE('',#772,#771,#374,.T.);
#963=EDGE_CURVE('',#772,#770,#375,.T.);
#964=EDGE_CURVE('',#773,#769,#376,.T.);
#965=EDGE_CURVE('',#770,#774,#377,.T.);
#966=EDGE_CURVE('',#774,#775,#378,.T.);
#967=EDGE_CURVE('',#775,#776,#379,.T.);
#968=EDGE_CURVE('',#777,#776,#380,.T.);
#969=EDGE_CURVE('',#778,#777,#381,.T.);
#970=EDGE_CURVE('',#778,#773,#382,.T.);
#971=EDGE_CURVE('',#771,#779,#383,.T.);
#972=EDGE_CURVE('',#779,#780,#384,.T.);
#973=EDGE_CURVE('',#772,#780,#385,.T.);
#974=EDGE_CURVE('',#767,#781,#386,.T.);
#975=EDGE_CURVE('',#781,#779,#387,.T.);
#976=EDGE_CURVE('',#741,#773,#388,.T.);
#977=EDGE_CURVE('',#774,#746,#389,.T.);
#978=EDGE_CURVE('',#775,#745,#390,.T.);
#979=EDGE_CURVE('',#780,#782,#391,.T.);
#980=EDGE_CURVE('',#768,#782,#392,.T.);
#981=EDGE_CURVE('',#782,#781,#393,.T.);
#982=EDGE_CURVE('',#783,#784,#394,.T.);
#983=EDGE_CURVE('',#785,#783,#395,.T.);
#984=EDGE_CURVE('',#786,#785,#396,.T.);
#985=EDGE_CURVE('',#784,#786,#397,.T.);
#986=EDGE_CURVE('',#783,#787,#398,.T.);
#987=EDGE_CURVE('',#788,#787,#399,.T.);
#988=EDGE_CURVE('',#785,#788,#400,.T.);
#989=EDGE_CURVE('',#784,#789,#401,.T.);
#990=EDGE_CURVE('',#787,#789,#402,.T.);
#991=EDGE_CURVE('',#790,#791,#403,.T.);
#992=EDGE_CURVE('',#791,#789,#71,.T.);
#993=EDGE_CURVE('',#789,#792,#404,.T.);
#994=EDGE_CURVE('',#790,#792,#72,.T.);
#995=EDGE_CURVE('',#791,#793,#405,.T.);
#996=EDGE_CURVE('',#793,#787,#73,.T.);
#997=EDGE_CURVE('',#793,#794,#406,.T.);
#998=EDGE_CURVE('',#794,#788,#74,.T.);
#999=EDGE_CURVE('',#792,#788,#407,.T.);
#1000=EDGE_CURVE('',#794,#790,#408,.T.);
#1001=EDGE_CURVE('',#786,#792,#409,.T.);
#1002=EDGE_CURVE('',#776,#744,#410,.T.);
#1003=EDGE_CURVE('',#743,#777,#411,.T.);
#1004=EDGE_CURVE('',#742,#778,#412,.T.);
#1005=EDGE_CURVE('',#795,#796,#413,.T.);
#1006=EDGE_CURVE('',#796,#797,#31,.T.);
#1007=EDGE_CURVE('',#797,#798,#414,.T.);
#1008=EDGE_CURVE('',#798,#799,#19,.T.);
#1009=EDGE_CURVE('',#799,#800,#415,.T.);
#1010=EDGE_CURVE('',#800,#801,#416,.T.);
#1011=EDGE_CURVE('',#801,#802,#417,.T.);
#1012=EDGE_CURVE('',#802,#803,#32,.T.);
#1013=EDGE_CURVE('',#803,#804,#33,.T.);
#1014=EDGE_CURVE('',#804,#805,#418,.T.);
#1015=EDGE_CURVE('',#805,#806,#419,.T.);
#1016=EDGE_CURVE('',#806,#807,#420,.T.);
#1017=EDGE_CURVE('',#807,#808,#20,.T.);
#1018=EDGE_CURVE('',#808,#809,#421,.T.);
#1019=EDGE_CURVE('',#809,#795,#34,.T.);
#1020=EDGE_CURVE('',#796,#810,#422,.T.);
#1021=EDGE_CURVE('',#811,#810,#35,.T.);
#1022=EDGE_CURVE('',#797,#811,#423,.T.);
#1023=EDGE_CURVE('',#812,#811,#424,.T.);
#1024=EDGE_CURVE('',#798,#812,#425,.T.);
#1025=EDGE_CURVE('',#813,#812,#21,.T.);
#1026=EDGE_CURVE('',#799,#813,#426,.T.);
#1027=EDGE_CURVE('',#814,#813,#427,.T.);
#1028=EDGE_CURVE('',#800,#814,#428,.T.);
#1029=EDGE_CURVE('',#815,#814,#429,.T.);
#1030=EDGE_CURVE('',#801,#815,#430,.T.);
#1031=EDGE_CURVE('',#816,#815,#431,.T.);
#1032=EDGE_CURVE('',#802,#816,#432,.T.);
#1033=EDGE_CURVE('',#817,#816,#36,.T.);
#1034=EDGE_CURVE('',#803,#817,#433,.T.);
#1035=EDGE_CURVE('',#818,#817,#37,.T.);
#1036=EDGE_CURVE('',#804,#818,#434,.T.);
#1037=EDGE_CURVE('',#819,#818,#435,.T.);
#1038=EDGE_CURVE('',#805,#819,#436,.T.);
#1039=EDGE_CURVE('',#820,#819,#437,.T.);
#1040=EDGE_CURVE('',#806,#820,#438,.T.);
#1041=EDGE_CURVE('',#821,#820,#439,.T.);
#1042=EDGE_CURVE('',#807,#821,#440,.T.);
#1043=EDGE_CURVE('',#822,#821,#22,.T.);
#1044=EDGE_CURVE('',#808,#822,#441,.T.);
#1045=EDGE_CURVE('',#823,#822,#442,.T.);
#1046=EDGE_CURVE('',#809,#823,#443,.T.);
#1047=EDGE_CURVE('',#824,#823,#38,.T.);
#1048=EDGE_CURVE('',#795,#824,#444,.T.);
#1049=EDGE_CURVE('',#810,#824,#445,.T.);
#1050=EDGE_CURVE('',#825,#826,#446,.T.);
#1051=EDGE_CURVE('',#826,#827,#39,.T.);
#1052=EDGE_CURVE('',#827,#828,#447,.T.);
#1053=EDGE_CURVE('',#828,#829,#23,.T.);
#1054=EDGE_CURVE('',#829,#830,#448,.T.);
#1055=EDGE_CURVE('',#830,#831,#449,.T.);
#1056=EDGE_CURVE('',#831,#832,#450,.T.);
#1057=EDGE_CURVE('',#832,#833,#40,.T.);
#1058=EDGE_CURVE('',#833,#834,#41,.T.);
#1059=EDGE_CURVE('',#834,#835,#451,.T.);
#1060=EDGE_CURVE('',#835,#836,#452,.T.);
#1061=EDGE_CURVE('',#836,#837,#453,.T.);
#1062=EDGE_CURVE('',#837,#838,#24,.T.);
#1063=EDGE_CURVE('',#838,#839,#454,.T.);
#1064=EDGE_CURVE('',#839,#825,#42,.T.);
#1065=EDGE_CURVE('',#826,#840,#455,.T.);
#1066=EDGE_CURVE('',#841,#840,#43,.T.);
#1067=EDGE_CURVE('',#827,#841,#456,.T.);
#1068=EDGE_CURVE('',#842,#841,#457,.T.);
#1069=EDGE_CURVE('',#828,#842,#458,.T.);
#1070=EDGE_CURVE('',#843,#842,#25,.T.);
#1071=EDGE_CURVE('',#829,#843,#459,.T.);
#1072=EDGE_CURVE('',#844,#843,#460,.T.);
#1073=EDGE_CURVE('',#830,#844,#461,.T.);
#1074=EDGE_CURVE('',#845,#844,#462,.T.);
#1075=EDGE_CURVE('',#831,#845,#463,.T.);
#1076=EDGE_CURVE('',#846,#845,#464,.T.);
#1077=EDGE_CURVE('',#832,#846,#465,.T.);
#1078=EDGE_CURVE('',#847,#846,#44,.T.);
#1079=EDGE_CURVE('',#833,#847,#466,.T.);
#1080=EDGE_CURVE('',#848,#847,#45,.T.);
#1081=EDGE_CURVE('',#834,#848,#467,.T.);
#1082=EDGE_CURVE('',#849,#848,#468,.T.);
#1083=EDGE_CURVE('',#835,#849,#469,.T.);
#1084=EDGE_CURVE('',#850,#849,#470,.T.);
#1085=EDGE_CURVE('',#836,#850,#471,.T.);
#1086=EDGE_CURVE('',#851,#850,#472,.T.);
#1087=EDGE_CURVE('',#837,#851,#473,.T.);
#1088=EDGE_CURVE('',#852,#851,#26,.T.);
#1089=EDGE_CURVE('',#838,#852,#474,.T.);
#1090=EDGE_CURVE('',#853,#852,#475,.T.);
#1091=EDGE_CURVE('',#839,#853,#476,.T.);
#1092=EDGE_CURVE('',#854,#853,#46,.T.);
#1093=EDGE_CURVE('',#825,#854,#477,.T.);
#1094=EDGE_CURVE('',#840,#854,#478,.T.);
#1095=EDGE_CURVE('',#855,#856,#479,.T.);
#1096=EDGE_CURVE('',#856,#857,#47,.T.);
#1097=EDGE_CURVE('',#857,#858,#480,.T.);
#1098=EDGE_CURVE('',#858,#859,#27,.T.);
#1099=EDGE_CURVE('',#859,#860,#481,.T.);
#1100=EDGE_CURVE('',#860,#861,#482,.T.);
#1101=EDGE_CURVE('',#861,#862,#483,.T.);
#1102=EDGE_CURVE('',#862,#863,#48,.T.);
#1103=EDGE_CURVE('',#863,#864,#49,.T.);
#1104=EDGE_CURVE('',#864,#865,#484,.T.);
#1105=EDGE_CURVE('',#865,#866,#485,.T.);
#1106=EDGE_CURVE('',#866,#867,#486,.T.);
#1107=EDGE_CURVE('',#867,#868,#28,.T.);
#1108=EDGE_CURVE('',#868,#869,#487,.T.);
#1109=EDGE_CURVE('',#869,#855,#50,.T.);
#1110=EDGE_CURVE('',#856,#870,#488,.T.);
#1111=EDGE_CURVE('',#871,#870,#51,.T.);
#1112=EDGE_CURVE('',#857,#871,#489,.T.);
#1113=EDGE_CURVE('',#872,#871,#490,.T.);
#1114=EDGE_CURVE('',#858,#872,#491,.T.);
#1115=EDGE_CURVE('',#873,#872,#29,.T.);
#1116=EDGE_CURVE('',#859,#873,#492,.T.);
#1117=EDGE_CURVE('',#874,#873,#493,.T.);
#1118=EDGE_CURVE('',#860,#874,#494,.T.);
#1119=EDGE_CURVE('',#875,#874,#495,.T.);
#1120=EDGE_CURVE('',#861,#875,#496,.T.);
#1121=EDGE_CURVE('',#876,#875,#497,.T.);
#1122=EDGE_CURVE('',#862,#876,#498,.T.);
#1123=EDGE_CURVE('',#877,#876,#52,.T.);
#1124=EDGE_CURVE('',#863,#877,#499,.T.);
#1125=EDGE_CURVE('',#878,#877,#53,.T.);
#1126=EDGE_CURVE('',#864,#878,#500,.T.);
#1127=EDGE_CURVE('',#879,#878,#501,.T.);
#1128=EDGE_CURVE('',#865,#879,#502,.T.);
#1129=EDGE_CURVE('',#880,#879,#503,.T.);
#1130=EDGE_CURVE('',#866,#880,#504,.T.);
#1131=EDGE_CURVE('',#881,#880,#505,.T.);
#1132=EDGE_CURVE('',#867,#881,#506,.T.);
#1133=EDGE_CURVE('',#882,#881,#30,.T.);
#1134=EDGE_CURVE('',#868,#882,#507,.T.);
#1135=EDGE_CURVE('',#883,#882,#508,.T.);
#1136=EDGE_CURVE('',#869,#883,#509,.T.);
#1137=EDGE_CURVE('',#884,#883,#54,.T.);
#1138=EDGE_CURVE('',#855,#884,#510,.T.);
#1139=EDGE_CURVE('',#870,#884,#511,.T.);
#1140=ORIENTED_EDGE('',*,*,#885,.F.);
#1141=ORIENTED_EDGE('',*,*,#886,.F.);
#1142=ORIENTED_EDGE('',*,*,#887,.F.);
#1143=ORIENTED_EDGE('',*,*,#888,.T.);
#1144=ORIENTED_EDGE('',*,*,#889,.T.);
#1145=ORIENTED_EDGE('',*,*,#890,.T.);
#1146=ORIENTED_EDGE('',*,*,#891,.T.);
#1147=ORIENTED_EDGE('',*,*,#892,.F.);
#1148=ORIENTED_EDGE('',*,*,#885,.T.);
#1149=ORIENTED_EDGE('',*,*,#893,.T.);
#1150=ORIENTED_EDGE('',*,*,#894,.T.);
#1151=ORIENTED_EDGE('',*,*,#895,.F.);
#1152=ORIENTED_EDGE('',*,*,#894,.F.);
#1153=ORIENTED_EDGE('',*,*,#896,.F.);
#1154=ORIENTED_EDGE('',*,*,#891,.F.);
#1155=ORIENTED_EDGE('',*,*,#897,.F.);
#1156=ORIENTED_EDGE('',*,*,#898,.F.);
#1157=ORIENTED_EDGE('',*,*,#899,.F.);
#1158=ORIENTED_EDGE('',*,*,#900,.F.);
#1159=ORIENTED_EDGE('',*,*,#901,.F.);
#1160=ORIENTED_EDGE('',*,*,#899,.T.);
#1161=ORIENTED_EDGE('',*,*,#902,.T.);
#1162=ORIENTED_EDGE('',*,*,#903,.F.);
#1163=ORIENTED_EDGE('',*,*,#904,.F.);
#1164=ORIENTED_EDGE('',*,*,#898,.T.);
#1165=ORIENTED_EDGE('',*,*,#905,.T.);
#1166=ORIENTED_EDGE('',*,*,#906,.F.);
#1167=ORIENTED_EDGE('',*,*,#902,.F.);
#1168=ORIENTED_EDGE('',*,*,#907,.T.);
#1169=ORIENTED_EDGE('',*,*,#908,.T.);
#1170=ORIENTED_EDGE('',*,*,#909,.T.);
#1171=ORIENTED_EDGE('',*,*,#910,.F.);
#1172=ORIENTED_EDGE('',*,*,#911,.T.);
#1173=ORIENTED_EDGE('',*,*,#912,.T.);
#1174=ORIENTED_EDGE('',*,*,#906,.T.);
#1175=ORIENTED_EDGE('',*,*,#908,.F.);
#1176=ORIENTED_EDGE('',*,*,#913,.T.);
#1177=ORIENTED_EDGE('',*,*,#914,.T.);
#1178=ORIENTED_EDGE('',*,*,#903,.T.);
#1179=ORIENTED_EDGE('',*,*,#912,.F.);
#1180=ORIENTED_EDGE('',*,*,#915,.T.);
#1181=ORIENTED_EDGE('',*,*,#914,.F.);
#1182=ORIENTED_EDGE('',*,*,#916,.T.);
#1183=ORIENTED_EDGE('',*,*,#910,.T.);
#1184=ORIENTED_EDGE('',*,*,#900,.T.);
#1185=ORIENTED_EDGE('',*,*,#904,.T.);
#1186=ORIENTED_EDGE('',*,*,#915,.F.);
#1187=ORIENTED_EDGE('',*,*,#917,.F.);
#1188=ORIENTED_EDGE('',*,*,#901,.T.);
#1189=ORIENTED_EDGE('',*,*,#917,.T.);
#1190=ORIENTED_EDGE('',*,*,#909,.F.);
#1191=ORIENTED_EDGE('',*,*,#905,.F.);
#1192=ORIENTED_EDGE('',*,*,#918,.T.);
#1193=ORIENTED_EDGE('',*,*,#919,.T.);
#1194=ORIENTED_EDGE('',*,*,#920,.T.);
#1195=ORIENTED_EDGE('',*,*,#921,.F.);
#1196=ORIENTED_EDGE('',*,*,#922,.F.);
#1197=ORIENTED_EDGE('',*,*,#923,.T.);
#1198=ORIENTED_EDGE('',*,*,#924,.T.);
#1199=ORIENTED_EDGE('',*,*,#887,.T.);
#1200=ORIENTED_EDGE('',*,*,#925,.F.);
#1201=ORIENTED_EDGE('',*,*,#926,.F.);
#1202=ORIENTED_EDGE('',*,*,#889,.F.);
#1203=ORIENTED_EDGE('',*,*,#927,.T.);
#1204=ORIENTED_EDGE('',*,*,#928,.T.);
#1205=ORIENTED_EDGE('',*,*,#929,.T.);
#1206=ORIENTED_EDGE('',*,*,#930,.T.);
#1207=ORIENTED_EDGE('',*,*,#931,.F.);
#1208=ORIENTED_EDGE('',*,*,#925,.T.);
#1209=ORIENTED_EDGE('',*,*,#932,.T.);
#1210=ORIENTED_EDGE('',*,*,#933,.T.);
#1211=ORIENTED_EDGE('',*,*,#934,.F.);
#1212=ORIENTED_EDGE('',*,*,#933,.F.);
#1213=ORIENTED_EDGE('',*,*,#935,.F.);
#1214=ORIENTED_EDGE('',*,*,#930,.F.);
#1215=ORIENTED_EDGE('',*,*,#936,.F.);
#1216=ORIENTED_EDGE('',*,*,#937,.F.);
#1217=ORIENTED_EDGE('',*,*,#938,.F.);
#1218=ORIENTED_EDGE('',*,*,#939,.F.);
#1219=ORIENTED_EDGE('',*,*,#940,.F.);
#1220=ORIENTED_EDGE('',*,*,#938,.T.);
#1221=ORIENTED_EDGE('',*,*,#941,.T.);
#1222=ORIENTED_EDGE('',*,*,#942,.F.);
#1223=ORIENTED_EDGE('',*,*,#943,.F.);
#1224=ORIENTED_EDGE('',*,*,#937,.T.);
#1225=ORIENTED_EDGE('',*,*,#944,.T.);
#1226=ORIENTED_EDGE('',*,*,#945,.F.);
#1227=ORIENTED_EDGE('',*,*,#941,.F.);
#1228=ORIENTED_EDGE('',*,*,#946,.T.);
#1229=ORIENTED_EDGE('',*,*,#947,.T.);
#1230=ORIENTED_EDGE('',*,*,#948,.T.);
#1231=ORIENTED_EDGE('',*,*,#949,.F.);
#1232=ORIENTED_EDGE('',*,*,#950,.T.);
#1233=ORIENTED_EDGE('',*,*,#951,.T.);
#1234=ORIENTED_EDGE('',*,*,#945,.T.);
#1235=ORIENTED_EDGE('',*,*,#947,.F.);
#1236=ORIENTED_EDGE('',*,*,#952,.T.);
#1237=ORIENTED_EDGE('',*,*,#953,.T.);
#1238=ORIENTED_EDGE('',*,*,#942,.T.);
#1239=ORIENTED_EDGE('',*,*,#951,.F.);
#1240=ORIENTED_EDGE('',*,*,#954,.T.);
#1241=ORIENTED_EDGE('',*,*,#953,.F.);
#1242=ORIENTED_EDGE('',*,*,#955,.T.);
#1243=ORIENTED_EDGE('',*,*,#949,.T.);
#1244=ORIENTED_EDGE('',*,*,#939,.T.);
#1245=ORIENTED_EDGE('',*,*,#943,.T.);
#1246=ORIENTED_EDGE('',*,*,#954,.F.);
#1247=ORIENTED_EDGE('',*,*,#956,.F.);
#1248=ORIENTED_EDGE('',*,*,#940,.T.);
#1249=ORIENTED_EDGE('',*,*,#956,.T.);
#1250=ORIENTED_EDGE('',*,*,#948,.F.);
#1251=ORIENTED_EDGE('',*,*,#944,.F.);
#1252=ORIENTED_EDGE('',*,*,#957,.F.);
#1253=ORIENTED_EDGE('',*,*,#958,.F.);
#1254=ORIENTED_EDGE('',*,*,#928,.F.);
#1255=ORIENTED_EDGE('',*,*,#959,.T.);
#1256=ORIENTED_EDGE('',*,*,#960,.F.);
#1257=ORIENTED_EDGE('',*,*,#961,.F.);
#1258=ORIENTED_EDGE('',*,*,#962,.F.);
#1259=ORIENTED_EDGE('',*,*,#963,.T.);
#1260=ORIENTED_EDGE('',*,*,#964,.T.);
#1261=ORIENTED_EDGE('',*,*,#960,.T.);
#1262=ORIENTED_EDGE('',*,*,#965,.T.);
#1263=ORIENTED_EDGE('',*,*,#966,.T.);
#1264=ORIENTED_EDGE('',*,*,#967,.T.);
#1265=ORIENTED_EDGE('',*,*,#968,.F.);
#1266=ORIENTED_EDGE('',*,*,#969,.F.);
#1267=ORIENTED_EDGE('',*,*,#970,.T.);
#1268=ORIENTED_EDGE('',*,*,#962,.T.);
#1269=ORIENTED_EDGE('',*,*,#971,.T.);
#1270=ORIENTED_EDGE('',*,*,#972,.T.);
#1271=ORIENTED_EDGE('',*,*,#973,.F.);
#1272=ORIENTED_EDGE('',*,*,#974,.T.);
#1273=ORIENTED_EDGE('',*,*,#975,.T.);
#1274=ORIENTED_EDGE('',*,*,#971,.F.);
#1275=ORIENTED_EDGE('',*,*,#961,.T.);
#1276=ORIENTED_EDGE('',*,*,#964,.F.);
#1277=ORIENTED_EDGE('',*,*,#976,.F.);
#1278=ORIENTED_EDGE('',*,*,#918,.F.);
#1279=ORIENTED_EDGE('',*,*,#886,.T.);
#1280=ORIENTED_EDGE('',*,*,#895,.T.);
#1281=ORIENTED_EDGE('',*,*,#897,.T.);
#1282=ORIENTED_EDGE('',*,*,#890,.F.);
#1283=ORIENTED_EDGE('',*,*,#926,.T.);
#1284=ORIENTED_EDGE('',*,*,#934,.T.);
#1285=ORIENTED_EDGE('',*,*,#936,.T.);
#1286=ORIENTED_EDGE('',*,*,#929,.F.);
#1287=ORIENTED_EDGE('',*,*,#958,.T.);
#1288=ORIENTED_EDGE('',*,*,#977,.T.);
#1289=ORIENTED_EDGE('',*,*,#923,.F.);
#1290=ORIENTED_EDGE('',*,*,#978,.F.);
#1291=ORIENTED_EDGE('',*,*,#966,.F.);
#1292=ORIENTED_EDGE('',*,*,#973,.T.);
#1293=ORIENTED_EDGE('',*,*,#979,.T.);
#1294=ORIENTED_EDGE('',*,*,#980,.F.);
#1295=ORIENTED_EDGE('',*,*,#959,.F.);
#1296=ORIENTED_EDGE('',*,*,#931,.T.);
#1297=ORIENTED_EDGE('',*,*,#935,.T.);
#1298=ORIENTED_EDGE('',*,*,#932,.F.);
#1299=ORIENTED_EDGE('',*,*,#927,.F.);
#1300=ORIENTED_EDGE('',*,*,#892,.T.);
#1301=ORIENTED_EDGE('',*,*,#896,.T.);
#1302=ORIENTED_EDGE('',*,*,#893,.F.);
#1303=ORIENTED_EDGE('',*,*,#888,.F.);
#1304=ORIENTED_EDGE('',*,*,#924,.F.);
#1305=ORIENTED_EDGE('',*,*,#977,.F.);
#1306=ORIENTED_EDGE('',*,*,#965,.F.);
#1307=ORIENTED_EDGE('',*,*,#963,.F.);
#1308=ORIENTED_EDGE('',*,*,#957,.T.);
#1309=ORIENTED_EDGE('',*,*,#980,.T.);
#1310=ORIENTED_EDGE('',*,*,#981,.T.);
#1311=ORIENTED_EDGE('',*,*,#974,.F.);
#1312=ORIENTED_EDGE('',*,*,#981,.F.);
#1313=ORIENTED_EDGE('',*,*,#979,.F.);
#1314=ORIENTED_EDGE('',*,*,#972,.F.);
#1315=ORIENTED_EDGE('',*,*,#975,.F.);
#1316=ORIENTED_EDGE('',*,*,#982,.F.);
#1317=ORIENTED_EDGE('',*,*,#983,.F.);
#1318=ORIENTED_EDGE('',*,*,#984,.F.);
#1319=ORIENTED_EDGE('',*,*,#985,.F.);
#1320=ORIENTED_EDGE('',*,*,#983,.T.);
#1321=ORIENTED_EDGE('',*,*,#986,.T.);
#1322=ORIENTED_EDGE('',*,*,#987,.F.);
#1323=ORIENTED_EDGE('',*,*,#988,.F.);
#1324=ORIENTED_EDGE('',*,*,#982,.T.);
#1325=ORIENTED_EDGE('',*,*,#989,.T.);
#1326=ORIENTED_EDGE('',*,*,#990,.F.);
#1327=ORIENTED_EDGE('',*,*,#986,.F.);
#1328=ORIENTED_EDGE('',*,*,#991,.T.);
#1329=ORIENTED_EDGE('',*,*,#992,.T.);
#1330=ORIENTED_EDGE('',*,*,#993,.T.);
#1331=ORIENTED_EDGE('',*,*,#994,.F.);
#1332=ORIENTED_EDGE('',*,*,#995,.T.);
#1333=ORIENTED_EDGE('',*,*,#996,.T.);
#1334=ORIENTED_EDGE('',*,*,#990,.T.);
#1335=ORIENTED_EDGE('',*,*,#992,.F.);
#1336=ORIENTED_EDGE('',*,*,#997,.T.);
#1337=ORIENTED_EDGE('',*,*,#998,.T.);
#1338=ORIENTED_EDGE('',*,*,#987,.T.);
#1339=ORIENTED_EDGE('',*,*,#996,.F.);
#1340=ORIENTED_EDGE('',*,*,#999,.T.);
#1341=ORIENTED_EDGE('',*,*,#998,.F.);
#1342=ORIENTED_EDGE('',*,*,#1000,.T.);
#1343=ORIENTED_EDGE('',*,*,#994,.T.);
#1344=ORIENTED_EDGE('',*,*,#984,.T.);
#1345=ORIENTED_EDGE('',*,*,#988,.T.);
#1346=ORIENTED_EDGE('',*,*,#999,.F.);
#1347=ORIENTED_EDGE('',*,*,#1001,.F.);
#1348=ORIENTED_EDGE('',*,*,#985,.T.);
#1349=ORIENTED_EDGE('',*,*,#1001,.T.);
#1350=ORIENTED_EDGE('',*,*,#993,.F.);
#1351=ORIENTED_EDGE('',*,*,#989,.F.);
#1352=ORIENTED_EDGE('',*,*,#1002,.T.);
#1353=ORIENTED_EDGE('',*,*,#921,.T.);
#1354=ORIENTED_EDGE('',*,*,#1003,.T.);
#1355=ORIENTED_EDGE('',*,*,#968,.T.);
#1356=ORIENTED_EDGE('',*,*,#907,.F.);
#1357=ORIENTED_EDGE('',*,*,#916,.F.);
#1358=ORIENTED_EDGE('',*,*,#913,.F.);
#1359=ORIENTED_EDGE('',*,*,#911,.F.);
#1360=ORIENTED_EDGE('',*,*,#946,.F.);
#1361=ORIENTED_EDGE('',*,*,#955,.F.);
#1362=ORIENTED_EDGE('',*,*,#952,.F.);
#1363=ORIENTED_EDGE('',*,*,#950,.F.);
#1364=ORIENTED_EDGE('',*,*,#991,.F.);
#1365=ORIENTED_EDGE('',*,*,#1000,.F.);
#1366=ORIENTED_EDGE('',*,*,#997,.F.);
#1367=ORIENTED_EDGE('',*,*,#995,.F.);
#1368=ORIENTED_EDGE('',*,*,#1004,.T.);
#1369=ORIENTED_EDGE('',*,*,#969,.T.);
#1370=ORIENTED_EDGE('',*,*,#1003,.F.);
#1371=ORIENTED_EDGE('',*,*,#920,.F.);
#1372=ORIENTED_EDGE('',*,*,#978,.T.);
#1373=ORIENTED_EDGE('',*,*,#922,.T.);
#1374=ORIENTED_EDGE('',*,*,#1002,.F.);
#1375=ORIENTED_EDGE('',*,*,#967,.F.);
#1376=ORIENTED_EDGE('',*,*,#976,.T.);
#1377=ORIENTED_EDGE('',*,*,#970,.F.);
#1378=ORIENTED_EDGE('',*,*,#1004,.F.);
#1379=ORIENTED_EDGE('',*,*,#919,.F.);
#1380=ORIENTED_EDGE('',*,*,#1005,.T.);
#1381=ORIENTED_EDGE('',*,*,#1006,.T.);
#1382=ORIENTED_EDGE('',*,*,#1007,.T.);
#1383=ORIENTED_EDGE('',*,*,#1008,.T.);
#1384=ORIENTED_EDGE('',*,*,#1009,.T.);
#1385=ORIENTED_EDGE('',*,*,#1010,.T.);
#1386=ORIENTED_EDGE('',*,*,#1011,.T.);
#1387=ORIENTED_EDGE('',*,*,#1012,.T.);
#1388=ORIENTED_EDGE('',*,*,#1013,.T.);
#1389=ORIENTED_EDGE('',*,*,#1014,.T.);
#1390=ORIENTED_EDGE('',*,*,#1015,.T.);
#1391=ORIENTED_EDGE('',*,*,#1016,.T.);
#1392=ORIENTED_EDGE('',*,*,#1017,.T.);
#1393=ORIENTED_EDGE('',*,*,#1018,.T.);
#1394=ORIENTED_EDGE('',*,*,#1019,.T.);
#1395=ORIENTED_EDGE('',*,*,#1020,.T.);
#1396=ORIENTED_EDGE('',*,*,#1021,.F.);
#1397=ORIENTED_EDGE('',*,*,#1022,.F.);
#1398=ORIENTED_EDGE('',*,*,#1006,.F.);
#1399=ORIENTED_EDGE('',*,*,#1022,.T.);
#1400=ORIENTED_EDGE('',*,*,#1023,.F.);
#1401=ORIENTED_EDGE('',*,*,#1024,.F.);
#1402=ORIENTED_EDGE('',*,*,#1007,.F.);
#1403=ORIENTED_EDGE('',*,*,#1024,.T.);
#1404=ORIENTED_EDGE('',*,*,#1025,.F.);
#1405=ORIENTED_EDGE('',*,*,#1026,.F.);
#1406=ORIENTED_EDGE('',*,*,#1008,.F.);
#1407=ORIENTED_EDGE('',*,*,#1026,.T.);
#1408=ORIENTED_EDGE('',*,*,#1027,.F.);
#1409=ORIENTED_EDGE('',*,*,#1028,.F.);
#1410=ORIENTED_EDGE('',*,*,#1009,.F.);
#1411=ORIENTED_EDGE('',*,*,#1028,.T.);
#1412=ORIENTED_EDGE('',*,*,#1029,.F.);
#1413=ORIENTED_EDGE('',*,*,#1030,.F.);
#1414=ORIENTED_EDGE('',*,*,#1010,.F.);
#1415=ORIENTED_EDGE('',*,*,#1030,.T.);
#1416=ORIENTED_EDGE('',*,*,#1031,.F.);
#1417=ORIENTED_EDGE('',*,*,#1032,.F.);
#1418=ORIENTED_EDGE('',*,*,#1011,.F.);
#1419=ORIENTED_EDGE('',*,*,#1032,.T.);
#1420=ORIENTED_EDGE('',*,*,#1033,.F.);
#1421=ORIENTED_EDGE('',*,*,#1034,.F.);
#1422=ORIENTED_EDGE('',*,*,#1012,.F.);
#1423=ORIENTED_EDGE('',*,*,#1034,.T.);
#1424=ORIENTED_EDGE('',*,*,#1035,.F.);
#1425=ORIENTED_EDGE('',*,*,#1036,.F.);
#1426=ORIENTED_EDGE('',*,*,#1013,.F.);
#1427=ORIENTED_EDGE('',*,*,#1036,.T.);
#1428=ORIENTED_EDGE('',*,*,#1037,.F.);
#1429=ORIENTED_EDGE('',*,*,#1038,.F.);
#1430=ORIENTED_EDGE('',*,*,#1014,.F.);
#1431=ORIENTED_EDGE('',*,*,#1038,.T.);
#1432=ORIENTED_EDGE('',*,*,#1039,.F.);
#1433=ORIENTED_EDGE('',*,*,#1040,.F.);
#1434=ORIENTED_EDGE('',*,*,#1015,.F.);
#1435=ORIENTED_EDGE('',*,*,#1040,.T.);
#1436=ORIENTED_EDGE('',*,*,#1041,.F.);
#1437=ORIENTED_EDGE('',*,*,#1042,.F.);
#1438=ORIENTED_EDGE('',*,*,#1016,.F.);
#1439=ORIENTED_EDGE('',*,*,#1042,.T.);
#1440=ORIENTED_EDGE('',*,*,#1043,.F.);
#1441=ORIENTED_EDGE('',*,*,#1044,.F.);
#1442=ORIENTED_EDGE('',*,*,#1017,.F.);
#1443=ORIENTED_EDGE('',*,*,#1044,.T.);
#1444=ORIENTED_EDGE('',*,*,#1045,.F.);
#1445=ORIENTED_EDGE('',*,*,#1046,.F.);
#1446=ORIENTED_EDGE('',*,*,#1018,.F.);
#1447=ORIENTED_EDGE('',*,*,#1046,.T.);
#1448=ORIENTED_EDGE('',*,*,#1047,.F.);
#1449=ORIENTED_EDGE('',*,*,#1048,.F.);
#1450=ORIENTED_EDGE('',*,*,#1019,.F.);
#1451=ORIENTED_EDGE('',*,*,#1048,.T.);
#1452=ORIENTED_EDGE('',*,*,#1049,.F.);
#1453=ORIENTED_EDGE('',*,*,#1020,.F.);
#1454=ORIENTED_EDGE('',*,*,#1005,.F.);
#1455=ORIENTED_EDGE('',*,*,#1049,.T.);
#1456=ORIENTED_EDGE('',*,*,#1047,.T.);
#1457=ORIENTED_EDGE('',*,*,#1045,.T.);
#1458=ORIENTED_EDGE('',*,*,#1043,.T.);
#1459=ORIENTED_EDGE('',*,*,#1041,.T.);
#1460=ORIENTED_EDGE('',*,*,#1039,.T.);
#1461=ORIENTED_EDGE('',*,*,#1037,.T.);
#1462=ORIENTED_EDGE('',*,*,#1035,.T.);
#1463=ORIENTED_EDGE('',*,*,#1033,.T.);
#1464=ORIENTED_EDGE('',*,*,#1031,.T.);
#1465=ORIENTED_EDGE('',*,*,#1029,.T.);
#1466=ORIENTED_EDGE('',*,*,#1027,.T.);
#1467=ORIENTED_EDGE('',*,*,#1025,.T.);
#1468=ORIENTED_EDGE('',*,*,#1023,.T.);
#1469=ORIENTED_EDGE('',*,*,#1021,.T.);
#1470=ORIENTED_EDGE('',*,*,#1050,.T.);
#1471=ORIENTED_EDGE('',*,*,#1051,.T.);
#1472=ORIENTED_EDGE('',*,*,#1052,.T.);
#1473=ORIENTED_EDGE('',*,*,#1053,.T.);
#1474=ORIENTED_EDGE('',*,*,#1054,.T.);
#1475=ORIENTED_EDGE('',*,*,#1055,.T.);
#1476=ORIENTED_EDGE('',*,*,#1056,.T.);
#1477=ORIENTED_EDGE('',*,*,#1057,.T.);
#1478=ORIENTED_EDGE('',*,*,#1058,.T.);
#1479=ORIENTED_EDGE('',*,*,#1059,.T.);
#1480=ORIENTED_EDGE('',*,*,#1060,.T.);
#1481=ORIENTED_EDGE('',*,*,#1061,.T.);
#1482=ORIENTED_EDGE('',*,*,#1062,.T.);
#1483=ORIENTED_EDGE('',*,*,#1063,.T.);
#1484=ORIENTED_EDGE('',*,*,#1064,.T.);
#1485=ORIENTED_EDGE('',*,*,#1065,.T.);
#1486=ORIENTED_EDGE('',*,*,#1066,.F.);
#1487=ORIENTED_EDGE('',*,*,#1067,.F.);
#1488=ORIENTED_EDGE('',*,*,#1051,.F.);
#1489=ORIENTED_EDGE('',*,*,#1067,.T.);
#1490=ORIENTED_EDGE('',*,*,#1068,.F.);
#1491=ORIENTED_EDGE('',*,*,#1069,.F.);
#1492=ORIENTED_EDGE('',*,*,#1052,.F.);
#1493=ORIENTED_EDGE('',*,*,#1069,.T.);
#1494=ORIENTED_EDGE('',*,*,#1070,.F.);
#1495=ORIENTED_EDGE('',*,*,#1071,.F.);
#1496=ORIENTED_EDGE('',*,*,#1053,.F.);
#1497=ORIENTED_EDGE('',*,*,#1071,.T.);
#1498=ORIENTED_EDGE('',*,*,#1072,.F.);
#1499=ORIENTED_EDGE('',*,*,#1073,.F.);
#1500=ORIENTED_EDGE('',*,*,#1054,.F.);
#1501=ORIENTED_EDGE('',*,*,#1073,.T.);
#1502=ORIENTED_EDGE('',*,*,#1074,.F.);
#1503=ORIENTED_EDGE('',*,*,#1075,.F.);
#1504=ORIENTED_EDGE('',*,*,#1055,.F.);
#1505=ORIENTED_EDGE('',*,*,#1075,.T.);
#1506=ORIENTED_EDGE('',*,*,#1076,.F.);
#1507=ORIENTED_EDGE('',*,*,#1077,.F.);
#1508=ORIENTED_EDGE('',*,*,#1056,.F.);
#1509=ORIENTED_EDGE('',*,*,#1077,.T.);
#1510=ORIENTED_EDGE('',*,*,#1078,.F.);
#1511=ORIENTED_EDGE('',*,*,#1079,.F.);
#1512=ORIENTED_EDGE('',*,*,#1057,.F.);
#1513=ORIENTED_EDGE('',*,*,#1079,.T.);
#1514=ORIENTED_EDGE('',*,*,#1080,.F.);
#1515=ORIENTED_EDGE('',*,*,#1081,.F.);
#1516=ORIENTED_EDGE('',*,*,#1058,.F.);
#1517=ORIENTED_EDGE('',*,*,#1081,.T.);
#1518=ORIENTED_EDGE('',*,*,#1082,.F.);
#1519=ORIENTED_EDGE('',*,*,#1083,.F.);
#1520=ORIENTED_EDGE('',*,*,#1059,.F.);
#1521=ORIENTED_EDGE('',*,*,#1083,.T.);
#1522=ORIENTED_EDGE('',*,*,#1084,.F.);
#1523=ORIENTED_EDGE('',*,*,#1085,.F.);
#1524=ORIENTED_EDGE('',*,*,#1060,.F.);
#1525=ORIENTED_EDGE('',*,*,#1085,.T.);
#1526=ORIENTED_EDGE('',*,*,#1086,.F.);
#1527=ORIENTED_EDGE('',*,*,#1087,.F.);
#1528=ORIENTED_EDGE('',*,*,#1061,.F.);
#1529=ORIENTED_EDGE('',*,*,#1087,.T.);
#1530=ORIENTED_EDGE('',*,*,#1088,.F.);
#1531=ORIENTED_EDGE('',*,*,#1089,.F.);
#1532=ORIENTED_EDGE('',*,*,#1062,.F.);
#1533=ORIENTED_EDGE('',*,*,#1089,.T.);
#1534=ORIENTED_EDGE('',*,*,#1090,.F.);
#1535=ORIENTED_EDGE('',*,*,#1091,.F.);
#1536=ORIENTED_EDGE('',*,*,#1063,.F.);
#1537=ORIENTED_EDGE('',*,*,#1091,.T.);
#1538=ORIENTED_EDGE('',*,*,#1092,.F.);
#1539=ORIENTED_EDGE('',*,*,#1093,.F.);
#1540=ORIENTED_EDGE('',*,*,#1064,.F.);
#1541=ORIENTED_EDGE('',*,*,#1093,.T.);
#1542=ORIENTED_EDGE('',*,*,#1094,.F.);
#1543=ORIENTED_EDGE('',*,*,#1065,.F.);
#1544=ORIENTED_EDGE('',*,*,#1050,.F.);
#1545=ORIENTED_EDGE('',*,*,#1094,.T.);
#1546=ORIENTED_EDGE('',*,*,#1092,.T.);
#1547=ORIENTED_EDGE('',*,*,#1090,.T.);
#1548=ORIENTED_EDGE('',*,*,#1088,.T.);
#1549=ORIENTED_EDGE('',*,*,#1086,.T.);
#1550=ORIENTED_EDGE('',*,*,#1084,.T.);
#1551=ORIENTED_EDGE('',*,*,#1082,.T.);
#1552=ORIENTED_EDGE('',*,*,#1080,.T.);
#1553=ORIENTED_EDGE('',*,*,#1078,.T.);
#1554=ORIENTED_EDGE('',*,*,#1076,.T.);
#1555=ORIENTED_EDGE('',*,*,#1074,.T.);
#1556=ORIENTED_EDGE('',*,*,#1072,.T.);
#1557=ORIENTED_EDGE('',*,*,#1070,.T.);
#1558=ORIENTED_EDGE('',*,*,#1068,.T.);
#1559=ORIENTED_EDGE('',*,*,#1066,.T.);
#1560=ORIENTED_EDGE('',*,*,#1095,.T.);
#1561=ORIENTED_EDGE('',*,*,#1096,.T.);
#1562=ORIENTED_EDGE('',*,*,#1097,.T.);
#1563=ORIENTED_EDGE('',*,*,#1098,.T.);
#1564=ORIENTED_EDGE('',*,*,#1099,.T.);
#1565=ORIENTED_EDGE('',*,*,#1100,.T.);
#1566=ORIENTED_EDGE('',*,*,#1101,.T.);
#1567=ORIENTED_EDGE('',*,*,#1102,.T.);
#1568=ORIENTED_EDGE('',*,*,#1103,.T.);
#1569=ORIENTED_EDGE('',*,*,#1104,.T.);
#1570=ORIENTED_EDGE('',*,*,#1105,.T.);
#1571=ORIENTED_EDGE('',*,*,#1106,.T.);
#1572=ORIENTED_EDGE('',*,*,#1107,.T.);
#1573=ORIENTED_EDGE('',*,*,#1108,.T.);
#1574=ORIENTED_EDGE('',*,*,#1109,.T.);
#1575=ORIENTED_EDGE('',*,*,#1110,.T.);
#1576=ORIENTED_EDGE('',*,*,#1111,.F.);
#1577=ORIENTED_EDGE('',*,*,#1112,.F.);
#1578=ORIENTED_EDGE('',*,*,#1096,.F.);
#1579=ORIENTED_EDGE('',*,*,#1112,.T.);
#1580=ORIENTED_EDGE('',*,*,#1113,.F.);
#1581=ORIENTED_EDGE('',*,*,#1114,.F.);
#1582=ORIENTED_EDGE('',*,*,#1097,.F.);
#1583=ORIENTED_EDGE('',*,*,#1114,.T.);
#1584=ORIENTED_EDGE('',*,*,#1115,.F.);
#1585=ORIENTED_EDGE('',*,*,#1116,.F.);
#1586=ORIENTED_EDGE('',*,*,#1098,.F.);
#1587=ORIENTED_EDGE('',*,*,#1116,.T.);
#1588=ORIENTED_EDGE('',*,*,#1117,.F.);
#1589=ORIENTED_EDGE('',*,*,#1118,.F.);
#1590=ORIENTED_EDGE('',*,*,#1099,.F.);
#1591=ORIENTED_EDGE('',*,*,#1118,.T.);
#1592=ORIENTED_EDGE('',*,*,#1119,.F.);
#1593=ORIENTED_EDGE('',*,*,#1120,.F.);
#1594=ORIENTED_EDGE('',*,*,#1100,.F.);
#1595=ORIENTED_EDGE('',*,*,#1120,.T.);
#1596=ORIENTED_EDGE('',*,*,#1121,.F.);
#1597=ORIENTED_EDGE('',*,*,#1122,.F.);
#1598=ORIENTED_EDGE('',*,*,#1101,.F.);
#1599=ORIENTED_EDGE('',*,*,#1122,.T.);
#1600=ORIENTED_EDGE('',*,*,#1123,.F.);
#1601=ORIENTED_EDGE('',*,*,#1124,.F.);
#1602=ORIENTED_EDGE('',*,*,#1102,.F.);
#1603=ORIENTED_EDGE('',*,*,#1124,.T.);
#1604=ORIENTED_EDGE('',*,*,#1125,.F.);
#1605=ORIENTED_EDGE('',*,*,#1126,.F.);
#1606=ORIENTED_EDGE('',*,*,#1103,.F.);
#1607=ORIENTED_EDGE('',*,*,#1126,.T.);
#1608=ORIENTED_EDGE('',*,*,#1127,.F.);
#1609=ORIENTED_EDGE('',*,*,#1128,.F.);
#1610=ORIENTED_EDGE('',*,*,#1104,.F.);
#1611=ORIENTED_EDGE('',*,*,#1128,.T.);
#1612=ORIENTED_EDGE('',*,*,#1129,.F.);
#1613=ORIENTED_EDGE('',*,*,#1130,.F.);
#1614=ORIENTED_EDGE('',*,*,#1105,.F.);
#1615=ORIENTED_EDGE('',*,*,#1130,.T.);
#1616=ORIENTED_EDGE('',*,*,#1131,.F.);
#1617=ORIENTED_EDGE('',*,*,#1132,.F.);
#1618=ORIENTED_EDGE('',*,*,#1106,.F.);
#1619=ORIENTED_EDGE('',*,*,#1132,.T.);
#1620=ORIENTED_EDGE('',*,*,#1133,.F.);
#1621=ORIENTED_EDGE('',*,*,#1134,.F.);
#1622=ORIENTED_EDGE('',*,*,#1107,.F.);
#1623=ORIENTED_EDGE('',*,*,#1134,.T.);
#1624=ORIENTED_EDGE('',*,*,#1135,.F.);
#1625=ORIENTED_EDGE('',*,*,#1136,.F.);
#1626=ORIENTED_EDGE('',*,*,#1108,.F.);
#1627=ORIENTED_EDGE('',*,*,#1136,.T.);
#1628=ORIENTED_EDGE('',*,*,#1137,.F.);
#1629=ORIENTED_EDGE('',*,*,#1138,.F.);
#1630=ORIENTED_EDGE('',*,*,#1109,.F.);
#1631=ORIENTED_EDGE('',*,*,#1138,.T.);
#1632=ORIENTED_EDGE('',*,*,#1139,.F.);
#1633=ORIENTED_EDGE('',*,*,#1110,.F.);
#1634=ORIENTED_EDGE('',*,*,#1095,.F.);
#1635=ORIENTED_EDGE('',*,*,#1139,.T.);
#1636=ORIENTED_EDGE('',*,*,#1137,.T.);
#1637=ORIENTED_EDGE('',*,*,#1135,.T.);
#1638=ORIENTED_EDGE('',*,*,#1133,.T.);
#1639=ORIENTED_EDGE('',*,*,#1131,.T.);
#1640=ORIENTED_EDGE('',*,*,#1129,.T.);
#1641=ORIENTED_EDGE('',*,*,#1127,.T.);
#1642=ORIENTED_EDGE('',*,*,#1125,.T.);
#1643=ORIENTED_EDGE('',*,*,#1123,.T.);
#1644=ORIENTED_EDGE('',*,*,#1121,.T.);
#1645=ORIENTED_EDGE('',*,*,#1119,.T.);
#1646=ORIENTED_EDGE('',*,*,#1117,.T.);
#1647=ORIENTED_EDGE('',*,*,#1115,.T.);
#1648=ORIENTED_EDGE('',*,*,#1113,.T.);
#1649=ORIENTED_EDGE('',*,*,#1111,.T.);
#1650=PLANE('',#1831);
#1651=PLANE('',#1832);
#1652=PLANE('',#1833);
#1653=PLANE('',#1834);
#1654=PLANE('',#1835);
#1655=PLANE('',#1836);
#1656=PLANE('',#1845);
#1657=PLANE('',#1846);
#1658=PLANE('',#1847);
#1659=PLANE('',#1848);
#1660=PLANE('',#1849);
#1661=PLANE('',#1850);
#1662=PLANE('',#1851);
#1663=PLANE('',#1852);
#1664=PLANE('',#1853);
#1665=PLANE('',#1862);
#1666=PLANE('',#1863);
#1667=PLANE('',#1864);
#1668=PLANE('',#1865);
#1669=PLANE('',#1866);
#1670=PLANE('',#1867);
#1671=PLANE('',#1868);
#1672=PLANE('',#1869);
#1673=PLANE('',#1870);
#1674=PLANE('',#1871);
#1675=PLANE('',#1872);
#1676=PLANE('',#1873);
#1677=PLANE('',#1874);
#1678=PLANE('',#1883);
#1679=PLANE('',#1884);
#1680=PLANE('',#1885);
#1681=PLANE('',#1886);
#1682=PLANE('',#1887);
#1683=PLANE('',#1888);
#1684=PLANE('',#1889);
#1685=PLANE('',#1896);
#1686=PLANE('',#1897);
#1687=PLANE('',#1898);
#1688=PLANE('',#1899);
#1689=PLANE('',#1904);
#1690=PLANE('',#1905);
#1691=PLANE('',#1906);
#1692=PLANE('',#1907);
#1693=PLANE('',#1910);
#1694=PLANE('',#1911);
#1695=PLANE('',#1912);
#1696=PLANE('',#1919);
#1697=PLANE('',#1920);
#1698=PLANE('',#1921);
#1699=PLANE('',#1922);
#1700=PLANE('',#1927);
#1701=PLANE('',#1928);
#1702=PLANE('',#1929);
#1703=PLANE('',#1930);
#1704=PLANE('',#1933);
#1705=PLANE('',#1934);
#1706=PLANE('',#1935);
#1707=PLANE('',#1942);
#1708=PLANE('',#1943);
#1709=PLANE('',#1944);
#1710=PLANE('',#1945);
#1711=PLANE('',#1950);
#1712=PLANE('',#1951);
#1713=PLANE('',#1952);
#1714=PLANE('',#1953);
#1715=PLANE('',#1956);
#1716=PLANE('',#1957);
#1717=ADVANCED_FACE('',(#105),#1650,.F.);
#1718=ADVANCED_FACE('',(#106),#1651,.F.);
#1719=ADVANCED_FACE('',(#107),#1652,.F.);
#1720=ADVANCED_FACE('',(#108,#99),#1653,.F.);
#1721=ADVANCED_FACE('',(#109),#1654,.T.);
#1722=ADVANCED_FACE('',(#110),#1655,.T.);
#1723=ADVANCED_FACE('',(#111),#75,.T.);
#1724=ADVANCED_FACE('',(#112),#76,.T.);
#1725=ADVANCED_FACE('',(#113),#77,.T.);
#1726=ADVANCED_FACE('',(#114),#78,.T.);
#1727=ADVANCED_FACE('',(#115),#1656,.T.);
#1728=ADVANCED_FACE('',(#116),#1657,.T.);
#1729=ADVANCED_FACE('',(#117),#1658,.T.);
#1730=ADVANCED_FACE('',(#118),#1659,.F.);
#1731=ADVANCED_FACE('',(#119),#1660,.F.);
#1732=ADVANCED_FACE('',(#120),#1661,.F.);
#1733=ADVANCED_FACE('',(#121,#100),#1662,.F.);
#1734=ADVANCED_FACE('',(#122),#1663,.T.);
#1735=ADVANCED_FACE('',(#123),#1664,.T.);
#1736=ADVANCED_FACE('',(#124),#79,.T.);
#1737=ADVANCED_FACE('',(#125),#80,.T.);
#1738=ADVANCED_FACE('',(#126),#81,.T.);
#1739=ADVANCED_FACE('',(#127),#82,.T.);
#1740=ADVANCED_FACE('',(#128),#1665,.T.);
#1741=ADVANCED_FACE('',(#129),#1666,.T.);
#1742=ADVANCED_FACE('',(#130),#1667,.F.);
#1743=ADVANCED_FACE('',(#131),#1668,.F.);
#1744=ADVANCED_FACE('',(#132),#1669,.T.);
#1745=ADVANCED_FACE('',(#133),#1670,.F.);
#1746=ADVANCED_FACE('',(#134),#1671,.F.);
#1747=ADVANCED_FACE('',(#135),#1672,.F.);
#1748=ADVANCED_FACE('',(#136),#1673,.F.);
#1749=ADVANCED_FACE('',(#137),#1674,.F.);
#1750=ADVANCED_FACE('',(#138,#101),#1675,.F.);
#1751=ADVANCED_FACE('',(#139),#1676,.T.);
#1752=ADVANCED_FACE('',(#140),#1677,.T.);
#1753=ADVANCED_FACE('',(#141),#83,.T.);
#1754=ADVANCED_FACE('',(#142),#84,.T.);
#1755=ADVANCED_FACE('',(#143),#85,.T.);
#1756=ADVANCED_FACE('',(#144),#86,.T.);
#1757=ADVANCED_FACE('',(#145),#1678,.T.);
#1758=ADVANCED_FACE('',(#146),#1679,.T.);
#1759=ADVANCED_FACE('',(#147,#102,#103,#104),#1680,.T.);
#1760=ADVANCED_FACE('',(#148),#1681,.T.);
#1761=ADVANCED_FACE('',(#149),#1682,.T.);
#1762=ADVANCED_FACE('',(#150),#1683,.F.);
#1763=ADVANCED_FACE('',(#151),#1684,.F.);
#1764=ADVANCED_FACE('',(#152),#87,.T.);
#1765=ADVANCED_FACE('',(#153),#1685,.T.);
#1766=ADVANCED_FACE('',(#154),#13,.T.);
#1767=ADVANCED_FACE('',(#155),#1686,.T.);
#1768=ADVANCED_FACE('',(#156),#1687,.T.);
#1769=ADVANCED_FACE('',(#157),#1688,.T.);
#1770=ADVANCED_FACE('',(#158),#88,.F.);
#1771=ADVANCED_FACE('',(#159),#89,.F.);
#1772=ADVANCED_FACE('',(#160),#1689,.T.);
#1773=ADVANCED_FACE('',(#161),#1690,.T.);
#1774=ADVANCED_FACE('',(#162),#1691,.T.);
#1775=ADVANCED_FACE('',(#163),#14,.T.);
#1776=ADVANCED_FACE('',(#164),#1692,.T.);
#1777=ADVANCED_FACE('',(#165),#90,.T.);
#1778=ADVANCED_FACE('',(#166),#1693,.T.);
#1779=ADVANCED_FACE('',(#167),#1694,.T.);
#1780=ADVANCED_FACE('',(#168),#1695,.F.);
#1781=ADVANCED_FACE('',(#169),#91,.T.);
#1782=ADVANCED_FACE('',(#170),#1696,.T.);
#1783=ADVANCED_FACE('',(#171),#15,.T.);
#1784=ADVANCED_FACE('',(#172),#1697,.T.);
#1785=ADVANCED_FACE('',(#173),#1698,.T.);
#1786=ADVANCED_FACE('',(#174),#1699,.T.);
#1787=ADVANCED_FACE('',(#175),#92,.F.);
#1788=ADVANCED_FACE('',(#176),#93,.F.);
#1789=ADVANCED_FACE('',(#177),#1700,.T.);
#1790=ADVANCED_FACE('',(#178),#1701,.T.);
#1791=ADVANCED_FACE('',(#179),#1702,.T.);
#1792=ADVANCED_FACE('',(#180),#16,.T.);
#1793=ADVANCED_FACE('',(#181),#1703,.T.);
#1794=ADVANCED_FACE('',(#182),#94,.T.);
#1795=ADVANCED_FACE('',(#183),#1704,.T.);
#1796=ADVANCED_FACE('',(#184),#1705,.T.);
#1797=ADVANCED_FACE('',(#185),#1706,.F.);
#1798=ADVANCED_FACE('',(#186),#95,.T.);
#1799=ADVANCED_FACE('',(#187),#1707,.T.);
#1800=ADVANCED_FACE('',(#188),#17,.T.);
#1801=ADVANCED_FACE('',(#189),#1708,.T.);
#1802=ADVANCED_FACE('',(#190),#1709,.T.);
#1803=ADVANCED_FACE('',(#191),#1710,.T.);
#1804=ADVANCED_FACE('',(#192),#96,.F.);
#1805=ADVANCED_FACE('',(#193),#97,.F.);
#1806=ADVANCED_FACE('',(#194),#1711,.T.);
#1807=ADVANCED_FACE('',(#195),#1712,.T.);
#1808=ADVANCED_FACE('',(#196),#1713,.T.);
#1809=ADVANCED_FACE('',(#197),#18,.T.);
#1810=ADVANCED_FACE('',(#198),#1714,.T.);
#1811=ADVANCED_FACE('',(#199),#98,.T.);
#1812=ADVANCED_FACE('',(#200),#1715,.T.);
#1813=ADVANCED_FACE('',(#201),#1716,.T.);
#1814=CLOSED_SHELL('',(#1717,#1718,#1719,#1720,#1721,#1722,#1723,#1724,
#1725,#1726,#1727,#1728,#1729,#1730,#1731,#1732,#1733,#1734,#1735,#1736,
#1737,#1738,#1739,#1740,#1741,#1742,#1743,#1744,#1745,#1746,#1747,#1748,
#1749,#1750,#1751,#1752,#1753,#1754,#1755,#1756,#1757,#1758,#1759,#1760,
#1761,#1762));
#1815=CLOSED_SHELL('',(#1763,#1764,#1765,#1766,#1767,#1768,#1769,#1770,
#1771,#1772,#1773,#1774,#1775,#1776,#1777,#1778,#1779));
#1816=CLOSED_SHELL('',(#1780,#1781,#1782,#1783,#1784,#1785,#1786,#1787,
#1788,#1789,#1790,#1791,#1792,#1793,#1794,#1795,#1796));
#1817=CLOSED_SHELL('',(#1797,#1798,#1799,#1800,#1801,#1802,#1803,#1804,
#1805,#1806,#1807,#1808,#1809,#1810,#1811,#1812,#1813));
#1818=DERIVED_UNIT_ELEMENT(#1820,1.);
#1819=DERIVED_UNIT_ELEMENT(#3167,-3.);
#1820=(
MASS_UNIT()
NAMED_UNIT(*)
SI_UNIT(.KILO.,.GRAM.)
);
#1821=DERIVED_UNIT((#1818,#1819));
#1822=MEASURE_REPRESENTATION_ITEM('density measure',
POSITIVE_RATIO_MEASURE(7850.),#1821);
#1823=PROPERTY_DEFINITION_REPRESENTATION(#1828,#1825);
#1824=PROPERTY_DEFINITION_REPRESENTATION(#1829,#1826);
#1825=REPRESENTATION('material name',(#1827),#3164);
#1826=REPRESENTATION('density',(#1822),#3164);
#1827=DESCRIPTIVE_REPRESENTATION_ITEM('Steel','Steel');
#1828=PROPERTY_DEFINITION('material property','material name',#3174);
#1829=PROPERTY_DEFINITION('material property','density of part',#3174);
#1830=AXIS2_PLACEMENT_3D('',#2421,#1958,#1959);
#1831=AXIS2_PLACEMENT_3D('',#2422,#1960,#1961);
#1832=AXIS2_PLACEMENT_3D('',#2431,#1966,#1967);
#1833=AXIS2_PLACEMENT_3D('',#2440,#1972,#1973);
#1834=AXIS2_PLACEMENT_3D('',#2446,#1977,#1978);
#1835=AXIS2_PLACEMENT_3D('',#2457,#1985,#1986);
#1836=AXIS2_PLACEMENT_3D('',#2463,#1990,#1991);
#1837=AXIS2_PLACEMENT_3D('',#2467,#1994,#1995);
#1838=AXIS2_PLACEMENT_3D('',#2471,#1997,#1998);
#1839=AXIS2_PLACEMENT_3D('',#2474,#2000,#2001);
#1840=AXIS2_PLACEMENT_3D('',#2475,#2002,#2003);
#1841=AXIS2_PLACEMENT_3D('',#2478,#2005,#2006);
#1842=AXIS2_PLACEMENT_3D('',#2479,#2007,#2008);
#1843=AXIS2_PLACEMENT_3D('',#2482,#2010,#2011);
#1844=AXIS2_PLACEMENT_3D('',#2483,#2012,#2013);
#1845=AXIS2_PLACEMENT_3D('',#2486,#2016,#2017);
#1846=AXIS2_PLACEMENT_3D('',#2488,#2019,#2020);
#1847=AXIS2_PLACEMENT_3D('',#2489,#2021,#2022);
#1848=AXIS2_PLACEMENT_3D('',#2503,#2030,#2031);
#1849=AXIS2_PLACEMENT_3D('',#2509,#2035,#2036);
#1850=AXIS2_PLACEMENT_3D('',#2518,#2041,#2042);
#1851=AXIS2_PLACEMENT_3D('',#2524,#2046,#2047);
#1852=AXIS2_PLACEMENT_3D('',#2535,#2054,#2055);
#1853=AXIS2_PLACEMENT_3D('',#2541,#2059,#2060);
#1854=AXIS2_PLACEMENT_3D('',#2545,#2063,#2064);
#1855=AXIS2_PLACEMENT_3D('',#2549,#2066,#2067);
#1856=AXIS2_PLACEMENT_3D('',#2552,#2069,#2070);
#1857=AXIS2_PLACEMENT_3D('',#2553,#2071,#2072);
#1858=AXIS2_PLACEMENT_3D('',#2556,#2074,#2075);
#1859=AXIS2_PLACEMENT_3D('',#2557,#2076,#2077);
#1860=AXIS2_PLACEMENT_3D('',#2560,#2079,#2080);
#1861=AXIS2_PLACEMENT_3D('',#2561,#2081,#2082);
#1862=AXIS2_PLACEMENT_3D('',#2564,#2085,#2086);
#1863=AXIS2_PLACEMENT_3D('',#2566,#2088,#2089);
#1864=AXIS2_PLACEMENT_3D('',#2567,#2090,#2091);
#1865=AXIS2_PLACEMENT_3D('',#2573,#2095,#2096);
#1866=AXIS2_PLACEMENT_3D('',#2582,#2101,#2102);
#1867=AXIS2_PLACEMENT_3D('',#2596,#2110,#2111);
#1868=AXIS2_PLACEMENT_3D('',#2602,#2115,#2116);
#1869=AXIS2_PLACEMENT_3D('',#2607,#2120,#2121);
#1870=AXIS2_PLACEMENT_3D('',#2610,#2124,#2125);
#1871=AXIS2_PLACEMENT_3D('',#2614,#2128,#2129);
#1872=AXIS2_PLACEMENT_3D('',#2616,#2131,#2132);
#1873=AXIS2_PLACEMENT_3D('',#2625,#2137,#2138);
#1874=AXIS2_PLACEMENT_3D('',#2631,#2142,#2143);
#1875=AXIS2_PLACEMENT_3D('',#2635,#2146,#2147);
#1876=AXIS2_PLACEMENT_3D('',#2639,#2149,#2150);
#1877=AXIS2_PLACEMENT_3D('',#2642,#2152,#2153);
#1878=AXIS2_PLACEMENT_3D('',#2643,#2154,#2155);
#1879=AXIS2_PLACEMENT_3D('',#2646,#2157,#2158);
#1880=AXIS2_PLACEMENT_3D('',#2647,#2159,#2160);
#1881=AXIS2_PLACEMENT_3D('',#2650,#2162,#2163);
#1882=AXIS2_PLACEMENT_3D('',#2651,#2164,#2165);
#1883=AXIS2_PLACEMENT_3D('',#2654,#2168,#2169);
#1884=AXIS2_PLACEMENT_3D('',#2656,#2171,#2172);
#1885=AXIS2_PLACEMENT_3D('',#2657,#2173,#2174);
#1886=AXIS2_PLACEMENT_3D('',#2660,#2177,#2178);
#1887=AXIS2_PLACEMENT_3D('',#2662,#2180,#2181);
#1888=AXIS2_PLACEMENT_3D('',#2663,#2182,#2183);
#1889=AXIS2_PLACEMENT_3D('',#2664,#2184,#2185);
#1890=AXIS2_PLACEMENT_3D('',#2669,#2187,#2188);
#1891=AXIS2_PLACEMENT_3D('',#2690,#2193,#2194);
#1892=AXIS2_PLACEMENT_3D('',#2692,#2195,#2196);
#1893=AXIS2_PLACEMENT_3D('',#2712,#2201,#2202);
#1894=AXIS2_PLACEMENT_3D('',#2713,#2203,#2204);
#1895=AXIS2_PLACEMENT_3D('',#2717,#2206,#2207);
#1896=AXIS2_PLACEMENT_3D('',#2719,#2209,#2210);
#1897=AXIS2_PLACEMENT_3D('',#2755,#2214,#2215);
#1898=AXIS2_PLACEMENT_3D('',#2759,#2218,#2219);
#1899=AXIS2_PLACEMENT_3D('',#2763,#2222,#2223);
#1900=AXIS2_PLACEMENT_3D('',#2767,#2226,#2227);
#1901=AXIS2_PLACEMENT_3D('',#2769,#2228,#2229);
#1902=AXIS2_PLACEMENT_3D('',#2771,#2231,#2232);
#1903=AXIS2_PLACEMENT_3D('',#2773,#2233,#2234);
#1904=AXIS2_PLACEMENT_3D('',#2775,#2236,#2237);
#1905=AXIS2_PLACEMENT_3D('',#2779,#2240,#2241);
#1906=AXIS2_PLACEMENT_3D('',#2783,#2244,#2245);
#1907=AXIS2_PLACEMENT_3D('',#2819,#2249,#2250);
#1908=AXIS2_PLACEMENT_3D('',#2823,#2253,#2254);
#1909=AXIS2_PLACEMENT_3D('',#2825,#2255,#2256);
#1910=AXIS2_PLACEMENT_3D('',#2827,#2258,#2259);
#1911=AXIS2_PLACEMENT_3D('',#2829,#2261,#2262);
#1912=AXIS2_PLACEMENT_3D('',#2830,#2263,#2264);
#1913=AXIS2_PLACEMENT_3D('',#2835,#2266,#2267);
#1914=AXIS2_PLACEMENT_3D('',#2856,#2272,#2273);
#1915=AXIS2_PLACEMENT_3D('',#2858,#2274,#2275);
#1916=AXIS2_PLACEMENT_3D('',#2878,#2280,#2281);
#1917=AXIS2_PLACEMENT_3D('',#2879,#2282,#2283);
#1918=AXIS2_PLACEMENT_3D('',#2883,#2285,#2286);
#1919=AXIS2_PLACEMENT_3D('',#2885,#2288,#2289);
#1920=AXIS2_PLACEMENT_3D('',#2921,#2293,#2294);
#1921=AXIS2_PLACEMENT_3D('',#2925,#2297,#2298);
#1922=AXIS2_PLACEMENT_3D('',#2929,#2301,#2302);
#1923=AXIS2_PLACEMENT_3D('',#2933,#2305,#2306);
#1924=AXIS2_PLACEMENT_3D('',#2935,#2307,#2308);
#1925=AXIS2_PLACEMENT_3D('',#2937,#2310,#2311);
#1926=AXIS2_PLACEMENT_3D('',#2939,#2312,#2313);
#1927=AXIS2_PLACEMENT_3D('',#2941,#2315,#2316);
#1928=AXIS2_PLACEMENT_3D('',#2945,#2319,#2320);
#1929=AXIS2_PLACEMENT_3D('',#2949,#2323,#2324);
#1930=AXIS2_PLACEMENT_3D('',#2985,#2328,#2329);
#1931=AXIS2_PLACEMENT_3D('',#2989,#2332,#2333);
#1932=AXIS2_PLACEMENT_3D('',#2991,#2334,#2335);
#1933=AXIS2_PLACEMENT_3D('',#2993,#2337,#2338);
#1934=AXIS2_PLACEMENT_3D('',#2995,#2340,#2341);
#1935=AXIS2_PLACEMENT_3D('',#2996,#2342,#2343);
#1936=AXIS2_PLACEMENT_3D('',#3001,#2345,#2346);
#1937=AXIS2_PLACEMENT_3D('',#3022,#2351,#2352);
#1938=AXIS2_PLACEMENT_3D('',#3024,#2353,#2354);
#1939=AXIS2_PLACEMENT_3D('',#3044,#2359,#2360);
#1940=AXIS2_PLACEMENT_3D('',#3045,#2361,#2362);
#1941=AXIS2_PLACEMENT_3D('',#3049,#2364,#2365);
#1942=AXIS2_PLACEMENT_3D('',#3051,#2367,#2368);
#1943=AXIS2_PLACEMENT_3D('',#3087,#2372,#2373);
#1944=AXIS2_PLACEMENT_3D('',#3091,#2376,#2377);
#1945=AXIS2_PLACEMENT_3D('',#3095,#2380,#2381);
#1946=AXIS2_PLACEMENT_3D('',#3099,#2384,#2385);
#1947=AXIS2_PLACEMENT_3D('',#3101,#2386,#2387);
#1948=AXIS2_PLACEMENT_3D('',#3103,#2389,#2390);
#1949=AXIS2_PLACEMENT_3D('',#3105,#2391,#2392);
#1950=AXIS2_PLACEMENT_3D('',#3107,#2394,#2395);
#1951=AXIS2_PLACEMENT_3D('',#3111,#2398,#2399);
#1952=AXIS2_PLACEMENT_3D('',#3115,#2402,#2403);
#1953=AXIS2_PLACEMENT_3D('',#3151,#2407,#2408);
#1954=AXIS2_PLACEMENT_3D('',#3155,#2411,#2412);
#1955=AXIS2_PLACEMENT_3D('',#3157,#2413,#2414);
#1956=AXIS2_PLACEMENT_3D('',#3159,#2416,#2417);
#1957=AXIS2_PLACEMENT_3D('',#3161,#2419,#2420);
#1958=DIRECTION('axis',(0.,0.,1.));
#1959=DIRECTION('refdir',(1.,0.,0.));
#1960=DIRECTION('center_axis',(0.,0.,1.));
#1961=DIRECTION('ref_axis',(-1.,0.,0.));
#1962=DIRECTION('',(1.,0.,0.));
#1963=DIRECTION('',(0.,-1.,0.));
#1964=DIRECTION('',(-1.,0.,0.));
#1965=DIRECTION('',(0.,-1.,0.));
#1966=DIRECTION('center_axis',(0.,-1.,0.));
#1967=DIRECTION('ref_axis',(1.,0.,0.));
#1968=DIRECTION('',(-1.,0.,0.));
#1969=DIRECTION('',(0.,0.,1.));
#1970=DIRECTION('',(1.,0.,0.));
#1971=DIRECTION('',(0.,0.,1.));
#1972=DIRECTION('center_axis',(0.,1.,0.));
#1973=DIRECTION('ref_axis',(-1.,0.,0.));
#1974=DIRECTION('',(0.,0.,1.));
#1975=DIRECTION('',(-1.,0.,0.));
#1976=DIRECTION('',(0.,0.,1.));
#1977=DIRECTION('center_axis',(0.,0.,1.));
#1978=DIRECTION('ref_axis',(1.,0.,0.));
#1979=DIRECTION('',(0.,1.,0.));
#1980=DIRECTION('',(0.,-1.,0.));
#1981=DIRECTION('',(-1.,0.,0.));
#1982=DIRECTION('',(0.,-1.,0.));
#1983=DIRECTION('',(1.,0.,0.));
#1984=DIRECTION('',(0.,1.,0.));
#1985=DIRECTION('center_axis',(-1.,0.,0.));
#1986=DIRECTION('ref_axis',(0.,-1.,0.));
#1987=DIRECTION('',(0.,0.,1.));
#1988=DIRECTION('',(0.,-1.,0.));
#1989=DIRECTION('',(0.,0.,1.));
#1990=DIRECTION('center_axis',(0.,1.,0.));
#1991=DIRECTION('ref_axis',(-1.,0.,0.));
#1992=DIRECTION('',(0.,0.,1.));
#1993=DIRECTION('',(-1.,0.,0.));
#1994=DIRECTION('center_axis',(0.,1.,0.));
#1995=DIRECTION('ref_axis',(0.707106781186547,0.,0.707106781186548));
#1996=DIRECTION('',(0.,-1.,0.));
#1997=DIRECTION('center_axis',(-0.707106781186548,0.707106781186548,1.6355129777956E-16));
#1998=DIRECTION('ref_axis',(-0.707106781186548,-0.707106781186548,1.6355129777956E-16));
#1999=DIRECTION('',(0.,1.,0.));
#2000=DIRECTION('center_axis',(0.707106781186548,0.707106781186547,-1.6355129777956E-16));
#2001=DIRECTION('ref_axis',(-0.707106781186547,0.707106781186548,-1.6355129777956E-16));
#2002=DIRECTION('center_axis',(-1.,0.,0.));
#2003=DIRECTION('ref_axis',(0.,0.707106781186547,0.707106781186548));
#2004=DIRECTION('',(1.,0.,0.));
#2005=DIRECTION('center_axis',(-0.707106781186548,-0.707106781186547,-1.6355129777956E-16));
#2006=DIRECTION('ref_axis',(0.707106781186547,-0.707106781186548,-1.6355129777956E-16));
#2007=DIRECTION('center_axis',(0.,-1.,0.));
#2008=DIRECTION('ref_axis',(-0.707106781186547,0.,0.707106781186548));
#2009=DIRECTION('',(0.,1.,0.));
#2010=DIRECTION('center_axis',(0.707106781186548,-0.707106781186548,1.6355129777956E-16));
#2011=DIRECTION('ref_axis',(0.707106781186548,0.707106781186548,1.6355129777956E-16));
#2012=DIRECTION('center_axis',(1.,0.,0.));
#2013=DIRECTION('ref_axis',(0.,-0.707106781186547,0.707106781186548));
#2014=DIRECTION('',(1.,0.,0.));
#2015=DIRECTION('',(-1.,0.,0.));
#2016=DIRECTION('center_axis',(0.,-1.,0.));
#2017=DIRECTION('ref_axis',(1.,0.,0.));
#2018=DIRECTION('',(0.,0.,1.));
#2019=DIRECTION('center_axis',(1.,0.,0.));
#2020=DIRECTION('ref_axis',(0.,1.,0.));
#2021=DIRECTION('center_axis',(0.,1.,0.));
#2022=DIRECTION('ref_axis',(-1.,0.,0.));
#2023=DIRECTION('',(0.,0.,-1.));
#2024=DIRECTION('',(-1.,0.,0.));
#2025=DIRECTION('',(0.,0.,1.));
#2026=DIRECTION('',(-1.,0.,0.));
#2027=DIRECTION('',(0.,0.,1.));
#2028=DIRECTION('',(-1.,0.,0.));
#2029=DIRECTION('',(0.,0.,1.));
#2030=DIRECTION('center_axis',(0.,0.,1.));
#2031=DIRECTION('ref_axis',(-1.,0.,0.));
#2032=DIRECTION('',(1.,0.,0.));
#2033=DIRECTION('',(0.,-1.,0.));
#2034=DIRECTION('',(0.,-1.,0.));
#2035=DIRECTION('center_axis',(0.,-1.,0.));
#2036=DIRECTION('ref_axis',(1.,0.,0.));
#2037=DIRECTION('',(-1.,0.,0.));
#2038=DIRECTION('',(0.,0.,1.));
#2039=DIRECTION('',(1.,0.,0.));
#2040=DIRECTION('',(0.,0.,1.));
#2041=DIRECTION('center_axis',(0.,1.,0.));
#2042=DIRECTION('ref_axis',(-1.,0.,0.));
#2043=DIRECTION('',(0.,0.,1.));
#2044=DIRECTION('',(-1.,0.,0.));
#2045=DIRECTION('',(0.,0.,1.));
#2046=DIRECTION('center_axis',(0.,0.,1.));
#2047=DIRECTION('ref_axis',(1.,0.,0.));
#2048=DIRECTION('',(0.,1.,0.));
#2049=DIRECTION('',(0.,-1.,0.));
#2050=DIRECTION('',(-1.,0.,0.));
#2051=DIRECTION('',(0.,-1.,0.));
#2052=DIRECTION('',(1.,0.,0.));
#2053=DIRECTION('',(0.,1.,0.));
#2054=DIRECTION('center_axis',(-1.,0.,0.));
#2055=DIRECTION('ref_axis',(0.,-1.,0.));
#2056=DIRECTION('',(0.,0.,1.));
#2057=DIRECTION('',(0.,-1.,0.));
#2058=DIRECTION('',(0.,0.,1.));
#2059=DIRECTION('center_axis',(0.,1.,0.));
#2060=DIRECTION('ref_axis',(-1.,0.,0.));
#2061=DIRECTION('',(0.,0.,1.));
#2062=DIRECTION('',(-1.,0.,0.));
#2063=DIRECTION('center_axis',(0.,1.,0.));
#2064=DIRECTION('ref_axis',(0.707106781186547,0.,0.707106781186548));
#2065=DIRECTION('',(0.,-1.,0.));
#2066=DIRECTION('center_axis',(-0.707106781186548,0.707106781186548,1.6355129777956E-16));
#2067=DIRECTION('ref_axis',(-0.707106781186548,-0.707106781186548,1.6355129777956E-16));
#2068=DIRECTION('',(0.,1.,0.));
#2069=DIRECTION('center_axis',(0.707106781186548,0.707106781186547,-1.6355129777956E-16));
#2070=DIRECTION('ref_axis',(-0.707106781186547,0.707106781186548,-1.6355129777956E-16));
#2071=DIRECTION('center_axis',(-1.,0.,0.));
#2072=DIRECTION('ref_axis',(0.,0.707106781186547,0.707106781186548));
#2073=DIRECTION('',(1.,0.,0.));
#2074=DIRECTION('center_axis',(-0.707106781186548,-0.707106781186547,-1.6355129777956E-16));
#2075=DIRECTION('ref_axis',(0.707106781186547,-0.707106781186548,-1.6355129777956E-16));
#2076=DIRECTION('center_axis',(0.,-1.,0.));
#2077=DIRECTION('ref_axis',(-0.707106781186547,0.,0.707106781186548));
#2078=DIRECTION('',(0.,1.,0.));
#2079=DIRECTION('center_axis',(0.707106781186548,-0.707106781186548,1.6355129777956E-16));
#2080=DIRECTION('ref_axis',(0.707106781186548,0.707106781186548,1.6355129777956E-16));
#2081=DIRECTION('center_axis',(1.,0.,0.));
#2082=DIRECTION('ref_axis',(0.,-0.707106781186547,0.707106781186548));
#2083=DIRECTION('',(1.,0.,0.));
#2084=DIRECTION('',(-1.,0.,0.));
#2085=DIRECTION('center_axis',(0.,-1.,0.));
#2086=DIRECTION('ref_axis',(1.,0.,0.));
#2087=DIRECTION('',(0.,0.,1.));
#2088=DIRECTION('center_axis',(1.,0.,0.));
#2089=DIRECTION('ref_axis',(0.,1.,0.));
#2090=DIRECTION('center_axis',(0.,0.,1.));
#2091=DIRECTION('ref_axis',(-1.,0.,0.));
#2092=DIRECTION('',(1.,0.,0.));
#2093=DIRECTION('',(0.,-1.,0.));
#2094=DIRECTION('',(0.,-1.,0.));
#2095=DIRECTION('center_axis',(0.,0.,1.));
#2096=DIRECTION('ref_axis',(-1.,0.,0.));
#2097=DIRECTION('',(1.,0.,0.));
#2098=DIRECTION('',(0.,-1.,0.));
#2099=DIRECTION('',(-1.,0.,0.));
#2100=DIRECTION('',(0.,-1.,0.));
#2101=DIRECTION('center_axis',(0.,-1.,0.));
#2102=DIRECTION('ref_axis',(1.,0.,0.));
#2103=DIRECTION('',(0.,0.,1.));
#2104=DIRECTION('',(0.,0.,-1.));
#2105=DIRECTION('',(1.,0.,0.));
#2106=DIRECTION('',(0.,0.,1.));
#2107=DIRECTION('',(1.,0.,0.));
#2108=DIRECTION('',(0.,0.,1.));
#2109=DIRECTION('',(1.,0.,0.));
#2110=DIRECTION('center_axis',(0.,-1.,0.));
#2111=DIRECTION('ref_axis',(1.,0.,0.));
#2112=DIRECTION('',(0.,0.,1.));
#2113=DIRECTION('',(1.,0.,0.));
#2114=DIRECTION('',(0.,0.,1.));
#2115=DIRECTION('center_axis',(-1.,0.,0.));
#2116=DIRECTION('ref_axis',(0.,-1.,0.));
#2117=DIRECTION('',(0.,0.,1.));
#2118=DIRECTION('',(0.,-1.,0.));
#2119=DIRECTION('',(0.,-1.,0.));
#2120=DIRECTION('center_axis',(0.,0.,1.));
#2121=DIRECTION('ref_axis',(1.,0.,0.));
#2122=DIRECTION('',(0.,1.,0.));
#2123=DIRECTION('',(0.,1.,0.));
#2124=DIRECTION('center_axis',(1.,0.,0.));
#2125=DIRECTION('ref_axis',(0.,1.,0.));
#2126=DIRECTION('',(0.,1.,0.));
#2127=DIRECTION('',(0.,0.,1.));
#2128=DIRECTION('center_axis',(0.,1.,0.));
#2129=DIRECTION('ref_axis',(-1.,0.,0.));
#2130=DIRECTION('',(-1.,0.,0.));
#2131=DIRECTION('center_axis',(0.,0.,1.));
#2132=DIRECTION('ref_axis',(1.,0.,0.));
#2133=DIRECTION('',(-1.,0.,0.));
#2134=DIRECTION('',(0.,-1.,0.));
#2135=DIRECTION('',(1.,0.,0.));
#2136=DIRECTION('',(0.,1.,0.));
#2137=DIRECTION('center_axis',(-1.,0.,0.));
#2138=DIRECTION('ref_axis',(0.,-1.,0.));
#2139=DIRECTION('',(0.,0.,1.));
#2140=DIRECTION('',(0.,-1.,0.));
#2141=DIRECTION('',(0.,0.,1.));
#2142=DIRECTION('center_axis',(0.,1.,0.));
#2143=DIRECTION('ref_axis',(-1.,0.,0.));
#2144=DIRECTION('',(0.,0.,1.));
#2145=DIRECTION('',(-1.,0.,0.));
#2146=DIRECTION('center_axis',(0.,1.,0.));
#2147=DIRECTION('ref_axis',(0.707106781186547,0.,0.707106781186548));
#2148=DIRECTION('',(0.,-1.,0.));
#2149=DIRECTION('center_axis',(-0.707106781186548,0.707106781186548,1.6355129777956E-16));
#2150=DIRECTION('ref_axis',(-0.707106781186548,-0.707106781186548,1.6355129777956E-16));
#2151=DIRECTION('',(0.,1.,0.));
#2152=DIRECTION('center_axis',(0.707106781186548,0.707106781186547,-1.6355129777956E-16));
#2153=DIRECTION('ref_axis',(-0.707106781186547,0.707106781186548,-1.6355129777956E-16));
#2154=DIRECTION('center_axis',(-1.,0.,0.));
#2155=DIRECTION('ref_axis',(0.,0.707106781186547,0.707106781186548));
#2156=DIRECTION('',(1.,0.,0.));
#2157=DIRECTION('center_axis',(-0.707106781186548,-0.707106781186547,-1.6355129777956E-16));
#2158=DIRECTION('ref_axis',(0.707106781186547,-0.707106781186548,-1.6355129777956E-16));
#2159=DIRECTION('center_axis',(0.,-1.,0.));
#2160=DIRECTION('ref_axis',(-0.707106781186547,0.,0.707106781186548));
#2161=DIRECTION('',(0.,1.,0.));
#2162=DIRECTION('center_axis',(0.707106781186548,-0.707106781186548,1.6355129777956E-16));
#2163=DIRECTION('ref_axis',(0.707106781186548,0.707106781186548,1.6355129777956E-16));
#2164=DIRECTION('center_axis',(1.,0.,0.));
#2165=DIRECTION('ref_axis',(0.,-0.707106781186547,0.707106781186548));
#2166=DIRECTION('',(1.,0.,0.));
#2167=DIRECTION('',(-1.,0.,0.));
#2168=DIRECTION('center_axis',(0.,-1.,0.));
#2169=DIRECTION('ref_axis',(1.,0.,0.));
#2170=DIRECTION('',(0.,0.,1.));
#2171=DIRECTION('center_axis',(1.,0.,0.));
#2172=DIRECTION('ref_axis',(0.,1.,0.));
#2173=DIRECTION('center_axis',(0.,0.,1.));
#2174=DIRECTION('ref_axis',(1.,0.,0.));
#2175=DIRECTION('',(0.,1.,0.));
#2176=DIRECTION('',(0.,-1.,0.));
#2177=DIRECTION('center_axis',(-1.,0.,0.));
#2178=DIRECTION('ref_axis',(0.,-1.,0.));
#2179=DIRECTION('',(0.,-1.,0.));
#2180=DIRECTION('center_axis',(1.,0.,0.));
#2181=DIRECTION('ref_axis',(0.,1.,0.));
#2182=DIRECTION('center_axis',(0.,0.,1.));
#2183=DIRECTION('ref_axis',(1.,0.,0.));
#2184=DIRECTION('center_axis',(1.,0.,0.));
#2185=DIRECTION('ref_axis',(0.,1.,0.));
#2186=DIRECTION('',(0.,-1.,0.));
#2187=DIRECTION('center_axis',(-1.,0.,0.));
#2188=DIRECTION('ref_axis',(0.,-1.,-1.58603289232165E-15));
#2189=DIRECTION('',(0.,-1.94327898776493E-16,1.));
#2190=DIRECTION('',(0.,0.0358835550837785,0.999355977855013));
#2191=DIRECTION('',(0.,0.533927577934285,-0.84553021325156));
#2192=DIRECTION('',(0.,-2.03249667720846E-14,-1.));
#2193=DIRECTION('center_axis',(1.,0.,0.));
#2194=DIRECTION('ref_axis',(0.,-1.,0.));
#2195=DIRECTION('center_axis',(1.,0.,0.));
#2196=DIRECTION('ref_axis',(0.,0.263445274609062,-0.964674342607989));
#2197=DIRECTION('',(0.,-2.88475777063631E-17,1.));
#2198=DIRECTION('',(0.,0.53392757793362,0.84553021325198));
#2199=DIRECTION('',(0.,0.0358835550837823,-0.999355977855013));
#2200=DIRECTION('',(0.,-9.07864357416279E-17,-1.));
#2201=DIRECTION('center_axis',(-1.,0.,0.));
#2202=DIRECTION('ref_axis',(0.,-9.91270557701033E-16,-1.));
#2203=DIRECTION('center_axis',(1.,0.,0.));
#2204=DIRECTION('ref_axis',(0.,-1.,-1.58603289232165E-15));
#2205=DIRECTION('',(1.,0.,0.));
#2206=DIRECTION('center_axis',(1.,0.,0.));
#2207=DIRECTION('ref_axis',(0.,-1.,-1.58603289232165E-15));
#2208=DIRECTION('',(1.,0.,0.));
#2209=DIRECTION('center_axis',(0.,-1.,-1.94327898776493E-16));
#2210=DIRECTION('ref_axis',(0.,1.94327898776493E-16,-1.));
#2211=DIRECTION('',(0.,1.94327898776493E-16,-1.));
#2212=DIRECTION('',(1.,0.,0.));
#2213=DIRECTION('',(1.,0.,0.));
#2214=DIRECTION('center_axis',(0.,-0.999355977855013,0.0358835550837785));
#2215=DIRECTION('ref_axis',(0.,-0.0358835550837785,-0.999355977855013));
#2216=DIRECTION('',(0.,-0.0358835550837785,-0.999355977855013));
#2217=DIRECTION('',(1.,0.,0.));
#2218=DIRECTION('center_axis',(0.,0.84553021325156,0.533927577934285));
#2219=DIRECTION('ref_axis',(0.,-0.533927577934285,0.84553021325156));
#2220=DIRECTION('',(0.,-0.533927577934285,0.84553021325156));
#2221=DIRECTION('',(1.,0.,0.));
#2222=DIRECTION('center_axis',(0.,1.,-2.03249667720846E-14));
#2223=DIRECTION('ref_axis',(0.,2.03249667720846E-14,1.));
#2224=DIRECTION('',(0.,2.03249667720846E-14,1.));
#2225=DIRECTION('',(1.,0.,0.));
#2226=DIRECTION('center_axis',(1.,0.,0.));
#2227=DIRECTION('ref_axis',(0.,-1.,0.));
#2228=DIRECTION('center_axis',(-1.,0.,0.));
#2229=DIRECTION('ref_axis',(0.,-1.,0.));
#2230=DIRECTION('',(1.,0.,0.));
#2231=DIRECTION('center_axis',(1.,0.,0.));
#2232=DIRECTION('ref_axis',(0.,0.263445274609062,-0.964674342607989));
#2233=DIRECTION('center_axis',(-1.,0.,0.));
#2234=DIRECTION('ref_axis',(0.,0.263445274609062,-0.964674342607989));
#2235=DIRECTION('',(1.,0.,0.));
#2236=DIRECTION('center_axis',(0.,-1.,-2.88475777063631E-17));
#2237=DIRECTION('ref_axis',(0.,2.88475777063631E-17,-1.));
#2238=DIRECTION('',(0.,2.88475777063631E-17,-1.));
#2239=DIRECTION('',(1.,0.,0.));
#2240=DIRECTION('center_axis',(0.,-0.84553021325198,0.53392757793362));
#2241=DIRECTION('ref_axis',(0.,-0.53392757793362,-0.84553021325198));
#2242=DIRECTION('',(0.,-0.53392757793362,-0.84553021325198));
#2243=DIRECTION('',(1.,0.,0.));
#2244=DIRECTION('center_axis',(0.,0.999355977855013,0.0358835550837823));
#2245=DIRECTION('ref_axis',(0.,-0.0358835550837823,0.999355977855013));
#2246=DIRECTION('',(0.,-0.0358835550837823,0.999355977855013));
#2247=DIRECTION('',(1.,0.,0.));
#2248=DIRECTION('',(1.,0.,0.));
#2249=DIRECTION('center_axis',(0.,1.,-9.07864357416279E-17));
#2250=DIRECTION('ref_axis',(0.,9.07864357416279E-17,1.));
#2251=DIRECTION('',(0.,9.07864357416279E-17,1.));
#2252=DIRECTION('',(1.,0.,0.));
#2253=DIRECTION('center_axis',(1.,0.,0.));
#2254=DIRECTION('ref_axis',(0.,-9.91270557701033E-16,-1.));
#2255=DIRECTION('center_axis',(1.,0.,0.));
#2256=DIRECTION('ref_axis',(0.,-9.91270557701033E-16,-1.));
#2257=DIRECTION('',(1.,0.,0.));
#2258=DIRECTION('center_axis',(0.,0.,-1.));
#2259=DIRECTION('ref_axis',(0.,1.,0.));
#2260=DIRECTION('',(0.,1.,0.));
#2261=DIRECTION('center_axis',(1.,0.,0.));
#2262=DIRECTION('ref_axis',(0.,1.,0.));
#2263=DIRECTION('center_axis',(1.,0.,0.));
#2264=DIRECTION('ref_axis',(0.,1.,0.));
#2265=DIRECTION('',(0.,-1.,0.));
#2266=DIRECTION('center_axis',(-1.,0.,0.));
#2267=DIRECTION('ref_axis',(0.,-1.,-1.58603289232165E-15));
#2268=DIRECTION('',(0.,-1.94327898776493E-16,1.));
#2269=DIRECTION('',(0.,0.0358835550837785,0.999355977855013));
#2270=DIRECTION('',(0.,0.533927577934285,-0.84553021325156));
#2271=DIRECTION('',(0.,-2.03249667720846E-14,-1.));
#2272=DIRECTION('center_axis',(1.,0.,0.));
#2273=DIRECTION('ref_axis',(0.,-1.,0.));
#2274=DIRECTION('center_axis',(1.,0.,0.));
#2275=DIRECTION('ref_axis',(0.,0.263445274609062,-0.964674342607989));
#2276=DIRECTION('',(0.,-2.88475777063631E-17,1.));
#2277=DIRECTION('',(0.,0.53392757793362,0.84553021325198));
#2278=DIRECTION('',(0.,0.0358835550837823,-0.999355977855013));
#2279=DIRECTION('',(0.,-9.07864357416279E-17,-1.));
#2280=DIRECTION('center_axis',(-1.,0.,0.));
#2281=DIRECTION('ref_axis',(0.,-9.91270557701033E-16,-1.));
#2282=DIRECTION('center_axis',(1.,0.,0.));
#2283=DIRECTION('ref_axis',(0.,-1.,-1.58603289232165E-15));
#2284=DIRECTION('',(1.,0.,0.));
#2285=DIRECTION('center_axis',(1.,0.,0.));
#2286=DIRECTION('ref_axis',(0.,-1.,-1.58603289232165E-15));
#2287=DIRECTION('',(1.,0.,0.));
#2288=DIRECTION('center_axis',(0.,-1.,-1.94327898776493E-16));
#2289=DIRECTION('ref_axis',(0.,1.94327898776493E-16,-1.));
#2290=DIRECTION('',(0.,1.94327898776493E-16,-1.));
#2291=DIRECTION('',(1.,0.,0.));
#2292=DIRECTION('',(1.,0.,0.));
#2293=DIRECTION('center_axis',(0.,-0.999355977855013,0.0358835550837785));
#2294=DIRECTION('ref_axis',(0.,-0.0358835550837785,-0.999355977855013));
#2295=DIRECTION('',(0.,-0.0358835550837785,-0.999355977855013));
#2296=DIRECTION('',(1.,0.,0.));
#2297=DIRECTION('center_axis',(0.,0.84553021325156,0.533927577934285));
#2298=DIRECTION('ref_axis',(0.,-0.533927577934285,0.84553021325156));
#2299=DIRECTION('',(0.,-0.533927577934285,0.84553021325156));
#2300=DIRECTION('',(1.,0.,0.));
#2301=DIRECTION('center_axis',(0.,1.,-2.03249667720846E-14));
#2302=DIRECTION('ref_axis',(0.,2.03249667720846E-14,1.));
#2303=DIRECTION('',(0.,2.03249667720846E-14,1.));
#2304=DIRECTION('',(1.,0.,0.));
#2305=DIRECTION('center_axis',(1.,0.,0.));
#2306=DIRECTION('ref_axis',(0.,-1.,0.));
#2307=DIRECTION('center_axis',(-1.,0.,0.));
#2308=DIRECTION('ref_axis',(0.,-1.,0.));
#2309=DIRECTION('',(1.,0.,0.));
#2310=DIRECTION('center_axis',(1.,0.,0.));
#2311=DIRECTION('ref_axis',(0.,0.263445274609062,-0.964674342607989));
#2312=DIRECTION('center_axis',(-1.,0.,0.));
#2313=DIRECTION('ref_axis',(0.,0.263445274609062,-0.964674342607989));
#2314=DIRECTION('',(1.,0.,0.));
#2315=DIRECTION('center_axis',(0.,-1.,-2.88475777063631E-17));
#2316=DIRECTION('ref_axis',(0.,2.88475777063631E-17,-1.));
#2317=DIRECTION('',(0.,2.88475777063631E-17,-1.));
#2318=DIRECTION('',(1.,0.,0.));
#2319=DIRECTION('center_axis',(0.,-0.84553021325198,0.53392757793362));
#2320=DIRECTION('ref_axis',(0.,-0.53392757793362,-0.84553021325198));
#2321=DIRECTION('',(0.,-0.53392757793362,-0.84553021325198));
#2322=DIRECTION('',(1.,0.,0.));
#2323=DIRECTION('center_axis',(0.,0.999355977855013,0.0358835550837823));
#2324=DIRECTION('ref_axis',(0.,-0.0358835550837823,0.999355977855013));
#2325=DIRECTION('',(0.,-0.0358835550837823,0.999355977855013));
#2326=DIRECTION('',(1.,0.,0.));
#2327=DIRECTION('',(1.,0.,0.));
#2328=DIRECTION('center_axis',(0.,1.,-9.07864357416279E-17));
#2329=DIRECTION('ref_axis',(0.,9.07864357416279E-17,1.));
#2330=DIRECTION('',(0.,9.07864357416279E-17,1.));
#2331=DIRECTION('',(1.,0.,0.));
#2332=DIRECTION('center_axis',(1.,0.,0.));
#2333=DIRECTION('ref_axis',(0.,-9.91270557701033E-16,-1.));
#2334=DIRECTION('center_axis',(1.,0.,0.));
#2335=DIRECTION('ref_axis',(0.,-9.91270557701033E-16,-1.));
#2336=DIRECTION('',(1.,0.,0.));
#2337=DIRECTION('center_axis',(0.,0.,-1.));
#2338=DIRECTION('ref_axis',(0.,1.,0.));
#2339=DIRECTION('',(0.,1.,0.));
#2340=DIRECTION('center_axis',(1.,0.,0.));
#2341=DIRECTION('ref_axis',(0.,1.,0.));
#2342=DIRECTION('center_axis',(1.,0.,0.));
#2343=DIRECTION('ref_axis',(0.,1.,0.));
#2344=DIRECTION('',(0.,-1.,0.));
#2345=DIRECTION('center_axis',(-1.,0.,0.));
#2346=DIRECTION('ref_axis',(0.,-1.,-1.58603289232165E-15));
#2347=DIRECTION('',(0.,-1.94327898776493E-16,1.));
#2348=DIRECTION('',(0.,0.0358835550837785,0.999355977855013));
#2349=DIRECTION('',(0.,0.533927577934285,-0.84553021325156));
#2350=DIRECTION('',(0.,-2.03249667720846E-14,-1.));
#2351=DIRECTION('center_axis',(1.,0.,0.));
#2352=DIRECTION('ref_axis',(0.,-1.,0.));
#2353=DIRECTION('center_axis',(1.,0.,0.));
#2354=DIRECTION('ref_axis',(0.,0.263445274609062,-0.964674342607989));
#2355=DIRECTION('',(0.,-2.88475777063631E-17,1.));
#2356=DIRECTION('',(0.,0.53392757793362,0.84553021325198));
#2357=DIRECTION('',(0.,0.0358835550837823,-0.999355977855013));
#2358=DIRECTION('',(0.,-9.07864357416279E-17,-1.));
#2359=DIRECTION('center_axis',(-1.,0.,0.));
#2360=DIRECTION('ref_axis',(0.,-9.91270557701033E-16,-1.));
#2361=DIRECTION('center_axis',(1.,0.,0.));
#2362=DIRECTION('ref_axis',(0.,-1.,-1.58603289232165E-15));
#2363=DIRECTION('',(1.,0.,0.));
#2364=DIRECTION('center_axis',(1.,0.,0.));
#2365=DIRECTION('ref_axis',(0.,-1.,-1.58603289232165E-15));
#2366=DIRECTION('',(1.,0.,0.));
#2367=DIRECTION('center_axis',(0.,-1.,-1.94327898776493E-16));
#2368=DIRECTION('ref_axis',(0.,1.94327898776493E-16,-1.));
#2369=DIRECTION('',(0.,1.94327898776493E-16,-1.));
#2370=DIRECTION('',(1.,0.,0.));
#2371=DIRECTION('',(1.,0.,0.));
#2372=DIRECTION('center_axis',(0.,-0.999355977855013,0.0358835550837785));
#2373=DIRECTION('ref_axis',(0.,-0.0358835550837785,-0.999355977855013));
#2374=DIRECTION('',(0.,-0.0358835550837785,-0.999355977855013));
#2375=DIRECTION('',(1.,0.,0.));
#2376=DIRECTION('center_axis',(0.,0.84553021325156,0.533927577934285));
#2377=DIRECTION('ref_axis',(0.,-0.533927577934285,0.84553021325156));
#2378=DIRECTION('',(0.,-0.533927577934285,0.84553021325156));
#2379=DIRECTION('',(1.,0.,0.));
#2380=DIRECTION('center_axis',(0.,1.,-2.03249667720846E-14));
#2381=DIRECTION('ref_axis',(0.,2.03249667720846E-14,1.));
#2382=DIRECTION('',(0.,2.03249667720846E-14,1.));
#2383=DIRECTION('',(1.,0.,0.));
#2384=DIRECTION('center_axis',(1.,0.,0.));
#2385=DIRECTION('ref_axis',(0.,-1.,0.));
#2386=DIRECTION('center_axis',(-1.,0.,0.));
#2387=DIRECTION('ref_axis',(0.,-1.,0.));
#2388=DIRECTION('',(1.,0.,0.));
#2389=DIRECTION('center_axis',(1.,0.,0.));
#2390=DIRECTION('ref_axis',(0.,0.263445274609062,-0.964674342607989));
#2391=DIRECTION('center_axis',(-1.,0.,0.));
#2392=DIRECTION('ref_axis',(0.,0.263445274609062,-0.964674342607989));
#2393=DIRECTION('',(1.,0.,0.));
#2394=DIRECTION('center_axis',(0.,-1.,-2.88475777063631E-17));
#2395=DIRECTION('ref_axis',(0.,2.88475777063631E-17,-1.));
#2396=DIRECTION('',(0.,2.88475777063631E-17,-1.));
#2397=DIRECTION('',(1.,0.,0.));
#2398=DIRECTION('center_axis',(0.,-0.84553021325198,0.53392757793362));
#2399=DIRECTION('ref_axis',(0.,-0.53392757793362,-0.84553021325198));
#2400=DIRECTION('',(0.,-0.53392757793362,-0.84553021325198));
#2401=DIRECTION('',(1.,0.,0.));
#2402=DIRECTION('center_axis',(0.,0.999355977855013,0.0358835550837823));
#2403=DIRECTION('ref_axis',(0.,-0.0358835550837823,0.999355977855013));
#2404=DIRECTION('',(0.,-0.0358835550837823,0.999355977855013));
#2405=DIRECTION('',(1.,0.,0.));
#2406=DIRECTION('',(1.,0.,0.));
#2407=DIRECTION('center_axis',(0.,1.,-9.07864357416279E-17));
#2408=DIRECTION('ref_axis',(0.,9.07864357416279E-17,1.));
#2409=DIRECTION('',(0.,9.07864357416279E-17,1.));
#2410=DIRECTION('',(1.,0.,0.));
#2411=DIRECTION('center_axis',(1.,0.,0.));
#2412=DIRECTION('ref_axis',(0.,-9.91270557701033E-16,-1.));
#2413=DIRECTION('center_axis',(1.,0.,0.));
#2414=DIRECTION('ref_axis',(0.,-9.91270557701033E-16,-1.));
#2415=DIRECTION('',(1.,0.,0.));
#2416=DIRECTION('center_axis',(0.,0.,-1.));
#2417=DIRECTION('ref_axis',(0.,1.,0.));
#2418=DIRECTION('',(0.,1.,0.));
#2419=DIRECTION('center_axis',(1.,0.,0.));
#2420=DIRECTION('ref_axis',(0.,1.,0.));
#2421=CARTESIAN_POINT('',(0.,0.,0.));
#2422=CARTESIAN_POINT('Origin',(0.75,6.25,0.5));
#2423=CARTESIAN_POINT('',(-0.75,6.05,0.5));
#2424=CARTESIAN_POINT('',(0.75,6.05,0.5));
#2425=CARTESIAN_POINT('',(0.75,6.05,0.5));
#2426=CARTESIAN_POINT('',(-0.75,6.25,0.5));
#2427=CARTESIAN_POINT('',(-0.75,6.25,0.5));
#2428=CARTESIAN_POINT('',(0.75,6.25,0.5));
#2429=CARTESIAN_POINT('',(1.,6.25,0.5));
#2430=CARTESIAN_POINT('',(0.75,6.25,0.5));
#2431=CARTESIAN_POINT('Origin',(-0.75,3.95,0.));
#2432=CARTESIAN_POINT('',(0.75,3.95,0.5));
#2433=CARTESIAN_POINT('',(-0.75,3.95,0.5));
#2434=CARTESIAN_POINT('',(0.,3.95,0.5));
#2435=CARTESIAN_POINT('',(-0.75,3.95,8.3));
#2436=CARTESIAN_POINT('',(-0.75,3.95,0.));
#2437=CARTESIAN_POINT('',(0.75,3.95,8.3));
#2438=CARTESIAN_POINT('',(-1.36056446390242,3.95,8.3));
#2439=CARTESIAN_POINT('',(0.75,3.95,0.));
#2440=CARTESIAN_POINT('Origin',(0.75,6.05,0.));
#2441=CARTESIAN_POINT('',(0.75,6.05,8.3));
#2442=CARTESIAN_POINT('',(0.75,6.05,0.));
#2443=CARTESIAN_POINT('',(-0.75,6.05,8.3));
#2444=CARTESIAN_POINT('',(-1.49999996647239,6.05,8.3));
#2445=CARTESIAN_POINT('',(-0.75,6.05,0.));
#2446=CARTESIAN_POINT('Origin',(1.38777878078145E-16,5.,8.3));
#2447=CARTESIAN_POINT('',(0.75,3.50000003352761,8.3));
#2448=CARTESIAN_POINT('',(-0.75,3.30000003799796,8.3));
#2449=CARTESIAN_POINT('',(0.5,4.5,8.3));
#2450=CARTESIAN_POINT('',(-0.5,4.5,8.3));
#2451=CARTESIAN_POINT('',(0.25,4.5,8.3));
#2452=CARTESIAN_POINT('',(0.5,5.5,8.3));
#2453=CARTESIAN_POINT('',(0.5,5.25,8.3));
#2454=CARTESIAN_POINT('',(-0.5,5.5,8.3));
#2455=CARTESIAN_POINT('',(-0.25,5.5,8.3));
#2456=CARTESIAN_POINT('',(-0.5,4.75,8.3));
#2457=CARTESIAN_POINT('Origin',(0.5,5.5,0.));
#2458=CARTESIAN_POINT('',(0.5,4.5,8.4));
#2459=CARTESIAN_POINT('',(0.5,4.5,0.));
#2460=CARTESIAN_POINT('',(0.5,5.5,8.4));
#2461=CARTESIAN_POINT('',(0.5,5.25,8.4));
#2462=CARTESIAN_POINT('',(0.5,5.5,0.));
#2463=CARTESIAN_POINT('Origin',(0.5,4.5,0.));
#2464=CARTESIAN_POINT('',(-0.5,4.5,8.4));
#2465=CARTESIAN_POINT('',(-0.5,4.5,0.));
#2466=CARTESIAN_POINT('',(0.25,4.5,8.4));
#2467=CARTESIAN_POINT('Origin',(-1.1,4.75,8.4));
#2468=CARTESIAN_POINT('',(-1.1,6.1,9.));
#2469=CARTESIAN_POINT('',(-1.1,3.9,9.));
#2470=CARTESIAN_POINT('',(-1.1,4.75,9.));
#2471=CARTESIAN_POINT('Origin',(-1.1,3.9,8.4));
#2472=CARTESIAN_POINT('',(-0.5,5.5,8.4));
#2473=CARTESIAN_POINT('',(-0.5,4.75,8.4));
#2474=CARTESIAN_POINT('Origin',(-1.1,6.1,8.4));
#2475=CARTESIAN_POINT('Origin',(0.25,3.9,8.4));
#2476=CARTESIAN_POINT('',(1.1,3.9,9.));
#2477=CARTESIAN_POINT('',(0.25,3.9,9.));
#2478=CARTESIAN_POINT('Origin',(1.1,3.9,8.4));
#2479=CARTESIAN_POINT('Origin',(1.1,5.25,8.4));
#2480=CARTESIAN_POINT('',(1.1,6.1,9.));
#2481=CARTESIAN_POINT('',(1.1,5.25,9.));
#2482=CARTESIAN_POINT('Origin',(1.1,6.1,8.4));
#2483=CARTESIAN_POINT('Origin',(-0.25,6.1,8.4));
#2484=CARTESIAN_POINT('',(-0.25,5.5,8.4));
#2485=CARTESIAN_POINT('',(-0.25,6.1,9.));
#2486=CARTESIAN_POINT('Origin',(-0.5,5.5,0.));
#2487=CARTESIAN_POINT('',(-0.5,5.5,0.));
#2488=CARTESIAN_POINT('Origin',(-0.5,4.5,0.));
#2489=CARTESIAN_POINT('Origin',(1.25,6.25,0.));
#2490=CARTESIAN_POINT('',(-0.75,6.25,0.));
#2491=CARTESIAN_POINT('',(-0.75,6.25,0.25));
#2492=CARTESIAN_POINT('',(-1.25,6.25,0.));
#2493=CARTESIAN_POINT('',(1.25,6.25,0.));
#2494=CARTESIAN_POINT('',(-1.25,6.25,9.));
#2495=CARTESIAN_POINT('',(-1.25,6.25,0.));
#2496=CARTESIAN_POINT('',(1.25,6.25,9.));
#2497=CARTESIAN_POINT('',(1.25,6.25,9.));
#2498=CARTESIAN_POINT('',(1.25,6.25,0.));
#2499=CARTESIAN_POINT('',(1.25,6.25,0.));
#2500=CARTESIAN_POINT('',(0.75,6.25,0.));
#2501=CARTESIAN_POINT('',(1.25,6.25,0.));
#2502=CARTESIAN_POINT('',(0.75,6.25,0.));
#2503=CARTESIAN_POINT('Origin',(0.75,3.75,0.5));
#2504=CARTESIAN_POINT('',(-0.75,3.55,0.5));
#2505=CARTESIAN_POINT('',(0.75,3.55,0.5));
#2506=CARTESIAN_POINT('',(0.75,3.55,0.5));
#2507=CARTESIAN_POINT('',(-0.75,3.75,0.5));
#2508=CARTESIAN_POINT('',(0.75,3.75,0.5));
#2509=CARTESIAN_POINT('Origin',(-0.75,1.45,0.));
#2510=CARTESIAN_POINT('',(0.75,1.45,0.5));
#2511=CARTESIAN_POINT('',(-0.75,1.45,0.5));
#2512=CARTESIAN_POINT('',(0.,1.45,0.5));
#2513=CARTESIAN_POINT('',(-0.75,1.45,8.3));
#2514=CARTESIAN_POINT('',(-0.75,1.45,0.));
#2515=CARTESIAN_POINT('',(0.75,1.45,8.3));
#2516=CARTESIAN_POINT('',(-1.36056446390242,1.45,8.3));
#2517=CARTESIAN_POINT('',(0.75,1.45,0.));
#2518=CARTESIAN_POINT('Origin',(0.75,3.55,0.));
#2519=CARTESIAN_POINT('',(0.75,3.55,8.3));
#2520=CARTESIAN_POINT('',(0.75,3.55,0.));
#2521=CARTESIAN_POINT('',(-0.75,3.55,8.3));
#2522=CARTESIAN_POINT('',(-1.49999996647239,3.55,8.3));
#2523=CARTESIAN_POINT('',(-0.75,3.55,0.));
#2524=CARTESIAN_POINT('Origin',(1.38777878078145E-16,2.5,8.3));
#2525=CARTESIAN_POINT('',(0.75,1.00000003352761,8.3));
#2526=CARTESIAN_POINT('',(-0.75,0.800000037997961,8.3));
#2527=CARTESIAN_POINT('',(0.5,2.,8.3));
#2528=CARTESIAN_POINT('',(-0.5,2.,8.3));
#2529=CARTESIAN_POINT('',(0.25,2.,8.3));
#2530=CARTESIAN_POINT('',(0.5,3.,8.3));
#2531=CARTESIAN_POINT('',(0.5,2.75,8.3));
#2532=CARTESIAN_POINT('',(-0.5,3.,8.3));
#2533=CARTESIAN_POINT('',(-0.25,3.,8.3));
#2534=CARTESIAN_POINT('',(-0.5,2.25,8.3));
#2535=CARTESIAN_POINT('Origin',(0.5,3.,0.));
#2536=CARTESIAN_POINT('',(0.5,2.,8.4));
#2537=CARTESIAN_POINT('',(0.5,2.,0.));
#2538=CARTESIAN_POINT('',(0.5,3.,8.4));
#2539=CARTESIAN_POINT('',(0.5,2.75,8.4));
#2540=CARTESIAN_POINT('',(0.5,3.,0.));
#2541=CARTESIAN_POINT('Origin',(0.5,2.,0.));
#2542=CARTESIAN_POINT('',(-0.5,2.,8.4));
#2543=CARTESIAN_POINT('',(-0.5,2.,0.));
#2544=CARTESIAN_POINT('',(0.25,2.,8.4));
#2545=CARTESIAN_POINT('Origin',(-1.1,2.25,8.4));
#2546=CARTESIAN_POINT('',(-1.1,3.6,9.));
#2547=CARTESIAN_POINT('',(-1.1,1.4,9.));
#2548=CARTESIAN_POINT('',(-1.1,2.25,9.));
#2549=CARTESIAN_POINT('Origin',(-1.1,1.4,8.4));
#2550=CARTESIAN_POINT('',(-0.5,3.,8.4));
#2551=CARTESIAN_POINT('',(-0.5,2.25,8.4));
#2552=CARTESIAN_POINT('Origin',(-1.1,3.6,8.4));
#2553=CARTESIAN_POINT('Origin',(0.25,1.4,8.4));
#2554=CARTESIAN_POINT('',(1.1,1.4,9.));
#2555=CARTESIAN_POINT('',(0.25,1.4,9.));
#2556=CARTESIAN_POINT('Origin',(1.1,1.4,8.4));
#2557=CARTESIAN_POINT('Origin',(1.1,2.75,8.4));
#2558=CARTESIAN_POINT('',(1.1,3.6,9.));
#2559=CARTESIAN_POINT('',(1.1,2.75,9.));
#2560=CARTESIAN_POINT('Origin',(1.1,3.6,8.4));
#2561=CARTESIAN_POINT('Origin',(-0.25,3.6,8.4));
#2562=CARTESIAN_POINT('',(-0.25,3.,8.4));
#2563=CARTESIAN_POINT('',(-0.25,3.6,9.));
#2564=CARTESIAN_POINT('Origin',(-0.5,3.,0.));
#2565=CARTESIAN_POINT('',(-0.5,3.,0.));
#2566=CARTESIAN_POINT('Origin',(-0.5,2.,0.));
#2567=CARTESIAN_POINT('Origin',(0.75,1.25,0.5));
#2568=CARTESIAN_POINT('',(-0.75,1.05,0.5));
#2569=CARTESIAN_POINT('',(0.75,1.05,0.5));
#2570=CARTESIAN_POINT('',(0.75,1.05,0.5));
#2571=CARTESIAN_POINT('',(-0.75,3.75,0.5));
#2572=CARTESIAN_POINT('',(0.75,1.25,0.5));
#2573=CARTESIAN_POINT('Origin',(0.75,1.25,0.5));
#2574=CARTESIAN_POINT('',(-0.75,-1.25,0.5));
#2575=CARTESIAN_POINT('',(0.75,-1.25,0.5));
#2576=CARTESIAN_POINT('',(-0.25,-1.25,0.5));
#2577=CARTESIAN_POINT('',(-0.75,-1.05,0.5));
#2578=CARTESIAN_POINT('',(-0.75,1.25,0.5));
#2579=CARTESIAN_POINT('',(0.75,-1.05,0.5));
#2580=CARTESIAN_POINT('',(0.,-1.05,0.5));
#2581=CARTESIAN_POINT('',(0.75,1.25,0.5));
#2582=CARTESIAN_POINT('Origin',(-1.25,-1.25,0.));
#2583=CARTESIAN_POINT('',(-0.75,-1.25,0.));
#2584=CARTESIAN_POINT('',(-0.75,-1.25,0.25));
#2585=CARTESIAN_POINT('',(0.75,-1.25,0.));
#2586=CARTESIAN_POINT('',(0.75,-1.25,0.));
#2587=CARTESIAN_POINT('',(1.25,-1.25,0.));
#2588=CARTESIAN_POINT('',(-1.25,-1.25,0.));
#2589=CARTESIAN_POINT('',(1.25,-1.25,9.));
#2590=CARTESIAN_POINT('',(1.25,-1.25,0.));
#2591=CARTESIAN_POINT('',(-1.25,-1.25,9.));
#2592=CARTESIAN_POINT('',(-1.25,-1.25,9.));
#2593=CARTESIAN_POINT('',(-1.25,-1.25,0.));
#2594=CARTESIAN_POINT('',(-1.25,-1.25,0.));
#2595=CARTESIAN_POINT('',(-1.25,-1.25,0.));
#2596=CARTESIAN_POINT('Origin',(-0.75,-1.05,0.));
#2597=CARTESIAN_POINT('',(-0.75,-1.05,8.3));
#2598=CARTESIAN_POINT('',(-0.75,-1.05,0.));
#2599=CARTESIAN_POINT('',(0.75,-1.05,8.3));
#2600=CARTESIAN_POINT('',(-1.36056446390242,-1.05,8.3));
#2601=CARTESIAN_POINT('',(0.75,-1.05,0.));
#2602=CARTESIAN_POINT('Origin',(-0.75,1.05,0.));
#2603=CARTESIAN_POINT('',(-0.75,1.05,8.3));
#2604=CARTESIAN_POINT('',(-0.75,1.05,0.));
#2605=CARTESIAN_POINT('',(-0.75,-1.69999996200204,8.3));
#2606=CARTESIAN_POINT('',(-0.75,5.625,0.));
#2607=CARTESIAN_POINT('Origin',(0.,0.,0.));
#2608=CARTESIAN_POINT('',(0.75,-0.525,0.));
#2609=CARTESIAN_POINT('',(1.25,3.75,0.));
#2610=CARTESIAN_POINT('Origin',(0.75,-1.05,0.));
#2611=CARTESIAN_POINT('',(0.75,1.05,8.3));
#2612=CARTESIAN_POINT('',(0.75,-1.49999996647239,8.3));
#2613=CARTESIAN_POINT('',(0.75,1.05,0.));
#2614=CARTESIAN_POINT('Origin',(0.75,1.05,0.));
#2615=CARTESIAN_POINT('',(-1.49999996647239,1.05,8.3));
#2616=CARTESIAN_POINT('Origin',(1.38777878078145E-16,0.,8.3));
#2617=CARTESIAN_POINT('',(0.5,-0.5,8.3));
#2618=CARTESIAN_POINT('',(-0.5,-0.5,8.3));
#2619=CARTESIAN_POINT('',(0.25,-0.5,8.3));
#2620=CARTESIAN_POINT('',(0.5,0.5,8.3));
#2621=CARTESIAN_POINT('',(0.5,0.25,8.3));
#2622=CARTESIAN_POINT('',(-0.5,0.5,8.3));
#2623=CARTESIAN_POINT('',(-0.25,0.5,8.3));
#2624=CARTESIAN_POINT('',(-0.5,-0.25,8.3));
#2625=CARTESIAN_POINT('Origin',(0.5,0.5,0.));
#2626=CARTESIAN_POINT('',(0.5,-0.5,8.4));
#2627=CARTESIAN_POINT('',(0.5,-0.5,0.));
#2628=CARTESIAN_POINT('',(0.5,0.5,8.4));
#2629=CARTESIAN_POINT('',(0.5,0.25,8.4));
#2630=CARTESIAN_POINT('',(0.5,0.5,0.));
#2631=CARTESIAN_POINT('Origin',(0.5,-0.5,0.));
#2632=CARTESIAN_POINT('',(-0.5,-0.5,8.4));
#2633=CARTESIAN_POINT('',(-0.5,-0.5,0.));
#2634=CARTESIAN_POINT('',(0.25,-0.5,8.4));
#2635=CARTESIAN_POINT('Origin',(-1.1,-0.25,8.4));
#2636=CARTESIAN_POINT('',(-1.1,1.1,9.));
#2637=CARTESIAN_POINT('',(-1.1,-1.1,9.));
#2638=CARTESIAN_POINT('',(-1.1,-0.25,9.));
#2639=CARTESIAN_POINT('Origin',(-1.1,-1.1,8.4));
#2640=CARTESIAN_POINT('',(-0.5,0.5,8.4));
#2641=CARTESIAN_POINT('',(-0.5,-0.25,8.4));
#2642=CARTESIAN_POINT('Origin',(-1.1,1.1,8.4));
#2643=CARTESIAN_POINT('Origin',(0.25,-1.1,8.4));
#2644=CARTESIAN_POINT('',(1.1,-1.1,9.));
#2645=CARTESIAN_POINT('',(0.25,-1.1,9.));
#2646=CARTESIAN_POINT('Origin',(1.1,-1.1,8.4));
#2647=CARTESIAN_POINT('Origin',(1.1,0.25,8.4));
#2648=CARTESIAN_POINT('',(1.1,1.1,9.));
#2649=CARTESIAN_POINT('',(1.1,0.25,9.));
#2650=CARTESIAN_POINT('Origin',(1.1,1.1,8.4));
#2651=CARTESIAN_POINT('Origin',(-0.25,1.1,8.4));
#2652=CARTESIAN_POINT('',(-0.25,0.5,8.4));
#2653=CARTESIAN_POINT('',(-0.25,1.1,9.));
#2654=CARTESIAN_POINT('Origin',(-0.5,0.5,0.));
#2655=CARTESIAN_POINT('',(-0.5,0.5,0.));
#2656=CARTESIAN_POINT('Origin',(-0.5,-0.5,0.));
#2657=CARTESIAN_POINT('Origin',(0.,0.,9.));
#2658=CARTESIAN_POINT('',(1.25,3.75,9.));
#2659=CARTESIAN_POINT('',(-1.25,6.25,9.));
#2660=CARTESIAN_POINT('Origin',(-1.25,1.25,0.));
#2661=CARTESIAN_POINT('',(-1.25,6.25,0.));
#2662=CARTESIAN_POINT('Origin',(1.25,-1.25,0.));
#2663=CARTESIAN_POINT('Origin',(0.,0.,0.));
#2664=CARTESIAN_POINT('Origin',(-0.5,-5.55111512312578E-16,2.24504758676784));
#2665=CARTESIAN_POINT('',(-0.5,0.0500000000000001,-3.00000004470348));
#2666=CARTESIAN_POINT('',(-0.5,-0.0500000000000001,-3.00000004470348));
#2667=CARTESIAN_POINT('',(-0.5,0.,-3.00000004470348));
#2668=CARTESIAN_POINT('',(-0.5,-0.4,-2.65000004470348));
#2669=CARTESIAN_POINT('Origin',(-0.5,-0.0500000000000001,-2.65000004470348));
#2670=CARTESIAN_POINT('',(-0.5,-0.4,0.));
#2671=CARTESIAN_POINT('',(-0.5,-0.4,-0.357071421427143));
#2672=CARTESIAN_POINT('',(-0.5,-0.832659507308414,1.49395935110903));
#2673=CARTESIAN_POINT('Ctrl Pts',(-0.5,-0.4,0.));
#2674=CARTESIAN_POINT('Ctrl Pts',(-0.5,-0.461792181655993,0.0617921853390944));
#2675=CARTESIAN_POINT('Ctrl Pts',(-0.5,-0.571891480088661,0.184938878837369));
#2676=CARTESIAN_POINT('Ctrl Pts',(-0.5,-0.696622103350905,0.368346920363893));
#2677=CARTESIAN_POINT('Ctrl Pts',(-0.5,-0.793657316466032,0.610500541920573));
#2678=CARTESIAN_POINT('Ctrl Pts',(-0.5,-0.8410229714554,0.909631838432536));
#2679=CARTESIAN_POINT('Ctrl Pts',(-0.5,-0.846933504248026,1.14585290864373));
#2680=CARTESIAN_POINT('Ctrl Pts',(-0.5,-0.842507904479902,1.32085240572319));
#2681=CARTESIAN_POINT('Ctrl Pts',(-0.5,-0.836458743608626,1.43643740796416));
#2682=CARTESIAN_POINT('Ctrl Pts',(-0.5,-0.832659507308414,1.49395935110903));
#2683=CARTESIAN_POINT('',(-0.5,-0.61735817680571,7.49009521823917));
#2684=CARTESIAN_POINT('',(-0.5,-0.617358176805729,7.49009521823917));
#2685=CARTESIAN_POINT('',(-0.5,-0.369083605674951,7.09692644451651));
#2686=CARTESIAN_POINT('',(-0.5,-0.61735817680571,7.49009521823917));
#2687=CARTESIAN_POINT('',(-0.5,-0.369083605675049,2.28663493445441));
#2688=CARTESIAN_POINT('',(-0.5,-0.369083605674951,7.09692644451651));
#2689=CARTESIAN_POINT('',(-0.5,0.000806243965233574,1.80386029568431));
#2690=CARTESIAN_POINT('Origin',(-0.5,0.130916394324853,2.28663493445441));
#2691=CARTESIAN_POINT('',(-0.5,0.369083605668373,2.28619746440026));
#2692=CARTESIAN_POINT('Origin',(-0.5,-0.130916394325454,2.28619746440026));
#2693=CARTESIAN_POINT('',(-0.5,0.369083605675272,7.0969264445161));
#2694=CARTESIAN_POINT('',(-0.5,0.369083605675272,7.0969264445161));
#2695=CARTESIAN_POINT('',(-0.5,0.617358176805729,7.49009521823896));
#2696=CARTESIAN_POINT('',(-0.5,0.617358176805729,7.49009521823896));
#2697=CARTESIAN_POINT('',(-0.5,0.832659507308424,1.49395935110885));
#2698=CARTESIAN_POINT('',(-0.5,0.617358176805729,7.49009521823896));
#2699=CARTESIAN_POINT('',(-0.5,0.4,0.));
#2700=CARTESIAN_POINT('Ctrl Pts',(-0.5,0.832659507308424,1.49395935110885));
#2701=CARTESIAN_POINT('Ctrl Pts',(-0.5,0.836458743608636,1.43643740796399));
#2702=CARTESIAN_POINT('Ctrl Pts',(-0.5,0.84250790447991,1.32085240572303));
#2703=CARTESIAN_POINT('Ctrl Pts',(-0.5,0.846933504248025,1.1458529086436));
#2704=CARTESIAN_POINT('Ctrl Pts',(-0.5,0.841022971455381,0.909631838432431));
#2705=CARTESIAN_POINT('Ctrl Pts',(-0.5,0.793657316465997,0.610500541920505));
#2706=CARTESIAN_POINT('Ctrl Pts',(-0.5,0.696622103350871,0.368346920363853));
#2707=CARTESIAN_POINT('Ctrl Pts',(-0.5,0.571891480088641,0.184938878837348));
#2708=CARTESIAN_POINT('Ctrl Pts',(-0.5,0.461792181655986,0.0617921853390872));
#2709=CARTESIAN_POINT('Ctrl Pts',(-0.5,0.4,0.));
#2710=CARTESIAN_POINT('',(-0.5,0.4,-2.65000004470348));
#2711=CARTESIAN_POINT('',(-0.5,0.4,-2.65000004470348));
#2712=CARTESIAN_POINT('Origin',(-0.5,0.0500000000000005,-2.65000004470348));
#2713=CARTESIAN_POINT('Origin',(0.,-0.0500000000000001,-2.65000004470348));
#2714=CARTESIAN_POINT('',(0.5,-0.0500000000000001,-3.00000004470348));
#2715=CARTESIAN_POINT('',(0.,-0.0500000000000001,-3.00000004470348));
#2716=CARTESIAN_POINT('',(0.5,-0.4,-2.65000004470348));
#2717=CARTESIAN_POINT('Origin',(0.5,-0.0500000000000001,-2.65000004470348));
#2718=CARTESIAN_POINT('',(0.,-0.4,-2.65000004470348));
#2719=CARTESIAN_POINT('Origin',(0.,-0.4,0.));
#2720=CARTESIAN_POINT('',(0.5,-0.4,0.));
#2721=CARTESIAN_POINT('',(0.5,-0.4,-0.357071421427143));
#2722=CARTESIAN_POINT('',(0.,-0.4,0.));
#2723=CARTESIAN_POINT('Ctrl Pts',(-0.5,-0.832659507308414,1.49395935110903));
#2724=CARTESIAN_POINT('Ctrl Pts',(0.7,-0.832659507308414,1.49395935110903));
#2725=CARTESIAN_POINT('Ctrl Pts',(-0.5,-0.836458743608626,1.43643740796416));
#2726=CARTESIAN_POINT('Ctrl Pts',(0.7,-0.836458743608626,1.43643740796416));
#2727=CARTESIAN_POINT('Ctrl Pts',(-0.5,-0.842507904479902,1.32085240572319));
#2728=CARTESIAN_POINT('Ctrl Pts',(0.7,-0.842507904479902,1.32085240572319));
#2729=CARTESIAN_POINT('Ctrl Pts',(-0.5,-0.846933504248026,1.14585290864373));
#2730=CARTESIAN_POINT('Ctrl Pts',(0.7,-0.846933504248026,1.14585290864373));
#2731=CARTESIAN_POINT('Ctrl Pts',(-0.5,-0.8410229714554,0.909631838432536));
#2732=CARTESIAN_POINT('Ctrl Pts',(0.7,-0.8410229714554,0.909631838432536));
#2733=CARTESIAN_POINT('Ctrl Pts',(-0.5,-0.793657316466032,0.610500541920573));
#2734=CARTESIAN_POINT('Ctrl Pts',(0.7,-0.793657316466032,0.610500541920573));
#2735=CARTESIAN_POINT('Ctrl Pts',(-0.5,-0.696622103350905,0.368346920363893));
#2736=CARTESIAN_POINT('Ctrl Pts',(0.7,-0.696622103350905,0.368346920363893));
#2737=CARTESIAN_POINT('Ctrl Pts',(-0.5,-0.571891480088661,0.184938878837369));
#2738=CARTESIAN_POINT('Ctrl Pts',(0.7,-0.571891480088661,0.184938878837369));
#2739=CARTESIAN_POINT('Ctrl Pts',(-0.5,-0.461792181655993,0.0617921853390944));
#2740=CARTESIAN_POINT('Ctrl Pts',(0.7,-0.461792181655993,0.0617921853390944));
#2741=CARTESIAN_POINT('Ctrl Pts',(-0.5,-0.4,0.));
#2742=CARTESIAN_POINT('Ctrl Pts',(0.7,-0.4,0.));
#2743=CARTESIAN_POINT('',(0.5,-0.832659507308414,1.49395935110903));
#2744=CARTESIAN_POINT('Ctrl Pts',(0.5,-0.832659507308414,1.49395935110903));
#2745=CARTESIAN_POINT('Ctrl Pts',(0.5,-0.836458743608626,1.43643740796416));
#2746=CARTESIAN_POINT('Ctrl Pts',(0.5,-0.842507904479902,1.32085240572319));
#2747=CARTESIAN_POINT('Ctrl Pts',(0.5,-0.846933504248026,1.14585290864373));
#2748=CARTESIAN_POINT('Ctrl Pts',(0.5,-0.8410229714554,0.909631838432536));
#2749=CARTESIAN_POINT('Ctrl Pts',(0.5,-0.793657316466032,0.610500541920573));
#2750=CARTESIAN_POINT('Ctrl Pts',(0.5,-0.696622103350905,0.368346920363893));
#2751=CARTESIAN_POINT('Ctrl Pts',(0.5,-0.571891480088661,0.184938878837369));
#2752=CARTESIAN_POINT('Ctrl Pts',(0.5,-0.461792181655993,0.0617921853390944));
#2753=CARTESIAN_POINT('Ctrl Pts',(0.5,-0.4,0.));
#2754=CARTESIAN_POINT('',(0.,-0.832659507308414,1.49395935110903));
#2755=CARTESIAN_POINT('Origin',(0.,-0.617358176805729,7.49009521823917));
#2756=CARTESIAN_POINT('',(0.5,-0.61735817680571,7.49009521823917));
#2757=CARTESIAN_POINT('',(0.5,-0.617358176805729,7.49009521823917));
#2758=CARTESIAN_POINT('',(0.,-0.61735817680571,7.49009521823917));
#2759=CARTESIAN_POINT('Origin',(0.,-0.369083605674951,7.09692644451651));
#2760=CARTESIAN_POINT('',(0.5,-0.369083605674951,7.09692644451651));
#2761=CARTESIAN_POINT('',(0.5,-0.61735817680571,7.49009521823917));
#2762=CARTESIAN_POINT('',(0.,-0.369083605674951,7.09692644451651));
#2763=CARTESIAN_POINT('Origin',(0.,-0.369083605675049,2.28663493445441));
#2764=CARTESIAN_POINT('',(0.5,-0.369083605675049,2.28663493445441));
#2765=CARTESIAN_POINT('',(0.5,-0.369083605674951,7.09692644451651));
#2766=CARTESIAN_POINT('',(0.,-0.369083605675049,2.28663493445441));
#2767=CARTESIAN_POINT('Origin',(0.,0.130916394324853,2.28663493445441));
#2768=CARTESIAN_POINT('',(0.5,0.000806243965233574,1.80386029568431));
#2769=CARTESIAN_POINT('Origin',(0.5,0.130916394324853,2.28663493445441));
#2770=CARTESIAN_POINT('',(0.,0.000806242977450366,1.80386029310222));
#2771=CARTESIAN_POINT('Origin',(0.,-0.130916394325454,2.28619746440026));
#2772=CARTESIAN_POINT('',(0.5,0.369083605668373,2.28619746440026));
#2773=CARTESIAN_POINT('Origin',(0.5,-0.130916394325454,2.28619746440026));
#2774=CARTESIAN_POINT('',(0.,0.369083605668373,2.28619746440026));
#2775=CARTESIAN_POINT('Origin',(0.,0.369083605675272,7.0969264445161));
#2776=CARTESIAN_POINT('',(0.5,0.369083605675272,7.0969264445161));
#2777=CARTESIAN_POINT('',(0.5,0.369083605675272,7.0969264445161));
#2778=CARTESIAN_POINT('',(0.,0.369083605675272,7.0969264445161));
#2779=CARTESIAN_POINT('Origin',(0.,0.617358176805729,7.49009521823896));
#2780=CARTESIAN_POINT('',(0.5,0.617358176805729,7.49009521823896));
#2781=CARTESIAN_POINT('',(0.5,0.617358176805729,7.49009521823896));
#2782=CARTESIAN_POINT('',(0.,0.617358176805729,7.49009521823896));
#2783=CARTESIAN_POINT('Origin',(0.,0.832659507308424,1.49395935110885));
#2784=CARTESIAN_POINT('',(0.5,0.832659507308424,1.49395935110885));
#2785=CARTESIAN_POINT('',(0.5,0.617358176805729,7.49009521823896));
#2786=CARTESIAN_POINT('',(0.,0.832659507308424,1.49395935110885));
#2787=CARTESIAN_POINT('Ctrl Pts',(-0.5,0.4,0.));
#2788=CARTESIAN_POINT('Ctrl Pts',(0.7,0.4,0.));
#2789=CARTESIAN_POINT('Ctrl Pts',(-0.5,0.461792181655986,0.0617921853390872));
#2790=CARTESIAN_POINT('Ctrl Pts',(0.7,0.461792181655986,0.0617921853390872));
#2791=CARTESIAN_POINT('Ctrl Pts',(-0.5,0.571891480088641,0.184938878837348));
#2792=CARTESIAN_POINT('Ctrl Pts',(0.7,0.571891480088641,0.184938878837348));
#2793=CARTESIAN_POINT('Ctrl Pts',(-0.5,0.696622103350871,0.368346920363853));
#2794=CARTESIAN_POINT('Ctrl Pts',(0.7,0.696622103350871,0.368346920363853));
#2795=CARTESIAN_POINT('Ctrl Pts',(-0.5,0.793657316465997,0.610500541920505));
#2796=CARTESIAN_POINT('Ctrl Pts',(0.7,0.793657316465997,0.610500541920505));
#2797=CARTESIAN_POINT('Ctrl Pts',(-0.5,0.841022971455381,0.909631838432431));
#2798=CARTESIAN_POINT('Ctrl Pts',(0.7,0.841022971455381,0.909631838432431));
#2799=CARTESIAN_POINT('Ctrl Pts',(-0.5,0.846933504248025,1.1458529086436));
#2800=CARTESIAN_POINT('Ctrl Pts',(0.7,0.846933504248025,1.1458529086436));
#2801=CARTESIAN_POINT('Ctrl Pts',(-0.5,0.84250790447991,1.32085240572303));
#2802=CARTESIAN_POINT('Ctrl Pts',(0.7,0.84250790447991,1.32085240572303));
#2803=CARTESIAN_POINT('Ctrl Pts',(-0.5,0.836458743608636,1.43643740796399));
#2804=CARTESIAN_POINT('Ctrl Pts',(0.7,0.836458743608636,1.43643740796399));
#2805=CARTESIAN_POINT('Ctrl Pts',(-0.5,0.832659507308424,1.49395935110885));
#2806=CARTESIAN_POINT('Ctrl Pts',(0.7,0.832659507308424,1.49395935110885));
#2807=CARTESIAN_POINT('',(0.5,0.4,0.));
#2808=CARTESIAN_POINT('Ctrl Pts',(0.5,0.4,0.));
#2809=CARTESIAN_POINT('Ctrl Pts',(0.5,0.461792181655986,0.0617921853390872));
#2810=CARTESIAN_POINT('Ctrl Pts',(0.5,0.571891480088641,0.184938878837348));
#2811=CARTESIAN_POINT('Ctrl Pts',(0.5,0.696622103350871,0.368346920363853));
#2812=CARTESIAN_POINT('Ctrl Pts',(0.5,0.793657316465997,0.610500541920505));
#2813=CARTESIAN_POINT('Ctrl Pts',(0.5,0.841022971455381,0.909631838432431));
#2814=CARTESIAN_POINT('Ctrl Pts',(0.5,0.846933504248025,1.1458529086436));
#2815=CARTESIAN_POINT('Ctrl Pts',(0.5,0.84250790447991,1.32085240572303));
#2816=CARTESIAN_POINT('Ctrl Pts',(0.5,0.836458743608636,1.43643740796399));
#2817=CARTESIAN_POINT('Ctrl Pts',(0.5,0.832659507308424,1.49395935110885));
#2818=CARTESIAN_POINT('',(0.,0.4,0.));
#2819=CARTESIAN_POINT('Origin',(0.,0.4,-2.65000004470348));
#2820=CARTESIAN_POINT('',(0.5,0.4,-2.65000004470348));
#2821=CARTESIAN_POINT('',(0.5,0.4,-2.65000004470348));
#2822=CARTESIAN_POINT('',(0.,0.4,-2.65000004470348));
#2823=CARTESIAN_POINT('Origin',(0.,0.0500000000000005,-2.65000004470348));
#2824=CARTESIAN_POINT('',(0.5,0.0500000000000001,-3.00000004470348));
#2825=CARTESIAN_POINT('Origin',(0.5,0.0500000000000005,-2.65000004470348));
#2826=CARTESIAN_POINT('',(0.,0.0500000000000001,-3.00000004470348));
#2827=CARTESIAN_POINT('Origin',(0.,-0.0500000000000001,-3.00000004470348));
#2828=CARTESIAN_POINT('',(0.5,0.,-3.00000004470348));
#2829=CARTESIAN_POINT('Origin',(0.5,-5.55111512312578E-16,2.24504758676784));
#2830=CARTESIAN_POINT('Origin',(-0.5,2.5,2.24504758676784));
#2831=CARTESIAN_POINT('',(-0.5,2.55,-3.00000004470348));
#2832=CARTESIAN_POINT('',(-0.5,2.45,-3.00000004470348));
#2833=CARTESIAN_POINT('',(-0.5,2.5,-3.00000004470348));
#2834=CARTESIAN_POINT('',(-0.5,2.1,-2.65000004470348));
#2835=CARTESIAN_POINT('Origin',(-0.5,2.45,-2.65000004470348));
#2836=CARTESIAN_POINT('',(-0.5,2.1,0.));
#2837=CARTESIAN_POINT('',(-0.5,2.1,-0.357071421427143));
#2838=CARTESIAN_POINT('',(-0.5,1.66734049269159,1.49395935110903));
#2839=CARTESIAN_POINT('Ctrl Pts',(-0.5,2.1,0.));
#2840=CARTESIAN_POINT('Ctrl Pts',(-0.5,2.03820781834401,0.0617921853390944));
#2841=CARTESIAN_POINT('Ctrl Pts',(-0.5,1.92810851991134,0.184938878837369));
#2842=CARTESIAN_POINT('Ctrl Pts',(-0.5,1.80337789664909,0.368346920363893));
#2843=CARTESIAN_POINT('Ctrl Pts',(-0.5,1.70634268353397,0.610500541920573));
#2844=CARTESIAN_POINT('Ctrl Pts',(-0.5,1.6589770285446,0.909631838432536));
#2845=CARTESIAN_POINT('Ctrl Pts',(-0.5,1.65306649575197,1.14585290864373));
#2846=CARTESIAN_POINT('Ctrl Pts',(-0.5,1.6574920955201,1.32085240572319));
#2847=CARTESIAN_POINT('Ctrl Pts',(-0.5,1.66354125639137,1.43643740796416));
#2848=CARTESIAN_POINT('Ctrl Pts',(-0.5,1.66734049269159,1.49395935110903));
#2849=CARTESIAN_POINT('',(-0.5,1.88264182319429,7.49009521823917));
#2850=CARTESIAN_POINT('',(-0.5,1.88264182319427,7.49009521823917));
#2851=CARTESIAN_POINT('',(-0.5,2.13091639432505,7.09692644451651));
#2852=CARTESIAN_POINT('',(-0.5,1.88264182319429,7.49009521823917));
#2853=CARTESIAN_POINT('',(-0.5,2.13091639432495,2.28663493445441));
#2854=CARTESIAN_POINT('',(-0.5,2.13091639432505,7.09692644451651));
#2855=CARTESIAN_POINT('',(-0.5,2.50080624396523,1.80386029568431));
#2856=CARTESIAN_POINT('Origin',(-0.5,2.63091639432485,2.28663493445441));
#2857=CARTESIAN_POINT('',(-0.5,2.86908360566837,2.28619746440026));
#2858=CARTESIAN_POINT('Origin',(-0.5,2.36908360567455,2.28619746440026));
#2859=CARTESIAN_POINT('',(-0.5,2.86908360567527,7.0969264445161));
#2860=CARTESIAN_POINT('',(-0.5,2.86908360567527,7.0969264445161));
#2861=CARTESIAN_POINT('',(-0.5,3.11735817680573,7.49009521823896));
#2862=CARTESIAN_POINT('',(-0.5,3.11735817680573,7.49009521823896));
#2863=CARTESIAN_POINT('',(-0.5,3.33265950730842,1.49395935110885));
#2864=CARTESIAN_POINT('',(-0.5,3.11735817680573,7.49009521823896));
#2865=CARTESIAN_POINT('',(-0.5,2.9,0.));
#2866=CARTESIAN_POINT('Ctrl Pts',(-0.5,3.33265950730842,1.49395935110885));
#2867=CARTESIAN_POINT('Ctrl Pts',(-0.5,3.33645874360864,1.43643740796399));
#2868=CARTESIAN_POINT('Ctrl Pts',(-0.5,3.34250790447991,1.32085240572303));
#2869=CARTESIAN_POINT('Ctrl Pts',(-0.5,3.34693350424802,1.1458529086436));
#2870=CARTESIAN_POINT('Ctrl Pts',(-0.5,3.34102297145538,0.909631838432431));
#2871=CARTESIAN_POINT('Ctrl Pts',(-0.5,3.293657316466,0.610500541920505));
#2872=CARTESIAN_POINT('Ctrl Pts',(-0.5,3.19662210335087,0.368346920363853));
#2873=CARTESIAN_POINT('Ctrl Pts',(-0.5,3.07189148008864,0.184938878837348));
#2874=CARTESIAN_POINT('Ctrl Pts',(-0.5,2.96179218165599,0.0617921853390872));
#2875=CARTESIAN_POINT('Ctrl Pts',(-0.5,2.9,0.));
#2876=CARTESIAN_POINT('',(-0.5,2.9,-2.65000004470348));
#2877=CARTESIAN_POINT('',(-0.5,2.9,-2.65000004470348));
#2878=CARTESIAN_POINT('Origin',(-0.5,2.55,-2.65000004470348));
#2879=CARTESIAN_POINT('Origin',(0.,2.45,-2.65000004470348));
#2880=CARTESIAN_POINT('',(0.5,2.45,-3.00000004470348));
#2881=CARTESIAN_POINT('',(0.,2.45,-3.00000004470348));
#2882=CARTESIAN_POINT('',(0.5,2.1,-2.65000004470348));
#2883=CARTESIAN_POINT('Origin',(0.5,2.45,-2.65000004470348));
#2884=CARTESIAN_POINT('',(0.,2.1,-2.65000004470348));
#2885=CARTESIAN_POINT('Origin',(0.,2.1,0.));
#2886=CARTESIAN_POINT('',(0.5,2.1,0.));
#2887=CARTESIAN_POINT('',(0.5,2.1,-0.357071421427143));
#2888=CARTESIAN_POINT('',(0.,2.1,0.));
#2889=CARTESIAN_POINT('Ctrl Pts',(-0.5,1.66734049269159,1.49395935110903));
#2890=CARTESIAN_POINT('Ctrl Pts',(0.7,1.66734049269159,1.49395935110903));
#2891=CARTESIAN_POINT('Ctrl Pts',(-0.5,1.66354125639137,1.43643740796416));
#2892=CARTESIAN_POINT('Ctrl Pts',(0.7,1.66354125639137,1.43643740796416));
#2893=CARTESIAN_POINT('Ctrl Pts',(-0.5,1.6574920955201,1.32085240572319));
#2894=CARTESIAN_POINT('Ctrl Pts',(0.7,1.6574920955201,1.32085240572319));
#2895=CARTESIAN_POINT('Ctrl Pts',(-0.5,1.65306649575197,1.14585290864373));
#2896=CARTESIAN_POINT('Ctrl Pts',(0.7,1.65306649575197,1.14585290864373));
#2897=CARTESIAN_POINT('Ctrl Pts',(-0.5,1.6589770285446,0.909631838432536));
#2898=CARTESIAN_POINT('Ctrl Pts',(0.7,1.6589770285446,0.909631838432536));
#2899=CARTESIAN_POINT('Ctrl Pts',(-0.5,1.70634268353397,0.610500541920573));
#2900=CARTESIAN_POINT('Ctrl Pts',(0.7,1.70634268353397,0.610500541920573));
#2901=CARTESIAN_POINT('Ctrl Pts',(-0.5,1.80337789664909,0.368346920363893));
#2902=CARTESIAN_POINT('Ctrl Pts',(0.7,1.80337789664909,0.368346920363893));
#2903=CARTESIAN_POINT('Ctrl Pts',(-0.5,1.92810851991134,0.184938878837369));
#2904=CARTESIAN_POINT('Ctrl Pts',(0.7,1.92810851991134,0.184938878837369));
#2905=CARTESIAN_POINT('Ctrl Pts',(-0.5,2.03820781834401,0.0617921853390944));
#2906=CARTESIAN_POINT('Ctrl Pts',(0.7,2.03820781834401,0.0617921853390944));
#2907=CARTESIAN_POINT('Ctrl Pts',(-0.5,2.1,0.));
#2908=CARTESIAN_POINT('Ctrl Pts',(0.7,2.1,0.));
#2909=CARTESIAN_POINT('',(0.5,1.66734049269159,1.49395935110903));
#2910=CARTESIAN_POINT('Ctrl Pts',(0.5,1.66734049269159,1.49395935110903));
#2911=CARTESIAN_POINT('Ctrl Pts',(0.5,1.66354125639137,1.43643740796416));
#2912=CARTESIAN_POINT('Ctrl Pts',(0.5,1.6574920955201,1.32085240572319));
#2913=CARTESIAN_POINT('Ctrl Pts',(0.5,1.65306649575197,1.14585290864373));
#2914=CARTESIAN_POINT('Ctrl Pts',(0.5,1.6589770285446,0.909631838432536));
#2915=CARTESIAN_POINT('Ctrl Pts',(0.5,1.70634268353397,0.610500541920573));
#2916=CARTESIAN_POINT('Ctrl Pts',(0.5,1.80337789664909,0.368346920363893));
#2917=CARTESIAN_POINT('Ctrl Pts',(0.5,1.92810851991134,0.184938878837369));
#2918=CARTESIAN_POINT('Ctrl Pts',(0.5,2.03820781834401,0.0617921853390944));
#2919=CARTESIAN_POINT('Ctrl Pts',(0.5,2.1,0.));
#2920=CARTESIAN_POINT('',(0.,1.66734049269159,1.49395935110903));
#2921=CARTESIAN_POINT('Origin',(0.,1.88264182319427,7.49009521823917));
#2922=CARTESIAN_POINT('',(0.5,1.88264182319429,7.49009521823917));
#2923=CARTESIAN_POINT('',(0.5,1.88264182319427,7.49009521823917));
#2924=CARTESIAN_POINT('',(0.,1.88264182319429,7.49009521823917));
#2925=CARTESIAN_POINT('Origin',(0.,2.13091639432505,7.09692644451651));
#2926=CARTESIAN_POINT('',(0.5,2.13091639432505,7.09692644451651));
#2927=CARTESIAN_POINT('',(0.5,1.88264182319429,7.49009521823917));
#2928=CARTESIAN_POINT('',(0.,2.13091639432505,7.09692644451651));
#2929=CARTESIAN_POINT('Origin',(0.,2.13091639432495,2.28663493445441));
#2930=CARTESIAN_POINT('',(0.5,2.13091639432495,2.28663493445441));
#2931=CARTESIAN_POINT('',(0.5,2.13091639432505,7.09692644451651));
#2932=CARTESIAN_POINT('',(0.,2.13091639432495,2.28663493445441));
#2933=CARTESIAN_POINT('Origin',(0.,2.63091639432485,2.28663493445441));
#2934=CARTESIAN_POINT('',(0.5,2.50080624396523,1.80386029568431));
#2935=CARTESIAN_POINT('Origin',(0.5,2.63091639432485,2.28663493445441));
#2936=CARTESIAN_POINT('',(0.,2.50080624297745,1.80386029310222));
#2937=CARTESIAN_POINT('Origin',(0.,2.36908360567455,2.28619746440026));
#2938=CARTESIAN_POINT('',(0.5,2.86908360566837,2.28619746440026));
#2939=CARTESIAN_POINT('Origin',(0.5,2.36908360567455,2.28619746440026));
#2940=CARTESIAN_POINT('',(0.,2.86908360566837,2.28619746440026));
#2941=CARTESIAN_POINT('Origin',(0.,2.86908360567527,7.0969264445161));
#2942=CARTESIAN_POINT('',(0.5,2.86908360567527,7.0969264445161));
#2943=CARTESIAN_POINT('',(0.5,2.86908360567527,7.0969264445161));
#2944=CARTESIAN_POINT('',(0.,2.86908360567527,7.0969264445161));
#2945=CARTESIAN_POINT('Origin',(0.,3.11735817680573,7.49009521823896));
#2946=CARTESIAN_POINT('',(0.5,3.11735817680573,7.49009521823896));
#2947=CARTESIAN_POINT('',(0.5,3.11735817680573,7.49009521823896));
#2948=CARTESIAN_POINT('',(0.,3.11735817680573,7.49009521823896));
#2949=CARTESIAN_POINT('Origin',(0.,3.33265950730842,1.49395935110885));
#2950=CARTESIAN_POINT('',(0.5,3.33265950730842,1.49395935110885));
#2951=CARTESIAN_POINT('',(0.5,3.11735817680573,7.49009521823896));
#2952=CARTESIAN_POINT('',(0.,3.33265950730842,1.49395935110885));
#2953=CARTESIAN_POINT('Ctrl Pts',(-0.5,2.9,0.));
#2954=CARTESIAN_POINT('Ctrl Pts',(0.7,2.9,0.));
#2955=CARTESIAN_POINT('Ctrl Pts',(-0.5,2.96179218165599,0.0617921853390872));
#2956=CARTESIAN_POINT('Ctrl Pts',(0.7,2.96179218165599,0.0617921853390872));
#2957=CARTESIAN_POINT('Ctrl Pts',(-0.5,3.07189148008864,0.184938878837348));
#2958=CARTESIAN_POINT('Ctrl Pts',(0.7,3.07189148008864,0.184938878837348));
#2959=CARTESIAN_POINT('Ctrl Pts',(-0.5,3.19662210335087,0.368346920363853));
#2960=CARTESIAN_POINT('Ctrl Pts',(0.7,3.19662210335087,0.368346920363853));
#2961=CARTESIAN_POINT('Ctrl Pts',(-0.5,3.293657316466,0.610500541920505));
#2962=CARTESIAN_POINT('Ctrl Pts',(0.7,3.293657316466,0.610500541920505));
#2963=CARTESIAN_POINT('Ctrl Pts',(-0.5,3.34102297145538,0.909631838432431));
#2964=CARTESIAN_POINT('Ctrl Pts',(0.7,3.34102297145538,0.909631838432431));
#2965=CARTESIAN_POINT('Ctrl Pts',(-0.5,3.34693350424802,1.1458529086436));
#2966=CARTESIAN_POINT('Ctrl Pts',(0.7,3.34693350424802,1.1458529086436));
#2967=CARTESIAN_POINT('Ctrl Pts',(-0.5,3.34250790447991,1.32085240572303));
#2968=CARTESIAN_POINT('Ctrl Pts',(0.7,3.34250790447991,1.32085240572303));
#2969=CARTESIAN_POINT('Ctrl Pts',(-0.5,3.33645874360864,1.43643740796399));
#2970=CARTESIAN_POINT('Ctrl Pts',(0.7,3.33645874360864,1.43643740796399));
#2971=CARTESIAN_POINT('Ctrl Pts',(-0.5,3.33265950730842,1.49395935110885));
#2972=CARTESIAN_POINT('Ctrl Pts',(0.7,3.33265950730842,1.49395935110885));
#2973=CARTESIAN_POINT('',(0.5,2.9,0.));
#2974=CARTESIAN_POINT('Ctrl Pts',(0.5,2.9,0.));
#2975=CARTESIAN_POINT('Ctrl Pts',(0.5,2.96179218165599,0.0617921853390872));
#2976=CARTESIAN_POINT('Ctrl Pts',(0.5,3.07189148008864,0.184938878837348));
#2977=CARTESIAN_POINT('Ctrl Pts',(0.5,3.19662210335087,0.368346920363853));
#2978=CARTESIAN_POINT('Ctrl Pts',(0.5,3.293657316466,0.610500541920505));
#2979=CARTESIAN_POINT('Ctrl Pts',(0.5,3.34102297145538,0.909631838432431));
#2980=CARTESIAN_POINT('Ctrl Pts',(0.5,3.34693350424802,1.1458529086436));
#2981=CARTESIAN_POINT('Ctrl Pts',(0.5,3.34250790447991,1.32085240572303));
#2982=CARTESIAN_POINT('Ctrl Pts',(0.5,3.33645874360864,1.43643740796399));
#2983=CARTESIAN_POINT('Ctrl Pts',(0.5,3.33265950730842,1.49395935110885));
#2984=CARTESIAN_POINT('',(0.,2.9,0.));
#2985=CARTESIAN_POINT('Origin',(0.,2.9,-2.65000004470348));
#2986=CARTESIAN_POINT('',(0.5,2.9,-2.65000004470348));
#2987=CARTESIAN_POINT('',(0.5,2.9,-2.65000004470348));
#2988=CARTESIAN_POINT('',(0.,2.9,-2.65000004470348));
#2989=CARTESIAN_POINT('Origin',(0.,2.55,-2.65000004470348));
#2990=CARTESIAN_POINT('',(0.5,2.55,-3.00000004470348));
#2991=CARTESIAN_POINT('Origin',(0.5,2.55,-2.65000004470348));
#2992=CARTESIAN_POINT('',(0.,2.55,-3.00000004470348));
#2993=CARTESIAN_POINT('Origin',(0.,2.45,-3.00000004470348));
#2994=CARTESIAN_POINT('',(0.5,2.5,-3.00000004470348));
#2995=CARTESIAN_POINT('Origin',(0.5,2.5,2.24504758676784));
#2996=CARTESIAN_POINT('Origin',(-0.5,5.,2.24504758676784));
#2997=CARTESIAN_POINT('',(-0.5,5.05,-3.00000004470348));
#2998=CARTESIAN_POINT('',(-0.5,4.95,-3.00000004470348));
#2999=CARTESIAN_POINT('',(-0.5,5.,-3.00000004470348));
#3000=CARTESIAN_POINT('',(-0.5,4.6,-2.65000004470348));
#3001=CARTESIAN_POINT('Origin',(-0.5,4.95,-2.65000004470348));
#3002=CARTESIAN_POINT('',(-0.5,4.6,0.));
#3003=CARTESIAN_POINT('',(-0.5,4.6,-0.357071421427143));
#3004=CARTESIAN_POINT('',(-0.5,4.16734049269159,1.49395935110903));
#3005=CARTESIAN_POINT('Ctrl Pts',(-0.5,4.6,0.));
#3006=CARTESIAN_POINT('Ctrl Pts',(-0.5,4.53820781834401,0.0617921853390944));
#3007=CARTESIAN_POINT('Ctrl Pts',(-0.5,4.42810851991134,0.184938878837369));
#3008=CARTESIAN_POINT('Ctrl Pts',(-0.5,4.30337789664909,0.368346920363893));
#3009=CARTESIAN_POINT('Ctrl Pts',(-0.5,4.20634268353397,0.610500541920573));
#3010=CARTESIAN_POINT('Ctrl Pts',(-0.5,4.1589770285446,0.909631838432536));
#3011=CARTESIAN_POINT('Ctrl Pts',(-0.5,4.15306649575197,1.14585290864373));
#3012=CARTESIAN_POINT('Ctrl Pts',(-0.5,4.1574920955201,1.32085240572319));
#3013=CARTESIAN_POINT('Ctrl Pts',(-0.5,4.16354125639137,1.43643740796416));
#3014=CARTESIAN_POINT('Ctrl Pts',(-0.5,4.16734049269159,1.49395935110903));
#3015=CARTESIAN_POINT('',(-0.5,4.38264182319429,7.49009521823917));
#3016=CARTESIAN_POINT('',(-0.5,4.38264182319427,7.49009521823917));
#3017=CARTESIAN_POINT('',(-0.5,4.63091639432505,7.09692644451651));
#3018=CARTESIAN_POINT('',(-0.5,4.38264182319429,7.49009521823917));
#3019=CARTESIAN_POINT('',(-0.5,4.63091639432495,2.28663493445441));
#3020=CARTESIAN_POINT('',(-0.5,4.63091639432505,7.09692644451651));
#3021=CARTESIAN_POINT('',(-0.5,5.00080624396523,1.80386029568431));
#3022=CARTESIAN_POINT('Origin',(-0.5,5.13091639432485,2.28663493445441));
#3023=CARTESIAN_POINT('',(-0.5,5.36908360566837,2.28619746440026));
#3024=CARTESIAN_POINT('Origin',(-0.5,4.86908360567455,2.28619746440026));
#3025=CARTESIAN_POINT('',(-0.5,5.36908360567527,7.0969264445161));
#3026=CARTESIAN_POINT('',(-0.5,5.36908360567527,7.0969264445161));
#3027=CARTESIAN_POINT('',(-0.5,5.61735817680573,7.49009521823896));
#3028=CARTESIAN_POINT('',(-0.5,5.61735817680573,7.49009521823896));
#3029=CARTESIAN_POINT('',(-0.5,5.83265950730842,1.49395935110885));
#3030=CARTESIAN_POINT('',(-0.5,5.61735817680573,7.49009521823896));
#3031=CARTESIAN_POINT('',(-0.5,5.4,0.));
#3032=CARTESIAN_POINT('Ctrl Pts',(-0.5,5.83265950730842,1.49395935110885));
#3033=CARTESIAN_POINT('Ctrl Pts',(-0.5,5.83645874360864,1.43643740796399));
#3034=CARTESIAN_POINT('Ctrl Pts',(-0.5,5.84250790447991,1.32085240572303));
#3035=CARTESIAN_POINT('Ctrl Pts',(-0.5,5.84693350424802,1.1458529086436));
#3036=CARTESIAN_POINT('Ctrl Pts',(-0.5,5.84102297145538,0.909631838432431));
#3037=CARTESIAN_POINT('Ctrl Pts',(-0.5,5.793657316466,0.610500541920505));
#3038=CARTESIAN_POINT('Ctrl Pts',(-0.5,5.69662210335087,0.368346920363853));
#3039=CARTESIAN_POINT('Ctrl Pts',(-0.5,5.57189148008864,0.184938878837348));
#3040=CARTESIAN_POINT('Ctrl Pts',(-0.5,5.46179218165599,0.0617921853390872));
#3041=CARTESIAN_POINT('Ctrl Pts',(-0.5,5.4,0.));
#3042=CARTESIAN_POINT('',(-0.5,5.4,-2.65000004470348));
#3043=CARTESIAN_POINT('',(-0.5,5.4,-2.65000004470348));
#3044=CARTESIAN_POINT('Origin',(-0.5,5.05,-2.65000004470348));
#3045=CARTESIAN_POINT('Origin',(0.,4.95,-2.65000004470348));
#3046=CARTESIAN_POINT('',(0.5,4.95,-3.00000004470348));
#3047=CARTESIAN_POINT('',(0.,4.95,-3.00000004470348));
#3048=CARTESIAN_POINT('',(0.5,4.6,-2.65000004470348));
#3049=CARTESIAN_POINT('Origin',(0.5,4.95,-2.65000004470348));
#3050=CARTESIAN_POINT('',(0.,4.6,-2.65000004470348));
#3051=CARTESIAN_POINT('Origin',(0.,4.6,0.));
#3052=CARTESIAN_POINT('',(0.5,4.6,0.));
#3053=CARTESIAN_POINT('',(0.5,4.6,-0.357071421427143));
#3054=CARTESIAN_POINT('',(0.,4.6,0.));
#3055=CARTESIAN_POINT('Ctrl Pts',(-0.5,4.16734049269159,1.49395935110903));
#3056=CARTESIAN_POINT('Ctrl Pts',(0.7,4.16734049269159,1.49395935110903));
#3057=CARTESIAN_POINT('Ctrl Pts',(-0.5,4.16354125639137,1.43643740796416));
#3058=CARTESIAN_POINT('Ctrl Pts',(0.7,4.16354125639137,1.43643740796416));
#3059=CARTESIAN_POINT('Ctrl Pts',(-0.5,4.1574920955201,1.32085240572319));
#3060=CARTESIAN_POINT('Ctrl Pts',(0.7,4.1574920955201,1.32085240572319));
#3061=CARTESIAN_POINT('Ctrl Pts',(-0.5,4.15306649575197,1.14585290864373));
#3062=CARTESIAN_POINT('Ctrl Pts',(0.7,4.15306649575197,1.14585290864373));
#3063=CARTESIAN_POINT('Ctrl Pts',(-0.5,4.1589770285446,0.909631838432536));
#3064=CARTESIAN_POINT('Ctrl Pts',(0.7,4.1589770285446,0.909631838432536));
#3065=CARTESIAN_POINT('Ctrl Pts',(-0.5,4.20634268353397,0.610500541920573));
#3066=CARTESIAN_POINT('Ctrl Pts',(0.7,4.20634268353397,0.610500541920573));
#3067=CARTESIAN_POINT('Ctrl Pts',(-0.5,4.30337789664909,0.368346920363893));
#3068=CARTESIAN_POINT('Ctrl Pts',(0.7,4.30337789664909,0.368346920363893));
#3069=CARTESIAN_POINT('Ctrl Pts',(-0.5,4.42810851991134,0.184938878837369));
#3070=CARTESIAN_POINT('Ctrl Pts',(0.7,4.42810851991134,0.184938878837369));
#3071=CARTESIAN_POINT('Ctrl Pts',(-0.5,4.53820781834401,0.0617921853390944));
#3072=CARTESIAN_POINT('Ctrl Pts',(0.7,4.53820781834401,0.0617921853390944));
#3073=CARTESIAN_POINT('Ctrl Pts',(-0.5,4.6,0.));
#3074=CARTESIAN_POINT('Ctrl Pts',(0.7,4.6,0.));
#3075=CARTESIAN_POINT('',(0.5,4.16734049269159,1.49395935110903));
#3076=CARTESIAN_POINT('Ctrl Pts',(0.5,4.16734049269159,1.49395935110903));
#3077=CARTESIAN_POINT('Ctrl Pts',(0.5,4.16354125639137,1.43643740796416));
#3078=CARTESIAN_POINT('Ctrl Pts',(0.5,4.1574920955201,1.32085240572319));
#3079=CARTESIAN_POINT('Ctrl Pts',(0.5,4.15306649575197,1.14585290864373));
#3080=CARTESIAN_POINT('Ctrl Pts',(0.5,4.1589770285446,0.909631838432536));
#3081=CARTESIAN_POINT('Ctrl Pts',(0.5,4.20634268353397,0.610500541920573));
#3082=CARTESIAN_POINT('Ctrl Pts',(0.5,4.30337789664909,0.368346920363893));
#3083=CARTESIAN_POINT('Ctrl Pts',(0.5,4.42810851991134,0.184938878837369));
#3084=CARTESIAN_POINT('Ctrl Pts',(0.5,4.53820781834401,0.0617921853390944));
#3085=CARTESIAN_POINT('Ctrl Pts',(0.5,4.6,0.));
#3086=CARTESIAN_POINT('',(0.,4.16734049269159,1.49395935110903));
#3087=CARTESIAN_POINT('Origin',(0.,4.38264182319427,7.49009521823917));
#3088=CARTESIAN_POINT('',(0.5,4.38264182319429,7.49009521823917));
#3089=CARTESIAN_POINT('',(0.5,4.38264182319427,7.49009521823917));
#3090=CARTESIAN_POINT('',(0.,4.38264182319429,7.49009521823917));
#3091=CARTESIAN_POINT('Origin',(0.,4.63091639432505,7.09692644451651));
#3092=CARTESIAN_POINT('',(0.5,4.63091639432505,7.09692644451651));
#3093=CARTESIAN_POINT('',(0.5,4.38264182319429,7.49009521823917));
#3094=CARTESIAN_POINT('',(0.,4.63091639432505,7.09692644451651));
#3095=CARTESIAN_POINT('Origin',(0.,4.63091639432495,2.28663493445441));
#3096=CARTESIAN_POINT('',(0.5,4.63091639432495,2.28663493445441));
#3097=CARTESIAN_POINT('',(0.5,4.63091639432505,7.09692644451651));
#3098=CARTESIAN_POINT('',(0.,4.63091639432495,2.28663493445441));
#3099=CARTESIAN_POINT('Origin',(0.,5.13091639432485,2.28663493445441));
#3100=CARTESIAN_POINT('',(0.5,5.00080624396523,1.80386029568431));
#3101=CARTESIAN_POINT('Origin',(0.5,5.13091639432485,2.28663493445441));
#3102=CARTESIAN_POINT('',(0.,5.00080624297745,1.80386029310222));
#3103=CARTESIAN_POINT('Origin',(0.,4.86908360567455,2.28619746440026));
#3104=CARTESIAN_POINT('',(0.5,5.36908360566837,2.28619746440026));
#3105=CARTESIAN_POINT('Origin',(0.5,4.86908360567455,2.28619746440026));
#3106=CARTESIAN_POINT('',(0.,5.36908360566837,2.28619746440026));
#3107=CARTESIAN_POINT('Origin',(0.,5.36908360567527,7.0969264445161));
#3108=CARTESIAN_POINT('',(0.5,5.36908360567527,7.0969264445161));
#3109=CARTESIAN_POINT('',(0.5,5.36908360567527,7.0969264445161));
#3110=CARTESIAN_POINT('',(0.,5.36908360567527,7.0969264445161));
#3111=CARTESIAN_POINT('Origin',(0.,5.61735817680573,7.49009521823896));
#3112=CARTESIAN_POINT('',(0.5,5.61735817680573,7.49009521823896));
#3113=CARTESIAN_POINT('',(0.5,5.61735817680573,7.49009521823896));
#3114=CARTESIAN_POINT('',(0.,5.61735817680573,7.49009521823896));
#3115=CARTESIAN_POINT('Origin',(0.,5.83265950730842,1.49395935110885));
#3116=CARTESIAN_POINT('',(0.5,5.83265950730842,1.49395935110885));
#3117=CARTESIAN_POINT('',(0.5,5.61735817680573,7.49009521823896));
#3118=CARTESIAN_POINT('',(0.,5.83265950730842,1.49395935110885));
#3119=CARTESIAN_POINT('Ctrl Pts',(-0.5,5.4,0.));
#3120=CARTESIAN_POINT('Ctrl Pts',(0.7,5.4,0.));
#3121=CARTESIAN_POINT('Ctrl Pts',(-0.5,5.46179218165599,0.0617921853390872));
#3122=CARTESIAN_POINT('Ctrl Pts',(0.7,5.46179218165599,0.0617921853390872));
#3123=CARTESIAN_POINT('Ctrl Pts',(-0.5,5.57189148008864,0.184938878837348));
#3124=CARTESIAN_POINT('Ctrl Pts',(0.7,5.57189148008864,0.184938878837348));
#3125=CARTESIAN_POINT('Ctrl Pts',(-0.5,5.69662210335087,0.368346920363853));
#3126=CARTESIAN_POINT('Ctrl Pts',(0.7,5.69662210335087,0.368346920363853));
#3127=CARTESIAN_POINT('Ctrl Pts',(-0.5,5.793657316466,0.610500541920505));
#3128=CARTESIAN_POINT('Ctrl Pts',(0.7,5.793657316466,0.610500541920505));
#3129=CARTESIAN_POINT('Ctrl Pts',(-0.5,5.84102297145538,0.909631838432431));
#3130=CARTESIAN_POINT('Ctrl Pts',(0.7,5.84102297145538,0.909631838432431));
#3131=CARTESIAN_POINT('Ctrl Pts',(-0.5,5.84693350424802,1.1458529086436));
#3132=CARTESIAN_POINT('Ctrl Pts',(0.7,5.84693350424802,1.1458529086436));
#3133=CARTESIAN_POINT('Ctrl Pts',(-0.5,5.84250790447991,1.32085240572303));
#3134=CARTESIAN_POINT('Ctrl Pts',(0.7,5.84250790447991,1.32085240572303));
#3135=CARTESIAN_POINT('Ctrl Pts',(-0.5,5.83645874360864,1.43643740796399));
#3136=CARTESIAN_POINT('Ctrl Pts',(0.7,5.83645874360864,1.43643740796399));
#3137=CARTESIAN_POINT('Ctrl Pts',(-0.5,5.83265950730842,1.49395935110885));
#3138=CARTESIAN_POINT('Ctrl Pts',(0.7,5.83265950730842,1.49395935110885));
#3139=CARTESIAN_POINT('',(0.5,5.4,0.));
#3140=CARTESIAN_POINT('Ctrl Pts',(0.5,5.4,0.));
#3141=CARTESIAN_POINT('Ctrl Pts',(0.5,5.46179218165599,0.0617921853390872));
#3142=CARTESIAN_POINT('Ctrl Pts',(0.5,5.57189148008864,0.184938878837348));
#3143=CARTESIAN_POINT('Ctrl Pts',(0.5,5.69662210335087,0.368346920363853));
#3144=CARTESIAN_POINT('Ctrl Pts',(0.5,5.793657316466,0.610500541920505));
#3145=CARTESIAN_POINT('Ctrl Pts',(0.5,5.84102297145538,0.909631838432431));
#3146=CARTESIAN_POINT('Ctrl Pts',(0.5,5.84693350424802,1.1458529086436));
#3147=CARTESIAN_POINT('Ctrl Pts',(0.5,5.84250790447991,1.32085240572303));
#3148=CARTESIAN_POINT('Ctrl Pts',(0.5,5.83645874360864,1.43643740796399));
#3149=CARTESIAN_POINT('Ctrl Pts',(0.5,5.83265950730842,1.49395935110885));
#3150=CARTESIAN_POINT('',(0.,5.4,0.));
#3151=CARTESIAN_POINT('Origin',(0.,5.4,-2.65000004470348));
#3152=CARTESIAN_POINT('',(0.5,5.4,-2.65000004470348));
#3153=CARTESIAN_POINT('',(0.5,5.4,-2.65000004470348));
#3154=CARTESIAN_POINT('',(0.,5.4,-2.65000004470348));
#3155=CARTESIAN_POINT('Origin',(0.,5.05,-2.65000004470348));
#3156=CARTESIAN_POINT('',(0.5,5.05,-3.00000004470348));
#3157=CARTESIAN_POINT('Origin',(0.5,5.05,-2.65000004470348));
#3158=CARTESIAN_POINT('',(0.,5.05,-3.00000004470348));
#3159=CARTESIAN_POINT('Origin',(0.,4.95,-3.00000004470348));
#3160=CARTESIAN_POINT('',(0.5,5.,-3.00000004470348));
#3161=CARTESIAN_POINT('Origin',(0.5,5.,2.24504758676784));
#3162=UNCERTAINTY_MEASURE_WITH_UNIT(LENGTH_MEASURE(0.01),#3166,
'DISTANCE_ACCURACY_VALUE',
'Maximum model space distance between geometric entities at asserted c
onnectivities');
#3163=UNCERTAINTY_MEASURE_WITH_UNIT(LENGTH_MEASURE(0.01),#3166,
'DISTANCE_ACCURACY_VALUE',
'Maximum model space distance between geometric entities at asserted c
onnectivities');
#3164=(
GEOMETRIC_REPRESENTATION_CONTEXT(3)
GLOBAL_UNCERTAINTY_ASSIGNED_CONTEXT((#3162))
GLOBAL_UNIT_ASSIGNED_CONTEXT((#3166,#3168,#3169))
REPRESENTATION_CONTEXT('','3D')
);
#3165=(
GEOMETRIC_REPRESENTATION_CONTEXT(3)
GLOBAL_UNCERTAINTY_ASSIGNED_CONTEXT((#3163))
GLOBAL_UNIT_ASSIGNED_CONTEXT((#3166,#3168,#3169))
REPRESENTATION_CONTEXT('','3D')
);
#3166=(
LENGTH_UNIT()
NAMED_UNIT(*)
SI_UNIT(.MILLI.,.METRE.)
);
#3167=(
LENGTH_UNIT()
NAMED_UNIT(*)
SI_UNIT($,.METRE.)
);
#3168=(
NAMED_UNIT(*)
PLANE_ANGLE_UNIT()
SI_UNIT($,.RADIAN.)
);
#3169=(
NAMED_UNIT(*)
SI_UNIT($,.STERADIAN.)
SOLID_ANGLE_UNIT()
);
#3170=SHAPE_DEFINITION_REPRESENTATION(#3171,#3172);
#3171=PRODUCT_DEFINITION_SHAPE('',$,#3174);
#3172=SHAPE_REPRESENTATION('',(#1830),#3164);
#3173=PRODUCT_DEFINITION_CONTEXT('part definition',#3178,'design');
#3174=PRODUCT_DEFINITION('2025-12-08-02-58-15-552',
'Female 3 Pin Header',#3175,#3173);
#3175=PRODUCT_DEFINITION_FORMATION('',$,#3180);
#3176=PRODUCT_RELATED_PRODUCT_CATEGORY('Female 3 Pin Header',
'Female 3 Pin Header',(#3180));
#3177=APPLICATION_PROTOCOL_DEFINITION('international standard',
'automotive_design',2009,#3178);
#3178=APPLICATION_CONTEXT(
'Core Data for Automotive Mechanical Design Process');
#3179=PRODUCT_CONTEXT('part definition',#3178,'mechanical');
#3180=PRODUCT('2025-12-08-02-58-15-552','Female 3 Pin Header',$,(#3179));
#3181=PRESENTATION_STYLE_ASSIGNMENT((#3184));
#3182=PRESENTATION_STYLE_ASSIGNMENT((#3185));
#3183=PRESENTATION_STYLE_ASSIGNMENT((#3186));
#3184=SURFACE_STYLE_USAGE(.BOTH.,#3187);
#3185=SURFACE_STYLE_USAGE(.BOTH.,#3188);
#3186=SURFACE_STYLE_USAGE(.BOTH.,#3189);
#3187=SURFACE_SIDE_STYLE('',(#3190));
#3188=SURFACE_SIDE_STYLE('',(#3191));
#3189=SURFACE_SIDE_STYLE('',(#3192));
#3190=SURFACE_STYLE_FILL_AREA(#3193);
#3191=SURFACE_STYLE_FILL_AREA(#3194);
#3192=SURFACE_STYLE_FILL_AREA(#3195);
#3193=FILL_AREA_STYLE('Steel - Satin',(#3196));
#3194=FILL_AREA_STYLE('Opaque(115,115,115)',(#3197));
#3195=FILL_AREA_STYLE('Opaque(244,229,167)',(#3198));
#3196=FILL_AREA_STYLE_COLOUR('Steel - Satin',#3199);
#3197=FILL_AREA_STYLE_COLOUR('Opaque(115,115,115)',#3200);
#3198=FILL_AREA_STYLE_COLOUR('Opaque(244,229,167)',#3201);
#3199=COLOUR_RGB('Steel - Satin',0.627450980392157,0.627450980392157,0.627450980392157);
#3200=COLOUR_RGB('Opaque(115,115,115)',0.450980392156863,0.450980392156863,
0.450980392156863);
#3201=COLOUR_RGB('Opaque(244,229,167)',0.956862745098039,0.898039215686275,
0.654901960784314);
ENDSEC;
END-ISO-10303-21;
