ISO-10303-21;
HEADER;
/* Generated by software containing ST-Developer
 * from STEP Tools, Inc. (www.steptools.com) 
 */

FILE_DESCRIPTION(
/* description */ (''),
/* implementation_level */ '2;1');

FILE_NAME(
/* name */ 'Female_2_pin_header.step',
/* time_stamp */ '2026-10-08T20:01:27-04:00',
/* author */ (''),
/* organization */ (''),
/* preprocessor_version */ 'ST-DEVELOPER v20.2',
/* originating_system */ 'Autodesk Translation Framework v15.15.0.0',
/* authorisation */ '');

FILE_SCHEMA (('AUTOMOTIVE_DESIGN { 1 0 10303 214 3 1 1 }'));
ENDSEC;

DATA;
#10=MECHANICAL_DESIGN_GEOMETRIC_PRESENTATION_REPRESENTATION('',(#41,#42,
#43),#2215);
#11=SHAPE_REPRESENTATION_RELATIONSHIP('SRR','None',#2222,#12);
#12=ADVANCED_BREP_SHAPE_REPRESENTATION('',(#44,#45,#46),#2214);
#13=B_SPLINE_SURFACE_WITH_KNOTS('',5,1,((#1939,#1940),(#1941,#1942),(#1943,
#1944),(#1945,#1946),(#1947,#1948),(#1949,#1950),(#1951,#1952),(#1953,#1954),
(#1955,#1956),(#1957,#1958)),.UNSPECIFIED.,.F.,.F.,.F.,(6,1,1,1,1,6),(2,
2),(-1.,-0.8,-0.6,-0.4,-0.2,0.),(0.,0.12),.UNSPECIFIED.);
#14=B_SPLINE_SURFACE_WITH_KNOTS('',5,1,((#2003,#2004),(#2005,#2006),(#2007,
#2008),(#2009,#2010),(#2011,#2012),(#2013,#2014),(#2015,#2016),(#2017,#2018),
(#2019,#2020),(#2021,#2022)),.UNSPECIFIED.,.F.,.F.,.F.,(6,1,1,1,1,6),(2,
2),(0.,0.2,0.4,0.6,0.8,1.),(0.,0.12),.UNSPECIFIED.);
#15=B_SPLINE_SURFACE_WITH_KNOTS('',5,1,((#2105,#2106),(#2107,#2108),(#2109,
#2110),(#2111,#2112),(#2113,#2114),(#2115,#2116),(#2117,#2118),(#2119,#2120),
(#2121,#2122),(#2123,#2124)),.UNSPECIFIED.,.F.,.F.,.F.,(6,1,1,1,1,6),(2,
2),(-1.,-0.8,-0.6,-0.4,-0.2,0.),(0.,0.12),.UNSPECIFIED.);
#16=B_SPLINE_SURFACE_WITH_KNOTS('',5,1,((#2169,#2170),(#2171,#2172),(#2173,
#2174),(#2175,#2176),(#2177,#2178),(#2179,#2180),(#2181,#2182),(#2183,#2184),
(#2185,#2186),(#2187,#2188)),.UNSPECIFIED.,.F.,.F.,.F.,(6,1,1,1,1,6),(2,
2),(0.,0.2,0.4,0.6,0.8,1.),(0.,0.12),.UNSPECIFIED.);
#17=B_SPLINE_CURVE_WITH_KNOTS('',5,(#1889,#1890,#1891,#1892,#1893,#1894,
#1895,#1896,#1897,#1898),.UNSPECIFIED.,.F.,.F.,(6,1,1,1,1,6),(0.,0.2,0.4,
0.6,0.8,1.),.UNSPECIFIED.);
#18=B_SPLINE_CURVE_WITH_KNOTS('',5,(#1916,#1917,#1918,#1919,#1920,#1921,
#1922,#1923,#1924,#1925),.UNSPECIFIED.,.F.,.F.,(6,1,1,1,1,6),(-1.,-0.8,
-0.6,-0.4,-0.2,0.),.UNSPECIFIED.);
#19=B_SPLINE_CURVE_WITH_KNOTS('',5,(#1960,#1961,#1962,#1963,#1964,#1965,
#1966,#1967,#1968,#1969),.UNSPECIFIED.,.F.,.F.,(6,1,1,1,1,6),(-1.,-0.8,
-0.6,-0.4,-0.2,0.),.UNSPECIFIED.);
#20=B_SPLINE_CURVE_WITH_KNOTS('',5,(#2024,#2025,#2026,#2027,#2028,#2029,
#2030,#2031,#2032,#2033),.UNSPECIFIED.,.F.,.F.,(6,1,1,1,1,6),(0.,0.2,0.4,
0.6,0.8,1.),.UNSPECIFIED.);
#21=B_SPLINE_CURVE_WITH_KNOTS('',5,(#2055,#2056,#2057,#2058,#2059,#2060,
#2061,#2062,#2063,#2064),.UNSPECIFIED.,.F.,.F.,(6,1,1,1,1,6),(0.,0.2,0.4,
0.6,0.8,1.),.UNSPECIFIED.);
#22=B_SPLINE_CURVE_WITH_KNOTS('',5,(#2082,#2083,#2084,#2085,#2086,#2087,
#2088,#2089,#2090,#2091),.UNSPECIFIED.,.F.,.F.,(6,1,1,1,1,6),(-1.,-0.8,
-0.6,-0.4,-0.2,0.),.UNSPECIFIED.);
#23=B_SPLINE_CURVE_WITH_KNOTS('',5,(#2126,#2127,#2128,#2129,#2130,#2131,
#2132,#2133,#2134,#2135),.UNSPECIFIED.,.F.,.F.,(6,1,1,1,1,6),(-1.,-0.8,
-0.6,-0.4,-0.2,0.),.UNSPECIFIED.);
#24=B_SPLINE_CURVE_WITH_KNOTS('',5,(#2190,#2191,#2192,#2193,#2194,#2195,
#2196,#2197,#2198,#2199),.UNSPECIFIED.,.F.,.F.,(6,1,1,1,1,6),(0.,0.2,0.4,
0.6,0.8,1.),.UNSPECIFIED.);
#25=CIRCLE('',#1332,0.35);
#26=CIRCLE('',#1333,0.499999999999902);
#27=CIRCLE('',#1334,0.499999999993827);
#28=CIRCLE('',#1335,0.35);
#29=CIRCLE('',#1337,0.35);
#30=CIRCLE('',#1343,0.499999999999902);
#31=CIRCLE('',#1345,0.499999999993827);
#32=CIRCLE('',#1351,0.35);
#33=CIRCLE('',#1355,0.35);
#34=CIRCLE('',#1356,0.499999999999902);
#35=CIRCLE('',#1357,0.499999999993827);
#36=CIRCLE('',#1358,0.35);
#37=CIRCLE('',#1360,0.35);
#38=CIRCLE('',#1366,0.499999999999902);
#39=CIRCLE('',#1368,0.499999999993827);
#40=CIRCLE('',#1374,0.35);
#41=STYLED_ITEM('',(#2232),#44);
#42=STYLED_ITEM('',(#2233),#45);
#43=STYLED_ITEM('',(#2233),#46);
#44=MANIFOLD_SOLID_BREP('Body1',#1273);
#45=MANIFOLD_SOLID_BREP('Body2',#1274);
#46=MANIFOLD_SOLID_BREP('Body3',#1275);
#47=ELLIPSE('',#1296,0.848528137423857,0.6);
#48=ELLIPSE('',#1297,0.848528137423857,0.6);
#49=ELLIPSE('',#1299,0.848528137423857,0.6);
#50=ELLIPSE('',#1301,0.848528137423857,0.6);
#51=ELLIPSE('',#1318,0.848528137423857,0.6);
#52=ELLIPSE('',#1319,0.848528137423857,0.6);
#53=ELLIPSE('',#1321,0.848528137423857,0.6);
#54=ELLIPSE('',#1323,0.848528137423857,0.6);
#55=CYLINDRICAL_SURFACE('',#1295,0.6);
#56=CYLINDRICAL_SURFACE('',#1298,0.6);
#57=CYLINDRICAL_SURFACE('',#1300,0.6);
#58=CYLINDRICAL_SURFACE('',#1302,0.6);
#59=CYLINDRICAL_SURFACE('',#1317,0.6);
#60=CYLINDRICAL_SURFACE('',#1320,0.6);
#61=CYLINDRICAL_SURFACE('',#1322,0.6);
#62=CYLINDRICAL_SURFACE('',#1324,0.6);
#63=CYLINDRICAL_SURFACE('',#1336,0.35);
#64=CYLINDRICAL_SURFACE('',#1342,0.499999999999902);
#65=CYLINDRICAL_SURFACE('',#1344,0.499999999993827);
#66=CYLINDRICAL_SURFACE('',#1350,0.35);
#67=CYLINDRICAL_SURFACE('',#1359,0.35);
#68=CYLINDRICAL_SURFACE('',#1365,0.499999999999902);
#69=CYLINDRICAL_SURFACE('',#1367,0.499999999993827);
#70=CYLINDRICAL_SURFACE('',#1373,0.35);
#71=FACE_BOUND('',#147,.T.);
#72=FACE_BOUND('',#166,.T.);
#73=FACE_BOUND('',#176,.T.);
#74=FACE_BOUND('',#177,.T.);
#75=FACE_OUTER_BOUND('',#143,.T.);
#76=FACE_OUTER_BOUND('',#144,.T.);
#77=FACE_OUTER_BOUND('',#145,.T.);
#78=FACE_OUTER_BOUND('',#146,.T.);
#79=FACE_OUTER_BOUND('',#148,.T.);
#80=FACE_OUTER_BOUND('',#149,.T.);
#81=FACE_OUTER_BOUND('',#150,.T.);
#82=FACE_OUTER_BOUND('',#151,.T.);
#83=FACE_OUTER_BOUND('',#152,.T.);
#84=FACE_OUTER_BOUND('',#153,.T.);
#85=FACE_OUTER_BOUND('',#154,.T.);
#86=FACE_OUTER_BOUND('',#155,.T.);
#87=FACE_OUTER_BOUND('',#156,.T.);
#88=FACE_OUTER_BOUND('',#157,.T.);
#89=FACE_OUTER_BOUND('',#158,.T.);
#90=FACE_OUTER_BOUND('',#159,.T.);
#91=FACE_OUTER_BOUND('',#160,.T.);
#92=FACE_OUTER_BOUND('',#161,.T.);
#93=FACE_OUTER_BOUND('',#162,.T.);
#94=FACE_OUTER_BOUND('',#163,.T.);
#95=FACE_OUTER_BOUND('',#164,.T.);
#96=FACE_OUTER_BOUND('',#165,.T.);
#97=FACE_OUTER_BOUND('',#167,.T.);
#98=FACE_OUTER_BOUND('',#168,.T.);
#99=FACE_OUTER_BOUND('',#169,.T.);
#100=FACE_OUTER_BOUND('',#170,.T.);
#101=FACE_OUTER_BOUND('',#171,.T.);
#102=FACE_OUTER_BOUND('',#172,.T.);
#103=FACE_OUTER_BOUND('',#173,.T.);
#104=FACE_OUTER_BOUND('',#174,.T.);
#105=FACE_OUTER_BOUND('',#175,.T.);
#106=FACE_OUTER_BOUND('',#178,.T.);
#107=FACE_OUTER_BOUND('',#179,.T.);
#108=FACE_OUTER_BOUND('',#180,.T.);
#109=FACE_OUTER_BOUND('',#181,.T.);
#110=FACE_OUTER_BOUND('',#182,.T.);
#111=FACE_OUTER_BOUND('',#183,.T.);
#112=FACE_OUTER_BOUND('',#184,.T.);
#113=FACE_OUTER_BOUND('',#185,.T.);
#114=FACE_OUTER_BOUND('',#186,.T.);
#115=FACE_OUTER_BOUND('',#187,.T.);
#116=FACE_OUTER_BOUND('',#188,.T.);
#117=FACE_OUTER_BOUND('',#189,.T.);
#118=FACE_OUTER_BOUND('',#190,.T.);
#119=FACE_OUTER_BOUND('',#191,.T.);
#120=FACE_OUTER_BOUND('',#192,.T.);
#121=FACE_OUTER_BOUND('',#193,.T.);
#122=FACE_OUTER_BOUND('',#194,.T.);
#123=FACE_OUTER_BOUND('',#195,.T.);
#124=FACE_OUTER_BOUND('',#196,.T.);
#125=FACE_OUTER_BOUND('',#197,.T.);
#126=FACE_OUTER_BOUND('',#198,.T.);
#127=FACE_OUTER_BOUND('',#199,.T.);
#128=FACE_OUTER_BOUND('',#200,.T.);
#129=FACE_OUTER_BOUND('',#201,.T.);
#130=FACE_OUTER_BOUND('',#202,.T.);
#131=FACE_OUTER_BOUND('',#203,.T.);
#132=FACE_OUTER_BOUND('',#204,.T.);
#133=FACE_OUTER_BOUND('',#205,.T.);
#134=FACE_OUTER_BOUND('',#206,.T.);
#135=FACE_OUTER_BOUND('',#207,.T.);
#136=FACE_OUTER_BOUND('',#208,.T.);
#137=FACE_OUTER_BOUND('',#209,.T.);
#138=FACE_OUTER_BOUND('',#210,.T.);
#139=FACE_OUTER_BOUND('',#211,.T.);
#140=FACE_OUTER_BOUND('',#212,.T.);
#141=FACE_OUTER_BOUND('',#213,.T.);
#142=FACE_OUTER_BOUND('',#214,.T.);
#143=EDGE_LOOP('',(#801,#802,#803,#804));
#144=EDGE_LOOP('',(#805,#806,#807,#808));
#145=EDGE_LOOP('',(#809,#810,#811,#812));
#146=EDGE_LOOP('',(#813,#814,#815,#816));
#147=EDGE_LOOP('',(#817,#818,#819,#820));
#148=EDGE_LOOP('',(#821,#822,#823,#824));
#149=EDGE_LOOP('',(#825,#826,#827,#828));
#150=EDGE_LOOP('',(#829,#830,#831,#832));
#151=EDGE_LOOP('',(#833,#834,#835,#836));
#152=EDGE_LOOP('',(#837,#838,#839,#840));
#153=EDGE_LOOP('',(#841,#842,#843,#844));
#154=EDGE_LOOP('',(#845,#846,#847,#848));
#155=EDGE_LOOP('',(#849,#850,#851,#852));
#156=EDGE_LOOP('',(#853,#854,#855,#856,#857,#858,#859,#860));
#157=EDGE_LOOP('',(#861,#862,#863,#864));
#158=EDGE_LOOP('',(#865,#866,#867,#868));
#159=EDGE_LOOP('',(#869,#870,#871,#872,#873,#874,#875,#876));
#160=EDGE_LOOP('',(#877,#878,#879,#880));
#161=EDGE_LOOP('',(#881,#882,#883,#884,#885,#886,#887,#888,#889,#890,#891,
#892));
#162=EDGE_LOOP('',(#893,#894,#895,#896));
#163=EDGE_LOOP('',(#897,#898,#899,#900,#901,#902,#903,#904,#905,#906,#907,
#908));
#164=EDGE_LOOP('',(#909,#910,#911,#912));
#165=EDGE_LOOP('',(#913,#914,#915,#916));
#166=EDGE_LOOP('',(#917,#918,#919,#920));
#167=EDGE_LOOP('',(#921,#922,#923,#924));
#168=EDGE_LOOP('',(#925,#926,#927,#928));
#169=EDGE_LOOP('',(#929,#930,#931,#932));
#170=EDGE_LOOP('',(#933,#934,#935,#936));
#171=EDGE_LOOP('',(#937,#938,#939,#940));
#172=EDGE_LOOP('',(#941,#942,#943,#944));
#173=EDGE_LOOP('',(#945,#946,#947,#948));
#174=EDGE_LOOP('',(#949,#950,#951,#952));
#175=EDGE_LOOP('',(#953,#954,#955,#956));
#176=EDGE_LOOP('',(#957,#958,#959,#960));
#177=EDGE_LOOP('',(#961,#962,#963,#964));
#178=EDGE_LOOP('',(#965,#966,#967,#968));
#179=EDGE_LOOP('',(#969,#970,#971,#972));
#180=EDGE_LOOP('',(#973,#974,#975,#976));
#181=EDGE_LOOP('',(#977,#978,#979,#980,#981,#982,#983,#984,#985,#986,#987,
#988,#989,#990,#991));
#182=EDGE_LOOP('',(#992,#993,#994,#995));
#183=EDGE_LOOP('',(#996,#997,#998,#999));
#184=EDGE_LOOP('',(#1000,#1001,#1002,#1003));
#185=EDGE_LOOP('',(#1004,#1005,#1006,#1007));
#186=EDGE_LOOP('',(#1008,#1009,#1010,#1011));
#187=EDGE_LOOP('',(#1012,#1013,#1014,#1015));
#188=EDGE_LOOP('',(#1016,#1017,#1018,#1019));
#189=EDGE_LOOP('',(#1020,#1021,#1022,#1023));
#190=EDGE_LOOP('',(#1024,#1025,#1026,#1027));
#191=EDGE_LOOP('',(#1028,#1029,#1030,#1031));
#192=EDGE_LOOP('',(#1032,#1033,#1034,#1035));
#193=EDGE_LOOP('',(#1036,#1037,#1038,#1039));
#194=EDGE_LOOP('',(#1040,#1041,#1042,#1043));
#195=EDGE_LOOP('',(#1044,#1045,#1046,#1047));
#196=EDGE_LOOP('',(#1048,#1049,#1050,#1051));
#197=EDGE_LOOP('',(#1052,#1053,#1054,#1055,#1056,#1057,#1058,#1059,#1060,
#1061,#1062,#1063,#1064,#1065,#1066));
#198=EDGE_LOOP('',(#1067,#1068,#1069,#1070,#1071,#1072,#1073,#1074,#1075,
#1076,#1077,#1078,#1079,#1080,#1081));
#199=EDGE_LOOP('',(#1082,#1083,#1084,#1085));
#200=EDGE_LOOP('',(#1086,#1087,#1088,#1089));
#201=EDGE_LOOP('',(#1090,#1091,#1092,#1093));
#202=EDGE_LOOP('',(#1094,#1095,#1096,#1097));
#203=EDGE_LOOP('',(#1098,#1099,#1100,#1101));
#204=EDGE_LOOP('',(#1102,#1103,#1104,#1105));
#205=EDGE_LOOP('',(#1106,#1107,#1108,#1109));
#206=EDGE_LOOP('',(#1110,#1111,#1112,#1113));
#207=EDGE_LOOP('',(#1114,#1115,#1116,#1117));
#208=EDGE_LOOP('',(#1118,#1119,#1120,#1121));
#209=EDGE_LOOP('',(#1122,#1123,#1124,#1125));
#210=EDGE_LOOP('',(#1126,#1127,#1128,#1129));
#211=EDGE_LOOP('',(#1130,#1131,#1132,#1133));
#212=EDGE_LOOP('',(#1134,#1135,#1136,#1137));
#213=EDGE_LOOP('',(#1138,#1139,#1140,#1141));
#214=EDGE_LOOP('',(#1142,#1143,#1144,#1145,#1146,#1147,#1148,#1149,#1150,
#1151,#1152,#1153,#1154,#1155,#1156));
#215=LINE('',#1705,#361);
#216=LINE('',#1707,#362);
#217=LINE('',#1709,#363);
#218=LINE('',#1710,#364);
#219=LINE('',#1714,#365);
#220=LINE('',#1716,#366);
#221=LINE('',#1718,#367);
#222=LINE('',#1719,#368);
#223=LINE('',#1722,#369);
#224=LINE('',#1724,#370);
#225=LINE('',#1725,#371);
#226=LINE('',#1727,#372);
#227=LINE('',#1728,#373);
#228=LINE('',#1731,#374);
#229=LINE('',#1733,#375);
#230=LINE('',#1735,#376);
#231=LINE('',#1736,#377);
#232=LINE('',#1739,#378);
#233=LINE('',#1741,#379);
#234=LINE('',#1742,#380);
#235=LINE('',#1745,#381);
#236=LINE('',#1746,#382);
#237=LINE('',#1750,#383);
#238=LINE('',#1753,#384);
#239=LINE('',#1757,#385);
#240=LINE('',#1761,#386);
#241=LINE('',#1764,#387);
#242=LINE('',#1765,#388);
#243=LINE('',#1767,#389);
#244=LINE('',#1771,#390);
#245=LINE('',#1773,#391);
#246=LINE('',#1775,#392);
#247=LINE('',#1777,#393);
#248=LINE('',#1779,#394);
#249=LINE('',#1781,#395);
#250=LINE('',#1782,#396);
#251=LINE('',#1786,#397);
#252=LINE('',#1787,#398);
#253=LINE('',#1788,#399);
#254=LINE('',#1792,#400);
#255=LINE('',#1794,#401);
#256=LINE('',#1796,#402);
#257=LINE('',#1797,#403);
#258=LINE('',#1800,#404);
#259=LINE('',#1802,#405);
#260=LINE('',#1804,#406);
#261=LINE('',#1806,#407);
#262=LINE('',#1808,#408);
#263=LINE('',#1810,#409);
#264=LINE('',#1811,#410);
#265=LINE('',#1814,#411);
#266=LINE('',#1816,#412);
#267=LINE('',#1817,#413);
#268=LINE('',#1820,#414);
#269=LINE('',#1821,#415);
#270=LINE('',#1822,#416);
#271=LINE('',#1824,#417);
#272=LINE('',#1825,#418);
#273=LINE('',#1828,#419);
#274=LINE('',#1829,#420);
#275=LINE('',#1831,#421);
#276=LINE('',#1835,#422);
#277=LINE('',#1837,#423);
#278=LINE('',#1839,#424);
#279=LINE('',#1840,#425);
#280=LINE('',#1843,#426);
#281=LINE('',#1845,#427);
#282=LINE('',#1846,#428);
#283=LINE('',#1849,#429);
#284=LINE('',#1850,#430);
#285=LINE('',#1854,#431);
#286=LINE('',#1857,#432);
#287=LINE('',#1861,#433);
#288=LINE('',#1865,#434);
#289=LINE('',#1868,#435);
#290=LINE('',#1869,#436);
#291=LINE('',#1871,#437);
#292=LINE('',#1874,#438);
#293=LINE('',#1875,#439);
#294=LINE('',#1877,#440);
#295=LINE('',#1883,#441);
#296=LINE('',#1887,#442);
#297=LINE('',#1900,#443);
#298=LINE('',#1902,#444);
#299=LINE('',#1904,#445);
#300=LINE('',#1910,#446);
#301=LINE('',#1912,#447);
#302=LINE('',#1914,#448);
#303=LINE('',#1927,#449);
#304=LINE('',#1931,#450);
#305=LINE('',#1934,#451);
#306=LINE('',#1937,#452);
#307=LINE('',#1938,#453);
#308=LINE('',#1970,#454);
#309=LINE('',#1973,#455);
#310=LINE('',#1974,#456);
#311=LINE('',#1977,#457);
#312=LINE('',#1978,#458);
#313=LINE('',#1981,#459);
#314=LINE('',#1982,#460);
#315=LINE('',#1986,#461);
#316=LINE('',#1990,#462);
#317=LINE('',#1993,#463);
#318=LINE('',#1994,#464);
#319=LINE('',#1997,#465);
#320=LINE('',#1998,#466);
#321=LINE('',#2001,#467);
#322=LINE('',#2002,#468);
#323=LINE('',#2034,#469);
#324=LINE('',#2037,#470);
#325=LINE('',#2038,#471);
#326=LINE('',#2042,#472);
#327=LINE('',#2044,#473);
#328=LINE('',#2049,#474);
#329=LINE('',#2053,#475);
#330=LINE('',#2066,#476);
#331=LINE('',#2068,#477);
#332=LINE('',#2070,#478);
#333=LINE('',#2076,#479);
#334=LINE('',#2078,#480);
#335=LINE('',#2080,#481);
#336=LINE('',#2093,#482);
#337=LINE('',#2097,#483);
#338=LINE('',#2100,#484);
#339=LINE('',#2103,#485);
#340=LINE('',#2104,#486);
#341=LINE('',#2136,#487);
#342=LINE('',#2139,#488);
#343=LINE('',#2140,#489);
#344=LINE('',#2143,#490);
#345=LINE('',#2144,#491);
#346=LINE('',#2147,#492);
#347=LINE('',#2148,#493);
#348=LINE('',#2152,#494);
#349=LINE('',#2156,#495);
#350=LINE('',#2159,#496);
#351=LINE('',#2160,#497);
#352=LINE('',#2163,#498);
#353=LINE('',#2164,#499);
#354=LINE('',#2167,#500);
#355=LINE('',#2168,#501);
#356=LINE('',#2200,#502);
#357=LINE('',#2203,#503);
#358=LINE('',#2204,#504);
#359=LINE('',#2208,#505);
#360=LINE('',#2210,#506);
#361=VECTOR('',#1381,10.);
#362=VECTOR('',#1382,10.);
#363=VECTOR('',#1383,10.);
#364=VECTOR('',#1384,10.);
#365=VECTOR('',#1387,10.);
#366=VECTOR('',#1388,10.);
#367=VECTOR('',#1389,10.);
#368=VECTOR('',#1390,10.);
#369=VECTOR('',#1393,10.);
#370=VECTOR('',#1394,10.);
#371=VECTOR('',#1395,10.);
#372=VECTOR('',#1398,10.);
#373=VECTOR('',#1399,10.);
#374=VECTOR('',#1400,10.);
#375=VECTOR('',#1401,10.);
#376=VECTOR('',#1402,10.);
#377=VECTOR('',#1403,10.);
#378=VECTOR('',#1406,10.);
#379=VECTOR('',#1407,10.);
#380=VECTOR('',#1408,10.);
#381=VECTOR('',#1411,10.);
#382=VECTOR('',#1412,10.);
#383=VECTOR('',#1415,10.);
#384=VECTOR('',#1418,10.);
#385=VECTOR('',#1423,10.);
#386=VECTOR('',#1428,10.);
#387=VECTOR('',#1433,10.);
#388=VECTOR('',#1434,10.);
#389=VECTOR('',#1437,10.);
#390=VECTOR('',#1442,10.);
#391=VECTOR('',#1443,10.);
#392=VECTOR('',#1444,10.);
#393=VECTOR('',#1445,10.);
#394=VECTOR('',#1446,10.);
#395=VECTOR('',#1447,10.);
#396=VECTOR('',#1448,10.);
#397=VECTOR('',#1451,10.);
#398=VECTOR('',#1452,10.);
#399=VECTOR('',#1453,10.);
#400=VECTOR('',#1456,10.);
#401=VECTOR('',#1457,10.);
#402=VECTOR('',#1458,10.);
#403=VECTOR('',#1459,10.);
#404=VECTOR('',#1462,10.);
#405=VECTOR('',#1463,10.);
#406=VECTOR('',#1464,10.);
#407=VECTOR('',#1465,10.);
#408=VECTOR('',#1466,10.);
#409=VECTOR('',#1467,10.);
#410=VECTOR('',#1468,10.);
#411=VECTOR('',#1471,10.);
#412=VECTOR('',#1472,10.);
#413=VECTOR('',#1473,10.);
#414=VECTOR('',#1476,10.);
#415=VECTOR('',#1477,10.);
#416=VECTOR('',#1478,10.);
#417=VECTOR('',#1481,10.);
#418=VECTOR('',#1482,10.);
#419=VECTOR('',#1485,10.);
#420=VECTOR('',#1486,10.);
#421=VECTOR('',#1489,10.);
#422=VECTOR('',#1492,10.);
#423=VECTOR('',#1493,10.);
#424=VECTOR('',#1494,10.);
#425=VECTOR('',#1495,10.);
#426=VECTOR('',#1498,10.);
#427=VECTOR('',#1499,10.);
#428=VECTOR('',#1500,10.);
#429=VECTOR('',#1503,10.);
#430=VECTOR('',#1504,10.);
#431=VECTOR('',#1507,10.);
#432=VECTOR('',#1510,10.);
#433=VECTOR('',#1515,10.);
#434=VECTOR('',#1520,10.);
#435=VECTOR('',#1525,10.);
#436=VECTOR('',#1526,10.);
#437=VECTOR('',#1529,10.);
#438=VECTOR('',#1534,10.);
#439=VECTOR('',#1535,10.);
#440=VECTOR('',#1538,10.);
#441=VECTOR('',#1545,10.);
#442=VECTOR('',#1548,10.);
#443=VECTOR('',#1549,10.);
#444=VECTOR('',#1550,10.);
#445=VECTOR('',#1551,10.);
#446=VECTOR('',#1556,10.);
#447=VECTOR('',#1557,10.);
#448=VECTOR('',#1558,10.);
#449=VECTOR('',#1559,10.);
#450=VECTOR('',#1564,10.);
#451=VECTOR('',#1567,10.);
#452=VECTOR('',#1570,10.);
#453=VECTOR('',#1571,10.);
#454=VECTOR('',#1572,10.);
#455=VECTOR('',#1575,10.);
#456=VECTOR('',#1576,10.);
#457=VECTOR('',#1579,10.);
#458=VECTOR('',#1580,10.);
#459=VECTOR('',#1583,10.);
#460=VECTOR('',#1584,10.);
#461=VECTOR('',#1589,10.);
#462=VECTOR('',#1594,10.);
#463=VECTOR('',#1597,10.);
#464=VECTOR('',#1598,10.);
#465=VECTOR('',#1601,10.);
#466=VECTOR('',#1602,10.);
#467=VECTOR('',#1605,10.);
#468=VECTOR('',#1606,10.);
#469=VECTOR('',#1607,10.);
#470=VECTOR('',#1610,10.);
#471=VECTOR('',#1611,10.);
#472=VECTOR('',#1616,10.);
#473=VECTOR('',#1619,10.);
#474=VECTOR('',#1624,10.);
#475=VECTOR('',#1627,10.);
#476=VECTOR('',#1628,10.);
#477=VECTOR('',#1629,10.);
#478=VECTOR('',#1630,10.);
#479=VECTOR('',#1635,10.);
#480=VECTOR('',#1636,10.);
#481=VECTOR('',#1637,10.);
#482=VECTOR('',#1638,10.);
#483=VECTOR('',#1643,10.);
#484=VECTOR('',#1646,10.);
#485=VECTOR('',#1649,10.);
#486=VECTOR('',#1650,10.);
#487=VECTOR('',#1651,10.);
#488=VECTOR('',#1654,10.);
#489=VECTOR('',#1655,10.);
#490=VECTOR('',#1658,10.);
#491=VECTOR('',#1659,10.);
#492=VECTOR('',#1662,10.);
#493=VECTOR('',#1663,10.);
#494=VECTOR('',#1668,10.);
#495=VECTOR('',#1673,10.);
#496=VECTOR('',#1676,10.);
#497=VECTOR('',#1677,10.);
#498=VECTOR('',#1680,10.);
#499=VECTOR('',#1681,10.);
#500=VECTOR('',#1684,10.);
#501=VECTOR('',#1685,10.);
#502=VECTOR('',#1686,10.);
#503=VECTOR('',#1689,10.);
#504=VECTOR('',#1690,10.);
#505=VECTOR('',#1695,10.);
#506=VECTOR('',#1698,10.);
#507=VERTEX_POINT('',#1703);
#508=VERTEX_POINT('',#1704);
#509=VERTEX_POINT('',#1706);
#510=VERTEX_POINT('',#1708);
#511=VERTEX_POINT('',#1712);
#512=VERTEX_POINT('',#1713);
#513=VERTEX_POINT('',#1715);
#514=VERTEX_POINT('',#1717);
#515=VERTEX_POINT('',#1721);
#516=VERTEX_POINT('',#1723);
#517=VERTEX_POINT('',#1729);
#518=VERTEX_POINT('',#1730);
#519=VERTEX_POINT('',#1732);
#520=VERTEX_POINT('',#1734);
#521=VERTEX_POINT('',#1738);
#522=VERTEX_POINT('',#1740);
#523=VERTEX_POINT('',#1744);
#524=VERTEX_POINT('',#1748);
#525=VERTEX_POINT('',#1749);
#526=VERTEX_POINT('',#1752);
#527=VERTEX_POINT('',#1756);
#528=VERTEX_POINT('',#1760);
#529=VERTEX_POINT('',#1770);
#530=VERTEX_POINT('',#1772);
#531=VERTEX_POINT('',#1774);
#532=VERTEX_POINT('',#1776);
#533=VERTEX_POINT('',#1778);
#534=VERTEX_POINT('',#1780);
#535=VERTEX_POINT('',#1784);
#536=VERTEX_POINT('',#1785);
#537=VERTEX_POINT('',#1790);
#538=VERTEX_POINT('',#1791);
#539=VERTEX_POINT('',#1793);
#540=VERTEX_POINT('',#1795);
#541=VERTEX_POINT('',#1799);
#542=VERTEX_POINT('',#1801);
#543=VERTEX_POINT('',#1803);
#544=VERTEX_POINT('',#1805);
#545=VERTEX_POINT('',#1807);
#546=VERTEX_POINT('',#1809);
#547=VERTEX_POINT('',#1813);
#548=VERTEX_POINT('',#1815);
#549=VERTEX_POINT('',#1819);
#550=VERTEX_POINT('',#1827);
#551=VERTEX_POINT('',#1833);
#552=VERTEX_POINT('',#1834);
#553=VERTEX_POINT('',#1836);
#554=VERTEX_POINT('',#1838);
#555=VERTEX_POINT('',#1842);
#556=VERTEX_POINT('',#1844);
#557=VERTEX_POINT('',#1848);
#558=VERTEX_POINT('',#1852);
#559=VERTEX_POINT('',#1853);
#560=VERTEX_POINT('',#1856);
#561=VERTEX_POINT('',#1860);
#562=VERTEX_POINT('',#1864);
#563=VERTEX_POINT('',#1881);
#564=VERTEX_POINT('',#1882);
#565=VERTEX_POINT('',#1884);
#566=VERTEX_POINT('',#1886);
#567=VERTEX_POINT('',#1888);
#568=VERTEX_POINT('',#1899);
#569=VERTEX_POINT('',#1901);
#570=VERTEX_POINT('',#1903);
#571=VERTEX_POINT('',#1905);
#572=VERTEX_POINT('',#1907);
#573=VERTEX_POINT('',#1909);
#574=VERTEX_POINT('',#1911);
#575=VERTEX_POINT('',#1913);
#576=VERTEX_POINT('',#1915);
#577=VERTEX_POINT('',#1926);
#578=VERTEX_POINT('',#1930);
#579=VERTEX_POINT('',#1932);
#580=VERTEX_POINT('',#1936);
#581=VERTEX_POINT('',#1959);
#582=VERTEX_POINT('',#1972);
#583=VERTEX_POINT('',#1976);
#584=VERTEX_POINT('',#1980);
#585=VERTEX_POINT('',#1984);
#586=VERTEX_POINT('',#1988);
#587=VERTEX_POINT('',#1992);
#588=VERTEX_POINT('',#1996);
#589=VERTEX_POINT('',#2000);
#590=VERTEX_POINT('',#2023);
#591=VERTEX_POINT('',#2036);
#592=VERTEX_POINT('',#2040);
#593=VERTEX_POINT('',#2047);
#594=VERTEX_POINT('',#2048);
#595=VERTEX_POINT('',#2050);
#596=VERTEX_POINT('',#2052);
#597=VERTEX_POINT('',#2054);
#598=VERTEX_POINT('',#2065);
#599=VERTEX_POINT('',#2067);
#600=VERTEX_POINT('',#2069);
#601=VERTEX_POINT('',#2071);
#602=VERTEX_POINT('',#2073);
#603=VERTEX_POINT('',#2075);
#604=VERTEX_POINT('',#2077);
#605=VERTEX_POINT('',#2079);
#606=VERTEX_POINT('',#2081);
#607=VERTEX_POINT('',#2092);
#608=VERTEX_POINT('',#2096);
#609=VERTEX_POINT('',#2098);
#610=VERTEX_POINT('',#2102);
#611=VERTEX_POINT('',#2125);
#612=VERTEX_POINT('',#2138);
#613=VERTEX_POINT('',#2142);
#614=VERTEX_POINT('',#2146);
#615=VERTEX_POINT('',#2150);
#616=VERTEX_POINT('',#2154);
#617=VERTEX_POINT('',#2158);
#618=VERTEX_POINT('',#2162);
#619=VERTEX_POINT('',#2166);
#620=VERTEX_POINT('',#2189);
#621=VERTEX_POINT('',#2202);
#622=VERTEX_POINT('',#2206);
#623=EDGE_CURVE('',#507,#508,#215,.T.);
#624=EDGE_CURVE('',#509,#507,#216,.T.);
#625=EDGE_CURVE('',#510,#509,#217,.T.);
#626=EDGE_CURVE('',#510,#508,#218,.T.);
#627=EDGE_CURVE('',#511,#512,#219,.T.);
#628=EDGE_CURVE('',#512,#513,#220,.T.);
#629=EDGE_CURVE('',#513,#514,#221,.T.);
#630=EDGE_CURVE('',#511,#514,#222,.T.);
#631=EDGE_CURVE('',#508,#515,#223,.T.);
#632=EDGE_CURVE('',#515,#516,#224,.T.);
#633=EDGE_CURVE('',#507,#516,#225,.T.);
#634=EDGE_CURVE('',#514,#515,#226,.T.);
#635=EDGE_CURVE('',#516,#513,#227,.T.);
#636=EDGE_CURVE('',#517,#518,#228,.T.);
#637=EDGE_CURVE('',#519,#517,#229,.T.);
#638=EDGE_CURVE('',#520,#519,#230,.T.);
#639=EDGE_CURVE('',#518,#520,#231,.T.);
#640=EDGE_CURVE('',#517,#521,#232,.T.);
#641=EDGE_CURVE('',#522,#521,#233,.T.);
#642=EDGE_CURVE('',#519,#522,#234,.T.);
#643=EDGE_CURVE('',#518,#523,#235,.T.);
#644=EDGE_CURVE('',#521,#523,#236,.T.);
#645=EDGE_CURVE('',#524,#525,#237,.T.);
#646=EDGE_CURVE('',#525,#523,#47,.T.);
#647=EDGE_CURVE('',#523,#526,#238,.T.);
#648=EDGE_CURVE('',#524,#526,#48,.T.);
#649=EDGE_CURVE('',#525,#527,#239,.T.);
#650=EDGE_CURVE('',#527,#521,#49,.T.);
#651=EDGE_CURVE('',#527,#528,#240,.T.);
#652=EDGE_CURVE('',#528,#522,#50,.T.);
#653=EDGE_CURVE('',#526,#522,#241,.T.);
#654=EDGE_CURVE('',#528,#524,#242,.T.);
#655=EDGE_CURVE('',#520,#526,#243,.T.);
#656=EDGE_CURVE('',#509,#529,#244,.T.);
#657=EDGE_CURVE('',#529,#530,#245,.T.);
#658=EDGE_CURVE('',#530,#531,#246,.T.);
#659=EDGE_CURVE('',#532,#531,#247,.T.);
#660=EDGE_CURVE('',#533,#532,#248,.T.);
#661=EDGE_CURVE('',#533,#534,#249,.T.);
#662=EDGE_CURVE('',#534,#510,#250,.T.);
#663=EDGE_CURVE('',#535,#536,#251,.T.);
#664=EDGE_CURVE('',#512,#535,#252,.T.);
#665=EDGE_CURVE('',#511,#536,#253,.T.);
#666=EDGE_CURVE('',#537,#538,#254,.T.);
#667=EDGE_CURVE('',#539,#537,#255,.T.);
#668=EDGE_CURVE('',#540,#539,#256,.T.);
#669=EDGE_CURVE('',#540,#538,#257,.T.);
#670=EDGE_CURVE('',#541,#537,#258,.T.);
#671=EDGE_CURVE('',#538,#542,#259,.T.);
#672=EDGE_CURVE('',#542,#543,#260,.T.);
#673=EDGE_CURVE('',#543,#544,#261,.T.);
#674=EDGE_CURVE('',#545,#544,#262,.T.);
#675=EDGE_CURVE('',#546,#545,#263,.T.);
#676=EDGE_CURVE('',#546,#541,#264,.T.);
#677=EDGE_CURVE('',#539,#547,#265,.T.);
#678=EDGE_CURVE('',#547,#548,#266,.T.);
#679=EDGE_CURVE('',#540,#548,#267,.T.);
#680=EDGE_CURVE('',#535,#549,#268,.T.);
#681=EDGE_CURVE('',#549,#547,#269,.T.);
#682=EDGE_CURVE('',#529,#541,#270,.T.);
#683=EDGE_CURVE('',#542,#534,#271,.T.);
#684=EDGE_CURVE('',#543,#533,#272,.T.);
#685=EDGE_CURVE('',#548,#550,#273,.T.);
#686=EDGE_CURVE('',#536,#550,#274,.T.);
#687=EDGE_CURVE('',#550,#549,#275,.T.);
#688=EDGE_CURVE('',#551,#552,#276,.T.);
#689=EDGE_CURVE('',#553,#551,#277,.T.);
#690=EDGE_CURVE('',#554,#553,#278,.T.);
#691=EDGE_CURVE('',#552,#554,#279,.T.);
#692=EDGE_CURVE('',#551,#555,#280,.T.);
#693=EDGE_CURVE('',#556,#555,#281,.T.);
#694=EDGE_CURVE('',#553,#556,#282,.T.);
#695=EDGE_CURVE('',#552,#557,#283,.T.);
#696=EDGE_CURVE('',#555,#557,#284,.T.);
#697=EDGE_CURVE('',#558,#559,#285,.T.);
#698=EDGE_CURVE('',#559,#557,#51,.T.);
#699=EDGE_CURVE('',#557,#560,#286,.T.);
#700=EDGE_CURVE('',#558,#560,#52,.T.);
#701=EDGE_CURVE('',#559,#561,#287,.T.);
#702=EDGE_CURVE('',#561,#555,#53,.T.);
#703=EDGE_CURVE('',#561,#562,#288,.T.);
#704=EDGE_CURVE('',#562,#556,#54,.T.);
#705=EDGE_CURVE('',#560,#556,#289,.T.);
#706=EDGE_CURVE('',#562,#558,#290,.T.);
#707=EDGE_CURVE('',#554,#560,#291,.T.);
#708=EDGE_CURVE('',#544,#532,#292,.T.);
#709=EDGE_CURVE('',#531,#545,#293,.T.);
#710=EDGE_CURVE('',#530,#546,#294,.T.);
#711=EDGE_CURVE('',#563,#564,#295,.T.);
#712=EDGE_CURVE('',#564,#565,#25,.T.);
#713=EDGE_CURVE('',#565,#566,#296,.T.);
#714=EDGE_CURVE('',#566,#567,#17,.T.);
#715=EDGE_CURVE('',#567,#568,#297,.T.);
#716=EDGE_CURVE('',#568,#569,#298,.T.);
#717=EDGE_CURVE('',#569,#570,#299,.T.);
#718=EDGE_CURVE('',#570,#571,#26,.T.);
#719=EDGE_CURVE('',#571,#572,#27,.T.);
#720=EDGE_CURVE('',#572,#573,#300,.T.);
#721=EDGE_CURVE('',#573,#574,#301,.T.);
#722=EDGE_CURVE('',#574,#575,#302,.T.);
#723=EDGE_CURVE('',#575,#576,#18,.T.);
#724=EDGE_CURVE('',#576,#577,#303,.T.);
#725=EDGE_CURVE('',#577,#563,#28,.T.);
#726=EDGE_CURVE('',#564,#578,#304,.T.);
#727=EDGE_CURVE('',#579,#578,#29,.T.);
#728=EDGE_CURVE('',#565,#579,#305,.T.);
#729=EDGE_CURVE('',#580,#579,#306,.T.);
#730=EDGE_CURVE('',#566,#580,#307,.T.);
#731=EDGE_CURVE('',#581,#580,#19,.T.);
#732=EDGE_CURVE('',#567,#581,#308,.T.);
#733=EDGE_CURVE('',#582,#581,#309,.T.);
#734=EDGE_CURVE('',#568,#582,#310,.T.);
#735=EDGE_CURVE('',#583,#582,#311,.T.);
#736=EDGE_CURVE('',#569,#583,#312,.T.);
#737=EDGE_CURVE('',#584,#583,#313,.T.);
#738=EDGE_CURVE('',#570,#584,#314,.T.);
#739=EDGE_CURVE('',#585,#584,#30,.T.);
#740=EDGE_CURVE('',#571,#585,#315,.T.);
#741=EDGE_CURVE('',#586,#585,#31,.T.);
#742=EDGE_CURVE('',#572,#586,#316,.T.);
#743=EDGE_CURVE('',#587,#586,#317,.T.);
#744=EDGE_CURVE('',#573,#587,#318,.T.);
#745=EDGE_CURVE('',#588,#587,#319,.T.);
#746=EDGE_CURVE('',#574,#588,#320,.T.);
#747=EDGE_CURVE('',#589,#588,#321,.T.);
#748=EDGE_CURVE('',#575,#589,#322,.T.);
#749=EDGE_CURVE('',#590,#589,#20,.T.);
#750=EDGE_CURVE('',#576,#590,#323,.T.);
#751=EDGE_CURVE('',#591,#590,#324,.T.);
#752=EDGE_CURVE('',#577,#591,#325,.T.);
#753=EDGE_CURVE('',#592,#591,#32,.T.);
#754=EDGE_CURVE('',#563,#592,#326,.T.);
#755=EDGE_CURVE('',#578,#592,#327,.T.);
#756=EDGE_CURVE('',#593,#594,#328,.T.);
#757=EDGE_CURVE('',#594,#595,#33,.T.);
#758=EDGE_CURVE('',#595,#596,#329,.T.);
#759=EDGE_CURVE('',#596,#597,#21,.T.);
#760=EDGE_CURVE('',#597,#598,#330,.T.);
#761=EDGE_CURVE('',#598,#599,#331,.T.);
#762=EDGE_CURVE('',#599,#600,#332,.T.);
#763=EDGE_CURVE('',#600,#601,#34,.T.);
#764=EDGE_CURVE('',#601,#602,#35,.T.);
#765=EDGE_CURVE('',#602,#603,#333,.T.);
#766=EDGE_CURVE('',#603,#604,#334,.T.);
#767=EDGE_CURVE('',#604,#605,#335,.T.);
#768=EDGE_CURVE('',#605,#606,#22,.T.);
#769=EDGE_CURVE('',#606,#607,#336,.T.);
#770=EDGE_CURVE('',#607,#593,#36,.T.);
#771=EDGE_CURVE('',#594,#608,#337,.T.);
#772=EDGE_CURVE('',#609,#608,#37,.T.);
#773=EDGE_CURVE('',#595,#609,#338,.T.);
#774=EDGE_CURVE('',#610,#609,#339,.T.);
#775=EDGE_CURVE('',#596,#610,#340,.T.);
#776=EDGE_CURVE('',#611,#610,#23,.T.);
#777=EDGE_CURVE('',#597,#611,#341,.T.);
#778=EDGE_CURVE('',#612,#611,#342,.T.);
#779=EDGE_CURVE('',#598,#612,#343,.T.);
#780=EDGE_CURVE('',#613,#612,#344,.T.);
#781=EDGE_CURVE('',#599,#613,#345,.T.);
#782=EDGE_CURVE('',#614,#613,#346,.T.);
#783=EDGE_CURVE('',#600,#614,#347,.T.);
#784=EDGE_CURVE('',#615,#614,#38,.T.);
#785=EDGE_CURVE('',#601,#615,#348,.T.);
#786=EDGE_CURVE('',#616,#615,#39,.T.);
#787=EDGE_CURVE('',#602,#616,#349,.T.);
#788=EDGE_CURVE('',#617,#616,#350,.T.);
#789=EDGE_CURVE('',#603,#617,#351,.T.);
#790=EDGE_CURVE('',#618,#617,#352,.T.);
#791=EDGE_CURVE('',#604,#618,#353,.T.);
#792=EDGE_CURVE('',#619,#618,#354,.T.);
#793=EDGE_CURVE('',#605,#619,#355,.T.);
#794=EDGE_CURVE('',#620,#619,#24,.T.);
#795=EDGE_CURVE('',#606,#620,#356,.T.);
#796=EDGE_CURVE('',#621,#620,#357,.T.);
#797=EDGE_CURVE('',#607,#621,#358,.T.);
#798=EDGE_CURVE('',#622,#621,#40,.T.);
#799=EDGE_CURVE('',#593,#622,#359,.T.);
#800=EDGE_CURVE('',#608,#622,#360,.T.);
#801=ORIENTED_EDGE('',*,*,#623,.F.);
#802=ORIENTED_EDGE('',*,*,#624,.F.);
#803=ORIENTED_EDGE('',*,*,#625,.F.);
#804=ORIENTED_EDGE('',*,*,#626,.T.);
#805=ORIENTED_EDGE('',*,*,#627,.T.);
#806=ORIENTED_EDGE('',*,*,#628,.T.);
#807=ORIENTED_EDGE('',*,*,#629,.T.);
#808=ORIENTED_EDGE('',*,*,#630,.F.);
#809=ORIENTED_EDGE('',*,*,#623,.T.);
#810=ORIENTED_EDGE('',*,*,#631,.T.);
#811=ORIENTED_EDGE('',*,*,#632,.T.);
#812=ORIENTED_EDGE('',*,*,#633,.F.);
#813=ORIENTED_EDGE('',*,*,#632,.F.);
#814=ORIENTED_EDGE('',*,*,#634,.F.);
#815=ORIENTED_EDGE('',*,*,#629,.F.);
#816=ORIENTED_EDGE('',*,*,#635,.F.);
#817=ORIENTED_EDGE('',*,*,#636,.F.);
#818=ORIENTED_EDGE('',*,*,#637,.F.);
#819=ORIENTED_EDGE('',*,*,#638,.F.);
#820=ORIENTED_EDGE('',*,*,#639,.F.);
#821=ORIENTED_EDGE('',*,*,#637,.T.);
#822=ORIENTED_EDGE('',*,*,#640,.T.);
#823=ORIENTED_EDGE('',*,*,#641,.F.);
#824=ORIENTED_EDGE('',*,*,#642,.F.);
#825=ORIENTED_EDGE('',*,*,#636,.T.);
#826=ORIENTED_EDGE('',*,*,#643,.T.);
#827=ORIENTED_EDGE('',*,*,#644,.F.);
#828=ORIENTED_EDGE('',*,*,#640,.F.);
#829=ORIENTED_EDGE('',*,*,#645,.T.);
#830=ORIENTED_EDGE('',*,*,#646,.T.);
#831=ORIENTED_EDGE('',*,*,#647,.T.);
#832=ORIENTED_EDGE('',*,*,#648,.F.);
#833=ORIENTED_EDGE('',*,*,#649,.T.);
#834=ORIENTED_EDGE('',*,*,#650,.T.);
#835=ORIENTED_EDGE('',*,*,#644,.T.);
#836=ORIENTED_EDGE('',*,*,#646,.F.);
#837=ORIENTED_EDGE('',*,*,#651,.T.);
#838=ORIENTED_EDGE('',*,*,#652,.T.);
#839=ORIENTED_EDGE('',*,*,#641,.T.);
#840=ORIENTED_EDGE('',*,*,#650,.F.);
#841=ORIENTED_EDGE('',*,*,#653,.T.);
#842=ORIENTED_EDGE('',*,*,#652,.F.);
#843=ORIENTED_EDGE('',*,*,#654,.T.);
#844=ORIENTED_EDGE('',*,*,#648,.T.);
#845=ORIENTED_EDGE('',*,*,#638,.T.);
#846=ORIENTED_EDGE('',*,*,#642,.T.);
#847=ORIENTED_EDGE('',*,*,#653,.F.);
#848=ORIENTED_EDGE('',*,*,#655,.F.);
#849=ORIENTED_EDGE('',*,*,#639,.T.);
#850=ORIENTED_EDGE('',*,*,#655,.T.);
#851=ORIENTED_EDGE('',*,*,#647,.F.);
#852=ORIENTED_EDGE('',*,*,#643,.F.);
#853=ORIENTED_EDGE('',*,*,#656,.T.);
#854=ORIENTED_EDGE('',*,*,#657,.T.);
#855=ORIENTED_EDGE('',*,*,#658,.T.);
#856=ORIENTED_EDGE('',*,*,#659,.F.);
#857=ORIENTED_EDGE('',*,*,#660,.F.);
#858=ORIENTED_EDGE('',*,*,#661,.T.);
#859=ORIENTED_EDGE('',*,*,#662,.T.);
#860=ORIENTED_EDGE('',*,*,#625,.T.);
#861=ORIENTED_EDGE('',*,*,#663,.F.);
#862=ORIENTED_EDGE('',*,*,#664,.F.);
#863=ORIENTED_EDGE('',*,*,#627,.F.);
#864=ORIENTED_EDGE('',*,*,#665,.T.);
#865=ORIENTED_EDGE('',*,*,#666,.F.);
#866=ORIENTED_EDGE('',*,*,#667,.F.);
#867=ORIENTED_EDGE('',*,*,#668,.F.);
#868=ORIENTED_EDGE('',*,*,#669,.T.);
#869=ORIENTED_EDGE('',*,*,#670,.T.);
#870=ORIENTED_EDGE('',*,*,#666,.T.);
#871=ORIENTED_EDGE('',*,*,#671,.T.);
#872=ORIENTED_EDGE('',*,*,#672,.T.);
#873=ORIENTED_EDGE('',*,*,#673,.T.);
#874=ORIENTED_EDGE('',*,*,#674,.F.);
#875=ORIENTED_EDGE('',*,*,#675,.F.);
#876=ORIENTED_EDGE('',*,*,#676,.T.);
#877=ORIENTED_EDGE('',*,*,#668,.T.);
#878=ORIENTED_EDGE('',*,*,#677,.T.);
#879=ORIENTED_EDGE('',*,*,#678,.T.);
#880=ORIENTED_EDGE('',*,*,#679,.F.);
#881=ORIENTED_EDGE('',*,*,#680,.T.);
#882=ORIENTED_EDGE('',*,*,#681,.T.);
#883=ORIENTED_EDGE('',*,*,#677,.F.);
#884=ORIENTED_EDGE('',*,*,#667,.T.);
#885=ORIENTED_EDGE('',*,*,#670,.F.);
#886=ORIENTED_EDGE('',*,*,#682,.F.);
#887=ORIENTED_EDGE('',*,*,#656,.F.);
#888=ORIENTED_EDGE('',*,*,#624,.T.);
#889=ORIENTED_EDGE('',*,*,#633,.T.);
#890=ORIENTED_EDGE('',*,*,#635,.T.);
#891=ORIENTED_EDGE('',*,*,#628,.F.);
#892=ORIENTED_EDGE('',*,*,#664,.T.);
#893=ORIENTED_EDGE('',*,*,#683,.T.);
#894=ORIENTED_EDGE('',*,*,#661,.F.);
#895=ORIENTED_EDGE('',*,*,#684,.F.);
#896=ORIENTED_EDGE('',*,*,#672,.F.);
#897=ORIENTED_EDGE('',*,*,#679,.T.);
#898=ORIENTED_EDGE('',*,*,#685,.T.);
#899=ORIENTED_EDGE('',*,*,#686,.F.);
#900=ORIENTED_EDGE('',*,*,#665,.F.);
#901=ORIENTED_EDGE('',*,*,#630,.T.);
#902=ORIENTED_EDGE('',*,*,#634,.T.);
#903=ORIENTED_EDGE('',*,*,#631,.F.);
#904=ORIENTED_EDGE('',*,*,#626,.F.);
#905=ORIENTED_EDGE('',*,*,#662,.F.);
#906=ORIENTED_EDGE('',*,*,#683,.F.);
#907=ORIENTED_EDGE('',*,*,#671,.F.);
#908=ORIENTED_EDGE('',*,*,#669,.F.);
#909=ORIENTED_EDGE('',*,*,#663,.T.);
#910=ORIENTED_EDGE('',*,*,#686,.T.);
#911=ORIENTED_EDGE('',*,*,#687,.T.);
#912=ORIENTED_EDGE('',*,*,#680,.F.);
#913=ORIENTED_EDGE('',*,*,#687,.F.);
#914=ORIENTED_EDGE('',*,*,#685,.F.);
#915=ORIENTED_EDGE('',*,*,#678,.F.);
#916=ORIENTED_EDGE('',*,*,#681,.F.);
#917=ORIENTED_EDGE('',*,*,#688,.F.);
#918=ORIENTED_EDGE('',*,*,#689,.F.);
#919=ORIENTED_EDGE('',*,*,#690,.F.);
#920=ORIENTED_EDGE('',*,*,#691,.F.);
#921=ORIENTED_EDGE('',*,*,#689,.T.);
#922=ORIENTED_EDGE('',*,*,#692,.T.);
#923=ORIENTED_EDGE('',*,*,#693,.F.);
#924=ORIENTED_EDGE('',*,*,#694,.F.);
#925=ORIENTED_EDGE('',*,*,#688,.T.);
#926=ORIENTED_EDGE('',*,*,#695,.T.);
#927=ORIENTED_EDGE('',*,*,#696,.F.);
#928=ORIENTED_EDGE('',*,*,#692,.F.);
#929=ORIENTED_EDGE('',*,*,#697,.T.);
#930=ORIENTED_EDGE('',*,*,#698,.T.);
#931=ORIENTED_EDGE('',*,*,#699,.T.);
#932=ORIENTED_EDGE('',*,*,#700,.F.);
#933=ORIENTED_EDGE('',*,*,#701,.T.);
#934=ORIENTED_EDGE('',*,*,#702,.T.);
#935=ORIENTED_EDGE('',*,*,#696,.T.);
#936=ORIENTED_EDGE('',*,*,#698,.F.);
#937=ORIENTED_EDGE('',*,*,#703,.T.);
#938=ORIENTED_EDGE('',*,*,#704,.T.);
#939=ORIENTED_EDGE('',*,*,#693,.T.);
#940=ORIENTED_EDGE('',*,*,#702,.F.);
#941=ORIENTED_EDGE('',*,*,#705,.T.);
#942=ORIENTED_EDGE('',*,*,#704,.F.);
#943=ORIENTED_EDGE('',*,*,#706,.T.);
#944=ORIENTED_EDGE('',*,*,#700,.T.);
#945=ORIENTED_EDGE('',*,*,#690,.T.);
#946=ORIENTED_EDGE('',*,*,#694,.T.);
#947=ORIENTED_EDGE('',*,*,#705,.F.);
#948=ORIENTED_EDGE('',*,*,#707,.F.);
#949=ORIENTED_EDGE('',*,*,#691,.T.);
#950=ORIENTED_EDGE('',*,*,#707,.T.);
#951=ORIENTED_EDGE('',*,*,#699,.F.);
#952=ORIENTED_EDGE('',*,*,#695,.F.);
#953=ORIENTED_EDGE('',*,*,#708,.T.);
#954=ORIENTED_EDGE('',*,*,#659,.T.);
#955=ORIENTED_EDGE('',*,*,#709,.T.);
#956=ORIENTED_EDGE('',*,*,#674,.T.);
#957=ORIENTED_EDGE('',*,*,#645,.F.);
#958=ORIENTED_EDGE('',*,*,#654,.F.);
#959=ORIENTED_EDGE('',*,*,#651,.F.);
#960=ORIENTED_EDGE('',*,*,#649,.F.);
#961=ORIENTED_EDGE('',*,*,#697,.F.);
#962=ORIENTED_EDGE('',*,*,#706,.F.);
#963=ORIENTED_EDGE('',*,*,#703,.F.);
#964=ORIENTED_EDGE('',*,*,#701,.F.);
#965=ORIENTED_EDGE('',*,*,#710,.T.);
#966=ORIENTED_EDGE('',*,*,#675,.T.);
#967=ORIENTED_EDGE('',*,*,#709,.F.);
#968=ORIENTED_EDGE('',*,*,#658,.F.);
#969=ORIENTED_EDGE('',*,*,#684,.T.);
#970=ORIENTED_EDGE('',*,*,#660,.T.);
#971=ORIENTED_EDGE('',*,*,#708,.F.);
#972=ORIENTED_EDGE('',*,*,#673,.F.);
#973=ORIENTED_EDGE('',*,*,#682,.T.);
#974=ORIENTED_EDGE('',*,*,#676,.F.);
#975=ORIENTED_EDGE('',*,*,#710,.F.);
#976=ORIENTED_EDGE('',*,*,#657,.F.);
#977=ORIENTED_EDGE('',*,*,#711,.T.);
#978=ORIENTED_EDGE('',*,*,#712,.T.);
#979=ORIENTED_EDGE('',*,*,#713,.T.);
#980=ORIENTED_EDGE('',*,*,#714,.T.);
#981=ORIENTED_EDGE('',*,*,#715,.T.);
#982=ORIENTED_EDGE('',*,*,#716,.T.);
#983=ORIENTED_EDGE('',*,*,#717,.T.);
#984=ORIENTED_EDGE('',*,*,#718,.T.);
#985=ORIENTED_EDGE('',*,*,#719,.T.);
#986=ORIENTED_EDGE('',*,*,#720,.T.);
#987=ORIENTED_EDGE('',*,*,#721,.T.);
#988=ORIENTED_EDGE('',*,*,#722,.T.);
#989=ORIENTED_EDGE('',*,*,#723,.T.);
#990=ORIENTED_EDGE('',*,*,#724,.T.);
#991=ORIENTED_EDGE('',*,*,#725,.T.);
#992=ORIENTED_EDGE('',*,*,#726,.T.);
#993=ORIENTED_EDGE('',*,*,#727,.F.);
#994=ORIENTED_EDGE('',*,*,#728,.F.);
#995=ORIENTED_EDGE('',*,*,#712,.F.);
#996=ORIENTED_EDGE('',*,*,#728,.T.);
#997=ORIENTED_EDGE('',*,*,#729,.F.);
#998=ORIENTED_EDGE('',*,*,#730,.F.);
#999=ORIENTED_EDGE('',*,*,#713,.F.);
#1000=ORIENTED_EDGE('',*,*,#730,.T.);
#1001=ORIENTED_EDGE('',*,*,#731,.F.);
#1002=ORIENTED_EDGE('',*,*,#732,.F.);
#1003=ORIENTED_EDGE('',*,*,#714,.F.);
#1004=ORIENTED_EDGE('',*,*,#732,.T.);
#1005=ORIENTED_EDGE('',*,*,#733,.F.);
#1006=ORIENTED_EDGE('',*,*,#734,.F.);
#1007=ORIENTED_EDGE('',*,*,#715,.F.);
#1008=ORIENTED_EDGE('',*,*,#734,.T.);
#1009=ORIENTED_EDGE('',*,*,#735,.F.);
#1010=ORIENTED_EDGE('',*,*,#736,.F.);
#1011=ORIENTED_EDGE('',*,*,#716,.F.);
#1012=ORIENTED_EDGE('',*,*,#736,.T.);
#1013=ORIENTED_EDGE('',*,*,#737,.F.);
#1014=ORIENTED_EDGE('',*,*,#738,.F.);
#1015=ORIENTED_EDGE('',*,*,#717,.F.);
#1016=ORIENTED_EDGE('',*,*,#738,.T.);
#1017=ORIENTED_EDGE('',*,*,#739,.F.);
#1018=ORIENTED_EDGE('',*,*,#740,.F.);
#1019=ORIENTED_EDGE('',*,*,#718,.F.);
#1020=ORIENTED_EDGE('',*,*,#740,.T.);
#1021=ORIENTED_EDGE('',*,*,#741,.F.);
#1022=ORIENTED_EDGE('',*,*,#742,.F.);
#1023=ORIENTED_EDGE('',*,*,#719,.F.);
#1024=ORIENTED_EDGE('',*,*,#742,.T.);
#1025=ORIENTED_EDGE('',*,*,#743,.F.);
#1026=ORIENTED_EDGE('',*,*,#744,.F.);
#1027=ORIENTED_EDGE('',*,*,#720,.F.);
#1028=ORIENTED_EDGE('',*,*,#744,.T.);
#1029=ORIENTED_EDGE('',*,*,#745,.F.);
#1030=ORIENTED_EDGE('',*,*,#746,.F.);
#1031=ORIENTED_EDGE('',*,*,#721,.F.);
#1032=ORIENTED_EDGE('',*,*,#746,.T.);
#1033=ORIENTED_EDGE('',*,*,#747,.F.);
#1034=ORIENTED_EDGE('',*,*,#748,.F.);
#1035=ORIENTED_EDGE('',*,*,#722,.F.);
#1036=ORIENTED_EDGE('',*,*,#748,.T.);
#1037=ORIENTED_EDGE('',*,*,#749,.F.);
#1038=ORIENTED_EDGE('',*,*,#750,.F.);
#1039=ORIENTED_EDGE('',*,*,#723,.F.);
#1040=ORIENTED_EDGE('',*,*,#750,.T.);
#1041=ORIENTED_EDGE('',*,*,#751,.F.);
#1042=ORIENTED_EDGE('',*,*,#752,.F.);
#1043=ORIENTED_EDGE('',*,*,#724,.F.);
#1044=ORIENTED_EDGE('',*,*,#752,.T.);
#1045=ORIENTED_EDGE('',*,*,#753,.F.);
#1046=ORIENTED_EDGE('',*,*,#754,.F.);
#1047=ORIENTED_EDGE('',*,*,#725,.F.);
#1048=ORIENTED_EDGE('',*,*,#754,.T.);
#1049=ORIENTED_EDGE('',*,*,#755,.F.);
#1050=ORIENTED_EDGE('',*,*,#726,.F.);
#1051=ORIENTED_EDGE('',*,*,#711,.F.);
#1052=ORIENTED_EDGE('',*,*,#755,.T.);
#1053=ORIENTED_EDGE('',*,*,#753,.T.);
#1054=ORIENTED_EDGE('',*,*,#751,.T.);
#1055=ORIENTED_EDGE('',*,*,#749,.T.);
#1056=ORIENTED_EDGE('',*,*,#747,.T.);
#1057=ORIENTED_EDGE('',*,*,#745,.T.);
#1058=ORIENTED_EDGE('',*,*,#743,.T.);
#1059=ORIENTED_EDGE('',*,*,#741,.T.);
#1060=ORIENTED_EDGE('',*,*,#739,.T.);
#1061=ORIENTED_EDGE('',*,*,#737,.T.);
#1062=ORIENTED_EDGE('',*,*,#735,.T.);
#1063=ORIENTED_EDGE('',*,*,#733,.T.);
#1064=ORIENTED_EDGE('',*,*,#731,.T.);
#1065=ORIENTED_EDGE('',*,*,#729,.T.);
#1066=ORIENTED_EDGE('',*,*,#727,.T.);
#1067=ORIENTED_EDGE('',*,*,#756,.T.);
#1068=ORIENTED_EDGE('',*,*,#757,.T.);
#1069=ORIENTED_EDGE('',*,*,#758,.T.);
#1070=ORIENTED_EDGE('',*,*,#759,.T.);
#1071=ORIENTED_EDGE('',*,*,#760,.T.);
#1072=ORIENTED_EDGE('',*,*,#761,.T.);
#1073=ORIENTED_EDGE('',*,*,#762,.T.);
#1074=ORIENTED_EDGE('',*,*,#763,.T.);
#1075=ORIENTED_EDGE('',*,*,#764,.T.);
#1076=ORIENTED_EDGE('',*,*,#765,.T.);
#1077=ORIENTED_EDGE('',*,*,#766,.T.);
#1078=ORIENTED_EDGE('',*,*,#767,.T.);
#1079=ORIENTED_EDGE('',*,*,#768,.T.);
#1080=ORIENTED_EDGE('',*,*,#769,.T.);
#1081=ORIENTED_EDGE('',*,*,#770,.T.);
#1082=ORIENTED_EDGE('',*,*,#771,.T.);
#1083=ORIENTED_EDGE('',*,*,#772,.F.);
#1084=ORIENTED_EDGE('',*,*,#773,.F.);
#1085=ORIENTED_EDGE('',*,*,#757,.F.);
#1086=ORIENTED_EDGE('',*,*,#773,.T.);
#1087=ORIENTED_EDGE('',*,*,#774,.F.);
#1088=ORIENTED_EDGE('',*,*,#775,.F.);
#1089=ORIENTED_EDGE('',*,*,#758,.F.);
#1090=ORIENTED_EDGE('',*,*,#775,.T.);
#1091=ORIENTED_EDGE('',*,*,#776,.F.);
#1092=ORIENTED_EDGE('',*,*,#777,.F.);
#1093=ORIENTED_EDGE('',*,*,#759,.F.);
#1094=ORIENTED_EDGE('',*,*,#777,.T.);
#1095=ORIENTED_EDGE('',*,*,#778,.F.);
#1096=ORIENTED_EDGE('',*,*,#779,.F.);
#1097=ORIENTED_EDGE('',*,*,#760,.F.);
#1098=ORIENTED_EDGE('',*,*,#779,.T.);
#1099=ORIENTED_EDGE('',*,*,#780,.F.);
#1100=ORIENTED_EDGE('',*,*,#781,.F.);
#1101=ORIENTED_EDGE('',*,*,#761,.F.);
#1102=ORIENTED_EDGE('',*,*,#781,.T.);
#1103=ORIENTED_EDGE('',*,*,#782,.F.);
#1104=ORIENTED_EDGE('',*,*,#783,.F.);
#1105=ORIENTED_EDGE('',*,*,#762,.F.);
#1106=ORIENTED_EDGE('',*,*,#783,.T.);
#1107=ORIENTED_EDGE('',*,*,#784,.F.);
#1108=ORIENTED_EDGE('',*,*,#785,.F.);
#1109=ORIENTED_EDGE('',*,*,#763,.F.);
#1110=ORIENTED_EDGE('',*,*,#785,.T.);
#1111=ORIENTED_EDGE('',*,*,#786,.F.);
#1112=ORIENTED_EDGE('',*,*,#787,.F.);
#1113=ORIENTED_EDGE('',*,*,#764,.F.);
#1114=ORIENTED_EDGE('',*,*,#787,.T.);
#1115=ORIENTED_EDGE('',*,*,#788,.F.);
#1116=ORIENTED_EDGE('',*,*,#789,.F.);
#1117=ORIENTED_EDGE('',*,*,#765,.F.);
#1118=ORIENTED_EDGE('',*,*,#789,.T.);
#1119=ORIENTED_EDGE('',*,*,#790,.F.);
#1120=ORIENTED_EDGE('',*,*,#791,.F.);
#1121=ORIENTED_EDGE('',*,*,#766,.F.);
#1122=ORIENTED_EDGE('',*,*,#791,.T.);
#1123=ORIENTED_EDGE('',*,*,#792,.F.);
#1124=ORIENTED_EDGE('',*,*,#793,.F.);
#1125=ORIENTED_EDGE('',*,*,#767,.F.);
#1126=ORIENTED_EDGE('',*,*,#793,.T.);
#1127=ORIENTED_EDGE('',*,*,#794,.F.);
#1128=ORIENTED_EDGE('',*,*,#795,.F.);
#1129=ORIENTED_EDGE('',*,*,#768,.F.);
#1130=ORIENTED_EDGE('',*,*,#795,.T.);
#1131=ORIENTED_EDGE('',*,*,#796,.F.);
#1132=ORIENTED_EDGE('',*,*,#797,.F.);
#1133=ORIENTED_EDGE('',*,*,#769,.F.);
#1134=ORIENTED_EDGE('',*,*,#797,.T.);
#1135=ORIENTED_EDGE('',*,*,#798,.F.);
#1136=ORIENTED_EDGE('',*,*,#799,.F.);
#1137=ORIENTED_EDGE('',*,*,#770,.F.);
#1138=ORIENTED_EDGE('',*,*,#799,.T.);
#1139=ORIENTED_EDGE('',*,*,#800,.F.);
#1140=ORIENTED_EDGE('',*,*,#771,.F.);
#1141=ORIENTED_EDGE('',*,*,#756,.F.);
#1142=ORIENTED_EDGE('',*,*,#800,.T.);
#1143=ORIENTED_EDGE('',*,*,#798,.T.);
#1144=ORIENTED_EDGE('',*,*,#796,.T.);
#1145=ORIENTED_EDGE('',*,*,#794,.T.);
#1146=ORIENTED_EDGE('',*,*,#792,.T.);
#1147=ORIENTED_EDGE('',*,*,#790,.T.);
#1148=ORIENTED_EDGE('',*,*,#788,.T.);
#1149=ORIENTED_EDGE('',*,*,#786,.T.);
#1150=ORIENTED_EDGE('',*,*,#784,.T.);
#1151=ORIENTED_EDGE('',*,*,#782,.T.);
#1152=ORIENTED_EDGE('',*,*,#780,.T.);
#1153=ORIENTED_EDGE('',*,*,#778,.T.);
#1154=ORIENTED_EDGE('',*,*,#776,.T.);
#1155=ORIENTED_EDGE('',*,*,#774,.T.);
#1156=ORIENTED_EDGE('',*,*,#772,.T.);
#1157=PLANE('',#1289);
#1158=PLANE('',#1290);
#1159=PLANE('',#1291);
#1160=PLANE('',#1292);
#1161=PLANE('',#1293);
#1162=PLANE('',#1294);
#1163=PLANE('',#1303);
#1164=PLANE('',#1304);
#1165=PLANE('',#1305);
#1166=PLANE('',#1306);
#1167=PLANE('',#1307);
#1168=PLANE('',#1308);
#1169=PLANE('',#1309);
#1170=PLANE('',#1310);
#1171=PLANE('',#1311);
#1172=PLANE('',#1312);
#1173=PLANE('',#1313);
#1174=PLANE('',#1314);
#1175=PLANE('',#1315);
#1176=PLANE('',#1316);
#1177=PLANE('',#1325);
#1178=PLANE('',#1326);
#1179=PLANE('',#1327);
#1180=PLANE('',#1328);
#1181=PLANE('',#1329);
#1182=PLANE('',#1330);
#1183=PLANE('',#1331);
#1184=PLANE('',#1338);
#1185=PLANE('',#1339);
#1186=PLANE('',#1340);
#1187=PLANE('',#1341);
#1188=PLANE('',#1346);
#1189=PLANE('',#1347);
#1190=PLANE('',#1348);
#1191=PLANE('',#1349);
#1192=PLANE('',#1352);
#1193=PLANE('',#1353);
#1194=PLANE('',#1354);
#1195=PLANE('',#1361);
#1196=PLANE('',#1362);
#1197=PLANE('',#1363);
#1198=PLANE('',#1364);
#1199=PLANE('',#1369);
#1200=PLANE('',#1370);
#1201=PLANE('',#1371);
#1202=PLANE('',#1372);
#1203=PLANE('',#1375);
#1204=PLANE('',#1376);
#1205=ADVANCED_FACE('',(#75),#1157,.F.);
#1206=ADVANCED_FACE('',(#76),#1158,.F.);
#1207=ADVANCED_FACE('',(#77),#1159,.F.);
#1208=ADVANCED_FACE('',(#78,#71),#1160,.F.);
#1209=ADVANCED_FACE('',(#79),#1161,.T.);
#1210=ADVANCED_FACE('',(#80),#1162,.T.);
#1211=ADVANCED_FACE('',(#81),#55,.T.);
#1212=ADVANCED_FACE('',(#82),#56,.T.);
#1213=ADVANCED_FACE('',(#83),#57,.T.);
#1214=ADVANCED_FACE('',(#84),#58,.T.);
#1215=ADVANCED_FACE('',(#85),#1163,.T.);
#1216=ADVANCED_FACE('',(#86),#1164,.T.);
#1217=ADVANCED_FACE('',(#87),#1165,.T.);
#1218=ADVANCED_FACE('',(#88),#1166,.F.);
#1219=ADVANCED_FACE('',(#89),#1167,.F.);
#1220=ADVANCED_FACE('',(#90),#1168,.T.);
#1221=ADVANCED_FACE('',(#91),#1169,.F.);
#1222=ADVANCED_FACE('',(#92),#1170,.F.);
#1223=ADVANCED_FACE('',(#93),#1171,.F.);
#1224=ADVANCED_FACE('',(#94),#1172,.F.);
#1225=ADVANCED_FACE('',(#95),#1173,.F.);
#1226=ADVANCED_FACE('',(#96,#72),#1174,.F.);
#1227=ADVANCED_FACE('',(#97),#1175,.T.);
#1228=ADVANCED_FACE('',(#98),#1176,.T.);
#1229=ADVANCED_FACE('',(#99),#59,.T.);
#1230=ADVANCED_FACE('',(#100),#60,.T.);
#1231=ADVANCED_FACE('',(#101),#61,.T.);
#1232=ADVANCED_FACE('',(#102),#62,.T.);
#1233=ADVANCED_FACE('',(#103),#1177,.T.);
#1234=ADVANCED_FACE('',(#104),#1178,.T.);
#1235=ADVANCED_FACE('',(#105,#73,#74),#1179,.T.);
#1236=ADVANCED_FACE('',(#106),#1180,.T.);
#1237=ADVANCED_FACE('',(#107),#1181,.T.);
#1238=ADVANCED_FACE('',(#108),#1182,.F.);
#1239=ADVANCED_FACE('',(#109),#1183,.F.);
#1240=ADVANCED_FACE('',(#110),#63,.T.);
#1241=ADVANCED_FACE('',(#111),#1184,.T.);
#1242=ADVANCED_FACE('',(#112),#13,.T.);
#1243=ADVANCED_FACE('',(#113),#1185,.T.);
#1244=ADVANCED_FACE('',(#114),#1186,.T.);
#1245=ADVANCED_FACE('',(#115),#1187,.T.);
#1246=ADVANCED_FACE('',(#116),#64,.F.);
#1247=ADVANCED_FACE('',(#117),#65,.F.);
#1248=ADVANCED_FACE('',(#118),#1188,.T.);
#1249=ADVANCED_FACE('',(#119),#1189,.T.);
#1250=ADVANCED_FACE('',(#120),#1190,.T.);
#1251=ADVANCED_FACE('',(#121),#14,.T.);
#1252=ADVANCED_FACE('',(#122),#1191,.T.);
#1253=ADVANCED_FACE('',(#123),#66,.T.);
#1254=ADVANCED_FACE('',(#124),#1192,.T.);
#1255=ADVANCED_FACE('',(#125),#1193,.T.);
#1256=ADVANCED_FACE('',(#126),#1194,.F.);
#1257=ADVANCED_FACE('',(#127),#67,.T.);
#1258=ADVANCED_FACE('',(#128),#1195,.T.);
#1259=ADVANCED_FACE('',(#129),#15,.T.);
#1260=ADVANCED_FACE('',(#130),#1196,.T.);
#1261=ADVANCED_FACE('',(#131),#1197,.T.);
#1262=ADVANCED_FACE('',(#132),#1198,.T.);
#1263=ADVANCED_FACE('',(#133),#68,.F.);
#1264=ADVANCED_FACE('',(#134),#69,.F.);
#1265=ADVANCED_FACE('',(#135),#1199,.T.);
#1266=ADVANCED_FACE('',(#136),#1200,.T.);
#1267=ADVANCED_FACE('',(#137),#1201,.T.);
#1268=ADVANCED_FACE('',(#138),#16,.T.);
#1269=ADVANCED_FACE('',(#139),#1202,.T.);
#1270=ADVANCED_FACE('',(#140),#70,.T.);
#1271=ADVANCED_FACE('',(#141),#1203,.T.);
#1272=ADVANCED_FACE('',(#142),#1204,.T.);
#1273=CLOSED_SHELL('',(#1205,#1206,#1207,#1208,#1209,#1210,#1211,#1212,
#1213,#1214,#1215,#1216,#1217,#1218,#1219,#1220,#1221,#1222,#1223,#1224,
#1225,#1226,#1227,#1228,#1229,#1230,#1231,#1232,#1233,#1234,#1235,#1236,
#1237,#1238));
#1274=CLOSED_SHELL('',(#1239,#1240,#1241,#1242,#1243,#1244,#1245,#1246,
#1247,#1248,#1249,#1250,#1251,#1252,#1253,#1254,#1255));
#1275=CLOSED_SHELL('',(#1256,#1257,#1258,#1259,#1260,#1261,#1262,#1263,
#1264,#1265,#1266,#1267,#1268,#1269,#1270,#1271,#1272));
#1276=DERIVED_UNIT_ELEMENT(#1278,1.);
#1277=DERIVED_UNIT_ELEMENT(#2217,-3.);
#1278=(
MASS_UNIT()
NAMED_UNIT(*)
SI_UNIT(.KILO.,.GRAM.)
);
#1279=DERIVED_UNIT((#1276,#1277));
#1280=MEASURE_REPRESENTATION_ITEM('density measure',
POSITIVE_RATIO_MEASURE(7850.),#1279);
#1281=PROPERTY_DEFINITION_REPRESENTATION(#1286,#1283);
#1282=PROPERTY_DEFINITION_REPRESENTATION(#1287,#1284);
#1283=REPRESENTATION('material name',(#1285),#2214);
#1284=REPRESENTATION('density',(#1280),#2214);
#1285=DESCRIPTIVE_REPRESENTATION_ITEM('Steel','Steel');
#1286=PROPERTY_DEFINITION('material property','material name',#2224);
#1287=PROPERTY_DEFINITION('material property','density of part',#2224);
#1288=AXIS2_PLACEMENT_3D('',#1701,#1377,#1378);
#1289=AXIS2_PLACEMENT_3D('',#1702,#1379,#1380);
#1290=AXIS2_PLACEMENT_3D('',#1711,#1385,#1386);
#1291=AXIS2_PLACEMENT_3D('',#1720,#1391,#1392);
#1292=AXIS2_PLACEMENT_3D('',#1726,#1396,#1397);
#1293=AXIS2_PLACEMENT_3D('',#1737,#1404,#1405);
#1294=AXIS2_PLACEMENT_3D('',#1743,#1409,#1410);
#1295=AXIS2_PLACEMENT_3D('',#1747,#1413,#1414);
#1296=AXIS2_PLACEMENT_3D('',#1751,#1416,#1417);
#1297=AXIS2_PLACEMENT_3D('',#1754,#1419,#1420);
#1298=AXIS2_PLACEMENT_3D('',#1755,#1421,#1422);
#1299=AXIS2_PLACEMENT_3D('',#1758,#1424,#1425);
#1300=AXIS2_PLACEMENT_3D('',#1759,#1426,#1427);
#1301=AXIS2_PLACEMENT_3D('',#1762,#1429,#1430);
#1302=AXIS2_PLACEMENT_3D('',#1763,#1431,#1432);
#1303=AXIS2_PLACEMENT_3D('',#1766,#1435,#1436);
#1304=AXIS2_PLACEMENT_3D('',#1768,#1438,#1439);
#1305=AXIS2_PLACEMENT_3D('',#1769,#1440,#1441);
#1306=AXIS2_PLACEMENT_3D('',#1783,#1449,#1450);
#1307=AXIS2_PLACEMENT_3D('',#1789,#1454,#1455);
#1308=AXIS2_PLACEMENT_3D('',#1798,#1460,#1461);
#1309=AXIS2_PLACEMENT_3D('',#1812,#1469,#1470);
#1310=AXIS2_PLACEMENT_3D('',#1818,#1474,#1475);
#1311=AXIS2_PLACEMENT_3D('',#1823,#1479,#1480);
#1312=AXIS2_PLACEMENT_3D('',#1826,#1483,#1484);
#1313=AXIS2_PLACEMENT_3D('',#1830,#1487,#1488);
#1314=AXIS2_PLACEMENT_3D('',#1832,#1490,#1491);
#1315=AXIS2_PLACEMENT_3D('',#1841,#1496,#1497);
#1316=AXIS2_PLACEMENT_3D('',#1847,#1501,#1502);
#1317=AXIS2_PLACEMENT_3D('',#1851,#1505,#1506);
#1318=AXIS2_PLACEMENT_3D('',#1855,#1508,#1509);
#1319=AXIS2_PLACEMENT_3D('',#1858,#1511,#1512);
#1320=AXIS2_PLACEMENT_3D('',#1859,#1513,#1514);
#1321=AXIS2_PLACEMENT_3D('',#1862,#1516,#1517);
#1322=AXIS2_PLACEMENT_3D('',#1863,#1518,#1519);
#1323=AXIS2_PLACEMENT_3D('',#1866,#1521,#1522);
#1324=AXIS2_PLACEMENT_3D('',#1867,#1523,#1524);
#1325=AXIS2_PLACEMENT_3D('',#1870,#1527,#1528);
#1326=AXIS2_PLACEMENT_3D('',#1872,#1530,#1531);
#1327=AXIS2_PLACEMENT_3D('',#1873,#1532,#1533);
#1328=AXIS2_PLACEMENT_3D('',#1876,#1536,#1537);
#1329=AXIS2_PLACEMENT_3D('',#1878,#1539,#1540);
#1330=AXIS2_PLACEMENT_3D('',#1879,#1541,#1542);
#1331=AXIS2_PLACEMENT_3D('',#1880,#1543,#1544);
#1332=AXIS2_PLACEMENT_3D('',#1885,#1546,#1547);
#1333=AXIS2_PLACEMENT_3D('',#1906,#1552,#1553);
#1334=AXIS2_PLACEMENT_3D('',#1908,#1554,#1555);
#1335=AXIS2_PLACEMENT_3D('',#1928,#1560,#1561);
#1336=AXIS2_PLACEMENT_3D('',#1929,#1562,#1563);
#1337=AXIS2_PLACEMENT_3D('',#1933,#1565,#1566);
#1338=AXIS2_PLACEMENT_3D('',#1935,#1568,#1569);
#1339=AXIS2_PLACEMENT_3D('',#1971,#1573,#1574);
#1340=AXIS2_PLACEMENT_3D('',#1975,#1577,#1578);
#1341=AXIS2_PLACEMENT_3D('',#1979,#1581,#1582);
#1342=AXIS2_PLACEMENT_3D('',#1983,#1585,#1586);
#1343=AXIS2_PLACEMENT_3D('',#1985,#1587,#1588);
#1344=AXIS2_PLACEMENT_3D('',#1987,#1590,#1591);
#1345=AXIS2_PLACEMENT_3D('',#1989,#1592,#1593);
#1346=AXIS2_PLACEMENT_3D('',#1991,#1595,#1596);
#1347=AXIS2_PLACEMENT_3D('',#1995,#1599,#1600);
#1348=AXIS2_PLACEMENT_3D('',#1999,#1603,#1604);
#1349=AXIS2_PLACEMENT_3D('',#2035,#1608,#1609);
#1350=AXIS2_PLACEMENT_3D('',#2039,#1612,#1613);
#1351=AXIS2_PLACEMENT_3D('',#2041,#1614,#1615);
#1352=AXIS2_PLACEMENT_3D('',#2043,#1617,#1618);
#1353=AXIS2_PLACEMENT_3D('',#2045,#1620,#1621);
#1354=AXIS2_PLACEMENT_3D('',#2046,#1622,#1623);
#1355=AXIS2_PLACEMENT_3D('',#2051,#1625,#1626);
#1356=AXIS2_PLACEMENT_3D('',#2072,#1631,#1632);
#1357=AXIS2_PLACEMENT_3D('',#2074,#1633,#1634);
#1358=AXIS2_PLACEMENT_3D('',#2094,#1639,#1640);
#1359=AXIS2_PLACEMENT_3D('',#2095,#1641,#1642);
#1360=AXIS2_PLACEMENT_3D('',#2099,#1644,#1645);
#1361=AXIS2_PLACEMENT_3D('',#2101,#1647,#1648);
#1362=AXIS2_PLACEMENT_3D('',#2137,#1652,#1653);
#1363=AXIS2_PLACEMENT_3D('',#2141,#1656,#1657);
#1364=AXIS2_PLACEMENT_3D('',#2145,#1660,#1661);
#1365=AXIS2_PLACEMENT_3D('',#2149,#1664,#1665);
#1366=AXIS2_PLACEMENT_3D('',#2151,#1666,#1667);
#1367=AXIS2_PLACEMENT_3D('',#2153,#1669,#1670);
#1368=AXIS2_PLACEMENT_3D('',#2155,#1671,#1672);
#1369=AXIS2_PLACEMENT_3D('',#2157,#1674,#1675);
#1370=AXIS2_PLACEMENT_3D('',#2161,#1678,#1679);
#1371=AXIS2_PLACEMENT_3D('',#2165,#1682,#1683);
#1372=AXIS2_PLACEMENT_3D('',#2201,#1687,#1688);
#1373=AXIS2_PLACEMENT_3D('',#2205,#1691,#1692);
#1374=AXIS2_PLACEMENT_3D('',#2207,#1693,#1694);
#1375=AXIS2_PLACEMENT_3D('',#2209,#1696,#1697);
#1376=AXIS2_PLACEMENT_3D('',#2211,#1699,#1700);
#1377=DIRECTION('axis',(0.,0.,1.));
#1378=DIRECTION('refdir',(1.,0.,0.));
#1379=DIRECTION('center_axis',(0.,0.,1.));
#1380=DIRECTION('ref_axis',(-1.,0.,0.));
#1381=DIRECTION('',(1.,0.,0.));
#1382=DIRECTION('',(0.,-1.,0.));
#1383=DIRECTION('',(-1.,0.,0.));
#1384=DIRECTION('',(0.,-1.,0.));
#1385=DIRECTION('center_axis',(0.,-1.,0.));
#1386=DIRECTION('ref_axis',(1.,0.,0.));
#1387=DIRECTION('',(-1.,0.,0.));
#1388=DIRECTION('',(0.,0.,1.));
#1389=DIRECTION('',(1.,0.,0.));
#1390=DIRECTION('',(0.,0.,1.));
#1391=DIRECTION('center_axis',(0.,1.,0.));
#1392=DIRECTION('ref_axis',(-1.,0.,0.));
#1393=DIRECTION('',(0.,0.,1.));
#1394=DIRECTION('',(-1.,0.,0.));
#1395=DIRECTION('',(0.,0.,1.));
#1396=DIRECTION('center_axis',(0.,0.,1.));
#1397=DIRECTION('ref_axis',(1.,0.,0.));
#1398=DIRECTION('',(0.,1.,0.));
#1399=DIRECTION('',(0.,-1.,0.));
#1400=DIRECTION('',(-1.,0.,0.));
#1401=DIRECTION('',(0.,-1.,0.));
#1402=DIRECTION('',(1.,0.,0.));
#1403=DIRECTION('',(0.,1.,0.));
#1404=DIRECTION('center_axis',(-1.,0.,0.));
#1405=DIRECTION('ref_axis',(0.,-1.,0.));
#1406=DIRECTION('',(0.,0.,1.));
#1407=DIRECTION('',(0.,-1.,0.));
#1408=DIRECTION('',(0.,0.,1.));
#1409=DIRECTION('center_axis',(0.,1.,0.));
#1410=DIRECTION('ref_axis',(-1.,0.,0.));
#1411=DIRECTION('',(0.,0.,1.));
#1412=DIRECTION('',(-1.,0.,0.));
#1413=DIRECTION('center_axis',(0.,1.,0.));
#1414=DIRECTION('ref_axis',(0.707106781186547,0.,0.707106781186548));
#1415=DIRECTION('',(0.,-1.,0.));
#1416=DIRECTION('center_axis',(-0.707106781186548,0.707106781186548,1.6355129777956E-16));
#1417=DIRECTION('ref_axis',(-0.707106781186548,-0.707106781186548,1.6355129777956E-16));
#1418=DIRECTION('',(0.,1.,0.));
#1419=DIRECTION('center_axis',(0.707106781186548,0.707106781186547,-1.6355129777956E-16));
#1420=DIRECTION('ref_axis',(-0.707106781186547,0.707106781186548,-1.6355129777956E-16));
#1421=DIRECTION('center_axis',(-1.,0.,0.));
#1422=DIRECTION('ref_axis',(0.,0.707106781186547,0.707106781186548));
#1423=DIRECTION('',(1.,0.,0.));
#1424=DIRECTION('center_axis',(-0.707106781186548,-0.707106781186547,-1.6355129777956E-16));
#1425=DIRECTION('ref_axis',(0.707106781186547,-0.707106781186548,-1.6355129777956E-16));
#1426=DIRECTION('center_axis',(0.,-1.,0.));
#1427=DIRECTION('ref_axis',(-0.707106781186547,0.,0.707106781186548));
#1428=DIRECTION('',(0.,1.,0.));
#1429=DIRECTION('center_axis',(0.707106781186548,-0.707106781186548,1.6355129777956E-16));
#1430=DIRECTION('ref_axis',(0.707106781186548,0.707106781186548,1.6355129777956E-16));
#1431=DIRECTION('center_axis',(1.,0.,0.));
#1432=DIRECTION('ref_axis',(0.,-0.707106781186547,0.707106781186548));
#1433=DIRECTION('',(1.,0.,0.));
#1434=DIRECTION('',(-1.,0.,0.));
#1435=DIRECTION('center_axis',(0.,-1.,0.));
#1436=DIRECTION('ref_axis',(1.,0.,0.));
#1437=DIRECTION('',(0.,0.,1.));
#1438=DIRECTION('center_axis',(1.,0.,0.));
#1439=DIRECTION('ref_axis',(0.,1.,0.));
#1440=DIRECTION('center_axis',(0.,1.,0.));
#1441=DIRECTION('ref_axis',(-1.,0.,0.));
#1442=DIRECTION('',(0.,0.,-1.));
#1443=DIRECTION('',(-1.,0.,0.));
#1444=DIRECTION('',(0.,0.,1.));
#1445=DIRECTION('',(-1.,0.,0.));
#1446=DIRECTION('',(0.,0.,1.));
#1447=DIRECTION('',(-1.,0.,0.));
#1448=DIRECTION('',(0.,0.,1.));
#1449=DIRECTION('center_axis',(0.,0.,1.));
#1450=DIRECTION('ref_axis',(-1.,0.,0.));
#1451=DIRECTION('',(1.,0.,0.));
#1452=DIRECTION('',(0.,-1.,0.));
#1453=DIRECTION('',(0.,-1.,0.));
#1454=DIRECTION('center_axis',(0.,0.,1.));
#1455=DIRECTION('ref_axis',(-1.,0.,0.));
#1456=DIRECTION('',(1.,0.,0.));
#1457=DIRECTION('',(0.,-1.,0.));
#1458=DIRECTION('',(-1.,0.,0.));
#1459=DIRECTION('',(0.,-1.,0.));
#1460=DIRECTION('center_axis',(0.,-1.,0.));
#1461=DIRECTION('ref_axis',(1.,0.,0.));
#1462=DIRECTION('',(0.,0.,1.));
#1463=DIRECTION('',(0.,0.,-1.));
#1464=DIRECTION('',(1.,0.,0.));
#1465=DIRECTION('',(0.,0.,1.));
#1466=DIRECTION('',(1.,0.,0.));
#1467=DIRECTION('',(0.,0.,1.));
#1468=DIRECTION('',(1.,0.,0.));
#1469=DIRECTION('center_axis',(0.,-1.,0.));
#1470=DIRECTION('ref_axis',(1.,0.,0.));
#1471=DIRECTION('',(0.,0.,1.));
#1472=DIRECTION('',(1.,0.,0.));
#1473=DIRECTION('',(0.,0.,1.));
#1474=DIRECTION('center_axis',(-1.,0.,0.));
#1475=DIRECTION('ref_axis',(0.,-1.,0.));
#1476=DIRECTION('',(0.,0.,1.));
#1477=DIRECTION('',(0.,-1.,0.));
#1478=DIRECTION('',(0.,-1.,0.));
#1479=DIRECTION('center_axis',(0.,0.,1.));
#1480=DIRECTION('ref_axis',(1.,0.,0.));
#1481=DIRECTION('',(0.,1.,0.));
#1482=DIRECTION('',(0.,1.,0.));
#1483=DIRECTION('center_axis',(1.,0.,0.));
#1484=DIRECTION('ref_axis',(0.,1.,0.));
#1485=DIRECTION('',(0.,1.,0.));
#1486=DIRECTION('',(0.,0.,1.));
#1487=DIRECTION('center_axis',(0.,1.,0.));
#1488=DIRECTION('ref_axis',(-1.,0.,0.));
#1489=DIRECTION('',(-1.,0.,0.));
#1490=DIRECTION('center_axis',(0.,0.,1.));
#1491=DIRECTION('ref_axis',(1.,0.,0.));
#1492=DIRECTION('',(-1.,0.,0.));
#1493=DIRECTION('',(0.,-1.,0.));
#1494=DIRECTION('',(1.,0.,0.));
#1495=DIRECTION('',(0.,1.,0.));
#1496=DIRECTION('center_axis',(-1.,0.,0.));
#1497=DIRECTION('ref_axis',(0.,-1.,0.));
#1498=DIRECTION('',(0.,0.,1.));
#1499=DIRECTION('',(0.,-1.,0.));
#1500=DIRECTION('',(0.,0.,1.));
#1501=DIRECTION('center_axis',(0.,1.,0.));
#1502=DIRECTION('ref_axis',(-1.,0.,0.));
#1503=DIRECTION('',(0.,0.,1.));
#1504=DIRECTION('',(-1.,0.,0.));
#1505=DIRECTION('center_axis',(0.,1.,0.));
#1506=DIRECTION('ref_axis',(0.707106781186547,0.,0.707106781186548));
#1507=DIRECTION('',(0.,-1.,0.));
#1508=DIRECTION('center_axis',(-0.707106781186548,0.707106781186548,1.6355129777956E-16));
#1509=DIRECTION('ref_axis',(-0.707106781186548,-0.707106781186548,1.6355129777956E-16));
#1510=DIRECTION('',(0.,1.,0.));
#1511=DIRECTION('center_axis',(0.707106781186548,0.707106781186547,-1.6355129777956E-16));
#1512=DIRECTION('ref_axis',(-0.707106781186547,0.707106781186548,-1.6355129777956E-16));
#1513=DIRECTION('center_axis',(-1.,0.,0.));
#1514=DIRECTION('ref_axis',(0.,0.707106781186547,0.707106781186548));
#1515=DIRECTION('',(1.,0.,0.));
#1516=DIRECTION('center_axis',(-0.707106781186548,-0.707106781186547,-1.6355129777956E-16));
#1517=DIRECTION('ref_axis',(0.707106781186547,-0.707106781186548,-1.6355129777956E-16));
#1518=DIRECTION('center_axis',(0.,-1.,0.));
#1519=DIRECTION('ref_axis',(-0.707106781186547,0.,0.707106781186548));
#1520=DIRECTION('',(0.,1.,0.));
#1521=DIRECTION('center_axis',(0.707106781186548,-0.707106781186548,1.6355129777956E-16));
#1522=DIRECTION('ref_axis',(0.707106781186548,0.707106781186548,1.6355129777956E-16));
#1523=DIRECTION('center_axis',(1.,0.,0.));
#1524=DIRECTION('ref_axis',(0.,-0.707106781186547,0.707106781186548));
#1525=DIRECTION('',(1.,0.,0.));
#1526=DIRECTION('',(-1.,0.,0.));
#1527=DIRECTION('center_axis',(0.,-1.,0.));
#1528=DIRECTION('ref_axis',(1.,0.,0.));
#1529=DIRECTION('',(0.,0.,1.));
#1530=DIRECTION('center_axis',(1.,0.,0.));
#1531=DIRECTION('ref_axis',(0.,1.,0.));
#1532=DIRECTION('center_axis',(0.,0.,1.));
#1533=DIRECTION('ref_axis',(1.,0.,0.));
#1534=DIRECTION('',(0.,1.,0.));
#1535=DIRECTION('',(0.,-1.,0.));
#1536=DIRECTION('center_axis',(-1.,0.,0.));
#1537=DIRECTION('ref_axis',(0.,-1.,0.));
#1538=DIRECTION('',(0.,-1.,0.));
#1539=DIRECTION('center_axis',(1.,0.,0.));
#1540=DIRECTION('ref_axis',(0.,1.,0.));
#1541=DIRECTION('center_axis',(0.,0.,1.));
#1542=DIRECTION('ref_axis',(1.,0.,0.));
#1543=DIRECTION('center_axis',(1.,0.,0.));
#1544=DIRECTION('ref_axis',(0.,1.,0.));
#1545=DIRECTION('',(0.,-1.,0.));
#1546=DIRECTION('center_axis',(-1.,0.,0.));
#1547=DIRECTION('ref_axis',(0.,-1.,-1.58603289232165E-15));
#1548=DIRECTION('',(0.,-1.94327898776493E-16,1.));
#1549=DIRECTION('',(0.,0.0358835550837785,0.999355977855013));
#1550=DIRECTION('',(0.,0.533927577934285,-0.84553021325156));
#1551=DIRECTION('',(0.,-2.03249667720846E-14,-1.));
#1552=DIRECTION('center_axis',(1.,0.,0.));
#1553=DIRECTION('ref_axis',(0.,-1.,0.));
#1554=DIRECTION('center_axis',(1.,0.,0.));
#1555=DIRECTION('ref_axis',(0.,0.263445274609062,-0.964674342607989));
#1556=DIRECTION('',(0.,-2.88475777063631E-17,1.));
#1557=DIRECTION('',(0.,0.53392757793362,0.84553021325198));
#1558=DIRECTION('',(0.,0.0358835550837823,-0.999355977855013));
#1559=DIRECTION('',(0.,-9.07864357416279E-17,-1.));
#1560=DIRECTION('center_axis',(-1.,0.,0.));
#1561=DIRECTION('ref_axis',(0.,-9.91270557701033E-16,-1.));
#1562=DIRECTION('center_axis',(1.,0.,0.));
#1563=DIRECTION('ref_axis',(0.,-1.,-1.58603289232165E-15));
#1564=DIRECTION('',(1.,0.,0.));
#1565=DIRECTION('center_axis',(1.,0.,0.));
#1566=DIRECTION('ref_axis',(0.,-1.,-1.58603289232165E-15));
#1567=DIRECTION('',(1.,0.,0.));
#1568=DIRECTION('center_axis',(0.,-1.,-1.94327898776493E-16));
#1569=DIRECTION('ref_axis',(0.,1.94327898776493E-16,-1.));
#1570=DIRECTION('',(0.,1.94327898776493E-16,-1.));
#1571=DIRECTION('',(1.,0.,0.));
#1572=DIRECTION('',(1.,0.,0.));
#1573=DIRECTION('center_axis',(0.,-0.999355977855013,0.0358835550837785));
#1574=DIRECTION('ref_axis',(0.,-0.0358835550837785,-0.999355977855013));
#1575=DIRECTION('',(0.,-0.0358835550837785,-0.999355977855013));
#1576=DIRECTION('',(1.,0.,0.));
#1577=DIRECTION('center_axis',(0.,0.84553021325156,0.533927577934285));
#1578=DIRECTION('ref_axis',(0.,-0.533927577934285,0.84553021325156));
#1579=DIRECTION('',(0.,-0.533927577934285,0.84553021325156));
#1580=DIRECTION('',(1.,0.,0.));
#1581=DIRECTION('center_axis',(0.,1.,-2.03249667720846E-14));
#1582=DIRECTION('ref_axis',(0.,2.03249667720846E-14,1.));
#1583=DIRECTION('',(0.,2.03249667720846E-14,1.));
#1584=DIRECTION('',(1.,0.,0.));
#1585=DIRECTION('center_axis',(1.,0.,0.));
#1586=DIRECTION('ref_axis',(0.,-1.,0.));
#1587=DIRECTION('center_axis',(-1.,0.,0.));
#1588=DIRECTION('ref_axis',(0.,-1.,0.));
#1589=DIRECTION('',(1.,0.,0.));
#1590=DIRECTION('center_axis',(1.,0.,0.));
#1591=DIRECTION('ref_axis',(0.,0.263445274609062,-0.964674342607989));
#1592=DIRECTION('center_axis',(-1.,0.,0.));
#1593=DIRECTION('ref_axis',(0.,0.263445274609062,-0.964674342607989));
#1594=DIRECTION('',(1.,0.,0.));
#1595=DIRECTION('center_axis',(0.,-1.,-2.88475777063631E-17));
#1596=DIRECTION('ref_axis',(0.,2.88475777063631E-17,-1.));
#1597=DIRECTION('',(0.,2.88475777063631E-17,-1.));
#1598=DIRECTION('',(1.,0.,0.));
#1599=DIRECTION('center_axis',(0.,-0.84553021325198,0.53392757793362));
#1600=DIRECTION('ref_axis',(0.,-0.53392757793362,-0.84553021325198));
#1601=DIRECTION('',(0.,-0.53392757793362,-0.84553021325198));
#1602=DIRECTION('',(1.,0.,0.));
#1603=DIRECTION('center_axis',(0.,0.999355977855013,0.0358835550837823));
#1604=DIRECTION('ref_axis',(0.,-0.0358835550837823,0.999355977855013));
#1605=DIRECTION('',(0.,-0.0358835550837823,0.999355977855013));
#1606=DIRECTION('',(1.,0.,0.));
#1607=DIRECTION('',(1.,0.,0.));
#1608=DIRECTION('center_axis',(0.,1.,-9.07864357416279E-17));
#1609=DIRECTION('ref_axis',(0.,9.07864357416279E-17,1.));
#1610=DIRECTION('',(0.,9.07864357416279E-17,1.));
#1611=DIRECTION('',(1.,0.,0.));
#1612=DIRECTION('center_axis',(1.,0.,0.));
#1613=DIRECTION('ref_axis',(0.,-9.91270557701033E-16,-1.));
#1614=DIRECTION('center_axis',(1.,0.,0.));
#1615=DIRECTION('ref_axis',(0.,-9.91270557701033E-16,-1.));
#1616=DIRECTION('',(1.,0.,0.));
#1617=DIRECTION('center_axis',(0.,0.,-1.));
#1618=DIRECTION('ref_axis',(0.,1.,0.));
#1619=DIRECTION('',(0.,1.,0.));
#1620=DIRECTION('center_axis',(1.,0.,0.));
#1621=DIRECTION('ref_axis',(0.,1.,0.));
#1622=DIRECTION('center_axis',(1.,0.,0.));
#1623=DIRECTION('ref_axis',(0.,1.,0.));
#1624=DIRECTION('',(0.,-1.,0.));
#1625=DIRECTION('center_axis',(-1.,0.,0.));
#1626=DIRECTION('ref_axis',(0.,-1.,-1.58603289232165E-15));
#1627=DIRECTION('',(0.,-1.94327898776493E-16,1.));
#1628=DIRECTION('',(0.,0.0358835550837785,0.999355977855013));
#1629=DIRECTION('',(0.,0.533927577934285,-0.84553021325156));
#1630=DIRECTION('',(0.,-2.03249667720846E-14,-1.));
#1631=DIRECTION('center_axis',(1.,0.,0.));
#1632=DIRECTION('ref_axis',(0.,-1.,0.));
#1633=DIRECTION('center_axis',(1.,0.,0.));
#1634=DIRECTION('ref_axis',(0.,0.263445274609062,-0.964674342607989));
#1635=DIRECTION('',(0.,-2.88475777063631E-17,1.));
#1636=DIRECTION('',(0.,0.53392757793362,0.84553021325198));
#1637=DIRECTION('',(0.,0.0358835550837823,-0.999355977855013));
#1638=DIRECTION('',(0.,-9.07864357416279E-17,-1.));
#1639=DIRECTION('center_axis',(-1.,0.,0.));
#1640=DIRECTION('ref_axis',(0.,-9.91270557701033E-16,-1.));
#1641=DIRECTION('center_axis',(1.,0.,0.));
#1642=DIRECTION('ref_axis',(0.,-1.,-1.58603289232165E-15));
#1643=DIRECTION('',(1.,0.,0.));
#1644=DIRECTION('center_axis',(1.,0.,0.));
#1645=DIRECTION('ref_axis',(0.,-1.,-1.58603289232165E-15));
#1646=DIRECTION('',(1.,0.,0.));
#1647=DIRECTION('center_axis',(0.,-1.,-1.94327898776493E-16));
#1648=DIRECTION('ref_axis',(0.,1.94327898776493E-16,-1.));
#1649=DIRECTION('',(0.,1.94327898776493E-16,-1.));
#1650=DIRECTION('',(1.,0.,0.));
#1651=DIRECTION('',(1.,0.,0.));
#1652=DIRECTION('center_axis',(0.,-0.999355977855013,0.0358835550837785));
#1653=DIRECTION('ref_axis',(0.,-0.0358835550837785,-0.999355977855013));
#1654=DIRECTION('',(0.,-0.0358835550837785,-0.999355977855013));
#1655=DIRECTION('',(1.,0.,0.));
#1656=DIRECTION('center_axis',(0.,0.84553021325156,0.533927577934285));
#1657=DIRECTION('ref_axis',(0.,-0.533927577934285,0.84553021325156));
#1658=DIRECTION('',(0.,-0.533927577934285,0.84553021325156));
#1659=DIRECTION('',(1.,0.,0.));
#1660=DIRECTION('center_axis',(0.,1.,-2.03249667720846E-14));
#1661=DIRECTION('ref_axis',(0.,2.03249667720846E-14,1.));
#1662=DIRECTION('',(0.,2.03249667720846E-14,1.));
#1663=DIRECTION('',(1.,0.,0.));
#1664=DIRECTION('center_axis',(1.,0.,0.));
#1665=DIRECTION('ref_axis',(0.,-1.,0.));
#1666=DIRECTION('center_axis',(-1.,0.,0.));
#1667=DIRECTION('ref_axis',(0.,-1.,0.));
#1668=DIRECTION('',(1.,0.,0.));
#1669=DIRECTION('center_axis',(1.,0.,0.));
#1670=DIRECTION('ref_axis',(0.,0.263445274609062,-0.964674342607989));
#1671=DIRECTION('center_axis',(-1.,0.,0.));
#1672=DIRECTION('ref_axis',(0.,0.263445274609062,-0.964674342607989));
#1673=DIRECTION('',(1.,0.,0.));
#1674=DIRECTION('center_axis',(0.,-1.,-2.88475777063631E-17));
#1675=DIRECTION('ref_axis',(0.,2.88475777063631E-17,-1.));
#1676=DIRECTION('',(0.,2.88475777063631E-17,-1.));
#1677=DIRECTION('',(1.,0.,0.));
#1678=DIRECTION('center_axis',(0.,-0.84553021325198,0.53392757793362));
#1679=DIRECTION('ref_axis',(0.,-0.53392757793362,-0.84553021325198));
#1680=DIRECTION('',(0.,-0.53392757793362,-0.84553021325198));
#1681=DIRECTION('',(1.,0.,0.));
#1682=DIRECTION('center_axis',(0.,0.999355977855013,0.0358835550837823));
#1683=DIRECTION('ref_axis',(0.,-0.0358835550837823,0.999355977855013));
#1684=DIRECTION('',(0.,-0.0358835550837823,0.999355977855013));
#1685=DIRECTION('',(1.,0.,0.));
#1686=DIRECTION('',(1.,0.,0.));
#1687=DIRECTION('center_axis',(0.,1.,-9.07864357416279E-17));
#1688=DIRECTION('ref_axis',(0.,9.07864357416279E-17,1.));
#1689=DIRECTION('',(0.,9.07864357416279E-17,1.));
#1690=DIRECTION('',(1.,0.,0.));
#1691=DIRECTION('center_axis',(1.,0.,0.));
#1692=DIRECTION('ref_axis',(0.,-9.91270557701033E-16,-1.));
#1693=DIRECTION('center_axis',(1.,0.,0.));
#1694=DIRECTION('ref_axis',(0.,-9.91270557701033E-16,-1.));
#1695=DIRECTION('',(1.,0.,0.));
#1696=DIRECTION('center_axis',(0.,0.,-1.));
#1697=DIRECTION('ref_axis',(0.,1.,0.));
#1698=DIRECTION('',(0.,1.,0.));
#1699=DIRECTION('center_axis',(1.,0.,0.));
#1700=DIRECTION('ref_axis',(0.,1.,0.));
#1701=CARTESIAN_POINT('',(0.,0.,0.));
#1702=CARTESIAN_POINT('Origin',(0.75,3.75,0.5));
#1703=CARTESIAN_POINT('',(-0.75,3.55,0.5));
#1704=CARTESIAN_POINT('',(0.75,3.55,0.5));
#1705=CARTESIAN_POINT('',(0.75,3.55,0.5));
#1706=CARTESIAN_POINT('',(-0.75,3.75,0.5));
#1707=CARTESIAN_POINT('',(-0.75,3.75,0.5));
#1708=CARTESIAN_POINT('',(0.75,3.75,0.5));
#1709=CARTESIAN_POINT('',(1.,3.75,0.5));
#1710=CARTESIAN_POINT('',(0.75,3.75,0.5));
#1711=CARTESIAN_POINT('Origin',(-0.75,1.45,0.));
#1712=CARTESIAN_POINT('',(0.75,1.45,0.5));
#1713=CARTESIAN_POINT('',(-0.75,1.45,0.5));
#1714=CARTESIAN_POINT('',(0.,1.45,0.5));
#1715=CARTESIAN_POINT('',(-0.75,1.45,8.3));
#1716=CARTESIAN_POINT('',(-0.75,1.45,0.));
#1717=CARTESIAN_POINT('',(0.75,1.45,8.3));
#1718=CARTESIAN_POINT('',(-1.36056446390242,1.45,8.3));
#1719=CARTESIAN_POINT('',(0.75,1.45,0.));
#1720=CARTESIAN_POINT('Origin',(0.75,3.55,0.));
#1721=CARTESIAN_POINT('',(0.75,3.55,8.3));
#1722=CARTESIAN_POINT('',(0.75,3.55,0.));
#1723=CARTESIAN_POINT('',(-0.75,3.55,8.3));
#1724=CARTESIAN_POINT('',(-1.49999996647239,3.55,8.3));
#1725=CARTESIAN_POINT('',(-0.75,3.55,0.));
#1726=CARTESIAN_POINT('Origin',(1.38777878078145E-16,2.5,8.3));
#1727=CARTESIAN_POINT('',(0.75,1.00000003352761,8.3));
#1728=CARTESIAN_POINT('',(-0.75,0.800000037997961,8.3));
#1729=CARTESIAN_POINT('',(0.5,2.,8.3));
#1730=CARTESIAN_POINT('',(-0.5,2.,8.3));
#1731=CARTESIAN_POINT('',(0.25,2.,8.3));
#1732=CARTESIAN_POINT('',(0.5,3.,8.3));
#1733=CARTESIAN_POINT('',(0.5,2.75,8.3));
#1734=CARTESIAN_POINT('',(-0.5,3.,8.3));
#1735=CARTESIAN_POINT('',(-0.25,3.,8.3));
#1736=CARTESIAN_POINT('',(-0.5,2.25,8.3));
#1737=CARTESIAN_POINT('Origin',(0.5,3.,0.));
#1738=CARTESIAN_POINT('',(0.5,2.,8.4));
#1739=CARTESIAN_POINT('',(0.5,2.,0.));
#1740=CARTESIAN_POINT('',(0.5,3.,8.4));
#1741=CARTESIAN_POINT('',(0.5,2.75,8.4));
#1742=CARTESIAN_POINT('',(0.5,3.,0.));
#1743=CARTESIAN_POINT('Origin',(0.5,2.,0.));
#1744=CARTESIAN_POINT('',(-0.5,2.,8.4));
#1745=CARTESIAN_POINT('',(-0.5,2.,0.));
#1746=CARTESIAN_POINT('',(0.25,2.,8.4));
#1747=CARTESIAN_POINT('Origin',(-1.1,2.25,8.4));
#1748=CARTESIAN_POINT('',(-1.1,3.6,9.));
#1749=CARTESIAN_POINT('',(-1.1,1.4,9.));
#1750=CARTESIAN_POINT('',(-1.1,2.25,9.));
#1751=CARTESIAN_POINT('Origin',(-1.1,1.4,8.4));
#1752=CARTESIAN_POINT('',(-0.5,3.,8.4));
#1753=CARTESIAN_POINT('',(-0.5,2.25,8.4));
#1754=CARTESIAN_POINT('Origin',(-1.1,3.6,8.4));
#1755=CARTESIAN_POINT('Origin',(0.25,1.4,8.4));
#1756=CARTESIAN_POINT('',(1.1,1.4,9.));
#1757=CARTESIAN_POINT('',(0.25,1.4,9.));
#1758=CARTESIAN_POINT('Origin',(1.1,1.4,8.4));
#1759=CARTESIAN_POINT('Origin',(1.1,2.75,8.4));
#1760=CARTESIAN_POINT('',(1.1,3.6,9.));
#1761=CARTESIAN_POINT('',(1.1,2.75,9.));
#1762=CARTESIAN_POINT('Origin',(1.1,3.6,8.4));
#1763=CARTESIAN_POINT('Origin',(-0.25,3.6,8.4));
#1764=CARTESIAN_POINT('',(-0.25,3.,8.4));
#1765=CARTESIAN_POINT('',(-0.25,3.6,9.));
#1766=CARTESIAN_POINT('Origin',(-0.5,3.,0.));
#1767=CARTESIAN_POINT('',(-0.5,3.,0.));
#1768=CARTESIAN_POINT('Origin',(-0.5,2.,0.));
#1769=CARTESIAN_POINT('Origin',(1.25,3.75,0.));
#1770=CARTESIAN_POINT('',(-0.75,3.75,0.));
#1771=CARTESIAN_POINT('',(-0.75,3.75,0.25));
#1772=CARTESIAN_POINT('',(-1.25,3.75,0.));
#1773=CARTESIAN_POINT('',(1.25,3.75,0.));
#1774=CARTESIAN_POINT('',(-1.25,3.75,9.));
#1775=CARTESIAN_POINT('',(-1.25,3.75,0.));
#1776=CARTESIAN_POINT('',(1.25,3.75,9.));
#1777=CARTESIAN_POINT('',(1.25,3.75,9.));
#1778=CARTESIAN_POINT('',(1.25,3.75,0.));
#1779=CARTESIAN_POINT('',(1.25,3.75,0.));
#1780=CARTESIAN_POINT('',(0.75,3.75,0.));
#1781=CARTESIAN_POINT('',(1.25,3.75,0.));
#1782=CARTESIAN_POINT('',(0.75,3.75,0.));
#1783=CARTESIAN_POINT('Origin',(0.75,1.25,0.5));
#1784=CARTESIAN_POINT('',(-0.75,1.05,0.5));
#1785=CARTESIAN_POINT('',(0.75,1.05,0.5));
#1786=CARTESIAN_POINT('',(0.75,1.05,0.5));
#1787=CARTESIAN_POINT('',(-0.75,3.75,0.5));
#1788=CARTESIAN_POINT('',(0.75,1.25,0.5));
#1789=CARTESIAN_POINT('Origin',(0.75,1.25,0.5));
#1790=CARTESIAN_POINT('',(-0.75,-1.25,0.5));
#1791=CARTESIAN_POINT('',(0.75,-1.25,0.5));
#1792=CARTESIAN_POINT('',(-0.25,-1.25,0.5));
#1793=CARTESIAN_POINT('',(-0.75,-1.05,0.5));
#1794=CARTESIAN_POINT('',(-0.75,1.25,0.5));
#1795=CARTESIAN_POINT('',(0.75,-1.05,0.5));
#1796=CARTESIAN_POINT('',(0.,-1.05,0.5));
#1797=CARTESIAN_POINT('',(0.75,1.25,0.5));
#1798=CARTESIAN_POINT('Origin',(-1.25,-1.25,0.));
#1799=CARTESIAN_POINT('',(-0.75,-1.25,0.));
#1800=CARTESIAN_POINT('',(-0.75,-1.25,0.25));
#1801=CARTESIAN_POINT('',(0.75,-1.25,0.));
#1802=CARTESIAN_POINT('',(0.75,-1.25,0.));
#1803=CARTESIAN_POINT('',(1.25,-1.25,0.));
#1804=CARTESIAN_POINT('',(-1.25,-1.25,0.));
#1805=CARTESIAN_POINT('',(1.25,-1.25,9.));
#1806=CARTESIAN_POINT('',(1.25,-1.25,0.));
#1807=CARTESIAN_POINT('',(-1.25,-1.25,9.));
#1808=CARTESIAN_POINT('',(-1.25,-1.25,9.));
#1809=CARTESIAN_POINT('',(-1.25,-1.25,0.));
#1810=CARTESIAN_POINT('',(-1.25,-1.25,0.));
#1811=CARTESIAN_POINT('',(-1.25,-1.25,0.));
#1812=CARTESIAN_POINT('Origin',(-0.75,-1.05,0.));
#1813=CARTESIAN_POINT('',(-0.75,-1.05,8.3));
#1814=CARTESIAN_POINT('',(-0.75,-1.05,0.));
#1815=CARTESIAN_POINT('',(0.75,-1.05,8.3));
#1816=CARTESIAN_POINT('',(-1.36056446390242,-1.05,8.3));
#1817=CARTESIAN_POINT('',(0.75,-1.05,0.));
#1818=CARTESIAN_POINT('Origin',(-0.75,1.05,0.));
#1819=CARTESIAN_POINT('',(-0.75,1.05,8.3));
#1820=CARTESIAN_POINT('',(-0.75,1.05,0.));
#1821=CARTESIAN_POINT('',(-0.75,-1.69999996200204,8.3));
#1822=CARTESIAN_POINT('',(-0.75,0.625,0.));
#1823=CARTESIAN_POINT('Origin',(0.,0.,0.));
#1824=CARTESIAN_POINT('',(0.75,-0.525,0.));
#1825=CARTESIAN_POINT('',(1.25,-1.25,0.));
#1826=CARTESIAN_POINT('Origin',(0.75,-1.05,0.));
#1827=CARTESIAN_POINT('',(0.75,1.05,8.3));
#1828=CARTESIAN_POINT('',(0.75,-1.49999996647239,8.3));
#1829=CARTESIAN_POINT('',(0.75,1.05,0.));
#1830=CARTESIAN_POINT('Origin',(0.75,1.05,0.));
#1831=CARTESIAN_POINT('',(-1.49999996647239,1.05,8.3));
#1832=CARTESIAN_POINT('Origin',(1.38777878078145E-16,0.,8.3));
#1833=CARTESIAN_POINT('',(0.5,-0.5,8.3));
#1834=CARTESIAN_POINT('',(-0.5,-0.5,8.3));
#1835=CARTESIAN_POINT('',(0.25,-0.5,8.3));
#1836=CARTESIAN_POINT('',(0.5,0.5,8.3));
#1837=CARTESIAN_POINT('',(0.5,0.25,8.3));
#1838=CARTESIAN_POINT('',(-0.5,0.5,8.3));
#1839=CARTESIAN_POINT('',(-0.25,0.5,8.3));
#1840=CARTESIAN_POINT('',(-0.5,-0.25,8.3));
#1841=CARTESIAN_POINT('Origin',(0.5,0.5,0.));
#1842=CARTESIAN_POINT('',(0.5,-0.5,8.4));
#1843=CARTESIAN_POINT('',(0.5,-0.5,0.));
#1844=CARTESIAN_POINT('',(0.5,0.5,8.4));
#1845=CARTESIAN_POINT('',(0.5,0.25,8.4));
#1846=CARTESIAN_POINT('',(0.5,0.5,0.));
#1847=CARTESIAN_POINT('Origin',(0.5,-0.5,0.));
#1848=CARTESIAN_POINT('',(-0.5,-0.5,8.4));
#1849=CARTESIAN_POINT('',(-0.5,-0.5,0.));
#1850=CARTESIAN_POINT('',(0.25,-0.5,8.4));
#1851=CARTESIAN_POINT('Origin',(-1.1,-0.25,8.4));
#1852=CARTESIAN_POINT('',(-1.1,1.1,9.));
#1853=CARTESIAN_POINT('',(-1.1,-1.1,9.));
#1854=CARTESIAN_POINT('',(-1.1,-0.25,9.));
#1855=CARTESIAN_POINT('Origin',(-1.1,-1.1,8.4));
#1856=CARTESIAN_POINT('',(-0.5,0.5,8.4));
#1857=CARTESIAN_POINT('',(-0.5,-0.25,8.4));
#1858=CARTESIAN_POINT('Origin',(-1.1,1.1,8.4));
#1859=CARTESIAN_POINT('Origin',(0.25,-1.1,8.4));
#1860=CARTESIAN_POINT('',(1.1,-1.1,9.));
#1861=CARTESIAN_POINT('',(0.25,-1.1,9.));
#1862=CARTESIAN_POINT('Origin',(1.1,-1.1,8.4));
#1863=CARTESIAN_POINT('Origin',(1.1,0.25,8.4));
#1864=CARTESIAN_POINT('',(1.1,1.1,9.));
#1865=CARTESIAN_POINT('',(1.1,0.25,9.));
#1866=CARTESIAN_POINT('Origin',(1.1,1.1,8.4));
#1867=CARTESIAN_POINT('Origin',(-0.25,1.1,8.4));
#1868=CARTESIAN_POINT('',(-0.25,0.5,8.4));
#1869=CARTESIAN_POINT('',(-0.25,1.1,9.));
#1870=CARTESIAN_POINT('Origin',(-0.5,0.5,0.));
#1871=CARTESIAN_POINT('',(-0.5,0.5,0.));
#1872=CARTESIAN_POINT('Origin',(-0.5,-0.5,0.));
#1873=CARTESIAN_POINT('Origin',(0.,0.,9.));
#1874=CARTESIAN_POINT('',(1.25,-1.25,9.));
#1875=CARTESIAN_POINT('',(-1.25,3.75,9.));
#1876=CARTESIAN_POINT('Origin',(-1.25,1.25,0.));
#1877=CARTESIAN_POINT('',(-1.25,3.75,0.));
#1878=CARTESIAN_POINT('Origin',(1.25,-1.25,0.));
#1879=CARTESIAN_POINT('Origin',(0.,0.,0.));
#1880=CARTESIAN_POINT('Origin',(-0.5,-5.55111512312578E-16,2.24504758676784));
#1881=CARTESIAN_POINT('',(-0.5,0.0500000000000001,-3.00000004470348));
#1882=CARTESIAN_POINT('',(-0.5,-0.0500000000000001,-3.00000004470348));
#1883=CARTESIAN_POINT('',(-0.5,0.,-3.00000004470348));
#1884=CARTESIAN_POINT('',(-0.5,-0.4,-2.65000004470348));
#1885=CARTESIAN_POINT('Origin',(-0.5,-0.0500000000000001,-2.65000004470348));
#1886=CARTESIAN_POINT('',(-0.5,-0.4,0.));
#1887=CARTESIAN_POINT('',(-0.5,-0.4,-0.357071421427143));
#1888=CARTESIAN_POINT('',(-0.5,-0.832659507308414,1.49395935110903));
#1889=CARTESIAN_POINT('Ctrl Pts',(-0.5,-0.4,0.));
#1890=CARTESIAN_POINT('Ctrl Pts',(-0.5,-0.461792181655993,0.0617921853390944));
#1891=CARTESIAN_POINT('Ctrl Pts',(-0.5,-0.571891480088661,0.184938878837369));
#1892=CARTESIAN_POINT('Ctrl Pts',(-0.5,-0.696622103350905,0.368346920363893));
#1893=CARTESIAN_POINT('Ctrl Pts',(-0.5,-0.793657316466032,0.610500541920573));
#1894=CARTESIAN_POINT('Ctrl Pts',(-0.5,-0.8410229714554,0.909631838432536));
#1895=CARTESIAN_POINT('Ctrl Pts',(-0.5,-0.846933504248026,1.14585290864373));
#1896=CARTESIAN_POINT('Ctrl Pts',(-0.5,-0.842507904479902,1.32085240572319));
#1897=CARTESIAN_POINT('Ctrl Pts',(-0.5,-0.836458743608626,1.43643740796416));
#1898=CARTESIAN_POINT('Ctrl Pts',(-0.5,-0.832659507308414,1.49395935110903));
#1899=CARTESIAN_POINT('',(-0.5,-0.61735817680571,7.49009521823917));
#1900=CARTESIAN_POINT('',(-0.5,-0.617358176805729,7.49009521823917));
#1901=CARTESIAN_POINT('',(-0.5,-0.369083605674951,7.09692644451651));
#1902=CARTESIAN_POINT('',(-0.5,-0.61735817680571,7.49009521823917));
#1903=CARTESIAN_POINT('',(-0.5,-0.369083605675049,2.28663493445441));
#1904=CARTESIAN_POINT('',(-0.5,-0.369083605674951,7.09692644451651));
#1905=CARTESIAN_POINT('',(-0.5,0.000806243965233574,1.80386029568431));
#1906=CARTESIAN_POINT('Origin',(-0.5,0.130916394324853,2.28663493445441));
#1907=CARTESIAN_POINT('',(-0.5,0.369083605668373,2.28619746440026));
#1908=CARTESIAN_POINT('Origin',(-0.5,-0.130916394325454,2.28619746440026));
#1909=CARTESIAN_POINT('',(-0.5,0.369083605675272,7.0969264445161));
#1910=CARTESIAN_POINT('',(-0.5,0.369083605675272,7.0969264445161));
#1911=CARTESIAN_POINT('',(-0.5,0.617358176805729,7.49009521823896));
#1912=CARTESIAN_POINT('',(-0.5,0.617358176805729,7.49009521823896));
#1913=CARTESIAN_POINT('',(-0.5,0.832659507308424,1.49395935110885));
#1914=CARTESIAN_POINT('',(-0.5,0.617358176805729,7.49009521823896));
#1915=CARTESIAN_POINT('',(-0.5,0.4,0.));
#1916=CARTESIAN_POINT('Ctrl Pts',(-0.5,0.832659507308424,1.49395935110885));
#1917=CARTESIAN_POINT('Ctrl Pts',(-0.5,0.836458743608636,1.43643740796399));
#1918=CARTESIAN_POINT('Ctrl Pts',(-0.5,0.84250790447991,1.32085240572303));
#1919=CARTESIAN_POINT('Ctrl Pts',(-0.5,0.846933504248025,1.1458529086436));
#1920=CARTESIAN_POINT('Ctrl Pts',(-0.5,0.841022971455381,0.909631838432431));
#1921=CARTESIAN_POINT('Ctrl Pts',(-0.5,0.793657316465997,0.610500541920505));
#1922=CARTESIAN_POINT('Ctrl Pts',(-0.5,0.696622103350871,0.368346920363853));
#1923=CARTESIAN_POINT('Ctrl Pts',(-0.5,0.571891480088641,0.184938878837348));
#1924=CARTESIAN_POINT('Ctrl Pts',(-0.5,0.461792181655986,0.0617921853390872));
#1925=CARTESIAN_POINT('Ctrl Pts',(-0.5,0.4,0.));
#1926=CARTESIAN_POINT('',(-0.5,0.4,-2.65000004470348));
#1927=CARTESIAN_POINT('',(-0.5,0.4,-2.65000004470348));
#1928=CARTESIAN_POINT('Origin',(-0.5,0.0500000000000005,-2.65000004470348));
#1929=CARTESIAN_POINT('Origin',(0.,-0.0500000000000001,-2.65000004470348));
#1930=CARTESIAN_POINT('',(0.5,-0.0500000000000001,-3.00000004470348));
#1931=CARTESIAN_POINT('',(0.,-0.0500000000000001,-3.00000004470348));
#1932=CARTESIAN_POINT('',(0.5,-0.4,-2.65000004470348));
#1933=CARTESIAN_POINT('Origin',(0.5,-0.0500000000000001,-2.65000004470348));
#1934=CARTESIAN_POINT('',(0.,-0.4,-2.65000004470348));
#1935=CARTESIAN_POINT('Origin',(0.,-0.4,0.));
#1936=CARTESIAN_POINT('',(0.5,-0.4,0.));
#1937=CARTESIAN_POINT('',(0.5,-0.4,-0.357071421427143));
#1938=CARTESIAN_POINT('',(0.,-0.4,0.));
#1939=CARTESIAN_POINT('Ctrl Pts',(-0.5,-0.832659507308414,1.49395935110903));
#1940=CARTESIAN_POINT('Ctrl Pts',(0.7,-0.832659507308414,1.49395935110903));
#1941=CARTESIAN_POINT('Ctrl Pts',(-0.5,-0.836458743608626,1.43643740796416));
#1942=CARTESIAN_POINT('Ctrl Pts',(0.7,-0.836458743608626,1.43643740796416));
#1943=CARTESIAN_POINT('Ctrl Pts',(-0.5,-0.842507904479902,1.32085240572319));
#1944=CARTESIAN_POINT('Ctrl Pts',(0.7,-0.842507904479902,1.32085240572319));
#1945=CARTESIAN_POINT('Ctrl Pts',(-0.5,-0.846933504248026,1.14585290864373));
#1946=CARTESIAN_POINT('Ctrl Pts',(0.7,-0.846933504248026,1.14585290864373));
#1947=CARTESIAN_POINT('Ctrl Pts',(-0.5,-0.8410229714554,0.909631838432536));
#1948=CARTESIAN_POINT('Ctrl Pts',(0.7,-0.8410229714554,0.909631838432536));
#1949=CARTESIAN_POINT('Ctrl Pts',(-0.5,-0.793657316466032,0.610500541920573));
#1950=CARTESIAN_POINT('Ctrl Pts',(0.7,-0.793657316466032,0.610500541920573));
#1951=CARTESIAN_POINT('Ctrl Pts',(-0.5,-0.696622103350905,0.368346920363893));
#1952=CARTESIAN_POINT('Ctrl Pts',(0.7,-0.696622103350905,0.368346920363893));
#1953=CARTESIAN_POINT('Ctrl Pts',(-0.5,-0.571891480088661,0.184938878837369));
#1954=CARTESIAN_POINT('Ctrl Pts',(0.7,-0.571891480088661,0.184938878837369));
#1955=CARTESIAN_POINT('Ctrl Pts',(-0.5,-0.461792181655993,0.0617921853390944));
#1956=CARTESIAN_POINT('Ctrl Pts',(0.7,-0.461792181655993,0.0617921853390944));
#1957=CARTESIAN_POINT('Ctrl Pts',(-0.5,-0.4,0.));
#1958=CARTESIAN_POINT('Ctrl Pts',(0.7,-0.4,0.));
#1959=CARTESIAN_POINT('',(0.5,-0.832659507308414,1.49395935110903));
#1960=CARTESIAN_POINT('Ctrl Pts',(0.5,-0.832659507308414,1.49395935110903));
#1961=CARTESIAN_POINT('Ctrl Pts',(0.5,-0.836458743608626,1.43643740796416));
#1962=CARTESIAN_POINT('Ctrl Pts',(0.5,-0.842507904479902,1.32085240572319));
#1963=CARTESIAN_POINT('Ctrl Pts',(0.5,-0.846933504248026,1.14585290864373));
#1964=CARTESIAN_POINT('Ctrl Pts',(0.5,-0.8410229714554,0.909631838432536));
#1965=CARTESIAN_POINT('Ctrl Pts',(0.5,-0.793657316466032,0.610500541920573));
#1966=CARTESIAN_POINT('Ctrl Pts',(0.5,-0.696622103350905,0.368346920363893));
#1967=CARTESIAN_POINT('Ctrl Pts',(0.5,-0.571891480088661,0.184938878837369));
#1968=CARTESIAN_POINT('Ctrl Pts',(0.5,-0.461792181655993,0.0617921853390944));
#1969=CARTESIAN_POINT('Ctrl Pts',(0.5,-0.4,0.));
#1970=CARTESIAN_POINT('',(0.,-0.832659507308414,1.49395935110903));
#1971=CARTESIAN_POINT('Origin',(0.,-0.617358176805729,7.49009521823917));
#1972=CARTESIAN_POINT('',(0.5,-0.61735817680571,7.49009521823917));
#1973=CARTESIAN_POINT('',(0.5,-0.617358176805729,7.49009521823917));
#1974=CARTESIAN_POINT('',(0.,-0.61735817680571,7.49009521823917));
#1975=CARTESIAN_POINT('Origin',(0.,-0.369083605674951,7.09692644451651));
#1976=CARTESIAN_POINT('',(0.5,-0.369083605674951,7.09692644451651));
#1977=CARTESIAN_POINT('',(0.5,-0.61735817680571,7.49009521823917));
#1978=CARTESIAN_POINT('',(0.,-0.369083605674951,7.09692644451651));
#1979=CARTESIAN_POINT('Origin',(0.,-0.369083605675049,2.28663493445441));
#1980=CARTESIAN_POINT('',(0.5,-0.369083605675049,2.28663493445441));
#1981=CARTESIAN_POINT('',(0.5,-0.369083605674951,7.09692644451651));
#1982=CARTESIAN_POINT('',(0.,-0.369083605675049,2.28663493445441));
#1983=CARTESIAN_POINT('Origin',(0.,0.130916394324853,2.28663493445441));
#1984=CARTESIAN_POINT('',(0.5,0.000806243965233574,1.80386029568431));
#1985=CARTESIAN_POINT('Origin',(0.5,0.130916394324853,2.28663493445441));
#1986=CARTESIAN_POINT('',(0.,0.000806242977450366,1.80386029310222));
#1987=CARTESIAN_POINT('Origin',(0.,-0.130916394325454,2.28619746440026));
#1988=CARTESIAN_POINT('',(0.5,0.369083605668373,2.28619746440026));
#1989=CARTESIAN_POINT('Origin',(0.5,-0.130916394325454,2.28619746440026));
#1990=CARTESIAN_POINT('',(0.,0.369083605668373,2.28619746440026));
#1991=CARTESIAN_POINT('Origin',(0.,0.369083605675272,7.0969264445161));
#1992=CARTESIAN_POINT('',(0.5,0.369083605675272,7.0969264445161));
#1993=CARTESIAN_POINT('',(0.5,0.369083605675272,7.0969264445161));
#1994=CARTESIAN_POINT('',(0.,0.369083605675272,7.0969264445161));
#1995=CARTESIAN_POINT('Origin',(0.,0.617358176805729,7.49009521823896));
#1996=CARTESIAN_POINT('',(0.5,0.617358176805729,7.49009521823896));
#1997=CARTESIAN_POINT('',(0.5,0.617358176805729,7.49009521823896));
#1998=CARTESIAN_POINT('',(0.,0.617358176805729,7.49009521823896));
#1999=CARTESIAN_POINT('Origin',(0.,0.832659507308424,1.49395935110885));
#2000=CARTESIAN_POINT('',(0.5,0.832659507308424,1.49395935110885));
#2001=CARTESIAN_POINT('',(0.5,0.617358176805729,7.49009521823896));
#2002=CARTESIAN_POINT('',(0.,0.832659507308424,1.49395935110885));
#2003=CARTESIAN_POINT('Ctrl Pts',(-0.5,0.4,0.));
#2004=CARTESIAN_POINT('Ctrl Pts',(0.7,0.4,0.));
#2005=CARTESIAN_POINT('Ctrl Pts',(-0.5,0.461792181655986,0.0617921853390872));
#2006=CARTESIAN_POINT('Ctrl Pts',(0.7,0.461792181655986,0.0617921853390872));
#2007=CARTESIAN_POINT('Ctrl Pts',(-0.5,0.571891480088641,0.184938878837348));
#2008=CARTESIAN_POINT('Ctrl Pts',(0.7,0.571891480088641,0.184938878837348));
#2009=CARTESIAN_POINT('Ctrl Pts',(-0.5,0.696622103350871,0.368346920363853));
#2010=CARTESIAN_POINT('Ctrl Pts',(0.7,0.696622103350871,0.368346920363853));
#2011=CARTESIAN_POINT('Ctrl Pts',(-0.5,0.793657316465997,0.610500541920505));
#2012=CARTESIAN_POINT('Ctrl Pts',(0.7,0.793657316465997,0.610500541920505));
#2013=CARTESIAN_POINT('Ctrl Pts',(-0.5,0.841022971455381,0.909631838432431));
#2014=CARTESIAN_POINT('Ctrl Pts',(0.7,0.841022971455381,0.909631838432431));
#2015=CARTESIAN_POINT('Ctrl Pts',(-0.5,0.846933504248025,1.1458529086436));
#2016=CARTESIAN_POINT('Ctrl Pts',(0.7,0.846933504248025,1.1458529086436));
#2017=CARTESIAN_POINT('Ctrl Pts',(-0.5,0.84250790447991,1.32085240572303));
#2018=CARTESIAN_POINT('Ctrl Pts',(0.7,0.84250790447991,1.32085240572303));
#2019=CARTESIAN_POINT('Ctrl Pts',(-0.5,0.836458743608636,1.43643740796399));
#2020=CARTESIAN_POINT('Ctrl Pts',(0.7,0.836458743608636,1.43643740796399));
#2021=CARTESIAN_POINT('Ctrl Pts',(-0.5,0.832659507308424,1.49395935110885));
#2022=CARTESIAN_POINT('Ctrl Pts',(0.7,0.832659507308424,1.49395935110885));
#2023=CARTESIAN_POINT('',(0.5,0.4,0.));
#2024=CARTESIAN_POINT('Ctrl Pts',(0.5,0.4,0.));
#2025=CARTESIAN_POINT('Ctrl Pts',(0.5,0.461792181655986,0.0617921853390872));
#2026=CARTESIAN_POINT('Ctrl Pts',(0.5,0.571891480088641,0.184938878837348));
#2027=CARTESIAN_POINT('Ctrl Pts',(0.5,0.696622103350871,0.368346920363853));
#2028=CARTESIAN_POINT('Ctrl Pts',(0.5,0.793657316465997,0.610500541920505));
#2029=CARTESIAN_POINT('Ctrl Pts',(0.5,0.841022971455381,0.909631838432431));
#2030=CARTESIAN_POINT('Ctrl Pts',(0.5,0.846933504248025,1.1458529086436));
#2031=CARTESIAN_POINT('Ctrl Pts',(0.5,0.84250790447991,1.32085240572303));
#2032=CARTESIAN_POINT('Ctrl Pts',(0.5,0.836458743608636,1.43643740796399));
#2033=CARTESIAN_POINT('Ctrl Pts',(0.5,0.832659507308424,1.49395935110885));
#2034=CARTESIAN_POINT('',(0.,0.4,0.));
#2035=CARTESIAN_POINT('Origin',(0.,0.4,-2.65000004470348));
#2036=CARTESIAN_POINT('',(0.5,0.4,-2.65000004470348));
#2037=CARTESIAN_POINT('',(0.5,0.4,-2.65000004470348));
#2038=CARTESIAN_POINT('',(0.,0.4,-2.65000004470348));
#2039=CARTESIAN_POINT('Origin',(0.,0.0500000000000005,-2.65000004470348));
#2040=CARTESIAN_POINT('',(0.5,0.0500000000000001,-3.00000004470348));
#2041=CARTESIAN_POINT('Origin',(0.5,0.0500000000000005,-2.65000004470348));
#2042=CARTESIAN_POINT('',(0.,0.0500000000000001,-3.00000004470348));
#2043=CARTESIAN_POINT('Origin',(0.,-0.0500000000000001,-3.00000004470348));
#2044=CARTESIAN_POINT('',(0.5,0.,-3.00000004470348));
#2045=CARTESIAN_POINT('Origin',(0.5,-5.55111512312578E-16,2.24504758676784));
#2046=CARTESIAN_POINT('Origin',(-0.5,2.5,2.24504758676784));
#2047=CARTESIAN_POINT('',(-0.5,2.55,-3.00000004470348));
#2048=CARTESIAN_POINT('',(-0.5,2.45,-3.00000004470348));
#2049=CARTESIAN_POINT('',(-0.5,2.5,-3.00000004470348));
#2050=CARTESIAN_POINT('',(-0.5,2.1,-2.65000004470348));
#2051=CARTESIAN_POINT('Origin',(-0.5,2.45,-2.65000004470348));
#2052=CARTESIAN_POINT('',(-0.5,2.1,0.));
#2053=CARTESIAN_POINT('',(-0.5,2.1,-0.357071421427143));
#2054=CARTESIAN_POINT('',(-0.5,1.66734049269159,1.49395935110903));
#2055=CARTESIAN_POINT('Ctrl Pts',(-0.5,2.1,0.));
#2056=CARTESIAN_POINT('Ctrl Pts',(-0.5,2.03820781834401,0.0617921853390944));
#2057=CARTESIAN_POINT('Ctrl Pts',(-0.5,1.92810851991134,0.184938878837369));
#2058=CARTESIAN_POINT('Ctrl Pts',(-0.5,1.80337789664909,0.368346920363893));
#2059=CARTESIAN_POINT('Ctrl Pts',(-0.5,1.70634268353397,0.610500541920573));
#2060=CARTESIAN_POINT('Ctrl Pts',(-0.5,1.6589770285446,0.909631838432536));
#2061=CARTESIAN_POINT('Ctrl Pts',(-0.5,1.65306649575197,1.14585290864373));
#2062=CARTESIAN_POINT('Ctrl Pts',(-0.5,1.6574920955201,1.32085240572319));
#2063=CARTESIAN_POINT('Ctrl Pts',(-0.5,1.66354125639137,1.43643740796416));
#2064=CARTESIAN_POINT('Ctrl Pts',(-0.5,1.66734049269159,1.49395935110903));
#2065=CARTESIAN_POINT('',(-0.5,1.88264182319429,7.49009521823917));
#2066=CARTESIAN_POINT('',(-0.5,1.88264182319427,7.49009521823917));
#2067=CARTESIAN_POINT('',(-0.5,2.13091639432505,7.09692644451651));
#2068=CARTESIAN_POINT('',(-0.5,1.88264182319429,7.49009521823917));
#2069=CARTESIAN_POINT('',(-0.5,2.13091639432495,2.28663493445441));
#2070=CARTESIAN_POINT('',(-0.5,2.13091639432505,7.09692644451651));
#2071=CARTESIAN_POINT('',(-0.5,2.50080624396523,1.80386029568431));
#2072=CARTESIAN_POINT('Origin',(-0.5,2.63091639432485,2.28663493445441));
#2073=CARTESIAN_POINT('',(-0.5,2.86908360566837,2.28619746440026));
#2074=CARTESIAN_POINT('Origin',(-0.5,2.36908360567455,2.28619746440026));
#2075=CARTESIAN_POINT('',(-0.5,2.86908360567527,7.0969264445161));
#2076=CARTESIAN_POINT('',(-0.5,2.86908360567527,7.0969264445161));
#2077=CARTESIAN_POINT('',(-0.5,3.11735817680573,7.49009521823896));
#2078=CARTESIAN_POINT('',(-0.5,3.11735817680573,7.49009521823896));
#2079=CARTESIAN_POINT('',(-0.5,3.33265950730842,1.49395935110885));
#2080=CARTESIAN_POINT('',(-0.5,3.11735817680573,7.49009521823896));
#2081=CARTESIAN_POINT('',(-0.5,2.9,0.));
#2082=CARTESIAN_POINT('Ctrl Pts',(-0.5,3.33265950730842,1.49395935110885));
#2083=CARTESIAN_POINT('Ctrl Pts',(-0.5,3.33645874360864,1.43643740796399));
#2084=CARTESIAN_POINT('Ctrl Pts',(-0.5,3.34250790447991,1.32085240572303));
#2085=CARTESIAN_POINT('Ctrl Pts',(-0.5,3.34693350424802,1.1458529086436));
#2086=CARTESIAN_POINT('Ctrl Pts',(-0.5,3.34102297145538,0.909631838432431));
#2087=CARTESIAN_POINT('Ctrl Pts',(-0.5,3.293657316466,0.610500541920505));
#2088=CARTESIAN_POINT('Ctrl Pts',(-0.5,3.19662210335087,0.368346920363853));
#2089=CARTESIAN_POINT('Ctrl Pts',(-0.5,3.07189148008864,0.184938878837348));
#2090=CARTESIAN_POINT('Ctrl Pts',(-0.5,2.96179218165599,0.0617921853390872));
#2091=CARTESIAN_POINT('Ctrl Pts',(-0.5,2.9,0.));
#2092=CARTESIAN_POINT('',(-0.5,2.9,-2.65000004470348));
#2093=CARTESIAN_POINT('',(-0.5,2.9,-2.65000004470348));
#2094=CARTESIAN_POINT('Origin',(-0.5,2.55,-2.65000004470348));
#2095=CARTESIAN_POINT('Origin',(0.,2.45,-2.65000004470348));
#2096=CARTESIAN_POINT('',(0.5,2.45,-3.00000004470348));
#2097=CARTESIAN_POINT('',(0.,2.45,-3.00000004470348));
#2098=CARTESIAN_POINT('',(0.5,2.1,-2.65000004470348));
#2099=CARTESIAN_POINT('Origin',(0.5,2.45,-2.65000004470348));
#2100=CARTESIAN_POINT('',(0.,2.1,-2.65000004470348));
#2101=CARTESIAN_POINT('Origin',(0.,2.1,0.));
#2102=CARTESIAN_POINT('',(0.5,2.1,0.));
#2103=CARTESIAN_POINT('',(0.5,2.1,-0.357071421427143));
#2104=CARTESIAN_POINT('',(0.,2.1,0.));
#2105=CARTESIAN_POINT('Ctrl Pts',(-0.5,1.66734049269159,1.49395935110903));
#2106=CARTESIAN_POINT('Ctrl Pts',(0.7,1.66734049269159,1.49395935110903));
#2107=CARTESIAN_POINT('Ctrl Pts',(-0.5,1.66354125639137,1.43643740796416));
#2108=CARTESIAN_POINT('Ctrl Pts',(0.7,1.66354125639137,1.43643740796416));
#2109=CARTESIAN_POINT('Ctrl Pts',(-0.5,1.6574920955201,1.32085240572319));
#2110=CARTESIAN_POINT('Ctrl Pts',(0.7,1.6574920955201,1.32085240572319));
#2111=CARTESIAN_POINT('Ctrl Pts',(-0.5,1.65306649575197,1.14585290864373));
#2112=CARTESIAN_POINT('Ctrl Pts',(0.7,1.65306649575197,1.14585290864373));
#2113=CARTESIAN_POINT('Ctrl Pts',(-0.5,1.6589770285446,0.909631838432536));
#2114=CARTESIAN_POINT('Ctrl Pts',(0.7,1.6589770285446,0.909631838432536));
#2115=CARTESIAN_POINT('Ctrl Pts',(-0.5,1.70634268353397,0.610500541920573));
#2116=CARTESIAN_POINT('Ctrl Pts',(0.7,1.70634268353397,0.610500541920573));
#2117=CARTESIAN_POINT('Ctrl Pts',(-0.5,1.80337789664909,0.368346920363893));
#2118=CARTESIAN_POINT('Ctrl Pts',(0.7,1.80337789664909,0.368346920363893));
#2119=CARTESIAN_POINT('Ctrl Pts',(-0.5,1.92810851991134,0.184938878837369));
#2120=CARTESIAN_POINT('Ctrl Pts',(0.7,1.92810851991134,0.184938878837369));
#2121=CARTESIAN_POINT('Ctrl Pts',(-0.5,2.03820781834401,0.0617921853390944));
#2122=CARTESIAN_POINT('Ctrl Pts',(0.7,2.03820781834401,0.0617921853390944));
#2123=CARTESIAN_POINT('Ctrl Pts',(-0.5,2.1,0.));
#2124=CARTESIAN_POINT('Ctrl Pts',(0.7,2.1,0.));
#2125=CARTESIAN_POINT('',(0.5,1.66734049269159,1.49395935110903));
#2126=CARTESIAN_POINT('Ctrl Pts',(0.5,1.66734049269159,1.49395935110903));
#2127=CARTESIAN_POINT('Ctrl Pts',(0.5,1.66354125639137,1.43643740796416));
#2128=CARTESIAN_POINT('Ctrl Pts',(0.5,1.6574920955201,1.32085240572319));
#2129=CARTESIAN_POINT('Ctrl Pts',(0.5,1.65306649575197,1.14585290864373));
#2130=CARTESIAN_POINT('Ctrl Pts',(0.5,1.6589770285446,0.909631838432536));
#2131=CARTESIAN_POINT('Ctrl Pts',(0.5,1.70634268353397,0.610500541920573));
#2132=CARTESIAN_POINT('Ctrl Pts',(0.5,1.80337789664909,0.368346920363893));
#2133=CARTESIAN_POINT('Ctrl Pts',(0.5,1.92810851991134,0.184938878837369));
#2134=CARTESIAN_POINT('Ctrl Pts',(0.5,2.03820781834401,0.0617921853390944));
#2135=CARTESIAN_POINT('Ctrl Pts',(0.5,2.1,0.));
#2136=CARTESIAN_POINT('',(0.,1.66734049269159,1.49395935110903));
#2137=CARTESIAN_POINT('Origin',(0.,1.88264182319427,7.49009521823917));
#2138=CARTESIAN_POINT('',(0.5,1.88264182319429,7.49009521823917));
#2139=CARTESIAN_POINT('',(0.5,1.88264182319427,7.49009521823917));
#2140=CARTESIAN_POINT('',(0.,1.88264182319429,7.49009521823917));
#2141=CARTESIAN_POINT('Origin',(0.,2.13091639432505,7.09692644451651));
#2142=CARTESIAN_POINT('',(0.5,2.13091639432505,7.09692644451651));
#2143=CARTESIAN_POINT('',(0.5,1.88264182319429,7.49009521823917));
#2144=CARTESIAN_POINT('',(0.,2.13091639432505,7.09692644451651));
#2145=CARTESIAN_POINT('Origin',(0.,2.13091639432495,2.28663493445441));
#2146=CARTESIAN_POINT('',(0.5,2.13091639432495,2.28663493445441));
#2147=CARTESIAN_POINT('',(0.5,2.13091639432505,7.09692644451651));
#2148=CARTESIAN_POINT('',(0.,2.13091639432495,2.28663493445441));
#2149=CARTESIAN_POINT('Origin',(0.,2.63091639432485,2.28663493445441));
#2150=CARTESIAN_POINT('',(0.5,2.50080624396523,1.80386029568431));
#2151=CARTESIAN_POINT('Origin',(0.5,2.63091639432485,2.28663493445441));
#2152=CARTESIAN_POINT('',(0.,2.50080624297745,1.80386029310222));
#2153=CARTESIAN_POINT('Origin',(0.,2.36908360567455,2.28619746440026));
#2154=CARTESIAN_POINT('',(0.5,2.86908360566837,2.28619746440026));
#2155=CARTESIAN_POINT('Origin',(0.5,2.36908360567455,2.28619746440026));
#2156=CARTESIAN_POINT('',(0.,2.86908360566837,2.28619746440026));
#2157=CARTESIAN_POINT('Origin',(0.,2.86908360567527,7.0969264445161));
#2158=CARTESIAN_POINT('',(0.5,2.86908360567527,7.0969264445161));
#2159=CARTESIAN_POINT('',(0.5,2.86908360567527,7.0969264445161));
#2160=CARTESIAN_POINT('',(0.,2.86908360567527,7.0969264445161));
#2161=CARTESIAN_POINT('Origin',(0.,3.11735817680573,7.49009521823896));
#2162=CARTESIAN_POINT('',(0.5,3.11735817680573,7.49009521823896));
#2163=CARTESIAN_POINT('',(0.5,3.11735817680573,7.49009521823896));
#2164=CARTESIAN_POINT('',(0.,3.11735817680573,7.49009521823896));
#2165=CARTESIAN_POINT('Origin',(0.,3.33265950730842,1.49395935110885));
#2166=CARTESIAN_POINT('',(0.5,3.33265950730842,1.49395935110885));
#2167=CARTESIAN_POINT('',(0.5,3.11735817680573,7.49009521823896));
#2168=CARTESIAN_POINT('',(0.,3.33265950730842,1.49395935110885));
#2169=CARTESIAN_POINT('Ctrl Pts',(-0.5,2.9,0.));
#2170=CARTESIAN_POINT('Ctrl Pts',(0.7,2.9,0.));
#2171=CARTESIAN_POINT('Ctrl Pts',(-0.5,2.96179218165599,0.0617921853390872));
#2172=CARTESIAN_POINT('Ctrl Pts',(0.7,2.96179218165599,0.0617921853390872));
#2173=CARTESIAN_POINT('Ctrl Pts',(-0.5,3.07189148008864,0.184938878837348));
#2174=CARTESIAN_POINT('Ctrl Pts',(0.7,3.07189148008864,0.184938878837348));
#2175=CARTESIAN_POINT('Ctrl Pts',(-0.5,3.19662210335087,0.368346920363853));
#2176=CARTESIAN_POINT('Ctrl Pts',(0.7,3.19662210335087,0.368346920363853));
#2177=CARTESIAN_POINT('Ctrl Pts',(-0.5,3.293657316466,0.610500541920505));
#2178=CARTESIAN_POINT('Ctrl Pts',(0.7,3.293657316466,0.610500541920505));
#2179=CARTESIAN_POINT('Ctrl Pts',(-0.5,3.34102297145538,0.909631838432431));
#2180=CARTESIAN_POINT('Ctrl Pts',(0.7,3.34102297145538,0.909631838432431));
#2181=CARTESIAN_POINT('Ctrl Pts',(-0.5,3.34693350424802,1.1458529086436));
#2182=CARTESIAN_POINT('Ctrl Pts',(0.7,3.34693350424802,1.1458529086436));
#2183=CARTESIAN_POINT('Ctrl Pts',(-0.5,3.34250790447991,1.32085240572303));
#2184=CARTESIAN_POINT('Ctrl Pts',(0.7,3.34250790447991,1.32085240572303));
#2185=CARTESIAN_POINT('Ctrl Pts',(-0.5,3.33645874360864,1.43643740796399));
#2186=CARTESIAN_POINT('Ctrl Pts',(0.7,3.33645874360864,1.43643740796399));
#2187=CARTESIAN_POINT('Ctrl Pts',(-0.5,3.33265950730842,1.49395935110885));
#2188=CARTESIAN_POINT('Ctrl Pts',(0.7,3.33265950730842,1.49395935110885));
#2189=CARTESIAN_POINT('',(0.5,2.9,0.));
#2190=CARTESIAN_POINT('Ctrl Pts',(0.5,2.9,0.));
#2191=CARTESIAN_POINT('Ctrl Pts',(0.5,2.96179218165599,0.0617921853390872));
#2192=CARTESIAN_POINT('Ctrl Pts',(0.5,3.07189148008864,0.184938878837348));
#2193=CARTESIAN_POINT('Ctrl Pts',(0.5,3.19662210335087,0.368346920363853));
#2194=CARTESIAN_POINT('Ctrl Pts',(0.5,3.293657316466,0.610500541920505));
#2195=CARTESIAN_POINT('Ctrl Pts',(0.5,3.34102297145538,0.909631838432431));
#2196=CARTESIAN_POINT('Ctrl Pts',(0.5,3.34693350424802,1.1458529086436));
#2197=CARTESIAN_POINT('Ctrl Pts',(0.5,3.34250790447991,1.32085240572303));
#2198=CARTESIAN_POINT('Ctrl Pts',(0.5,3.33645874360864,1.43643740796399));
#2199=CARTESIAN_POINT('Ctrl Pts',(0.5,3.33265950730842,1.49395935110885));
#2200=CARTESIAN_POINT('',(0.,2.9,0.));
#2201=CARTESIAN_POINT('Origin',(0.,2.9,-2.65000004470348));
#2202=CARTESIAN_POINT('',(0.5,2.9,-2.65000004470348));
#2203=CARTESIAN_POINT('',(0.5,2.9,-2.65000004470348));
#2204=CARTESIAN_POINT('',(0.,2.9,-2.65000004470348));
#2205=CARTESIAN_POINT('Origin',(0.,2.55,-2.65000004470348));
#2206=CARTESIAN_POINT('',(0.5,2.55,-3.00000004470348));
#2207=CARTESIAN_POINT('Origin',(0.5,2.55,-2.65000004470348));
#2208=CARTESIAN_POINT('',(0.,2.55,-3.00000004470348));
#2209=CARTESIAN_POINT('Origin',(0.,2.45,-3.00000004470348));
#2210=CARTESIAN_POINT('',(0.5,2.5,-3.00000004470348));
#2211=CARTESIAN_POINT('Origin',(0.5,2.5,2.24504758676784));
#2212=UNCERTAINTY_MEASURE_WITH_UNIT(LENGTH_MEASURE(0.01),#2216,
'DISTANCE_ACCURACY_VALUE',
'Maximum model space distance between geometric entities at asserted c
onnectivities');
#2213=UNCERTAINTY_MEASURE_WITH_UNIT(LENGTH_MEASURE(0.01),#2216,
'DISTANCE_ACCURACY_VALUE',
'Maximum model space distance between geometric entities at asserted c
onnectivities');
#2214=(
GEOMETRIC_REPRESENTATION_CONTEXT(3)
GLOBAL_UNCERTAINTY_ASSIGNED_CONTEXT((#2212))
GLOBAL_UNIT_ASSIGNED_CONTEXT((#2216,#2218,#2219))
REPRESENTATION_CONTEXT('','3D')
);
#2215=(
GEOMETRIC_REPRESENTATION_CONTEXT(3)
GLOBAL_UNCERTAINTY_ASSIGNED_CONTEXT((#2213))
GLOBAL_UNIT_ASSIGNED_CONTEXT((#2216,#2218,#2219))
REPRESENTATION_CONTEXT('','3D')
);
#2216=(
LENGTH_UNIT()
NAMED_UNIT(*)
SI_UNIT(.MILLI.,.METRE.)
);
#2217=(
LENGTH_UNIT()
NAMED_UNIT(*)
SI_UNIT($,.METRE.)
);
#2218=(
NAMED_UNIT(*)
PLANE_ANGLE_UNIT()
SI_UNIT($,.RADIAN.)
);
#2219=(
NAMED_UNIT(*)
SI_UNIT($,.STERADIAN.)
SOLID_ANGLE_UNIT()
);
#2220=SHAPE_DEFINITION_REPRESENTATION(#2221,#2222);
#2221=PRODUCT_DEFINITION_SHAPE('',$,#2224);
#2222=SHAPE_REPRESENTATION('',(#1288),#2214);
#2223=PRODUCT_DEFINITION_CONTEXT('part definition',#2228,'design');
#2224=PRODUCT_DEFINITION('2025-12-08-02-58-09-931',
'Female 2 Pin Header',#2225,#2223);
#2225=PRODUCT_DEFINITION_FORMATION('',$,#2230);
#2226=PRODUCT_RELATED_PRODUCT_CATEGORY('Female 2 Pin Header',
'Female 2 Pin Header',(#2230));
#2227=APPLICATION_PROTOCOL_DEFINITION('international standard',
'automotive_design',2009,#2228);
#2228=APPLICATION_CONTEXT(
'Core Data for Automotive Mechanical Design Process');
#2229=PRODUCT_CONTEXT('part definition',#2228,'mechanical');
#2230=PRODUCT('2025-12-08-02-58-09-931','Female 2 Pin Header',$,(#2229));
#2231=PRESENTATION_STYLE_ASSIGNMENT((#2234));
#2232=PRESENTATION_STYLE_ASSIGNMENT((#2235));
#2233=PRESENTATION_STYLE_ASSIGNMENT((#2236));
#2234=SURFACE_STYLE_USAGE(.BOTH.,#2237);
#2235=SURFACE_STYLE_USAGE(.BOTH.,#2238);
#2236=SURFACE_STYLE_USAGE(.BOTH.,#2239);
#2237=SURFACE_SIDE_STYLE('',(#2240));
#2238=SURFACE_SIDE_STYLE('',(#2241));
#2239=SURFACE_SIDE_STYLE('',(#2242));
#2240=SURFACE_STYLE_FILL_AREA(#2243);
#2241=SURFACE_STYLE_FILL_AREA(#2244);
#2242=SURFACE_STYLE_FILL_AREA(#2245);
#2243=FILL_AREA_STYLE('Steel - Satin',(#2246));
#2244=FILL_AREA_STYLE('Opaque(115,115,115)',(#2247));
#2245=FILL_AREA_STYLE('Opaque(244,229,167)',(#2248));
#2246=FILL_AREA_STYLE_COLOUR('Steel - Satin',#2249);
#2247=FILL_AREA_STYLE_COLOUR('Opaque(115,115,115)',#2250);
#2248=FILL_AREA_STYLE_COLOUR('Opaque(244,229,167)',#2251);
#2249=COLOUR_RGB('Steel - Satin',0.627450980392157,0.627450980392157,0.627450980392157);
#2250=COLOUR_RGB('Opaque(115,115,115)',0.450980392156863,0.450980392156863,
0.450980392156863);
#2251=COLOUR_RGB('Opaque(244,229,167)',0.956862745098039,0.898039215686275,
0.654901960784314);
ENDSEC;
END-ISO-10303-21;
