ISO-10303-21;
HEADER;
/* Generated by software containing ST-Developer
 * from STEP Tools, Inc. (www.steptools.com) 
 */

FILE_DESCRIPTION(
/* description */ (''),
/* implementation_level */ '2;1');

FILE_NAME(
/* name */ 'Treedix_RJ45_8_pin.step',
/* time_stamp */ '2026-10-08T19:55:20-04:00',
/* author */ (''),
/* organization */ (''),
/* preprocessor_version */ 'ST-DEVELOPER v20.2',
/* originating_system */ 'Autodesk Translation Framework v15.15.0.0',
/* authorisation */ '');

FILE_SCHEMA (('AUTOMOTIVE_DESIGN { 1 0 10303 214 3 1 1 }'));
ENDSEC;

DATA;
#10=MECHANICAL_DESIGN_GEOMETRIC_PRESENTATION_REPRESENTATION('',(#13),#3754);
#11=SHAPE_REPRESENTATION_RELATIONSHIP('SRR','None',#3761,#12);
#12=ADVANCED_BREP_SHAPE_REPRESENTATION('',(#14),#3753);
#13=STYLED_ITEM('',(#3771),#14);
#14=MANIFOLD_SOLID_BREP('Body1',#1734);
#15=FACE_BOUND('',#571,.T.);
#16=FACE_BOUND('',#572,.T.);
#17=FACE_BOUND('',#573,.T.);
#18=FACE_BOUND('',#574,.T.);
#19=FACE_BOUND('',#579,.T.);
#20=FACE_BOUND('',#606,.T.);
#21=FACE_BOUND('',#607,.T.);
#22=FACE_BOUND('',#608,.T.);
#23=FACE_BOUND('',#609,.T.);
#24=FACE_BOUND('',#610,.T.);
#25=FACE_BOUND('',#611,.T.);
#26=FACE_BOUND('',#612,.T.);
#27=FACE_BOUND('',#613,.T.);
#28=SPHERICAL_SURFACE('',#1848,0.2);
#29=SPHERICAL_SURFACE('',#1857,0.2);
#30=SPHERICAL_SURFACE('',#1862,0.2);
#31=SPHERICAL_SURFACE('',#1869,0.2);
#32=ELLIPSE('',#1835,0.0707106781186548,0.05);
#33=ELLIPSE('',#1840,0.0707106781186547,0.05);
#34=ELLIPSE('',#1845,0.0707106781186544,0.05);
#35=ELLIPSE('',#1847,0.0707106781186548,0.05);
#36=CYLINDRICAL_SURFACE('',#1776,1.5);
#37=CYLINDRICAL_SURFACE('',#1788,0.199999995529652);
#38=CYLINDRICAL_SURFACE('',#1794,0.2);
#39=CYLINDRICAL_SURFACE('',#1800,0.2);
#40=CYLINDRICAL_SURFACE('',#1806,0.199999995529652);
#41=CYLINDRICAL_SURFACE('',#1812,0.199999995529652);
#42=CYLINDRICAL_SURFACE('',#1818,0.199999995529652);
#43=CYLINDRICAL_SURFACE('',#1824,0.2);
#44=CYLINDRICAL_SURFACE('',#1830,0.2);
#45=CYLINDRICAL_SURFACE('',#1833,0.05);
#46=CYLINDRICAL_SURFACE('',#1837,0.05);
#47=CYLINDRICAL_SURFACE('',#1838,0.05);
#48=CYLINDRICAL_SURFACE('',#1844,0.05);
#49=CYLINDRICAL_SURFACE('',#1846,0.05);
#50=CYLINDRICAL_SURFACE('',#1852,0.2);
#51=CYLINDRICAL_SURFACE('',#1856,0.05);
#52=CYLINDRICAL_SURFACE('',#1861,0.2);
#53=CYLINDRICAL_SURFACE('',#1866,0.2);
#54=CYLINDRICAL_SURFACE('',#1868,0.2);
#55=CYLINDRICAL_SURFACE('',#1873,0.2);
#56=CYLINDRICAL_SURFACE('',#1874,0.2);
#57=CYLINDRICAL_SURFACE('',#1875,0.2);
#58=CYLINDRICAL_SURFACE('',#1876,0.2);
#59=CYLINDRICAL_SURFACE('',#1877,0.2);
#60=CYLINDRICAL_SURFACE('',#1878,0.05);
#61=CYLINDRICAL_SURFACE('',#1881,0.05);
#62=CYLINDRICAL_SURFACE('',#1884,0.125);
#63=CYLINDRICAL_SURFACE('',#1897,0.125);
#64=CYLINDRICAL_SURFACE('',#1918,0.125);
#65=CYLINDRICAL_SURFACE('',#1919,1.5);
#66=CYLINDRICAL_SURFACE('',#1920,1.5);
#67=CYLINDRICAL_SURFACE('',#1921,1.5);
#68=CYLINDRICAL_SURFACE('',#1923,0.125);
#69=CONICAL_SURFACE('',#1761,1.45,0.785398163397449);
#70=CONICAL_SURFACE('',#1767,1.45,0.785398163397449);
#71=CONICAL_SURFACE('',#1772,1.45,0.785398163397449);
#72=CONICAL_SURFACE('',#1780,1.45,0.785398163397449);
#73=CONICAL_SURFACE('',#1785,0.149999995529652,0.785398163397448);
#74=CONICAL_SURFACE('',#1791,0.15,0.785398163397448);
#75=CONICAL_SURFACE('',#1797,0.15,0.785398163397448);
#76=CONICAL_SURFACE('',#1803,0.149999995529652,0.785398163397448);
#77=CONICAL_SURFACE('',#1809,0.149999995529652,0.785398163397448);
#78=CONICAL_SURFACE('',#1815,0.149999995529652,0.785398163397448);
#79=CONICAL_SURFACE('',#1821,0.15,0.785398163397448);
#80=CONICAL_SURFACE('',#1827,0.15,0.785398163397448);
#81=LINE('',#3191,#210);
#82=LINE('',#3198,#211);
#83=LINE('',#3208,#212);
#84=LINE('',#3210,#213);
#85=LINE('',#3211,#214);
#86=LINE('',#3216,#215);
#87=LINE('',#3223,#216);
#88=LINE('',#3233,#217);
#89=LINE('',#3235,#218);
#90=LINE('',#3236,#219);
#91=LINE('',#3254,#220);
#92=LINE('',#3255,#221);
#93=LINE('',#3258,#222);
#94=LINE('',#3261,#223);
#95=LINE('',#3266,#224);
#96=LINE('',#3273,#225);
#97=LINE('',#3283,#226);
#98=LINE('',#3285,#227);
#99=LINE('',#3286,#228);
#100=LINE('',#3292,#229);
#101=LINE('',#3296,#230);
#102=LINE('',#3303,#231);
#103=LINE('',#3307,#232);
#104=LINE('',#3314,#233);
#105=LINE('',#3318,#234);
#106=LINE('',#3325,#235);
#107=LINE('',#3329,#236);
#108=LINE('',#3336,#237);
#109=LINE('',#3340,#238);
#110=LINE('',#3347,#239);
#111=LINE('',#3351,#240);
#112=LINE('',#3358,#241);
#113=LINE('',#3362,#242);
#114=LINE('',#3369,#243);
#115=LINE('',#3373,#244);
#116=LINE('',#3379,#245);
#117=LINE('',#3383,#246);
#118=LINE('',#3389,#247);
#119=LINE('',#3401,#248);
#120=LINE('',#3405,#249);
#121=LINE('',#3409,#250);
#122=LINE('',#3460,#251);
#123=LINE('',#3462,#252);
#124=LINE('',#3467,#253);
#125=LINE('',#3480,#254);
#126=LINE('',#3490,#255);
#127=LINE('',#3492,#256);
#128=LINE('',#3540,#257);
#129=LINE('',#3541,#258);
#130=LINE('',#3550,#259);
#131=LINE('',#3551,#260);
#132=LINE('',#3561,#261);
#133=LINE('',#3562,#262);
#134=LINE('',#3565,#263);
#135=LINE('',#3566,#264);
#136=LINE('',#3575,#265);
#137=LINE('',#3576,#266);
#138=LINE('',#3578,#267);
#139=LINE('',#3579,#268);
#140=LINE('',#3581,#269);
#141=LINE('',#3582,#270);
#142=LINE('',#3584,#271);
#143=LINE('',#3585,#272);
#144=LINE('',#3587,#273);
#145=LINE('',#3588,#274);
#146=LINE('',#3591,#275);
#147=LINE('',#3595,#276);
#148=LINE('',#3599,#277);
#149=LINE('',#3603,#278);
#150=LINE('',#3609,#279);
#151=LINE('',#3613,#280);
#152=LINE('',#3615,#281);
#153=LINE('',#3617,#282);
#154=LINE('',#3619,#283);
#155=LINE('',#3620,#284);
#156=LINE('',#3623,#285);
#157=LINE('',#3625,#286);
#158=LINE('',#3628,#287);
#159=LINE('',#3630,#288);
#160=LINE('',#3631,#289);
#161=LINE('',#3635,#290);
#162=LINE('',#3639,#291);
#163=LINE('',#3640,#292);
#164=LINE('',#3647,#293);
#165=LINE('',#3649,#294);
#166=LINE('',#3653,#295);
#167=LINE('',#3657,#296);
#168=LINE('',#3659,#297);
#169=LINE('',#3661,#298);
#170=LINE('',#3663,#299);
#171=LINE('',#3665,#300);
#172=LINE('',#3667,#301);
#173=LINE('',#3669,#302);
#174=LINE('',#3671,#303);
#175=LINE('',#3673,#304);
#176=LINE('',#3675,#305);
#177=LINE('',#3677,#306);
#178=LINE('',#3678,#307);
#179=LINE('',#3683,#308);
#180=LINE('',#3684,#309);
#181=LINE('',#3685,#310);
#182=LINE('',#3688,#311);
#183=LINE('',#3689,#312);
#184=LINE('',#3692,#313);
#185=LINE('',#3693,#314);
#186=LINE('',#3696,#315);
#187=LINE('',#3697,#316);
#188=LINE('',#3700,#317);
#189=LINE('',#3701,#318);
#190=LINE('',#3704,#319);
#191=LINE('',#3705,#320);
#192=LINE('',#3708,#321);
#193=LINE('',#3709,#322);
#194=LINE('',#3712,#323);
#195=LINE('',#3713,#324);
#196=LINE('',#3716,#325);
#197=LINE('',#3717,#326);
#198=LINE('',#3720,#327);
#199=LINE('',#3721,#328);
#200=LINE('',#3724,#329);
#201=LINE('',#3725,#330);
#202=LINE('',#3727,#331);
#203=LINE('',#3730,#332);
#204=LINE('',#3736,#333);
#205=LINE('',#3741,#334);
#206=LINE('',#3742,#335);
#207=LINE('',#3745,#336);
#208=LINE('',#3746,#337);
#209=LINE('',#3748,#338);
#210=VECTOR('',#1958,10.);
#211=VECTOR('',#1959,10.);
#212=VECTOR('',#1968,10.);
#213=VECTOR('',#1969,10.);
#214=VECTOR('',#1970,10.);
#215=VECTOR('',#1975,10.);
#216=VECTOR('',#1976,10.);
#217=VECTOR('',#1985,10.);
#218=VECTOR('',#1986,10.);
#219=VECTOR('',#1987,10.);
#220=VECTOR('',#1998,10.);
#221=VECTOR('',#1999,10.);
#222=VECTOR('',#2002,10.);
#223=VECTOR('',#2005,10.);
#224=VECTOR('',#2010,10.);
#225=VECTOR('',#2011,10.);
#226=VECTOR('',#2020,10.);
#227=VECTOR('',#2021,10.);
#228=VECTOR('',#2022,10.);
#229=VECTOR('',#2029,0.149999995529652);
#230=VECTOR('',#2034,0.199999995529652);
#231=VECTOR('',#2043,0.15);
#232=VECTOR('',#2048,0.2);
#233=VECTOR('',#2057,0.15);
#234=VECTOR('',#2062,0.2);
#235=VECTOR('',#2071,0.149999995529652);
#236=VECTOR('',#2076,0.199999995529652);
#237=VECTOR('',#2085,0.149999995529652);
#238=VECTOR('',#2090,0.199999995529652);
#239=VECTOR('',#2099,0.149999995529652);
#240=VECTOR('',#2104,0.199999995529652);
#241=VECTOR('',#2113,0.15);
#242=VECTOR('',#2118,0.2);
#243=VECTOR('',#2127,0.15);
#244=VECTOR('',#2132,0.2);
#245=VECTOR('',#2139,10.);
#246=VECTOR('',#2142,10.);
#247=VECTOR('',#2149,10.);
#248=VECTOR('',#2150,10.);
#249=VECTOR('',#2153,10.);
#250=VECTOR('',#2156,10.);
#251=VECTOR('',#2167,10.);
#252=VECTOR('',#2168,10.);
#253=VECTOR('',#2173,10.);
#254=VECTOR('',#2174,10.);
#255=VECTOR('',#2187,10.);
#256=VECTOR('',#2188,10.);
#257=VECTOR('',#2197,10.);
#258=VECTOR('',#2198,10.);
#259=VECTOR('',#2209,10.);
#260=VECTOR('',#2210,10.);
#261=VECTOR('',#2221,10.);
#262=VECTOR('',#2222,10.);
#263=VECTOR('',#2227,10.);
#264=VECTOR('',#2228,10.);
#265=VECTOR('',#2239,10.);
#266=VECTOR('',#2240,10.);
#267=VECTOR('',#2243,10.);
#268=VECTOR('',#2244,10.);
#269=VECTOR('',#2247,10.);
#270=VECTOR('',#2248,10.);
#271=VECTOR('',#2251,10.);
#272=VECTOR('',#2252,10.);
#273=VECTOR('',#2255,10.);
#274=VECTOR('',#2256,10.);
#275=VECTOR('',#2259,10.);
#276=VECTOR('',#2262,10.);
#277=VECTOR('',#2267,10.);
#278=VECTOR('',#2270,10.);
#279=VECTOR('',#2277,10.);
#280=VECTOR('',#2282,10.);
#281=VECTOR('',#2283,10.);
#282=VECTOR('',#2284,10.);
#283=VECTOR('',#2285,10.);
#284=VECTOR('',#2286,10.);
#285=VECTOR('',#2289,10.);
#286=VECTOR('',#2292,10.);
#287=VECTOR('',#2295,10.);
#288=VECTOR('',#2296,10.);
#289=VECTOR('',#2297,10.);
#290=VECTOR('',#2300,10.);
#291=VECTOR('',#2305,10.);
#292=VECTOR('',#2306,10.);
#293=VECTOR('',#2317,10.);
#294=VECTOR('',#2320,10.);
#295=VECTOR('',#2325,10.);
#296=VECTOR('',#2328,10.);
#297=VECTOR('',#2329,10.);
#298=VECTOR('',#2330,10.);
#299=VECTOR('',#2331,10.);
#300=VECTOR('',#2332,10.);
#301=VECTOR('',#2333,10.);
#302=VECTOR('',#2334,10.);
#303=VECTOR('',#2335,10.);
#304=VECTOR('',#2336,10.);
#305=VECTOR('',#2337,10.);
#306=VECTOR('',#2338,10.);
#307=VECTOR('',#2339,10.);
#308=VECTOR('',#2344,10.);
#309=VECTOR('',#2345,10.);
#310=VECTOR('',#2346,10.);
#311=VECTOR('',#2349,10.);
#312=VECTOR('',#2350,10.);
#313=VECTOR('',#2353,10.);
#314=VECTOR('',#2354,10.);
#315=VECTOR('',#2357,10.);
#316=VECTOR('',#2358,10.);
#317=VECTOR('',#2361,10.);
#318=VECTOR('',#2362,10.);
#319=VECTOR('',#2365,10.);
#320=VECTOR('',#2366,10.);
#321=VECTOR('',#2369,10.);
#322=VECTOR('',#2370,10.);
#323=VECTOR('',#2373,10.);
#324=VECTOR('',#2374,10.);
#325=VECTOR('',#2377,10.);
#326=VECTOR('',#2378,10.);
#327=VECTOR('',#2381,10.);
#328=VECTOR('',#2382,10.);
#329=VECTOR('',#2385,10.);
#330=VECTOR('',#2386,10.);
#331=VECTOR('',#2389,10.);
#332=VECTOR('',#2394,10.);
#333=VECTOR('',#2405,10.);
#334=VECTOR('',#2412,10.);
#335=VECTOR('',#2413,10.);
#336=VECTOR('',#2416,10.);
#337=VECTOR('',#2417,10.);
#338=VECTOR('',#2420,10.);
#339=PLANE('',#1760);
#340=PLANE('',#1764);
#341=PLANE('',#1765);
#342=PLANE('',#1766);
#343=PLANE('',#1770);
#344=PLANE('',#1771);
#345=PLANE('',#1775);
#346=PLANE('',#1778);
#347=PLANE('',#1779);
#348=PLANE('',#1783);
#349=PLANE('',#1784);
#350=PLANE('',#1790);
#351=PLANE('',#1796);
#352=PLANE('',#1802);
#353=PLANE('',#1808);
#354=PLANE('',#1814);
#355=PLANE('',#1820);
#356=PLANE('',#1826);
#357=PLANE('',#1832);
#358=PLANE('',#1887);
#359=PLANE('',#1888);
#360=PLANE('',#1890);
#361=PLANE('',#1899);
#362=PLANE('',#1900);
#363=PLANE('',#1902);
#364=PLANE('',#1903);
#365=PLANE('',#1904);
#366=PLANE('',#1905);
#367=PLANE('',#1906);
#368=PLANE('',#1907);
#369=PLANE('',#1908);
#370=PLANE('',#1909);
#371=PLANE('',#1910);
#372=PLANE('',#1911);
#373=PLANE('',#1912);
#374=PLANE('',#1913);
#375=PLANE('',#1914);
#376=PLANE('',#1915);
#377=PLANE('',#1916);
#378=PLANE('',#1917);
#379=PLANE('',#1922);
#380=PLANE('',#1924);
#381=PLANE('',#1925);
#382=PLANE('',#1926);
#383=PLANE('',#1927);
#384=PLANE('',#1928);
#385=PLANE('',#1929);
#386=FACE_OUTER_BOUND('',#494,.T.);
#387=FACE_OUTER_BOUND('',#495,.T.);
#388=FACE_OUTER_BOUND('',#496,.T.);
#389=FACE_OUTER_BOUND('',#497,.T.);
#390=FACE_OUTER_BOUND('',#498,.T.);
#391=FACE_OUTER_BOUND('',#499,.T.);
#392=FACE_OUTER_BOUND('',#500,.T.);
#393=FACE_OUTER_BOUND('',#501,.T.);
#394=FACE_OUTER_BOUND('',#502,.T.);
#395=FACE_OUTER_BOUND('',#503,.T.);
#396=FACE_OUTER_BOUND('',#504,.T.);
#397=FACE_OUTER_BOUND('',#505,.T.);
#398=FACE_OUTER_BOUND('',#506,.T.);
#399=FACE_OUTER_BOUND('',#507,.T.);
#400=FACE_OUTER_BOUND('',#508,.T.);
#401=FACE_OUTER_BOUND('',#509,.T.);
#402=FACE_OUTER_BOUND('',#510,.T.);
#403=FACE_OUTER_BOUND('',#511,.T.);
#404=FACE_OUTER_BOUND('',#512,.T.);
#405=FACE_OUTER_BOUND('',#513,.T.);
#406=FACE_OUTER_BOUND('',#514,.T.);
#407=FACE_OUTER_BOUND('',#515,.T.);
#408=FACE_OUTER_BOUND('',#516,.T.);
#409=FACE_OUTER_BOUND('',#517,.T.);
#410=FACE_OUTER_BOUND('',#518,.T.);
#411=FACE_OUTER_BOUND('',#519,.T.);
#412=FACE_OUTER_BOUND('',#520,.T.);
#413=FACE_OUTER_BOUND('',#521,.T.);
#414=FACE_OUTER_BOUND('',#522,.T.);
#415=FACE_OUTER_BOUND('',#523,.T.);
#416=FACE_OUTER_BOUND('',#524,.T.);
#417=FACE_OUTER_BOUND('',#525,.T.);
#418=FACE_OUTER_BOUND('',#526,.T.);
#419=FACE_OUTER_BOUND('',#527,.T.);
#420=FACE_OUTER_BOUND('',#528,.T.);
#421=FACE_OUTER_BOUND('',#529,.T.);
#422=FACE_OUTER_BOUND('',#530,.T.);
#423=FACE_OUTER_BOUND('',#531,.T.);
#424=FACE_OUTER_BOUND('',#532,.T.);
#425=FACE_OUTER_BOUND('',#533,.T.);
#426=FACE_OUTER_BOUND('',#534,.T.);
#427=FACE_OUTER_BOUND('',#535,.T.);
#428=FACE_OUTER_BOUND('',#536,.T.);
#429=FACE_OUTER_BOUND('',#537,.T.);
#430=FACE_OUTER_BOUND('',#538,.T.);
#431=FACE_OUTER_BOUND('',#539,.T.);
#432=FACE_OUTER_BOUND('',#540,.T.);
#433=FACE_OUTER_BOUND('',#541,.T.);
#434=FACE_OUTER_BOUND('',#542,.T.);
#435=FACE_OUTER_BOUND('',#543,.T.);
#436=FACE_OUTER_BOUND('',#544,.T.);
#437=FACE_OUTER_BOUND('',#545,.T.);
#438=FACE_OUTER_BOUND('',#546,.T.);
#439=FACE_OUTER_BOUND('',#547,.T.);
#440=FACE_OUTER_BOUND('',#548,.T.);
#441=FACE_OUTER_BOUND('',#549,.T.);
#442=FACE_OUTER_BOUND('',#550,.T.);
#443=FACE_OUTER_BOUND('',#551,.T.);
#444=FACE_OUTER_BOUND('',#552,.T.);
#445=FACE_OUTER_BOUND('',#553,.T.);
#446=FACE_OUTER_BOUND('',#554,.T.);
#447=FACE_OUTER_BOUND('',#555,.T.);
#448=FACE_OUTER_BOUND('',#556,.T.);
#449=FACE_OUTER_BOUND('',#557,.T.);
#450=FACE_OUTER_BOUND('',#558,.T.);
#451=FACE_OUTER_BOUND('',#559,.T.);
#452=FACE_OUTER_BOUND('',#560,.T.);
#453=FACE_OUTER_BOUND('',#561,.T.);
#454=FACE_OUTER_BOUND('',#562,.T.);
#455=FACE_OUTER_BOUND('',#563,.T.);
#456=FACE_OUTER_BOUND('',#564,.T.);
#457=FACE_OUTER_BOUND('',#565,.T.);
#458=FACE_OUTER_BOUND('',#566,.T.);
#459=FACE_OUTER_BOUND('',#567,.T.);
#460=FACE_OUTER_BOUND('',#568,.T.);
#461=FACE_OUTER_BOUND('',#569,.T.);
#462=FACE_OUTER_BOUND('',#570,.T.);
#463=FACE_OUTER_BOUND('',#575,.T.);
#464=FACE_OUTER_BOUND('',#576,.T.);
#465=FACE_OUTER_BOUND('',#577,.T.);
#466=FACE_OUTER_BOUND('',#578,.T.);
#467=FACE_OUTER_BOUND('',#580,.T.);
#468=FACE_OUTER_BOUND('',#581,.T.);
#469=FACE_OUTER_BOUND('',#582,.T.);
#470=FACE_OUTER_BOUND('',#583,.T.);
#471=FACE_OUTER_BOUND('',#584,.T.);
#472=FACE_OUTER_BOUND('',#585,.T.);
#473=FACE_OUTER_BOUND('',#586,.T.);
#474=FACE_OUTER_BOUND('',#587,.T.);
#475=FACE_OUTER_BOUND('',#588,.T.);
#476=FACE_OUTER_BOUND('',#589,.T.);
#477=FACE_OUTER_BOUND('',#590,.T.);
#478=FACE_OUTER_BOUND('',#591,.T.);
#479=FACE_OUTER_BOUND('',#592,.T.);
#480=FACE_OUTER_BOUND('',#593,.T.);
#481=FACE_OUTER_BOUND('',#594,.T.);
#482=FACE_OUTER_BOUND('',#595,.T.);
#483=FACE_OUTER_BOUND('',#596,.T.);
#484=FACE_OUTER_BOUND('',#597,.T.);
#485=FACE_OUTER_BOUND('',#598,.T.);
#486=FACE_OUTER_BOUND('',#599,.T.);
#487=FACE_OUTER_BOUND('',#600,.T.);
#488=FACE_OUTER_BOUND('',#601,.T.);
#489=FACE_OUTER_BOUND('',#602,.T.);
#490=FACE_OUTER_BOUND('',#603,.T.);
#491=FACE_OUTER_BOUND('',#604,.T.);
#492=FACE_OUTER_BOUND('',#605,.T.);
#493=FACE_OUTER_BOUND('',#614,.T.);
#494=EDGE_LOOP('',(#1124,#1125,#1126,#1127));
#495=EDGE_LOOP('',(#1128,#1129,#1130,#1131));
#496=EDGE_LOOP('',(#1132,#1133,#1134,#1135));
#497=EDGE_LOOP('',(#1136,#1137,#1138,#1139));
#498=EDGE_LOOP('',(#1140,#1141,#1142,#1143));
#499=EDGE_LOOP('',(#1144,#1145,#1146,#1147));
#500=EDGE_LOOP('',(#1148,#1149,#1150,#1151));
#501=EDGE_LOOP('',(#1152,#1153,#1154,#1155));
#502=EDGE_LOOP('',(#1156,#1157,#1158,#1159));
#503=EDGE_LOOP('',(#1160,#1161,#1162,#1163));
#504=EDGE_LOOP('',(#1164,#1165,#1166,#1167));
#505=EDGE_LOOP('',(#1168,#1169,#1170,#1171));
#506=EDGE_LOOP('',(#1172,#1173,#1174,#1175));
#507=EDGE_LOOP('',(#1176,#1177));
#508=EDGE_LOOP('',(#1178,#1179,#1180,#1181));
#509=EDGE_LOOP('',(#1182,#1183,#1184,#1185));
#510=EDGE_LOOP('',(#1186,#1187,#1188,#1189));
#511=EDGE_LOOP('',(#1190,#1191));
#512=EDGE_LOOP('',(#1192,#1193,#1194,#1195));
#513=EDGE_LOOP('',(#1196,#1197,#1198,#1199));
#514=EDGE_LOOP('',(#1200,#1201,#1202,#1203));
#515=EDGE_LOOP('',(#1204,#1205));
#516=EDGE_LOOP('',(#1206,#1207,#1208,#1209));
#517=EDGE_LOOP('',(#1210,#1211,#1212,#1213));
#518=EDGE_LOOP('',(#1214,#1215,#1216,#1217));
#519=EDGE_LOOP('',(#1218,#1219));
#520=EDGE_LOOP('',(#1220,#1221,#1222,#1223));
#521=EDGE_LOOP('',(#1224,#1225,#1226,#1227));
#522=EDGE_LOOP('',(#1228));
#523=EDGE_LOOP('',(#1229,#1230,#1231,#1232));
#524=EDGE_LOOP('',(#1233,#1234,#1235,#1236));
#525=EDGE_LOOP('',(#1237));
#526=EDGE_LOOP('',(#1238,#1239,#1240,#1241));
#527=EDGE_LOOP('',(#1242,#1243,#1244,#1245));
#528=EDGE_LOOP('',(#1246));
#529=EDGE_LOOP('',(#1247,#1248,#1249,#1250));
#530=EDGE_LOOP('',(#1251,#1252,#1253,#1254));
#531=EDGE_LOOP('',(#1255));
#532=EDGE_LOOP('',(#1256,#1257,#1258,#1259));
#533=EDGE_LOOP('',(#1260,#1261,#1262,#1263));
#534=EDGE_LOOP('',(#1264));
#535=EDGE_LOOP('',(#1265,#1266,#1267,#1268));
#536=EDGE_LOOP('',(#1269,#1270,#1271,#1272));
#537=EDGE_LOOP('',(#1273));
#538=EDGE_LOOP('',(#1274,#1275,#1276,#1277));
#539=EDGE_LOOP('',(#1278,#1279,#1280,#1281));
#540=EDGE_LOOP('',(#1282));
#541=EDGE_LOOP('',(#1283,#1284,#1285,#1286));
#542=EDGE_LOOP('',(#1287,#1288,#1289,#1290));
#543=EDGE_LOOP('',(#1291));
#544=EDGE_LOOP('',(#1292,#1293,#1294,#1295,#1296));
#545=EDGE_LOOP('',(#1297,#1298,#1299,#1300));
#546=EDGE_LOOP('',(#1301,#1302,#1303,#1304,#1305));
#547=EDGE_LOOP('',(#1306,#1307,#1308,#1309));
#548=EDGE_LOOP('',(#1310,#1311,#1312,#1313,#1314));
#549=EDGE_LOOP('',(#1315,#1316,#1317,#1318));
#550=EDGE_LOOP('',(#1319,#1320,#1321));
#551=EDGE_LOOP('',(#1322,#1323,#1324,#1325,#1326));
#552=EDGE_LOOP('',(#1327,#1328,#1329,#1330));
#553=EDGE_LOOP('',(#1331,#1332,#1333,#1334,#1335));
#554=EDGE_LOOP('',(#1336,#1337,#1338));
#555=EDGE_LOOP('',(#1339,#1340,#1341,#1342,#1343));
#556=EDGE_LOOP('',(#1344,#1345,#1346));
#557=EDGE_LOOP('',(#1347,#1348,#1349,#1350,#1351));
#558=EDGE_LOOP('',(#1352,#1353,#1354,#1355));
#559=EDGE_LOOP('',(#1356,#1357,#1358));
#560=EDGE_LOOP('',(#1359,#1360,#1361,#1362,#1363));
#561=EDGE_LOOP('',(#1364,#1365,#1366,#1367));
#562=EDGE_LOOP('',(#1368,#1369,#1370,#1371));
#563=EDGE_LOOP('',(#1372,#1373,#1374,#1375));
#564=EDGE_LOOP('',(#1376,#1377,#1378,#1379,#1380,#1381));
#565=EDGE_LOOP('',(#1382,#1383,#1384,#1385,#1386));
#566=EDGE_LOOP('',(#1387,#1388,#1389,#1390,#1391));
#567=EDGE_LOOP('',(#1392,#1393,#1394,#1395));
#568=EDGE_LOOP('',(#1396,#1397,#1398,#1399,#1400,#1401,#1402,#1403));
#569=EDGE_LOOP('',(#1404,#1405,#1406,#1407,#1408,#1409));
#570=EDGE_LOOP('',(#1410,#1411,#1412,#1413,#1414,#1415,#1416,#1417,#1418,
#1419,#1420,#1421,#1422,#1423,#1424,#1425,#1426,#1427,#1428,#1429,#1430,
#1431,#1432,#1433,#1434,#1435));
#571=EDGE_LOOP('',(#1436,#1437));
#572=EDGE_LOOP('',(#1438,#1439));
#573=EDGE_LOOP('',(#1440,#1441));
#574=EDGE_LOOP('',(#1442,#1443));
#575=EDGE_LOOP('',(#1444,#1445,#1446,#1447));
#576=EDGE_LOOP('',(#1448,#1449,#1450,#1451,#1452,#1453,#1454,#1455,#1456,
#1457));
#577=EDGE_LOOP('',(#1458,#1459,#1460,#1461,#1462,#1463));
#578=EDGE_LOOP('',(#1464,#1465,#1466,#1467,#1468,#1469,#1470,#1471));
#579=EDGE_LOOP('',(#1472,#1473,#1474,#1475,#1476,#1477,#1478,#1479,#1480,
#1481,#1482,#1483));
#580=EDGE_LOOP('',(#1484,#1485,#1486,#1487));
#581=EDGE_LOOP('',(#1488,#1489,#1490,#1491));
#582=EDGE_LOOP('',(#1492,#1493,#1494,#1495));
#583=EDGE_LOOP('',(#1496,#1497,#1498,#1499));
#584=EDGE_LOOP('',(#1500,#1501,#1502,#1503));
#585=EDGE_LOOP('',(#1504,#1505,#1506,#1507));
#586=EDGE_LOOP('',(#1508,#1509,#1510,#1511));
#587=EDGE_LOOP('',(#1512,#1513,#1514,#1515));
#588=EDGE_LOOP('',(#1516,#1517,#1518,#1519));
#589=EDGE_LOOP('',(#1520,#1521,#1522,#1523));
#590=EDGE_LOOP('',(#1524,#1525,#1526,#1527));
#591=EDGE_LOOP('',(#1528,#1529,#1530,#1531));
#592=EDGE_LOOP('',(#1532,#1533,#1534,#1535));
#593=EDGE_LOOP('',(#1536,#1537,#1538,#1539,#1540,#1541,#1542,#1543,#1544,
#1545,#1546,#1547));
#594=EDGE_LOOP('',(#1548,#1549,#1550,#1551));
#595=EDGE_LOOP('',(#1552,#1553,#1554,#1555));
#596=EDGE_LOOP('',(#1556,#1557,#1558,#1559));
#597=EDGE_LOOP('',(#1560,#1561,#1562,#1563));
#598=EDGE_LOOP('',(#1564,#1565,#1566,#1567));
#599=EDGE_LOOP('',(#1568,#1569,#1570,#1571));
#600=EDGE_LOOP('',(#1572,#1573,#1574,#1575));
#601=EDGE_LOOP('',(#1576,#1577,#1578,#1579));
#602=EDGE_LOOP('',(#1580,#1581,#1582,#1583));
#603=EDGE_LOOP('',(#1584,#1585,#1586,#1587));
#604=EDGE_LOOP('',(#1588,#1589,#1590,#1591));
#605=EDGE_LOOP('',(#1592,#1593,#1594,#1595));
#606=EDGE_LOOP('',(#1596));
#607=EDGE_LOOP('',(#1597));
#608=EDGE_LOOP('',(#1598));
#609=EDGE_LOOP('',(#1599));
#610=EDGE_LOOP('',(#1600));
#611=EDGE_LOOP('',(#1601));
#612=EDGE_LOOP('',(#1602));
#613=EDGE_LOOP('',(#1603));
#614=EDGE_LOOP('',(#1604,#1605,#1606,#1607,#1608,#1609,#1610,#1611,#1612,
#1613));
#615=CIRCLE('',#1748,0.2);
#616=CIRCLE('',#1749,0.0499999999999989);
#617=CIRCLE('',#1750,0.0499999999999989);
#618=CIRCLE('',#1751,0.2);
#619=CIRCLE('',#1752,0.149977348289668);
#620=CIRCLE('',#1753,0.2);
#621=CIRCLE('',#1754,0.2);
#622=CIRCLE('',#1755,0.05);
#623=CIRCLE('',#1756,0.05);
#624=CIRCLE('',#1757,0.2);
#625=CIRCLE('',#1758,0.149977348289667);
#626=CIRCLE('',#1759,0.2);
#627=CIRCLE('',#1762,1.5);
#628=CIRCLE('',#1763,1.4);
#629=CIRCLE('',#1768,1.5);
#630=CIRCLE('',#1769,1.4);
#631=CIRCLE('',#1773,1.4);
#632=CIRCLE('',#1774,1.5);
#633=CIRCLE('',#1777,1.5);
#634=CIRCLE('',#1781,1.5);
#635=CIRCLE('',#1782,1.4);
#636=CIRCLE('',#1786,0.0999999955296516);
#637=CIRCLE('',#1787,0.199999995529652);
#638=CIRCLE('',#1789,0.199999995529652);
#639=CIRCLE('',#1792,0.1);
#640=CIRCLE('',#1793,0.2);
#641=CIRCLE('',#1795,0.2);
#642=CIRCLE('',#1798,0.1);
#643=CIRCLE('',#1799,0.2);
#644=CIRCLE('',#1801,0.2);
#645=CIRCLE('',#1804,0.0999999955296516);
#646=CIRCLE('',#1805,0.199999995529652);
#647=CIRCLE('',#1807,0.199999995529652);
#648=CIRCLE('',#1810,0.0999999955296516);
#649=CIRCLE('',#1811,0.199999995529652);
#650=CIRCLE('',#1813,0.199999995529652);
#651=CIRCLE('',#1816,0.0999999955296516);
#652=CIRCLE('',#1817,0.199999995529652);
#653=CIRCLE('',#1819,0.199999995529652);
#654=CIRCLE('',#1822,0.1);
#655=CIRCLE('',#1823,0.2);
#656=CIRCLE('',#1825,0.2);
#657=CIRCLE('',#1828,0.1);
#658=CIRCLE('',#1829,0.2);
#659=CIRCLE('',#1831,0.2);
#660=CIRCLE('',#1834,0.05);
#661=CIRCLE('',#1836,0.05);
#662=CIRCLE('',#1839,0.05);
#663=CIRCLE('',#1841,0.05);
#664=CIRCLE('',#1842,0.2);
#665=CIRCLE('',#1843,0.149977348289667);
#666=CIRCLE('',#1849,0.2);
#667=CIRCLE('',#1850,0.2);
#668=CIRCLE('',#1851,0.2);
#669=CIRCLE('',#1853,0.2);
#670=CIRCLE('',#1854,0.2);
#671=CIRCLE('',#1855,0.149977348289668);
#672=CIRCLE('',#1858,0.2);
#673=CIRCLE('',#1859,0.2);
#674=CIRCLE('',#1860,0.2);
#675=CIRCLE('',#1863,0.2);
#676=CIRCLE('',#1864,0.2);
#677=CIRCLE('',#1865,0.2);
#678=CIRCLE('',#1867,0.2);
#679=CIRCLE('',#1870,0.2);
#680=CIRCLE('',#1871,0.2);
#681=CIRCLE('',#1872,0.2);
#682=CIRCLE('',#1879,0.05);
#683=CIRCLE('',#1880,0.05);
#684=CIRCLE('',#1882,0.05);
#685=CIRCLE('',#1883,0.05);
#686=CIRCLE('',#1885,0.125);
#687=CIRCLE('',#1886,0.125);
#688=CIRCLE('',#1889,0.125);
#689=CIRCLE('',#1891,0.125);
#690=CIRCLE('',#1892,0.125);
#691=CIRCLE('',#1893,0.125);
#692=CIRCLE('',#1894,1.5);
#693=CIRCLE('',#1895,1.5);
#694=CIRCLE('',#1896,1.5);
#695=CIRCLE('',#1898,0.125);
#696=CIRCLE('',#1901,0.125);
#697=B_SPLINE_CURVE_WITH_KNOTS('',3,(#2470,#2471,#2472,#2473,#2474,#2475,
#2476),.UNSPECIFIED.,.F.,.F.,(4,1,1,1,4),(0.,0.25,0.5,0.75,1.),
 .UNSPECIFIED.);
#698=B_SPLINE_CURVE_WITH_KNOTS('',3,(#2478,#2479,#2480,#2481,#2482,#2483),
 .UNSPECIFIED.,.F.,.F.,(4,1,1,4),(0.,0.333333333333333,0.666666666666667,
1.),.UNSPECIFIED.);
#699=B_SPLINE_CURVE_WITH_KNOTS('',3,(#2485,#2486,#2487,#2488,#2489,#2490,
#2491,#2492,#2493,#2494,#2495,#2496,#2497,#2498,#2499,#2500,#2501,#2502,
#2503,#2504,#2505,#2506,#2507,#2508,#2509,#2510,#2511,#2512,#2513,#2514,
#2515,#2516,#2517,#2518),.UNSPECIFIED.,.F.,.F.,(4,3,3,3,3,3,3,3,3,3,3,4),
(0.500000000000001,0.584654296349407,0.660897412286967,0.715235537820605,
0.77904602975811,0.819250336960249,0.864437752720187,0.903561459336888,
0.939102410347925,0.969551205173963,0.995940977959483,1.),.UNSPECIFIED.);
#700=B_SPLINE_CURVE_WITH_KNOTS('',3,(#2563,#2564,#2565,#2566,#2567,#2568,
#2569),.UNSPECIFIED.,.F.,.F.,(4,1,1,1,4),(0.,0.25,0.5,0.75,1.),
 .UNSPECIFIED.);
#701=B_SPLINE_CURVE_WITH_KNOTS('',3,(#2572,#2573,#2574,#2575,#2576,#2577,
#2578,#2579,#2580,#2581,#2582,#2583,#2584,#2585,#2586,#2587,#2588,#2589,
#2590,#2591,#2592,#2593,#2594,#2595,#2596),.UNSPECIFIED.,.F.,.F.,(4,3,3,
3,3,3,3,3,4),(0.,0.0553842132365166,0.113075928941486,0.172496813004889,
0.233985746540941,0.300489309905706,0.366606653641411,0.437747996725123,
0.500000000000001),.UNSPECIFIED.);
#702=B_SPLINE_CURVE_WITH_KNOTS('',3,(#2640,#2641,#2642,#2643,#2644,#2645),
 .UNSPECIFIED.,.F.,.F.,(4,1,1,4),(0.,0.333333333333333,0.666666666666667,
1.),.UNSPECIFIED.);
#703=B_SPLINE_CURVE_WITH_KNOTS('',3,(#2647,#2648,#2649,#2650,#2651,#2652,
#2653,#2654,#2655,#2656,#2657,#2658,#2659,#2660,#2661,#2662,#2663,#2664,
#2665,#2666,#2667,#2668,#2669,#2670,#2671,#2672,#2673,#2674,#2675,#2676,
#2677,#2678,#2679,#2680),.UNSPECIFIED.,.F.,.F.,(4,3,3,3,3,3,3,3,3,3,3,4),
(0.499999999999999,0.587797616645511,0.641849868192486,0.690312830672514,
0.737350014289183,0.788777613074467,0.831961412930959,0.867783872453365,
0.900884312307203,0.938283198669652,0.973451281385089,1.),.UNSPECIFIED.);
#704=B_SPLINE_CURVE_WITH_KNOTS('',3,(#2719,#2720,#2721,#2722,#2723,#2724),
 .UNSPECIFIED.,.F.,.F.,(4,1,1,4),(0.,0.333333333333333,0.666666666666667,
1.),.UNSPECIFIED.);
#705=B_SPLINE_CURVE_WITH_KNOTS('',3,(#2727,#2728,#2729,#2730,#2731,#2732,
#2733,#2734,#2735,#2736,#2737,#2738,#2739,#2740,#2741,#2742,#2743,#2744,
#2745,#2746,#2747,#2748,#2749,#2750,#2751,#2752,#2753,#2754,#2755,#2756,
#2757,#2758,#2759,#2760),.UNSPECIFIED.,.F.,.F.,(4,3,3,3,3,3,3,3,3,3,3,4),
(0.,0.0383160741406449,0.0785545007909483,0.121468786314161,0.168848905442389,
0.229426857951455,0.290525313878371,0.338214746689348,0.383540881054326,
0.431302556282317,0.484999033466746,0.499999999999999),.UNSPECIFIED.);
#706=B_SPLINE_CURVE_WITH_KNOTS('',3,(#2798,#2799,#2800,#2801,#2802,#2803),
 .UNSPECIFIED.,.F.,.F.,(4,1,1,4),(0.,0.333333333333333,0.666666666666667,
1.),.UNSPECIFIED.);
#707=B_SPLINE_CURVE_WITH_KNOTS('',3,(#2851,#2852,#2853,#2854,#2855,#2856,
#2857),.UNSPECIFIED.,.F.,.F.,(4,1,1,1,4),(0.,0.25,0.5,0.75,1.),
 .UNSPECIFIED.);
#708=B_SPLINE_CURVE_WITH_KNOTS('',3,(#2859,#2860,#2861,#2862,#2863,#2864),
 .UNSPECIFIED.,.F.,.F.,(4,1,1,4),(0.,0.333333333333333,0.666666666666667,
1.),.UNSPECIFIED.);
#709=B_SPLINE_CURVE_WITH_KNOTS('',3,(#2866,#2867,#2868,#2869,#2870,#2871,
#2872,#2873,#2874,#2875,#2876,#2877,#2878,#2879,#2880,#2881,#2882,#2883,
#2884,#2885,#2886,#2887,#2888,#2889,#2890,#2891,#2892,#2893,#2894,#2895,
#2896,#2897,#2898,#2899),.UNSPECIFIED.,.F.,.F.,(4,3,3,3,3,3,3,3,3,3,3,4),
(0.499999999999999,0.584654296350232,0.66089741229041,0.71523553782221,
0.779046029759746,0.819250336962154,0.864437752721616,0.903561459339185,
0.939102410349236,0.969551205174618,0.995940977959887,1.),.UNSPECIFIED.);
#710=B_SPLINE_CURVE_WITH_KNOTS('',3,(#2944,#2945,#2946,#2947,#2948,#2949,
#2950),.UNSPECIFIED.,.F.,.F.,(4,1,1,1,4),(0.,0.25,0.5,0.75,1.),
 .UNSPECIFIED.);
#711=B_SPLINE_CURVE_WITH_KNOTS('',3,(#2953,#2954,#2955,#2956,#2957,#2958,
#2959,#2960,#2961,#2962,#2963,#2964,#2965,#2966,#2967,#2968,#2969,#2970,
#2971,#2972,#2973,#2974,#2975,#2976,#2977),.UNSPECIFIED.,.F.,.F.,(4,3,3,
3,3,3,3,3,4),(0.,0.0553842132362602,0.113075928941197,0.172496813004414,
0.233985746540622,0.300489309905466,0.366606653641141,0.437747996725986,
0.499999999999999),.UNSPECIFIED.);
#712=B_SPLINE_CURVE_WITH_KNOTS('',3,(#3021,#3022,#3023,#3024,#3025,#3026),
 .UNSPECIFIED.,.F.,.F.,(4,1,1,4),(0.,0.333333333333333,0.666666666666667,
1.),.UNSPECIFIED.);
#713=B_SPLINE_CURVE_WITH_KNOTS('',3,(#3028,#3029,#3030,#3031,#3032,#3033,
#3034,#3035,#3036,#3037,#3038,#3039,#3040,#3041,#3042,#3043,#3044,#3045,
#3046,#3047,#3048,#3049,#3050,#3051,#3052,#3053,#3054,#3055,#3056,#3057,
#3058,#3059,#3060,#3061),.UNSPECIFIED.,.F.,.F.,(4,3,3,3,3,3,3,3,3,3,3,4),
(0.50000000000001,0.587797616646273,0.641849868193408,0.690312830673739,
0.737350014290453,0.788777613075643,0.831961412931799,0.86778387244801,
0.900884312301911,0.938283198660714,0.973451281375375,1.),.UNSPECIFIED.);
#714=B_SPLINE_CURVE_WITH_KNOTS('',3,(#3100,#3101,#3102,#3103,#3104,#3105),
 .UNSPECIFIED.,.F.,.F.,(4,1,1,4),(0.,0.333333333333333,0.666666666666667,
1.),.UNSPECIFIED.);
#715=B_SPLINE_CURVE_WITH_KNOTS('',3,(#3108,#3109,#3110,#3111,#3112,#3113,
#3114,#3115,#3116,#3117,#3118,#3119,#3120,#3121,#3122,#3123,#3124,#3125,
#3126,#3127,#3128,#3129,#3130,#3131,#3132,#3133,#3134,#3135,#3136,#3137,
#3138,#3139,#3140,#3141),.UNSPECIFIED.,.F.,.F.,(4,3,3,3,3,3,3,3,3,3,3,4),
(0.,0.0383160741406229,0.078554500791115,0.1214687863138,0.168848905442474,
0.229426857950826,0.290525313878934,0.338214746690482,0.383540881055751,
0.431302556283478,0.484999033468179,0.50000000000001),.UNSPECIFIED.);
#716=B_SPLINE_CURVE_WITH_KNOTS('',3,(#3179,#3180,#3181,#3182,#3183,#3184),
 .UNSPECIFIED.,.F.,.F.,(4,1,1,4),(0.,0.333333333333333,0.666666666666667,
1.),.UNSPECIFIED.);
#717=B_SPLINE_CURVE_WITH_KNOTS('',3,(#3193,#3194,#3195,#3196),
 .UNSPECIFIED.,.F.,.F.,(4,4),(0.,0.019569695951539),.UNSPECIFIED.);
#718=B_SPLINE_CURVE_WITH_KNOTS('',3,(#3199,#3200,#3201,#3202),
 .UNSPECIFIED.,.F.,.F.,(4,4),(0.,0.019569695951539),.UNSPECIFIED.);
#719=B_SPLINE_CURVE_WITH_KNOTS('',3,(#3218,#3219,#3220,#3221),
 .UNSPECIFIED.,.F.,.F.,(4,4),(0.,0.0195696959515404),.UNSPECIFIED.);
#720=B_SPLINE_CURVE_WITH_KNOTS('',3,(#3224,#3225,#3226,#3227),
 .UNSPECIFIED.,.F.,.F.,(4,4),(0.,0.0195696959515404),.UNSPECIFIED.);
#721=B_SPLINE_CURVE_WITH_KNOTS('',3,(#3243,#3244,#3245,#3246),
 .UNSPECIFIED.,.F.,.F.,(4,4),(0.,0.0195696959515404),.UNSPECIFIED.);
#722=B_SPLINE_CURVE_WITH_KNOTS('',3,(#3249,#3250,#3251,#3252),
 .UNSPECIFIED.,.F.,.F.,(4,4),(0.,0.0195696959515407),.UNSPECIFIED.);
#723=B_SPLINE_CURVE_WITH_KNOTS('',3,(#3268,#3269,#3270,#3271),
 .UNSPECIFIED.,.F.,.F.,(4,4),(0.,0.019569695951539),.UNSPECIFIED.);
#724=B_SPLINE_CURVE_WITH_KNOTS('',3,(#3274,#3275,#3276,#3277),
 .UNSPECIFIED.,.F.,.F.,(4,4),(0.,0.019569695951539),.UNSPECIFIED.);
#725=B_SPLINE_CURVE_WITH_KNOTS('',3,(#3391,#3392,#3393,#3394,#3395,#3396,
#3397,#3398,#3399,#3400),.UNSPECIFIED.,.F.,.F.,(4,2,2,2,4),(-0.000223503166735857,
0.,0.00570622362901569,0.0109163596102101,0.0156944783091661),
 .UNSPECIFIED.);
#726=B_SPLINE_CURVE_WITH_KNOTS('',3,(#3469,#3470,#3471,#3472,#3473,#3474,
#3475,#3476,#3477,#3478),.UNSPECIFIED.,.F.,.F.,(4,2,2,2,4),(0.,0.00390066600406386,
0.0081540137291381,0.0128123476726841,0.0129948067657309),.UNSPECIFIED.);
#727=VERTEX_POINT('',#2468);
#728=VERTEX_POINT('',#2469);
#729=VERTEX_POINT('',#2477);
#730=VERTEX_POINT('',#2484);
#731=VERTEX_POINT('',#2562);
#732=VERTEX_POINT('',#2570);
#733=VERTEX_POINT('',#2639);
#734=VERTEX_POINT('',#2646);
#735=VERTEX_POINT('',#2718);
#736=VERTEX_POINT('',#2725);
#737=VERTEX_POINT('',#2797);
#738=VERTEX_POINT('',#2804);
#739=VERTEX_POINT('',#2849);
#740=VERTEX_POINT('',#2850);
#741=VERTEX_POINT('',#2858);
#742=VERTEX_POINT('',#2865);
#743=VERTEX_POINT('',#2943);
#744=VERTEX_POINT('',#2951);
#745=VERTEX_POINT('',#3020);
#746=VERTEX_POINT('',#3027);
#747=VERTEX_POINT('',#3099);
#748=VERTEX_POINT('',#3106);
#749=VERTEX_POINT('',#3178);
#750=VERTEX_POINT('',#3185);
#751=VERTEX_POINT('',#3189);
#752=VERTEX_POINT('',#3190);
#753=VERTEX_POINT('',#3192);
#754=VERTEX_POINT('',#3197);
#755=VERTEX_POINT('',#3207);
#756=VERTEX_POINT('',#3209);
#757=VERTEX_POINT('',#3214);
#758=VERTEX_POINT('',#3215);
#759=VERTEX_POINT('',#3217);
#760=VERTEX_POINT('',#3222);
#761=VERTEX_POINT('',#3232);
#762=VERTEX_POINT('',#3234);
#763=VERTEX_POINT('',#3239);
#764=VERTEX_POINT('',#3240);
#765=VERTEX_POINT('',#3242);
#766=VERTEX_POINT('',#3247);
#767=VERTEX_POINT('',#3257);
#768=VERTEX_POINT('',#3259);
#769=VERTEX_POINT('',#3264);
#770=VERTEX_POINT('',#3265);
#771=VERTEX_POINT('',#3267);
#772=VERTEX_POINT('',#3272);
#773=VERTEX_POINT('',#3282);
#774=VERTEX_POINT('',#3284);
#775=VERTEX_POINT('',#3289);
#776=VERTEX_POINT('',#3291);
#777=VERTEX_POINT('',#3295);
#778=VERTEX_POINT('',#3300);
#779=VERTEX_POINT('',#3302);
#780=VERTEX_POINT('',#3306);
#781=VERTEX_POINT('',#3311);
#782=VERTEX_POINT('',#3313);
#783=VERTEX_POINT('',#3317);
#784=VERTEX_POINT('',#3322);
#785=VERTEX_POINT('',#3324);
#786=VERTEX_POINT('',#3328);
#787=VERTEX_POINT('',#3333);
#788=VERTEX_POINT('',#3335);
#789=VERTEX_POINT('',#3339);
#790=VERTEX_POINT('',#3344);
#791=VERTEX_POINT('',#3346);
#792=VERTEX_POINT('',#3350);
#793=VERTEX_POINT('',#3355);
#794=VERTEX_POINT('',#3357);
#795=VERTEX_POINT('',#3361);
#796=VERTEX_POINT('',#3366);
#797=VERTEX_POINT('',#3368);
#798=VERTEX_POINT('',#3372);
#799=VERTEX_POINT('',#3377);
#800=VERTEX_POINT('',#3378);
#801=VERTEX_POINT('',#3380);
#802=VERTEX_POINT('',#3382);
#803=VERTEX_POINT('',#3384);
#804=VERTEX_POINT('',#3388);
#805=VERTEX_POINT('',#3390);
#806=VERTEX_POINT('',#3403);
#807=VERTEX_POINT('',#3404);
#808=VERTEX_POINT('',#3406);
#809=VERTEX_POINT('',#3408);
#810=VERTEX_POINT('',#3410);
#811=VERTEX_POINT('',#3455);
#812=VERTEX_POINT('',#3459);
#813=VERTEX_POINT('',#3461);
#814=VERTEX_POINT('',#3465);
#815=VERTEX_POINT('',#3466);
#816=VERTEX_POINT('',#3468);
#817=VERTEX_POINT('',#3479);
#818=VERTEX_POINT('',#3483);
#819=VERTEX_POINT('',#3484);
#820=VERTEX_POINT('',#3486);
#821=VERTEX_POINT('',#3491);
#822=VERTEX_POINT('',#3536);
#823=VERTEX_POINT('',#3543);
#824=VERTEX_POINT('',#3544);
#825=VERTEX_POINT('',#3546);
#826=VERTEX_POINT('',#3553);
#827=VERTEX_POINT('',#3554);
#828=VERTEX_POINT('',#3556);
#829=VERTEX_POINT('',#3560);
#830=VERTEX_POINT('',#3568);
#831=VERTEX_POINT('',#3569);
#832=VERTEX_POINT('',#3571);
#833=VERTEX_POINT('',#3590);
#834=VERTEX_POINT('',#3592);
#835=VERTEX_POINT('',#3594);
#836=VERTEX_POINT('',#3598);
#837=VERTEX_POINT('',#3600);
#838=VERTEX_POINT('',#3602);
#839=VERTEX_POINT('',#3606);
#840=VERTEX_POINT('',#3608);
#841=VERTEX_POINT('',#3612);
#842=VERTEX_POINT('',#3614);
#843=VERTEX_POINT('',#3616);
#844=VERTEX_POINT('',#3618);
#845=VERTEX_POINT('',#3622);
#846=VERTEX_POINT('',#3627);
#847=VERTEX_POINT('',#3629);
#848=VERTEX_POINT('',#3632);
#849=VERTEX_POINT('',#3634);
#850=VERTEX_POINT('',#3637);
#851=VERTEX_POINT('',#3645);
#852=VERTEX_POINT('',#3651);
#853=VERTEX_POINT('',#3655);
#854=VERTEX_POINT('',#3656);
#855=VERTEX_POINT('',#3658);
#856=VERTEX_POINT('',#3660);
#857=VERTEX_POINT('',#3662);
#858=VERTEX_POINT('',#3664);
#859=VERTEX_POINT('',#3666);
#860=VERTEX_POINT('',#3668);
#861=VERTEX_POINT('',#3670);
#862=VERTEX_POINT('',#3672);
#863=VERTEX_POINT('',#3674);
#864=VERTEX_POINT('',#3676);
#865=VERTEX_POINT('',#3681);
#866=VERTEX_POINT('',#3682);
#867=VERTEX_POINT('',#3687);
#868=VERTEX_POINT('',#3691);
#869=VERTEX_POINT('',#3695);
#870=VERTEX_POINT('',#3699);
#871=VERTEX_POINT('',#3703);
#872=VERTEX_POINT('',#3707);
#873=VERTEX_POINT('',#3711);
#874=VERTEX_POINT('',#3715);
#875=VERTEX_POINT('',#3719);
#876=VERTEX_POINT('',#3723);
#877=VERTEX_POINT('',#3740);
#878=VERTEX_POINT('',#3744);
#879=EDGE_CURVE('',#727,#728,#697,.T.);
#880=EDGE_CURVE('',#727,#729,#698,.T.);
#881=EDGE_CURVE('',#729,#730,#699,.T.);
#882=EDGE_CURVE('',#728,#730,#615,.T.);
#883=EDGE_CURVE('',#727,#731,#700,.T.);
#884=EDGE_CURVE('',#732,#731,#616,.T.);
#885=EDGE_CURVE('',#732,#729,#701,.T.);
#886=EDGE_CURVE('',#727,#733,#702,.T.);
#887=EDGE_CURVE('',#733,#734,#703,.T.);
#888=EDGE_CURVE('',#731,#734,#617,.T.);
#889=EDGE_CURVE('',#727,#735,#704,.T.);
#890=EDGE_CURVE('',#736,#735,#618,.T.);
#891=EDGE_CURVE('',#736,#733,#705,.T.);
#892=EDGE_CURVE('',#727,#737,#706,.T.);
#893=EDGE_CURVE('',#737,#738,#619,.T.);
#894=EDGE_CURVE('',#735,#738,#620,.T.);
#895=EDGE_CURVE('',#739,#740,#707,.T.);
#896=EDGE_CURVE('',#739,#741,#708,.T.);
#897=EDGE_CURVE('',#741,#742,#709,.T.);
#898=EDGE_CURVE('',#740,#742,#621,.T.);
#899=EDGE_CURVE('',#739,#743,#710,.T.);
#900=EDGE_CURVE('',#744,#743,#622,.T.);
#901=EDGE_CURVE('',#744,#741,#711,.T.);
#902=EDGE_CURVE('',#739,#745,#712,.T.);
#903=EDGE_CURVE('',#745,#746,#713,.T.);
#904=EDGE_CURVE('',#743,#746,#623,.T.);
#905=EDGE_CURVE('',#739,#747,#714,.T.);
#906=EDGE_CURVE('',#748,#747,#624,.T.);
#907=EDGE_CURVE('',#748,#745,#715,.T.);
#908=EDGE_CURVE('',#739,#749,#716,.T.);
#909=EDGE_CURVE('',#749,#750,#625,.T.);
#910=EDGE_CURVE('',#747,#750,#626,.T.);
#911=EDGE_CURVE('',#751,#752,#81,.T.);
#912=EDGE_CURVE('',#752,#753,#717,.T.);
#913=EDGE_CURVE('',#753,#754,#82,.T.);
#914=EDGE_CURVE('',#751,#754,#718,.T.);
#915=EDGE_CURVE('',#754,#753,#627,.T.);
#916=EDGE_CURVE('',#752,#751,#628,.T.);
#917=EDGE_CURVE('',#755,#753,#83,.T.);
#918=EDGE_CURVE('',#756,#755,#84,.T.);
#919=EDGE_CURVE('',#756,#754,#85,.T.);
#920=EDGE_CURVE('',#757,#758,#86,.T.);
#921=EDGE_CURVE('',#758,#759,#719,.T.);
#922=EDGE_CURVE('',#759,#760,#87,.T.);
#923=EDGE_CURVE('',#757,#760,#720,.T.);
#924=EDGE_CURVE('',#760,#759,#629,.T.);
#925=EDGE_CURVE('',#758,#757,#630,.T.);
#926=EDGE_CURVE('',#761,#759,#88,.T.);
#927=EDGE_CURVE('',#762,#761,#89,.T.);
#928=EDGE_CURVE('',#762,#760,#90,.T.);
#929=EDGE_CURVE('',#763,#764,#631,.T.);
#930=EDGE_CURVE('',#764,#765,#721,.T.);
#931=EDGE_CURVE('',#765,#766,#632,.T.);
#932=EDGE_CURVE('',#763,#766,#722,.T.);
#933=EDGE_CURVE('',#766,#765,#91,.T.);
#934=EDGE_CURVE('',#764,#763,#92,.T.);
#935=EDGE_CURVE('',#767,#765,#93,.T.);
#936=EDGE_CURVE('',#768,#767,#633,.T.);
#937=EDGE_CURVE('',#768,#766,#94,.T.);
#938=EDGE_CURVE('',#769,#770,#95,.T.);
#939=EDGE_CURVE('',#770,#771,#723,.T.);
#940=EDGE_CURVE('',#771,#772,#96,.T.);
#941=EDGE_CURVE('',#769,#772,#724,.T.);
#942=EDGE_CURVE('',#772,#771,#634,.T.);
#943=EDGE_CURVE('',#770,#769,#635,.T.);
#944=EDGE_CURVE('',#773,#771,#97,.T.);
#945=EDGE_CURVE('',#774,#773,#98,.T.);
#946=EDGE_CURVE('',#774,#772,#99,.T.);
#947=EDGE_CURVE('',#775,#775,#636,.T.);
#948=EDGE_CURVE('',#775,#776,#100,.T.);
#949=EDGE_CURVE('',#776,#776,#637,.T.);
#950=EDGE_CURVE('',#776,#777,#101,.T.);
#951=EDGE_CURVE('',#777,#777,#638,.T.);
#952=EDGE_CURVE('',#778,#778,#639,.T.);
#953=EDGE_CURVE('',#778,#779,#102,.T.);
#954=EDGE_CURVE('',#779,#779,#640,.T.);
#955=EDGE_CURVE('',#779,#780,#103,.T.);
#956=EDGE_CURVE('',#780,#780,#641,.T.);
#957=EDGE_CURVE('',#781,#781,#642,.T.);
#958=EDGE_CURVE('',#781,#782,#104,.T.);
#959=EDGE_CURVE('',#782,#782,#643,.T.);
#960=EDGE_CURVE('',#782,#783,#105,.T.);
#961=EDGE_CURVE('',#783,#783,#644,.T.);
#962=EDGE_CURVE('',#784,#784,#645,.T.);
#963=EDGE_CURVE('',#784,#785,#106,.T.);
#964=EDGE_CURVE('',#785,#785,#646,.T.);
#965=EDGE_CURVE('',#785,#786,#107,.T.);
#966=EDGE_CURVE('',#786,#786,#647,.T.);
#967=EDGE_CURVE('',#787,#787,#648,.T.);
#968=EDGE_CURVE('',#787,#788,#108,.T.);
#969=EDGE_CURVE('',#788,#788,#649,.T.);
#970=EDGE_CURVE('',#788,#789,#109,.T.);
#971=EDGE_CURVE('',#789,#789,#650,.T.);
#972=EDGE_CURVE('',#790,#790,#651,.T.);
#973=EDGE_CURVE('',#790,#791,#110,.T.);
#974=EDGE_CURVE('',#791,#791,#652,.T.);
#975=EDGE_CURVE('',#791,#792,#111,.T.);
#976=EDGE_CURVE('',#792,#792,#653,.T.);
#977=EDGE_CURVE('',#793,#793,#654,.T.);
#978=EDGE_CURVE('',#793,#794,#112,.T.);
#979=EDGE_CURVE('',#794,#794,#655,.T.);
#980=EDGE_CURVE('',#794,#795,#113,.T.);
#981=EDGE_CURVE('',#795,#795,#656,.T.);
#982=EDGE_CURVE('',#796,#796,#657,.T.);
#983=EDGE_CURVE('',#796,#797,#114,.T.);
#984=EDGE_CURVE('',#797,#797,#658,.T.);
#985=EDGE_CURVE('',#797,#798,#115,.T.);
#986=EDGE_CURVE('',#798,#798,#659,.T.);
#987=EDGE_CURVE('',#799,#800,#116,.T.);
#988=EDGE_CURVE('',#800,#801,#660,.T.);
#989=EDGE_CURVE('',#801,#802,#117,.T.);
#990=EDGE_CURVE('',#802,#803,#32,.T.);
#991=EDGE_CURVE('',#803,#799,#661,.T.);
#992=EDGE_CURVE('',#802,#804,#118,.T.);
#993=EDGE_CURVE('',#804,#805,#725,.T.);
#994=EDGE_CURVE('',#805,#803,#119,.T.);
#995=EDGE_CURVE('',#806,#807,#120,.T.);
#996=EDGE_CURVE('',#807,#808,#662,.T.);
#997=EDGE_CURVE('',#808,#809,#121,.T.);
#998=EDGE_CURVE('',#809,#810,#33,.T.);
#999=EDGE_CURVE('',#810,#806,#663,.T.);
#1000=EDGE_CURVE('',#811,#740,#664,.T.);
#1001=EDGE_CURVE('',#811,#749,#665,.T.);
#1002=EDGE_CURVE('',#812,#744,#122,.T.);
#1003=EDGE_CURVE('',#746,#813,#123,.T.);
#1004=EDGE_CURVE('',#813,#812,#34,.T.);
#1005=EDGE_CURVE('',#814,#815,#124,.T.);
#1006=EDGE_CURVE('',#815,#816,#726,.T.);
#1007=EDGE_CURVE('',#816,#817,#125,.T.);
#1008=EDGE_CURVE('',#817,#814,#35,.T.);
#1009=EDGE_CURVE('',#818,#819,#666,.F.);
#1010=EDGE_CURVE('',#820,#818,#667,.F.);
#1011=EDGE_CURVE('',#819,#820,#668,.F.);
#1012=EDGE_CURVE('',#804,#820,#126,.T.);
#1013=EDGE_CURVE('',#818,#821,#127,.T.);
#1014=EDGE_CURVE('',#821,#805,#669,.T.);
#1015=EDGE_CURVE('',#822,#728,#670,.T.);
#1016=EDGE_CURVE('',#822,#737,#671,.T.);
#1017=EDGE_CURVE('',#809,#732,#128,.T.);
#1018=EDGE_CURVE('',#734,#810,#129,.T.);
#1019=EDGE_CURVE('',#823,#824,#672,.F.);
#1020=EDGE_CURVE('',#825,#823,#673,.F.);
#1021=EDGE_CURVE('',#824,#825,#674,.F.);
#1022=EDGE_CURVE('',#823,#748,#130,.T.);
#1023=EDGE_CURVE('',#750,#825,#131,.T.);
#1024=EDGE_CURVE('',#826,#827,#675,.F.);
#1025=EDGE_CURVE('',#828,#826,#676,.F.);
#1026=EDGE_CURVE('',#827,#828,#677,.F.);
#1027=EDGE_CURVE('',#829,#828,#132,.T.);
#1028=EDGE_CURVE('',#826,#816,#133,.T.);
#1029=EDGE_CURVE('',#815,#829,#678,.T.);
#1030=EDGE_CURVE('',#819,#827,#134,.T.);
#1031=EDGE_CURVE('',#828,#818,#135,.T.);
#1032=EDGE_CURVE('',#830,#831,#679,.F.);
#1033=EDGE_CURVE('',#832,#830,#680,.F.);
#1034=EDGE_CURVE('',#831,#832,#681,.F.);
#1035=EDGE_CURVE('',#830,#822,#136,.T.);
#1036=EDGE_CURVE('',#730,#832,#137,.T.);
#1037=EDGE_CURVE('',#827,#831,#138,.T.);
#1038=EDGE_CURVE('',#832,#826,#139,.T.);
#1039=EDGE_CURVE('',#831,#824,#140,.T.);
#1040=EDGE_CURVE('',#825,#830,#141,.T.);
#1041=EDGE_CURVE('',#824,#819,#142,.T.);
#1042=EDGE_CURVE('',#820,#823,#143,.T.);
#1043=EDGE_CURVE('',#738,#811,#144,.T.);
#1044=EDGE_CURVE('',#742,#736,#145,.T.);
#1045=EDGE_CURVE('',#817,#833,#146,.T.);
#1046=EDGE_CURVE('',#833,#834,#682,.T.);
#1047=EDGE_CURVE('',#834,#835,#147,.T.);
#1048=EDGE_CURVE('',#835,#814,#683,.T.);
#1049=EDGE_CURVE('',#813,#836,#148,.T.);
#1050=EDGE_CURVE('',#836,#837,#684,.T.);
#1051=EDGE_CURVE('',#837,#838,#149,.T.);
#1052=EDGE_CURVE('',#838,#812,#685,.T.);
#1053=EDGE_CURVE('',#839,#799,#686,.T.);
#1054=EDGE_CURVE('',#839,#840,#150,.T.);
#1055=EDGE_CURVE('',#800,#840,#687,.T.);
#1056=EDGE_CURVE('',#829,#841,#151,.T.);
#1057=EDGE_CURVE('',#841,#842,#152,.T.);
#1058=EDGE_CURVE('',#842,#843,#153,.T.);
#1059=EDGE_CURVE('',#843,#844,#154,.T.);
#1060=EDGE_CURVE('',#844,#821,#155,.T.);
#1061=EDGE_CURVE('',#840,#845,#156,.T.);
#1062=EDGE_CURVE('',#845,#837,#688,.T.);
#1063=EDGE_CURVE('',#836,#801,#157,.T.);
#1064=EDGE_CURVE('',#844,#846,#158,.T.);
#1065=EDGE_CURVE('',#846,#847,#159,.T.);
#1066=EDGE_CURVE('',#847,#841,#160,.T.);
#1067=EDGE_CURVE('',#835,#848,#689,.T.);
#1068=EDGE_CURVE('',#848,#849,#161,.T.);
#1069=EDGE_CURVE('',#849,#806,#690,.T.);
#1070=EDGE_CURVE('',#838,#850,#691,.T.);
#1071=EDGE_CURVE('',#850,#839,#162,.T.);
#1072=EDGE_CURVE('',#767,#768,#163,.T.);
#1073=EDGE_CURVE('',#773,#774,#692,.T.);
#1074=EDGE_CURVE('',#761,#762,#693,.T.);
#1075=EDGE_CURVE('',#755,#756,#694,.T.);
#1076=EDGE_CURVE('',#851,#834,#695,.T.);
#1077=EDGE_CURVE('',#848,#851,#164,.T.);
#1078=EDGE_CURVE('',#833,#808,#165,.T.);
#1079=EDGE_CURVE('',#807,#852,#696,.T.);
#1080=EDGE_CURVE('',#852,#851,#166,.T.);
#1081=EDGE_CURVE('',#853,#854,#167,.T.);
#1082=EDGE_CURVE('',#854,#855,#168,.T.);
#1083=EDGE_CURVE('',#855,#856,#169,.T.);
#1084=EDGE_CURVE('',#856,#857,#170,.T.);
#1085=EDGE_CURVE('',#857,#858,#171,.T.);
#1086=EDGE_CURVE('',#858,#859,#172,.T.);
#1087=EDGE_CURVE('',#859,#860,#173,.T.);
#1088=EDGE_CURVE('',#860,#861,#174,.T.);
#1089=EDGE_CURVE('',#861,#862,#175,.T.);
#1090=EDGE_CURVE('',#862,#863,#176,.T.);
#1091=EDGE_CURVE('',#863,#864,#177,.T.);
#1092=EDGE_CURVE('',#864,#853,#178,.T.);
#1093=EDGE_CURVE('',#865,#866,#179,.F.);
#1094=EDGE_CURVE('',#854,#865,#180,.T.);
#1095=EDGE_CURVE('',#853,#866,#181,.T.);
#1096=EDGE_CURVE('',#866,#867,#182,.F.);
#1097=EDGE_CURVE('',#864,#867,#183,.T.);
#1098=EDGE_CURVE('',#867,#868,#184,.F.);
#1099=EDGE_CURVE('',#863,#868,#185,.T.);
#1100=EDGE_CURVE('',#868,#869,#186,.F.);
#1101=EDGE_CURVE('',#862,#869,#187,.T.);
#1102=EDGE_CURVE('',#869,#870,#188,.F.);
#1103=EDGE_CURVE('',#861,#870,#189,.T.);
#1104=EDGE_CURVE('',#870,#871,#190,.F.);
#1105=EDGE_CURVE('',#860,#871,#191,.T.);
#1106=EDGE_CURVE('',#871,#872,#192,.F.);
#1107=EDGE_CURVE('',#859,#872,#193,.T.);
#1108=EDGE_CURVE('',#872,#873,#194,.F.);
#1109=EDGE_CURVE('',#858,#873,#195,.T.);
#1110=EDGE_CURVE('',#873,#874,#196,.F.);
#1111=EDGE_CURVE('',#857,#874,#197,.T.);
#1112=EDGE_CURVE('',#874,#875,#198,.F.);
#1113=EDGE_CURVE('',#856,#875,#199,.T.);
#1114=EDGE_CURVE('',#875,#876,#200,.F.);
#1115=EDGE_CURVE('',#855,#876,#201,.T.);
#1116=EDGE_CURVE('',#876,#865,#202,.F.);
#1117=EDGE_CURVE('',#849,#852,#203,.T.);
#1118=EDGE_CURVE('',#850,#845,#204,.T.);
#1119=EDGE_CURVE('',#847,#877,#205,.T.);
#1120=EDGE_CURVE('',#877,#842,#206,.T.);
#1121=EDGE_CURVE('',#846,#878,#207,.T.);
#1122=EDGE_CURVE('',#878,#877,#208,.T.);
#1123=EDGE_CURVE('',#843,#878,#209,.T.);
#1124=ORIENTED_EDGE('',*,*,#879,.F.);
#1125=ORIENTED_EDGE('',*,*,#880,.T.);
#1126=ORIENTED_EDGE('',*,*,#881,.T.);
#1127=ORIENTED_EDGE('',*,*,#882,.F.);
#1128=ORIENTED_EDGE('',*,*,#880,.F.);
#1129=ORIENTED_EDGE('',*,*,#883,.T.);
#1130=ORIENTED_EDGE('',*,*,#884,.F.);
#1131=ORIENTED_EDGE('',*,*,#885,.T.);
#1132=ORIENTED_EDGE('',*,*,#883,.F.);
#1133=ORIENTED_EDGE('',*,*,#886,.T.);
#1134=ORIENTED_EDGE('',*,*,#887,.T.);
#1135=ORIENTED_EDGE('',*,*,#888,.F.);
#1136=ORIENTED_EDGE('',*,*,#886,.F.);
#1137=ORIENTED_EDGE('',*,*,#889,.T.);
#1138=ORIENTED_EDGE('',*,*,#890,.F.);
#1139=ORIENTED_EDGE('',*,*,#891,.T.);
#1140=ORIENTED_EDGE('',*,*,#889,.F.);
#1141=ORIENTED_EDGE('',*,*,#892,.T.);
#1142=ORIENTED_EDGE('',*,*,#893,.T.);
#1143=ORIENTED_EDGE('',*,*,#894,.F.);
#1144=ORIENTED_EDGE('',*,*,#895,.F.);
#1145=ORIENTED_EDGE('',*,*,#896,.T.);
#1146=ORIENTED_EDGE('',*,*,#897,.T.);
#1147=ORIENTED_EDGE('',*,*,#898,.F.);
#1148=ORIENTED_EDGE('',*,*,#896,.F.);
#1149=ORIENTED_EDGE('',*,*,#899,.T.);
#1150=ORIENTED_EDGE('',*,*,#900,.F.);
#1151=ORIENTED_EDGE('',*,*,#901,.T.);
#1152=ORIENTED_EDGE('',*,*,#899,.F.);
#1153=ORIENTED_EDGE('',*,*,#902,.T.);
#1154=ORIENTED_EDGE('',*,*,#903,.T.);
#1155=ORIENTED_EDGE('',*,*,#904,.F.);
#1156=ORIENTED_EDGE('',*,*,#902,.F.);
#1157=ORIENTED_EDGE('',*,*,#905,.T.);
#1158=ORIENTED_EDGE('',*,*,#906,.F.);
#1159=ORIENTED_EDGE('',*,*,#907,.T.);
#1160=ORIENTED_EDGE('',*,*,#905,.F.);
#1161=ORIENTED_EDGE('',*,*,#908,.T.);
#1162=ORIENTED_EDGE('',*,*,#909,.T.);
#1163=ORIENTED_EDGE('',*,*,#910,.F.);
#1164=ORIENTED_EDGE('',*,*,#911,.T.);
#1165=ORIENTED_EDGE('',*,*,#912,.T.);
#1166=ORIENTED_EDGE('',*,*,#913,.T.);
#1167=ORIENTED_EDGE('',*,*,#914,.F.);
#1168=ORIENTED_EDGE('',*,*,#915,.T.);
#1169=ORIENTED_EDGE('',*,*,#912,.F.);
#1170=ORIENTED_EDGE('',*,*,#916,.T.);
#1171=ORIENTED_EDGE('',*,*,#914,.T.);
#1172=ORIENTED_EDGE('',*,*,#913,.F.);
#1173=ORIENTED_EDGE('',*,*,#917,.F.);
#1174=ORIENTED_EDGE('',*,*,#918,.F.);
#1175=ORIENTED_EDGE('',*,*,#919,.T.);
#1176=ORIENTED_EDGE('',*,*,#911,.F.);
#1177=ORIENTED_EDGE('',*,*,#916,.F.);
#1178=ORIENTED_EDGE('',*,*,#920,.T.);
#1179=ORIENTED_EDGE('',*,*,#921,.T.);
#1180=ORIENTED_EDGE('',*,*,#922,.T.);
#1181=ORIENTED_EDGE('',*,*,#923,.F.);
#1182=ORIENTED_EDGE('',*,*,#924,.T.);
#1183=ORIENTED_EDGE('',*,*,#921,.F.);
#1184=ORIENTED_EDGE('',*,*,#925,.T.);
#1185=ORIENTED_EDGE('',*,*,#923,.T.);
#1186=ORIENTED_EDGE('',*,*,#922,.F.);
#1187=ORIENTED_EDGE('',*,*,#926,.F.);
#1188=ORIENTED_EDGE('',*,*,#927,.F.);
#1189=ORIENTED_EDGE('',*,*,#928,.T.);
#1190=ORIENTED_EDGE('',*,*,#920,.F.);
#1191=ORIENTED_EDGE('',*,*,#925,.F.);
#1192=ORIENTED_EDGE('',*,*,#929,.T.);
#1193=ORIENTED_EDGE('',*,*,#930,.T.);
#1194=ORIENTED_EDGE('',*,*,#931,.T.);
#1195=ORIENTED_EDGE('',*,*,#932,.F.);
#1196=ORIENTED_EDGE('',*,*,#933,.T.);
#1197=ORIENTED_EDGE('',*,*,#930,.F.);
#1198=ORIENTED_EDGE('',*,*,#934,.T.);
#1199=ORIENTED_EDGE('',*,*,#932,.T.);
#1200=ORIENTED_EDGE('',*,*,#931,.F.);
#1201=ORIENTED_EDGE('',*,*,#935,.F.);
#1202=ORIENTED_EDGE('',*,*,#936,.F.);
#1203=ORIENTED_EDGE('',*,*,#937,.T.);
#1204=ORIENTED_EDGE('',*,*,#929,.F.);
#1205=ORIENTED_EDGE('',*,*,#934,.F.);
#1206=ORIENTED_EDGE('',*,*,#938,.T.);
#1207=ORIENTED_EDGE('',*,*,#939,.T.);
#1208=ORIENTED_EDGE('',*,*,#940,.T.);
#1209=ORIENTED_EDGE('',*,*,#941,.F.);
#1210=ORIENTED_EDGE('',*,*,#942,.T.);
#1211=ORIENTED_EDGE('',*,*,#939,.F.);
#1212=ORIENTED_EDGE('',*,*,#943,.T.);
#1213=ORIENTED_EDGE('',*,*,#941,.T.);
#1214=ORIENTED_EDGE('',*,*,#940,.F.);
#1215=ORIENTED_EDGE('',*,*,#944,.F.);
#1216=ORIENTED_EDGE('',*,*,#945,.F.);
#1217=ORIENTED_EDGE('',*,*,#946,.T.);
#1218=ORIENTED_EDGE('',*,*,#938,.F.);
#1219=ORIENTED_EDGE('',*,*,#943,.F.);
#1220=ORIENTED_EDGE('',*,*,#947,.T.);
#1221=ORIENTED_EDGE('',*,*,#948,.T.);
#1222=ORIENTED_EDGE('',*,*,#949,.T.);
#1223=ORIENTED_EDGE('',*,*,#948,.F.);
#1224=ORIENTED_EDGE('',*,*,#949,.F.);
#1225=ORIENTED_EDGE('',*,*,#950,.T.);
#1226=ORIENTED_EDGE('',*,*,#951,.F.);
#1227=ORIENTED_EDGE('',*,*,#950,.F.);
#1228=ORIENTED_EDGE('',*,*,#947,.F.);
#1229=ORIENTED_EDGE('',*,*,#952,.T.);
#1230=ORIENTED_EDGE('',*,*,#953,.T.);
#1231=ORIENTED_EDGE('',*,*,#954,.T.);
#1232=ORIENTED_EDGE('',*,*,#953,.F.);
#1233=ORIENTED_EDGE('',*,*,#954,.F.);
#1234=ORIENTED_EDGE('',*,*,#955,.T.);
#1235=ORIENTED_EDGE('',*,*,#956,.F.);
#1236=ORIENTED_EDGE('',*,*,#955,.F.);
#1237=ORIENTED_EDGE('',*,*,#952,.F.);
#1238=ORIENTED_EDGE('',*,*,#957,.T.);
#1239=ORIENTED_EDGE('',*,*,#958,.T.);
#1240=ORIENTED_EDGE('',*,*,#959,.T.);
#1241=ORIENTED_EDGE('',*,*,#958,.F.);
#1242=ORIENTED_EDGE('',*,*,#959,.F.);
#1243=ORIENTED_EDGE('',*,*,#960,.T.);
#1244=ORIENTED_EDGE('',*,*,#961,.F.);
#1245=ORIENTED_EDGE('',*,*,#960,.F.);
#1246=ORIENTED_EDGE('',*,*,#957,.F.);
#1247=ORIENTED_EDGE('',*,*,#962,.T.);
#1248=ORIENTED_EDGE('',*,*,#963,.T.);
#1249=ORIENTED_EDGE('',*,*,#964,.T.);
#1250=ORIENTED_EDGE('',*,*,#963,.F.);
#1251=ORIENTED_EDGE('',*,*,#964,.F.);
#1252=ORIENTED_EDGE('',*,*,#965,.T.);
#1253=ORIENTED_EDGE('',*,*,#966,.F.);
#1254=ORIENTED_EDGE('',*,*,#965,.F.);
#1255=ORIENTED_EDGE('',*,*,#962,.F.);
#1256=ORIENTED_EDGE('',*,*,#967,.T.);
#1257=ORIENTED_EDGE('',*,*,#968,.T.);
#1258=ORIENTED_EDGE('',*,*,#969,.T.);
#1259=ORIENTED_EDGE('',*,*,#968,.F.);
#1260=ORIENTED_EDGE('',*,*,#969,.F.);
#1261=ORIENTED_EDGE('',*,*,#970,.T.);
#1262=ORIENTED_EDGE('',*,*,#971,.F.);
#1263=ORIENTED_EDGE('',*,*,#970,.F.);
#1264=ORIENTED_EDGE('',*,*,#967,.F.);
#1265=ORIENTED_EDGE('',*,*,#972,.T.);
#1266=ORIENTED_EDGE('',*,*,#973,.T.);
#1267=ORIENTED_EDGE('',*,*,#974,.T.);
#1268=ORIENTED_EDGE('',*,*,#973,.F.);
#1269=ORIENTED_EDGE('',*,*,#974,.F.);
#1270=ORIENTED_EDGE('',*,*,#975,.T.);
#1271=ORIENTED_EDGE('',*,*,#976,.F.);
#1272=ORIENTED_EDGE('',*,*,#975,.F.);
#1273=ORIENTED_EDGE('',*,*,#972,.F.);
#1274=ORIENTED_EDGE('',*,*,#977,.T.);
#1275=ORIENTED_EDGE('',*,*,#978,.T.);
#1276=ORIENTED_EDGE('',*,*,#979,.T.);
#1277=ORIENTED_EDGE('',*,*,#978,.F.);
#1278=ORIENTED_EDGE('',*,*,#979,.F.);
#1279=ORIENTED_EDGE('',*,*,#980,.T.);
#1280=ORIENTED_EDGE('',*,*,#981,.F.);
#1281=ORIENTED_EDGE('',*,*,#980,.F.);
#1282=ORIENTED_EDGE('',*,*,#977,.F.);
#1283=ORIENTED_EDGE('',*,*,#982,.T.);
#1284=ORIENTED_EDGE('',*,*,#983,.T.);
#1285=ORIENTED_EDGE('',*,*,#984,.T.);
#1286=ORIENTED_EDGE('',*,*,#983,.F.);
#1287=ORIENTED_EDGE('',*,*,#984,.F.);
#1288=ORIENTED_EDGE('',*,*,#985,.T.);
#1289=ORIENTED_EDGE('',*,*,#986,.F.);
#1290=ORIENTED_EDGE('',*,*,#985,.F.);
#1291=ORIENTED_EDGE('',*,*,#982,.F.);
#1292=ORIENTED_EDGE('',*,*,#987,.T.);
#1293=ORIENTED_EDGE('',*,*,#988,.T.);
#1294=ORIENTED_EDGE('',*,*,#989,.T.);
#1295=ORIENTED_EDGE('',*,*,#990,.T.);
#1296=ORIENTED_EDGE('',*,*,#991,.T.);
#1297=ORIENTED_EDGE('',*,*,#992,.T.);
#1298=ORIENTED_EDGE('',*,*,#993,.T.);
#1299=ORIENTED_EDGE('',*,*,#994,.T.);
#1300=ORIENTED_EDGE('',*,*,#990,.F.);
#1301=ORIENTED_EDGE('',*,*,#995,.T.);
#1302=ORIENTED_EDGE('',*,*,#996,.T.);
#1303=ORIENTED_EDGE('',*,*,#997,.T.);
#1304=ORIENTED_EDGE('',*,*,#998,.T.);
#1305=ORIENTED_EDGE('',*,*,#999,.T.);
#1306=ORIENTED_EDGE('',*,*,#895,.T.);
#1307=ORIENTED_EDGE('',*,*,#1000,.F.);
#1308=ORIENTED_EDGE('',*,*,#1001,.T.);
#1309=ORIENTED_EDGE('',*,*,#908,.F.);
#1310=ORIENTED_EDGE('',*,*,#1002,.T.);
#1311=ORIENTED_EDGE('',*,*,#900,.T.);
#1312=ORIENTED_EDGE('',*,*,#904,.T.);
#1313=ORIENTED_EDGE('',*,*,#1003,.T.);
#1314=ORIENTED_EDGE('',*,*,#1004,.T.);
#1315=ORIENTED_EDGE('',*,*,#1005,.T.);
#1316=ORIENTED_EDGE('',*,*,#1006,.T.);
#1317=ORIENTED_EDGE('',*,*,#1007,.T.);
#1318=ORIENTED_EDGE('',*,*,#1008,.T.);
#1319=ORIENTED_EDGE('',*,*,#1009,.F.);
#1320=ORIENTED_EDGE('',*,*,#1010,.F.);
#1321=ORIENTED_EDGE('',*,*,#1011,.F.);
#1322=ORIENTED_EDGE('',*,*,#1012,.T.);
#1323=ORIENTED_EDGE('',*,*,#1010,.T.);
#1324=ORIENTED_EDGE('',*,*,#1013,.T.);
#1325=ORIENTED_EDGE('',*,*,#1014,.T.);
#1326=ORIENTED_EDGE('',*,*,#993,.F.);
#1327=ORIENTED_EDGE('',*,*,#879,.T.);
#1328=ORIENTED_EDGE('',*,*,#1015,.F.);
#1329=ORIENTED_EDGE('',*,*,#1016,.T.);
#1330=ORIENTED_EDGE('',*,*,#892,.F.);
#1331=ORIENTED_EDGE('',*,*,#1017,.T.);
#1332=ORIENTED_EDGE('',*,*,#884,.T.);
#1333=ORIENTED_EDGE('',*,*,#888,.T.);
#1334=ORIENTED_EDGE('',*,*,#1018,.T.);
#1335=ORIENTED_EDGE('',*,*,#998,.F.);
#1336=ORIENTED_EDGE('',*,*,#1019,.F.);
#1337=ORIENTED_EDGE('',*,*,#1020,.F.);
#1338=ORIENTED_EDGE('',*,*,#1021,.F.);
#1339=ORIENTED_EDGE('',*,*,#1020,.T.);
#1340=ORIENTED_EDGE('',*,*,#1022,.T.);
#1341=ORIENTED_EDGE('',*,*,#906,.T.);
#1342=ORIENTED_EDGE('',*,*,#910,.T.);
#1343=ORIENTED_EDGE('',*,*,#1023,.T.);
#1344=ORIENTED_EDGE('',*,*,#1024,.F.);
#1345=ORIENTED_EDGE('',*,*,#1025,.F.);
#1346=ORIENTED_EDGE('',*,*,#1026,.F.);
#1347=ORIENTED_EDGE('',*,*,#1027,.T.);
#1348=ORIENTED_EDGE('',*,*,#1025,.T.);
#1349=ORIENTED_EDGE('',*,*,#1028,.T.);
#1350=ORIENTED_EDGE('',*,*,#1006,.F.);
#1351=ORIENTED_EDGE('',*,*,#1029,.T.);
#1352=ORIENTED_EDGE('',*,*,#1009,.T.);
#1353=ORIENTED_EDGE('',*,*,#1030,.T.);
#1354=ORIENTED_EDGE('',*,*,#1026,.T.);
#1355=ORIENTED_EDGE('',*,*,#1031,.T.);
#1356=ORIENTED_EDGE('',*,*,#1032,.F.);
#1357=ORIENTED_EDGE('',*,*,#1033,.F.);
#1358=ORIENTED_EDGE('',*,*,#1034,.F.);
#1359=ORIENTED_EDGE('',*,*,#1033,.T.);
#1360=ORIENTED_EDGE('',*,*,#1035,.T.);
#1361=ORIENTED_EDGE('',*,*,#1015,.T.);
#1362=ORIENTED_EDGE('',*,*,#882,.T.);
#1363=ORIENTED_EDGE('',*,*,#1036,.T.);
#1364=ORIENTED_EDGE('',*,*,#1024,.T.);
#1365=ORIENTED_EDGE('',*,*,#1037,.T.);
#1366=ORIENTED_EDGE('',*,*,#1034,.T.);
#1367=ORIENTED_EDGE('',*,*,#1038,.T.);
#1368=ORIENTED_EDGE('',*,*,#1032,.T.);
#1369=ORIENTED_EDGE('',*,*,#1039,.T.);
#1370=ORIENTED_EDGE('',*,*,#1021,.T.);
#1371=ORIENTED_EDGE('',*,*,#1040,.T.);
#1372=ORIENTED_EDGE('',*,*,#1019,.T.);
#1373=ORIENTED_EDGE('',*,*,#1041,.T.);
#1374=ORIENTED_EDGE('',*,*,#1011,.T.);
#1375=ORIENTED_EDGE('',*,*,#1042,.T.);
#1376=ORIENTED_EDGE('',*,*,#890,.T.);
#1377=ORIENTED_EDGE('',*,*,#894,.T.);
#1378=ORIENTED_EDGE('',*,*,#1043,.T.);
#1379=ORIENTED_EDGE('',*,*,#1000,.T.);
#1380=ORIENTED_EDGE('',*,*,#898,.T.);
#1381=ORIENTED_EDGE('',*,*,#1044,.T.);
#1382=ORIENTED_EDGE('',*,*,#1045,.T.);
#1383=ORIENTED_EDGE('',*,*,#1046,.T.);
#1384=ORIENTED_EDGE('',*,*,#1047,.T.);
#1385=ORIENTED_EDGE('',*,*,#1048,.T.);
#1386=ORIENTED_EDGE('',*,*,#1008,.F.);
#1387=ORIENTED_EDGE('',*,*,#1049,.T.);
#1388=ORIENTED_EDGE('',*,*,#1050,.T.);
#1389=ORIENTED_EDGE('',*,*,#1051,.T.);
#1390=ORIENTED_EDGE('',*,*,#1052,.T.);
#1391=ORIENTED_EDGE('',*,*,#1004,.F.);
#1392=ORIENTED_EDGE('',*,*,#987,.F.);
#1393=ORIENTED_EDGE('',*,*,#1053,.F.);
#1394=ORIENTED_EDGE('',*,*,#1054,.T.);
#1395=ORIENTED_EDGE('',*,*,#1055,.F.);
#1396=ORIENTED_EDGE('',*,*,#1013,.F.);
#1397=ORIENTED_EDGE('',*,*,#1031,.F.);
#1398=ORIENTED_EDGE('',*,*,#1027,.F.);
#1399=ORIENTED_EDGE('',*,*,#1056,.T.);
#1400=ORIENTED_EDGE('',*,*,#1057,.T.);
#1401=ORIENTED_EDGE('',*,*,#1058,.T.);
#1402=ORIENTED_EDGE('',*,*,#1059,.T.);
#1403=ORIENTED_EDGE('',*,*,#1060,.T.);
#1404=ORIENTED_EDGE('',*,*,#988,.F.);
#1405=ORIENTED_EDGE('',*,*,#1055,.T.);
#1406=ORIENTED_EDGE('',*,*,#1061,.T.);
#1407=ORIENTED_EDGE('',*,*,#1062,.T.);
#1408=ORIENTED_EDGE('',*,*,#1050,.F.);
#1409=ORIENTED_EDGE('',*,*,#1063,.T.);
#1410=ORIENTED_EDGE('',*,*,#994,.F.);
#1411=ORIENTED_EDGE('',*,*,#1014,.F.);
#1412=ORIENTED_EDGE('',*,*,#1060,.F.);
#1413=ORIENTED_EDGE('',*,*,#1064,.T.);
#1414=ORIENTED_EDGE('',*,*,#1065,.T.);
#1415=ORIENTED_EDGE('',*,*,#1066,.T.);
#1416=ORIENTED_EDGE('',*,*,#1056,.F.);
#1417=ORIENTED_EDGE('',*,*,#1029,.F.);
#1418=ORIENTED_EDGE('',*,*,#1005,.F.);
#1419=ORIENTED_EDGE('',*,*,#1048,.F.);
#1420=ORIENTED_EDGE('',*,*,#1067,.T.);
#1421=ORIENTED_EDGE('',*,*,#1068,.T.);
#1422=ORIENTED_EDGE('',*,*,#1069,.T.);
#1423=ORIENTED_EDGE('',*,*,#999,.F.);
#1424=ORIENTED_EDGE('',*,*,#1018,.F.);
#1425=ORIENTED_EDGE('',*,*,#887,.F.);
#1426=ORIENTED_EDGE('',*,*,#891,.F.);
#1427=ORIENTED_EDGE('',*,*,#1044,.F.);
#1428=ORIENTED_EDGE('',*,*,#897,.F.);
#1429=ORIENTED_EDGE('',*,*,#901,.F.);
#1430=ORIENTED_EDGE('',*,*,#1002,.F.);
#1431=ORIENTED_EDGE('',*,*,#1052,.F.);
#1432=ORIENTED_EDGE('',*,*,#1070,.T.);
#1433=ORIENTED_EDGE('',*,*,#1071,.T.);
#1434=ORIENTED_EDGE('',*,*,#1053,.T.);
#1435=ORIENTED_EDGE('',*,*,#991,.F.);
#1436=ORIENTED_EDGE('',*,*,#936,.T.);
#1437=ORIENTED_EDGE('',*,*,#1072,.T.);
#1438=ORIENTED_EDGE('',*,*,#945,.T.);
#1439=ORIENTED_EDGE('',*,*,#1073,.T.);
#1440=ORIENTED_EDGE('',*,*,#927,.T.);
#1441=ORIENTED_EDGE('',*,*,#1074,.T.);
#1442=ORIENTED_EDGE('',*,*,#918,.T.);
#1443=ORIENTED_EDGE('',*,*,#1075,.T.);
#1444=ORIENTED_EDGE('',*,*,#1047,.F.);
#1445=ORIENTED_EDGE('',*,*,#1076,.F.);
#1446=ORIENTED_EDGE('',*,*,#1077,.F.);
#1447=ORIENTED_EDGE('',*,*,#1067,.F.);
#1448=ORIENTED_EDGE('',*,*,#1045,.F.);
#1449=ORIENTED_EDGE('',*,*,#1007,.F.);
#1450=ORIENTED_EDGE('',*,*,#1028,.F.);
#1451=ORIENTED_EDGE('',*,*,#1038,.F.);
#1452=ORIENTED_EDGE('',*,*,#1036,.F.);
#1453=ORIENTED_EDGE('',*,*,#881,.F.);
#1454=ORIENTED_EDGE('',*,*,#885,.F.);
#1455=ORIENTED_EDGE('',*,*,#1017,.F.);
#1456=ORIENTED_EDGE('',*,*,#997,.F.);
#1457=ORIENTED_EDGE('',*,*,#1078,.F.);
#1458=ORIENTED_EDGE('',*,*,#1046,.F.);
#1459=ORIENTED_EDGE('',*,*,#1078,.T.);
#1460=ORIENTED_EDGE('',*,*,#996,.F.);
#1461=ORIENTED_EDGE('',*,*,#1079,.T.);
#1462=ORIENTED_EDGE('',*,*,#1080,.T.);
#1463=ORIENTED_EDGE('',*,*,#1076,.T.);
#1464=ORIENTED_EDGE('',*,*,#1016,.F.);
#1465=ORIENTED_EDGE('',*,*,#1035,.F.);
#1466=ORIENTED_EDGE('',*,*,#1040,.F.);
#1467=ORIENTED_EDGE('',*,*,#1023,.F.);
#1468=ORIENTED_EDGE('',*,*,#909,.F.);
#1469=ORIENTED_EDGE('',*,*,#1001,.F.);
#1470=ORIENTED_EDGE('',*,*,#1043,.F.);
#1471=ORIENTED_EDGE('',*,*,#893,.F.);
#1472=ORIENTED_EDGE('',*,*,#1081,.T.);
#1473=ORIENTED_EDGE('',*,*,#1082,.T.);
#1474=ORIENTED_EDGE('',*,*,#1083,.T.);
#1475=ORIENTED_EDGE('',*,*,#1084,.T.);
#1476=ORIENTED_EDGE('',*,*,#1085,.T.);
#1477=ORIENTED_EDGE('',*,*,#1086,.T.);
#1478=ORIENTED_EDGE('',*,*,#1087,.T.);
#1479=ORIENTED_EDGE('',*,*,#1088,.T.);
#1480=ORIENTED_EDGE('',*,*,#1089,.T.);
#1481=ORIENTED_EDGE('',*,*,#1090,.T.);
#1482=ORIENTED_EDGE('',*,*,#1091,.T.);
#1483=ORIENTED_EDGE('',*,*,#1092,.T.);
#1484=ORIENTED_EDGE('',*,*,#1030,.F.);
#1485=ORIENTED_EDGE('',*,*,#1041,.F.);
#1486=ORIENTED_EDGE('',*,*,#1039,.F.);
#1487=ORIENTED_EDGE('',*,*,#1037,.F.);
#1488=ORIENTED_EDGE('',*,*,#1093,.F.);
#1489=ORIENTED_EDGE('',*,*,#1094,.F.);
#1490=ORIENTED_EDGE('',*,*,#1081,.F.);
#1491=ORIENTED_EDGE('',*,*,#1095,.T.);
#1492=ORIENTED_EDGE('',*,*,#1096,.F.);
#1493=ORIENTED_EDGE('',*,*,#1095,.F.);
#1494=ORIENTED_EDGE('',*,*,#1092,.F.);
#1495=ORIENTED_EDGE('',*,*,#1097,.T.);
#1496=ORIENTED_EDGE('',*,*,#1098,.F.);
#1497=ORIENTED_EDGE('',*,*,#1097,.F.);
#1498=ORIENTED_EDGE('',*,*,#1091,.F.);
#1499=ORIENTED_EDGE('',*,*,#1099,.T.);
#1500=ORIENTED_EDGE('',*,*,#1100,.F.);
#1501=ORIENTED_EDGE('',*,*,#1099,.F.);
#1502=ORIENTED_EDGE('',*,*,#1090,.F.);
#1503=ORIENTED_EDGE('',*,*,#1101,.T.);
#1504=ORIENTED_EDGE('',*,*,#1102,.F.);
#1505=ORIENTED_EDGE('',*,*,#1101,.F.);
#1506=ORIENTED_EDGE('',*,*,#1089,.F.);
#1507=ORIENTED_EDGE('',*,*,#1103,.T.);
#1508=ORIENTED_EDGE('',*,*,#1104,.F.);
#1509=ORIENTED_EDGE('',*,*,#1103,.F.);
#1510=ORIENTED_EDGE('',*,*,#1088,.F.);
#1511=ORIENTED_EDGE('',*,*,#1105,.T.);
#1512=ORIENTED_EDGE('',*,*,#1106,.F.);
#1513=ORIENTED_EDGE('',*,*,#1105,.F.);
#1514=ORIENTED_EDGE('',*,*,#1087,.F.);
#1515=ORIENTED_EDGE('',*,*,#1107,.T.);
#1516=ORIENTED_EDGE('',*,*,#1108,.F.);
#1517=ORIENTED_EDGE('',*,*,#1107,.F.);
#1518=ORIENTED_EDGE('',*,*,#1086,.F.);
#1519=ORIENTED_EDGE('',*,*,#1109,.T.);
#1520=ORIENTED_EDGE('',*,*,#1110,.F.);
#1521=ORIENTED_EDGE('',*,*,#1109,.F.);
#1522=ORIENTED_EDGE('',*,*,#1085,.F.);
#1523=ORIENTED_EDGE('',*,*,#1111,.T.);
#1524=ORIENTED_EDGE('',*,*,#1112,.F.);
#1525=ORIENTED_EDGE('',*,*,#1111,.F.);
#1526=ORIENTED_EDGE('',*,*,#1084,.F.);
#1527=ORIENTED_EDGE('',*,*,#1113,.T.);
#1528=ORIENTED_EDGE('',*,*,#1114,.F.);
#1529=ORIENTED_EDGE('',*,*,#1113,.F.);
#1530=ORIENTED_EDGE('',*,*,#1083,.F.);
#1531=ORIENTED_EDGE('',*,*,#1115,.T.);
#1532=ORIENTED_EDGE('',*,*,#1116,.F.);
#1533=ORIENTED_EDGE('',*,*,#1115,.F.);
#1534=ORIENTED_EDGE('',*,*,#1082,.F.);
#1535=ORIENTED_EDGE('',*,*,#1094,.T.);
#1536=ORIENTED_EDGE('',*,*,#1106,.T.);
#1537=ORIENTED_EDGE('',*,*,#1108,.T.);
#1538=ORIENTED_EDGE('',*,*,#1110,.T.);
#1539=ORIENTED_EDGE('',*,*,#1112,.T.);
#1540=ORIENTED_EDGE('',*,*,#1114,.T.);
#1541=ORIENTED_EDGE('',*,*,#1116,.T.);
#1542=ORIENTED_EDGE('',*,*,#1093,.T.);
#1543=ORIENTED_EDGE('',*,*,#1096,.T.);
#1544=ORIENTED_EDGE('',*,*,#1098,.T.);
#1545=ORIENTED_EDGE('',*,*,#1100,.T.);
#1546=ORIENTED_EDGE('',*,*,#1102,.T.);
#1547=ORIENTED_EDGE('',*,*,#1104,.T.);
#1548=ORIENTED_EDGE('',*,*,#1068,.F.);
#1549=ORIENTED_EDGE('',*,*,#1077,.T.);
#1550=ORIENTED_EDGE('',*,*,#1080,.F.);
#1551=ORIENTED_EDGE('',*,*,#1117,.F.);
#1552=ORIENTED_EDGE('',*,*,#995,.F.);
#1553=ORIENTED_EDGE('',*,*,#1069,.F.);
#1554=ORIENTED_EDGE('',*,*,#1117,.T.);
#1555=ORIENTED_EDGE('',*,*,#1079,.F.);
#1556=ORIENTED_EDGE('',*,*,#915,.F.);
#1557=ORIENTED_EDGE('',*,*,#919,.F.);
#1558=ORIENTED_EDGE('',*,*,#1075,.F.);
#1559=ORIENTED_EDGE('',*,*,#917,.T.);
#1560=ORIENTED_EDGE('',*,*,#924,.F.);
#1561=ORIENTED_EDGE('',*,*,#928,.F.);
#1562=ORIENTED_EDGE('',*,*,#1074,.F.);
#1563=ORIENTED_EDGE('',*,*,#926,.T.);
#1564=ORIENTED_EDGE('',*,*,#942,.F.);
#1565=ORIENTED_EDGE('',*,*,#946,.F.);
#1566=ORIENTED_EDGE('',*,*,#1073,.F.);
#1567=ORIENTED_EDGE('',*,*,#944,.T.);
#1568=ORIENTED_EDGE('',*,*,#1071,.F.);
#1569=ORIENTED_EDGE('',*,*,#1118,.T.);
#1570=ORIENTED_EDGE('',*,*,#1061,.F.);
#1571=ORIENTED_EDGE('',*,*,#1054,.F.);
#1572=ORIENTED_EDGE('',*,*,#1051,.F.);
#1573=ORIENTED_EDGE('',*,*,#1062,.F.);
#1574=ORIENTED_EDGE('',*,*,#1118,.F.);
#1575=ORIENTED_EDGE('',*,*,#1070,.F.);
#1576=ORIENTED_EDGE('',*,*,#933,.F.);
#1577=ORIENTED_EDGE('',*,*,#937,.F.);
#1578=ORIENTED_EDGE('',*,*,#1072,.F.);
#1579=ORIENTED_EDGE('',*,*,#935,.T.);
#1580=ORIENTED_EDGE('',*,*,#1066,.F.);
#1581=ORIENTED_EDGE('',*,*,#1119,.T.);
#1582=ORIENTED_EDGE('',*,*,#1120,.T.);
#1583=ORIENTED_EDGE('',*,*,#1057,.F.);
#1584=ORIENTED_EDGE('',*,*,#1065,.F.);
#1585=ORIENTED_EDGE('',*,*,#1121,.T.);
#1586=ORIENTED_EDGE('',*,*,#1122,.T.);
#1587=ORIENTED_EDGE('',*,*,#1119,.F.);
#1588=ORIENTED_EDGE('',*,*,#1064,.F.);
#1589=ORIENTED_EDGE('',*,*,#1059,.F.);
#1590=ORIENTED_EDGE('',*,*,#1123,.T.);
#1591=ORIENTED_EDGE('',*,*,#1121,.F.);
#1592=ORIENTED_EDGE('',*,*,#1123,.F.);
#1593=ORIENTED_EDGE('',*,*,#1058,.F.);
#1594=ORIENTED_EDGE('',*,*,#1120,.F.);
#1595=ORIENTED_EDGE('',*,*,#1122,.F.);
#1596=ORIENTED_EDGE('',*,*,#971,.T.);
#1597=ORIENTED_EDGE('',*,*,#981,.T.);
#1598=ORIENTED_EDGE('',*,*,#986,.T.);
#1599=ORIENTED_EDGE('',*,*,#976,.T.);
#1600=ORIENTED_EDGE('',*,*,#966,.T.);
#1601=ORIENTED_EDGE('',*,*,#961,.T.);
#1602=ORIENTED_EDGE('',*,*,#956,.T.);
#1603=ORIENTED_EDGE('',*,*,#951,.T.);
#1604=ORIENTED_EDGE('',*,*,#989,.F.);
#1605=ORIENTED_EDGE('',*,*,#1063,.F.);
#1606=ORIENTED_EDGE('',*,*,#1049,.F.);
#1607=ORIENTED_EDGE('',*,*,#1003,.F.);
#1608=ORIENTED_EDGE('',*,*,#903,.F.);
#1609=ORIENTED_EDGE('',*,*,#907,.F.);
#1610=ORIENTED_EDGE('',*,*,#1022,.F.);
#1611=ORIENTED_EDGE('',*,*,#1042,.F.);
#1612=ORIENTED_EDGE('',*,*,#1012,.F.);
#1613=ORIENTED_EDGE('',*,*,#992,.F.);
#1614=B_SPLINE_SURFACE_WITH_KNOTS('',3,3,((#2426,#2427,#2428,#2429,#2430,
#2431,#2432),(#2433,#2434,#2435,#2436,#2437,#2438,#2439),(#2440,#2441,#2442,
#2443,#2444,#2445,#2446),(#2447,#2448,#2449,#2450,#2451,#2452,#2453),(#2454,
#2455,#2456,#2457,#2458,#2459,#2460),(#2461,#2462,#2463,#2464,#2465,#2466,
#2467)),.UNSPECIFIED.,.F.,.F.,.F.,(4,1,1,4),(4,1,1,1,4),(0.,0.333333333333333,
0.666666666666667,1.),(0.,0.25,0.5,0.75,1.),.UNSPECIFIED.);
#1615=B_SPLINE_SURFACE_WITH_KNOTS('',3,3,((#2520,#2521,#2522,#2523,#2524,
#2525),(#2526,#2527,#2528,#2529,#2530,#2531),(#2532,#2533,#2534,#2535,#2536,
#2537),(#2538,#2539,#2540,#2541,#2542,#2543),(#2544,#2545,#2546,#2547,#2548,
#2549),(#2550,#2551,#2552,#2553,#2554,#2555),(#2556,#2557,#2558,#2559,#2560,
#2561)),.UNSPECIFIED.,.F.,.F.,.F.,(4,1,1,1,4),(4,1,1,4),(0.,0.25,0.5,0.75,
1.),(0.,0.333333333333333,0.666666666666667,1.),.UNSPECIFIED.);
#1616=B_SPLINE_SURFACE_WITH_KNOTS('',3,3,((#2597,#2598,#2599,#2600,#2601,
#2602,#2603),(#2604,#2605,#2606,#2607,#2608,#2609,#2610),(#2611,#2612,#2613,
#2614,#2615,#2616,#2617),(#2618,#2619,#2620,#2621,#2622,#2623,#2624),(#2625,
#2626,#2627,#2628,#2629,#2630,#2631),(#2632,#2633,#2634,#2635,#2636,#2637,
#2638)),.UNSPECIFIED.,.F.,.F.,.F.,(4,1,1,4),(4,1,1,1,4),(0.,0.333333333333333,
0.666666666666667,1.),(0.,0.25,0.5,0.75,1.),.UNSPECIFIED.);
#1617=B_SPLINE_SURFACE_WITH_KNOTS('',3,3,((#2682,#2683,#2684,#2685,#2686,
#2687),(#2688,#2689,#2690,#2691,#2692,#2693),(#2694,#2695,#2696,#2697,#2698,
#2699),(#2700,#2701,#2702,#2703,#2704,#2705),(#2706,#2707,#2708,#2709,#2710,
#2711),(#2712,#2713,#2714,#2715,#2716,#2717)),.UNSPECIFIED.,.F.,.F.,.F.,
(4,1,1,4),(4,1,1,4),(0.,0.333333333333333,0.666666666666667,1.),(0.,0.333333333333333,
0.666666666666667,1.),.UNSPECIFIED.);
#1618=B_SPLINE_SURFACE_WITH_KNOTS('',3,3,((#2761,#2762,#2763,#2764,#2765,
#2766),(#2767,#2768,#2769,#2770,#2771,#2772),(#2773,#2774,#2775,#2776,#2777,
#2778),(#2779,#2780,#2781,#2782,#2783,#2784),(#2785,#2786,#2787,#2788,#2789,
#2790),(#2791,#2792,#2793,#2794,#2795,#2796)),.UNSPECIFIED.,.F.,.F.,.F.,
(4,1,1,4),(4,1,1,4),(0.,0.333333333333333,0.666666666666667,1.),(0.,0.333333333333333,
0.666666666666667,1.),.UNSPECIFIED.);
#1619=B_SPLINE_SURFACE_WITH_KNOTS('',3,3,((#2807,#2808,#2809,#2810,#2811,
#2812,#2813),(#2814,#2815,#2816,#2817,#2818,#2819,#2820),(#2821,#2822,#2823,
#2824,#2825,#2826,#2827),(#2828,#2829,#2830,#2831,#2832,#2833,#2834),(#2835,
#2836,#2837,#2838,#2839,#2840,#2841),(#2842,#2843,#2844,#2845,#2846,#2847,
#2848)),.UNSPECIFIED.,.F.,.F.,.F.,(4,1,1,4),(4,1,1,1,4),(0.,0.333333333333333,
0.666666666666667,1.),(0.,0.25,0.5,0.75,1.),.UNSPECIFIED.);
#1620=B_SPLINE_SURFACE_WITH_KNOTS('',3,3,((#2901,#2902,#2903,#2904,#2905,
#2906),(#2907,#2908,#2909,#2910,#2911,#2912),(#2913,#2914,#2915,#2916,#2917,
#2918),(#2919,#2920,#2921,#2922,#2923,#2924),(#2925,#2926,#2927,#2928,#2929,
#2930),(#2931,#2932,#2933,#2934,#2935,#2936),(#2937,#2938,#2939,#2940,#2941,
#2942)),.UNSPECIFIED.,.F.,.F.,.F.,(4,1,1,1,4),(4,1,1,4),(0.,0.25,0.5,0.75,
1.),(0.,0.333333333333333,0.666666666666667,1.),.UNSPECIFIED.);
#1621=B_SPLINE_SURFACE_WITH_KNOTS('',3,3,((#2978,#2979,#2980,#2981,#2982,
#2983,#2984),(#2985,#2986,#2987,#2988,#2989,#2990,#2991),(#2992,#2993,#2994,
#2995,#2996,#2997,#2998),(#2999,#3000,#3001,#3002,#3003,#3004,#3005),(#3006,
#3007,#3008,#3009,#3010,#3011,#3012),(#3013,#3014,#3015,#3016,#3017,#3018,
#3019)),.UNSPECIFIED.,.F.,.F.,.F.,(4,1,1,4),(4,1,1,1,4),(0.,0.333333333333333,
0.666666666666667,1.),(0.,0.25,0.5,0.75,1.),.UNSPECIFIED.);
#1622=B_SPLINE_SURFACE_WITH_KNOTS('',3,3,((#3063,#3064,#3065,#3066,#3067,
#3068),(#3069,#3070,#3071,#3072,#3073,#3074),(#3075,#3076,#3077,#3078,#3079,
#3080),(#3081,#3082,#3083,#3084,#3085,#3086),(#3087,#3088,#3089,#3090,#3091,
#3092),(#3093,#3094,#3095,#3096,#3097,#3098)),.UNSPECIFIED.,.F.,.F.,.F.,
(4,1,1,4),(4,1,1,4),(0.,0.333333333333333,0.666666666666667,1.),(0.,0.333333333333333,
0.666666666666667,1.),.UNSPECIFIED.);
#1623=B_SPLINE_SURFACE_WITH_KNOTS('',3,3,((#3142,#3143,#3144,#3145,#3146,
#3147),(#3148,#3149,#3150,#3151,#3152,#3153),(#3154,#3155,#3156,#3157,#3158,
#3159),(#3160,#3161,#3162,#3163,#3164,#3165),(#3166,#3167,#3168,#3169,#3170,
#3171),(#3172,#3173,#3174,#3175,#3176,#3177)),.UNSPECIFIED.,.F.,.F.,.F.,
(4,1,1,4),(4,1,1,4),(0.,0.333333333333333,0.666666666666667,1.),(0.,0.333333333333333,
0.666666666666667,1.),.UNSPECIFIED.);
#1624=B_SPLINE_SURFACE_WITH_KNOTS('',3,3,((#3413,#3414,#3415,#3416,#3417,
#3418),(#3419,#3420,#3421,#3422,#3423,#3424),(#3425,#3426,#3427,#3428,#3429,
#3430),(#3431,#3432,#3433,#3434,#3435,#3436),(#3437,#3438,#3439,#3440,#3441,
#3442),(#3443,#3444,#3445,#3446,#3447,#3448),(#3449,#3450,#3451,#3452,#3453,
#3454)),.UNSPECIFIED.,.F.,.F.,.F.,(4,1,1,1,4),(4,1,1,4),(0.,0.25,0.5,0.75,
1.),(0.,0.333333333333333,0.666666666666667,1.),.UNSPECIFIED.);
#1625=B_SPLINE_SURFACE_WITH_KNOTS('',3,3,((#3494,#3495,#3496,#3497,#3498,
#3499),(#3500,#3501,#3502,#3503,#3504,#3505),(#3506,#3507,#3508,#3509,#3510,
#3511),(#3512,#3513,#3514,#3515,#3516,#3517),(#3518,#3519,#3520,#3521,#3522,
#3523),(#3524,#3525,#3526,#3527,#3528,#3529),(#3530,#3531,#3532,#3533,#3534,
#3535)),.UNSPECIFIED.,.F.,.F.,.F.,(4,1,1,1,4),(4,1,1,4),(0.,0.25,0.5,0.75,
1.),(0.,0.333333333333333,0.666666666666667,1.),.UNSPECIFIED.);
#1626=ADVANCED_FACE('',(#386),#1614,.T.);
#1627=ADVANCED_FACE('',(#387),#1615,.T.);
#1628=ADVANCED_FACE('',(#388),#1616,.T.);
#1629=ADVANCED_FACE('',(#389),#1617,.T.);
#1630=ADVANCED_FACE('',(#390),#1618,.T.);
#1631=ADVANCED_FACE('',(#391),#1619,.T.);
#1632=ADVANCED_FACE('',(#392),#1620,.T.);
#1633=ADVANCED_FACE('',(#393),#1621,.T.);
#1634=ADVANCED_FACE('',(#394),#1622,.T.);
#1635=ADVANCED_FACE('',(#395),#1623,.T.);
#1636=ADVANCED_FACE('',(#396),#339,.T.);
#1637=ADVANCED_FACE('',(#397),#69,.T.);
#1638=ADVANCED_FACE('',(#398),#340,.T.);
#1639=ADVANCED_FACE('',(#399),#341,.T.);
#1640=ADVANCED_FACE('',(#400),#342,.T.);
#1641=ADVANCED_FACE('',(#401),#70,.T.);
#1642=ADVANCED_FACE('',(#402),#343,.T.);
#1643=ADVANCED_FACE('',(#403),#344,.T.);
#1644=ADVANCED_FACE('',(#404),#71,.T.);
#1645=ADVANCED_FACE('',(#405),#345,.T.);
#1646=ADVANCED_FACE('',(#406),#36,.T.);
#1647=ADVANCED_FACE('',(#407),#346,.T.);
#1648=ADVANCED_FACE('',(#408),#347,.T.);
#1649=ADVANCED_FACE('',(#409),#72,.T.);
#1650=ADVANCED_FACE('',(#410),#348,.T.);
#1651=ADVANCED_FACE('',(#411),#349,.T.);
#1652=ADVANCED_FACE('',(#412),#73,.T.);
#1653=ADVANCED_FACE('',(#413),#37,.T.);
#1654=ADVANCED_FACE('',(#414),#350,.T.);
#1655=ADVANCED_FACE('',(#415),#74,.T.);
#1656=ADVANCED_FACE('',(#416),#38,.T.);
#1657=ADVANCED_FACE('',(#417),#351,.T.);
#1658=ADVANCED_FACE('',(#418),#75,.T.);
#1659=ADVANCED_FACE('',(#419),#39,.T.);
#1660=ADVANCED_FACE('',(#420),#352,.T.);
#1661=ADVANCED_FACE('',(#421),#76,.T.);
#1662=ADVANCED_FACE('',(#422),#40,.T.);
#1663=ADVANCED_FACE('',(#423),#353,.T.);
#1664=ADVANCED_FACE('',(#424),#77,.T.);
#1665=ADVANCED_FACE('',(#425),#41,.T.);
#1666=ADVANCED_FACE('',(#426),#354,.T.);
#1667=ADVANCED_FACE('',(#427),#78,.T.);
#1668=ADVANCED_FACE('',(#428),#42,.T.);
#1669=ADVANCED_FACE('',(#429),#355,.T.);
#1670=ADVANCED_FACE('',(#430),#79,.T.);
#1671=ADVANCED_FACE('',(#431),#43,.T.);
#1672=ADVANCED_FACE('',(#432),#356,.T.);
#1673=ADVANCED_FACE('',(#433),#80,.T.);
#1674=ADVANCED_FACE('',(#434),#44,.T.);
#1675=ADVANCED_FACE('',(#435),#357,.T.);
#1676=ADVANCED_FACE('',(#436),#45,.T.);
#1677=ADVANCED_FACE('',(#437),#46,.T.);
#1678=ADVANCED_FACE('',(#438),#47,.T.);
#1679=ADVANCED_FACE('',(#439),#1624,.T.);
#1680=ADVANCED_FACE('',(#440),#48,.T.);
#1681=ADVANCED_FACE('',(#441),#49,.T.);
#1682=ADVANCED_FACE('',(#442),#28,.T.);
#1683=ADVANCED_FACE('',(#443),#50,.T.);
#1684=ADVANCED_FACE('',(#444),#1625,.T.);
#1685=ADVANCED_FACE('',(#445),#51,.T.);
#1686=ADVANCED_FACE('',(#446),#29,.T.);
#1687=ADVANCED_FACE('',(#447),#52,.T.);
#1688=ADVANCED_FACE('',(#448),#30,.T.);
#1689=ADVANCED_FACE('',(#449),#53,.T.);
#1690=ADVANCED_FACE('',(#450),#54,.T.);
#1691=ADVANCED_FACE('',(#451),#31,.T.);
#1692=ADVANCED_FACE('',(#452),#55,.T.);
#1693=ADVANCED_FACE('',(#453),#56,.T.);
#1694=ADVANCED_FACE('',(#454),#57,.T.);
#1695=ADVANCED_FACE('',(#455),#58,.T.);
#1696=ADVANCED_FACE('',(#456),#59,.T.);
#1697=ADVANCED_FACE('',(#457),#60,.T.);
#1698=ADVANCED_FACE('',(#458),#61,.T.);
#1699=ADVANCED_FACE('',(#459),#62,.T.);
#1700=ADVANCED_FACE('',(#460),#358,.T.);
#1701=ADVANCED_FACE('',(#461),#359,.T.);
#1702=ADVANCED_FACE('',(#462,#15,#16,#17,#18),#360,.F.);
#1703=ADVANCED_FACE('',(#463),#63,.T.);
#1704=ADVANCED_FACE('',(#464),#361,.T.);
#1705=ADVANCED_FACE('',(#465),#362,.T.);
#1706=ADVANCED_FACE('',(#466,#19),#363,.T.);
#1707=ADVANCED_FACE('',(#467),#364,.T.);
#1708=ADVANCED_FACE('',(#468),#365,.F.);
#1709=ADVANCED_FACE('',(#469),#366,.F.);
#1710=ADVANCED_FACE('',(#470),#367,.F.);
#1711=ADVANCED_FACE('',(#471),#368,.F.);
#1712=ADVANCED_FACE('',(#472),#369,.F.);
#1713=ADVANCED_FACE('',(#473),#370,.F.);
#1714=ADVANCED_FACE('',(#474),#371,.F.);
#1715=ADVANCED_FACE('',(#475),#372,.F.);
#1716=ADVANCED_FACE('',(#476),#373,.F.);
#1717=ADVANCED_FACE('',(#477),#374,.F.);
#1718=ADVANCED_FACE('',(#478),#375,.F.);
#1719=ADVANCED_FACE('',(#479),#376,.F.);
#1720=ADVANCED_FACE('',(#480),#377,.F.);
#1721=ADVANCED_FACE('',(#481),#378,.T.);
#1722=ADVANCED_FACE('',(#482),#64,.T.);
#1723=ADVANCED_FACE('',(#483),#65,.T.);
#1724=ADVANCED_FACE('',(#484),#66,.T.);
#1725=ADVANCED_FACE('',(#485),#67,.T.);
#1726=ADVANCED_FACE('',(#486),#379,.T.);
#1727=ADVANCED_FACE('',(#487),#68,.T.);
#1728=ADVANCED_FACE('',(#488),#380,.T.);
#1729=ADVANCED_FACE('',(#489),#381,.F.);
#1730=ADVANCED_FACE('',(#490),#382,.F.);
#1731=ADVANCED_FACE('',(#491),#383,.F.);
#1732=ADVANCED_FACE('',(#492,#20,#21,#22,#23,#24,#25,#26,#27),#384,.F.);
#1733=ADVANCED_FACE('',(#493),#385,.T.);
#1734=CLOSED_SHELL('',(#1626,#1627,#1628,#1629,#1630,#1631,#1632,#1633,
#1634,#1635,#1636,#1637,#1638,#1639,#1640,#1641,#1642,#1643,#1644,#1645,
#1646,#1647,#1648,#1649,#1650,#1651,#1652,#1653,#1654,#1655,#1656,#1657,
#1658,#1659,#1660,#1661,#1662,#1663,#1664,#1665,#1666,#1667,#1668,#1669,
#1670,#1671,#1672,#1673,#1674,#1675,#1676,#1677,#1678,#1679,#1680,#1681,
#1682,#1683,#1684,#1685,#1686,#1687,#1688,#1689,#1690,#1691,#1692,#1693,
#1694,#1695,#1696,#1697,#1698,#1699,#1700,#1701,#1702,#1703,#1704,#1705,
#1706,#1707,#1708,#1709,#1710,#1711,#1712,#1713,#1714,#1715,#1716,#1717,
#1718,#1719,#1720,#1721,#1722,#1723,#1724,#1725,#1726,#1727,#1728,#1729,
#1730,#1731,#1732,#1733));
#1735=DERIVED_UNIT_ELEMENT(#1737,1.);
#1736=DERIVED_UNIT_ELEMENT(#3756,-3.);
#1737=(
MASS_UNIT()
NAMED_UNIT(*)
SI_UNIT(.KILO.,.GRAM.)
);
#1738=DERIVED_UNIT((#1735,#1736));
#1739=MEASURE_REPRESENTATION_ITEM('density measure',
POSITIVE_RATIO_MEASURE(7850.),#1738);
#1740=PROPERTY_DEFINITION_REPRESENTATION(#1745,#1742);
#1741=PROPERTY_DEFINITION_REPRESENTATION(#1746,#1743);
#1742=REPRESENTATION('material name',(#1744),#3753);
#1743=REPRESENTATION('density',(#1739),#3753);
#1744=DESCRIPTIVE_REPRESENTATION_ITEM('Steel','Steel');
#1745=PROPERTY_DEFINITION('material property','material name',#3763);
#1746=PROPERTY_DEFINITION('material property','density of part',#3763);
#1747=AXIS2_PLACEMENT_3D('',#2425,#1930,#1931);
#1748=AXIS2_PLACEMENT_3D('',#2519,#1932,#1933);
#1749=AXIS2_PLACEMENT_3D('',#2571,#1934,#1935);
#1750=AXIS2_PLACEMENT_3D('',#2681,#1936,#1937);
#1751=AXIS2_PLACEMENT_3D('',#2726,#1938,#1939);
#1752=AXIS2_PLACEMENT_3D('',#2805,#1940,#1941);
#1753=AXIS2_PLACEMENT_3D('',#2806,#1942,#1943);
#1754=AXIS2_PLACEMENT_3D('',#2900,#1944,#1945);
#1755=AXIS2_PLACEMENT_3D('',#2952,#1946,#1947);
#1756=AXIS2_PLACEMENT_3D('',#3062,#1948,#1949);
#1757=AXIS2_PLACEMENT_3D('',#3107,#1950,#1951);
#1758=AXIS2_PLACEMENT_3D('',#3186,#1952,#1953);
#1759=AXIS2_PLACEMENT_3D('',#3187,#1954,#1955);
#1760=AXIS2_PLACEMENT_3D('',#3188,#1956,#1957);
#1761=AXIS2_PLACEMENT_3D('',#3203,#1960,#1961);
#1762=AXIS2_PLACEMENT_3D('',#3204,#1962,#1963);
#1763=AXIS2_PLACEMENT_3D('',#3205,#1964,#1965);
#1764=AXIS2_PLACEMENT_3D('',#3206,#1966,#1967);
#1765=AXIS2_PLACEMENT_3D('',#3212,#1971,#1972);
#1766=AXIS2_PLACEMENT_3D('',#3213,#1973,#1974);
#1767=AXIS2_PLACEMENT_3D('',#3228,#1977,#1978);
#1768=AXIS2_PLACEMENT_3D('',#3229,#1979,#1980);
#1769=AXIS2_PLACEMENT_3D('',#3230,#1981,#1982);
#1770=AXIS2_PLACEMENT_3D('',#3231,#1983,#1984);
#1771=AXIS2_PLACEMENT_3D('',#3237,#1988,#1989);
#1772=AXIS2_PLACEMENT_3D('',#3238,#1990,#1991);
#1773=AXIS2_PLACEMENT_3D('',#3241,#1992,#1993);
#1774=AXIS2_PLACEMENT_3D('',#3248,#1994,#1995);
#1775=AXIS2_PLACEMENT_3D('',#3253,#1996,#1997);
#1776=AXIS2_PLACEMENT_3D('',#3256,#2000,#2001);
#1777=AXIS2_PLACEMENT_3D('',#3260,#2003,#2004);
#1778=AXIS2_PLACEMENT_3D('',#3262,#2006,#2007);
#1779=AXIS2_PLACEMENT_3D('',#3263,#2008,#2009);
#1780=AXIS2_PLACEMENT_3D('',#3278,#2012,#2013);
#1781=AXIS2_PLACEMENT_3D('',#3279,#2014,#2015);
#1782=AXIS2_PLACEMENT_3D('',#3280,#2016,#2017);
#1783=AXIS2_PLACEMENT_3D('',#3281,#2018,#2019);
#1784=AXIS2_PLACEMENT_3D('',#3287,#2023,#2024);
#1785=AXIS2_PLACEMENT_3D('',#3288,#2025,#2026);
#1786=AXIS2_PLACEMENT_3D('',#3290,#2027,#2028);
#1787=AXIS2_PLACEMENT_3D('',#3293,#2030,#2031);
#1788=AXIS2_PLACEMENT_3D('',#3294,#2032,#2033);
#1789=AXIS2_PLACEMENT_3D('',#3297,#2035,#2036);
#1790=AXIS2_PLACEMENT_3D('',#3298,#2037,#2038);
#1791=AXIS2_PLACEMENT_3D('',#3299,#2039,#2040);
#1792=AXIS2_PLACEMENT_3D('',#3301,#2041,#2042);
#1793=AXIS2_PLACEMENT_3D('',#3304,#2044,#2045);
#1794=AXIS2_PLACEMENT_3D('',#3305,#2046,#2047);
#1795=AXIS2_PLACEMENT_3D('',#3308,#2049,#2050);
#1796=AXIS2_PLACEMENT_3D('',#3309,#2051,#2052);
#1797=AXIS2_PLACEMENT_3D('',#3310,#2053,#2054);
#1798=AXIS2_PLACEMENT_3D('',#3312,#2055,#2056);
#1799=AXIS2_PLACEMENT_3D('',#3315,#2058,#2059);
#1800=AXIS2_PLACEMENT_3D('',#3316,#2060,#2061);
#1801=AXIS2_PLACEMENT_3D('',#3319,#2063,#2064);
#1802=AXIS2_PLACEMENT_3D('',#3320,#2065,#2066);
#1803=AXIS2_PLACEMENT_3D('',#3321,#2067,#2068);
#1804=AXIS2_PLACEMENT_3D('',#3323,#2069,#2070);
#1805=AXIS2_PLACEMENT_3D('',#3326,#2072,#2073);
#1806=AXIS2_PLACEMENT_3D('',#3327,#2074,#2075);
#1807=AXIS2_PLACEMENT_3D('',#3330,#2077,#2078);
#1808=AXIS2_PLACEMENT_3D('',#3331,#2079,#2080);
#1809=AXIS2_PLACEMENT_3D('',#3332,#2081,#2082);
#1810=AXIS2_PLACEMENT_3D('',#3334,#2083,#2084);
#1811=AXIS2_PLACEMENT_3D('',#3337,#2086,#2087);
#1812=AXIS2_PLACEMENT_3D('',#3338,#2088,#2089);
#1813=AXIS2_PLACEMENT_3D('',#3341,#2091,#2092);
#1814=AXIS2_PLACEMENT_3D('',#3342,#2093,#2094);
#1815=AXIS2_PLACEMENT_3D('',#3343,#2095,#2096);
#1816=AXIS2_PLACEMENT_3D('',#3345,#2097,#2098);
#1817=AXIS2_PLACEMENT_3D('',#3348,#2100,#2101);
#1818=AXIS2_PLACEMENT_3D('',#3349,#2102,#2103);
#1819=AXIS2_PLACEMENT_3D('',#3352,#2105,#2106);
#1820=AXIS2_PLACEMENT_3D('',#3353,#2107,#2108);
#1821=AXIS2_PLACEMENT_3D('',#3354,#2109,#2110);
#1822=AXIS2_PLACEMENT_3D('',#3356,#2111,#2112);
#1823=AXIS2_PLACEMENT_3D('',#3359,#2114,#2115);
#1824=AXIS2_PLACEMENT_3D('',#3360,#2116,#2117);
#1825=AXIS2_PLACEMENT_3D('',#3363,#2119,#2120);
#1826=AXIS2_PLACEMENT_3D('',#3364,#2121,#2122);
#1827=AXIS2_PLACEMENT_3D('',#3365,#2123,#2124);
#1828=AXIS2_PLACEMENT_3D('',#3367,#2125,#2126);
#1829=AXIS2_PLACEMENT_3D('',#3370,#2128,#2129);
#1830=AXIS2_PLACEMENT_3D('',#3371,#2130,#2131);
#1831=AXIS2_PLACEMENT_3D('',#3374,#2133,#2134);
#1832=AXIS2_PLACEMENT_3D('',#3375,#2135,#2136);
#1833=AXIS2_PLACEMENT_3D('',#3376,#2137,#2138);
#1834=AXIS2_PLACEMENT_3D('',#3381,#2140,#2141);
#1835=AXIS2_PLACEMENT_3D('',#3385,#2143,#2144);
#1836=AXIS2_PLACEMENT_3D('',#3386,#2145,#2146);
#1837=AXIS2_PLACEMENT_3D('',#3387,#2147,#2148);
#1838=AXIS2_PLACEMENT_3D('',#3402,#2151,#2152);
#1839=AXIS2_PLACEMENT_3D('',#3407,#2154,#2155);
#1840=AXIS2_PLACEMENT_3D('',#3411,#2157,#2158);
#1841=AXIS2_PLACEMENT_3D('',#3412,#2159,#2160);
#1842=AXIS2_PLACEMENT_3D('',#3456,#2161,#2162);
#1843=AXIS2_PLACEMENT_3D('',#3457,#2163,#2164);
#1844=AXIS2_PLACEMENT_3D('',#3458,#2165,#2166);
#1845=AXIS2_PLACEMENT_3D('',#3463,#2169,#2170);
#1846=AXIS2_PLACEMENT_3D('',#3464,#2171,#2172);
#1847=AXIS2_PLACEMENT_3D('',#3481,#2175,#2176);
#1848=AXIS2_PLACEMENT_3D('',#3482,#2177,#2178);
#1849=AXIS2_PLACEMENT_3D('',#3485,#2179,#2180);
#1850=AXIS2_PLACEMENT_3D('',#3487,#2181,#2182);
#1851=AXIS2_PLACEMENT_3D('',#3488,#2183,#2184);
#1852=AXIS2_PLACEMENT_3D('',#3489,#2185,#2186);
#1853=AXIS2_PLACEMENT_3D('',#3493,#2189,#2190);
#1854=AXIS2_PLACEMENT_3D('',#3537,#2191,#2192);
#1855=AXIS2_PLACEMENT_3D('',#3538,#2193,#2194);
#1856=AXIS2_PLACEMENT_3D('',#3539,#2195,#2196);
#1857=AXIS2_PLACEMENT_3D('',#3542,#2199,#2200);
#1858=AXIS2_PLACEMENT_3D('',#3545,#2201,#2202);
#1859=AXIS2_PLACEMENT_3D('',#3547,#2203,#2204);
#1860=AXIS2_PLACEMENT_3D('',#3548,#2205,#2206);
#1861=AXIS2_PLACEMENT_3D('',#3549,#2207,#2208);
#1862=AXIS2_PLACEMENT_3D('',#3552,#2211,#2212);
#1863=AXIS2_PLACEMENT_3D('',#3555,#2213,#2214);
#1864=AXIS2_PLACEMENT_3D('',#3557,#2215,#2216);
#1865=AXIS2_PLACEMENT_3D('',#3558,#2217,#2218);
#1866=AXIS2_PLACEMENT_3D('',#3559,#2219,#2220);
#1867=AXIS2_PLACEMENT_3D('',#3563,#2223,#2224);
#1868=AXIS2_PLACEMENT_3D('',#3564,#2225,#2226);
#1869=AXIS2_PLACEMENT_3D('',#3567,#2229,#2230);
#1870=AXIS2_PLACEMENT_3D('',#3570,#2231,#2232);
#1871=AXIS2_PLACEMENT_3D('',#3572,#2233,#2234);
#1872=AXIS2_PLACEMENT_3D('',#3573,#2235,#2236);
#1873=AXIS2_PLACEMENT_3D('',#3574,#2237,#2238);
#1874=AXIS2_PLACEMENT_3D('',#3577,#2241,#2242);
#1875=AXIS2_PLACEMENT_3D('',#3580,#2245,#2246);
#1876=AXIS2_PLACEMENT_3D('',#3583,#2249,#2250);
#1877=AXIS2_PLACEMENT_3D('',#3586,#2253,#2254);
#1878=AXIS2_PLACEMENT_3D('',#3589,#2257,#2258);
#1879=AXIS2_PLACEMENT_3D('',#3593,#2260,#2261);
#1880=AXIS2_PLACEMENT_3D('',#3596,#2263,#2264);
#1881=AXIS2_PLACEMENT_3D('',#3597,#2265,#2266);
#1882=AXIS2_PLACEMENT_3D('',#3601,#2268,#2269);
#1883=AXIS2_PLACEMENT_3D('',#3604,#2271,#2272);
#1884=AXIS2_PLACEMENT_3D('',#3605,#2273,#2274);
#1885=AXIS2_PLACEMENT_3D('',#3607,#2275,#2276);
#1886=AXIS2_PLACEMENT_3D('',#3610,#2278,#2279);
#1887=AXIS2_PLACEMENT_3D('',#3611,#2280,#2281);
#1888=AXIS2_PLACEMENT_3D('',#3621,#2287,#2288);
#1889=AXIS2_PLACEMENT_3D('',#3624,#2290,#2291);
#1890=AXIS2_PLACEMENT_3D('',#3626,#2293,#2294);
#1891=AXIS2_PLACEMENT_3D('',#3633,#2298,#2299);
#1892=AXIS2_PLACEMENT_3D('',#3636,#2301,#2302);
#1893=AXIS2_PLACEMENT_3D('',#3638,#2303,#2304);
#1894=AXIS2_PLACEMENT_3D('',#3641,#2307,#2308);
#1895=AXIS2_PLACEMENT_3D('',#3642,#2309,#2310);
#1896=AXIS2_PLACEMENT_3D('',#3643,#2311,#2312);
#1897=AXIS2_PLACEMENT_3D('',#3644,#2313,#2314);
#1898=AXIS2_PLACEMENT_3D('',#3646,#2315,#2316);
#1899=AXIS2_PLACEMENT_3D('',#3648,#2318,#2319);
#1900=AXIS2_PLACEMENT_3D('',#3650,#2321,#2322);
#1901=AXIS2_PLACEMENT_3D('',#3652,#2323,#2324);
#1902=AXIS2_PLACEMENT_3D('',#3654,#2326,#2327);
#1903=AXIS2_PLACEMENT_3D('',#3679,#2340,#2341);
#1904=AXIS2_PLACEMENT_3D('',#3680,#2342,#2343);
#1905=AXIS2_PLACEMENT_3D('',#3686,#2347,#2348);
#1906=AXIS2_PLACEMENT_3D('',#3690,#2351,#2352);
#1907=AXIS2_PLACEMENT_3D('',#3694,#2355,#2356);
#1908=AXIS2_PLACEMENT_3D('',#3698,#2359,#2360);
#1909=AXIS2_PLACEMENT_3D('',#3702,#2363,#2364);
#1910=AXIS2_PLACEMENT_3D('',#3706,#2367,#2368);
#1911=AXIS2_PLACEMENT_3D('',#3710,#2371,#2372);
#1912=AXIS2_PLACEMENT_3D('',#3714,#2375,#2376);
#1913=AXIS2_PLACEMENT_3D('',#3718,#2379,#2380);
#1914=AXIS2_PLACEMENT_3D('',#3722,#2383,#2384);
#1915=AXIS2_PLACEMENT_3D('',#3726,#2387,#2388);
#1916=AXIS2_PLACEMENT_3D('',#3728,#2390,#2391);
#1917=AXIS2_PLACEMENT_3D('',#3729,#2392,#2393);
#1918=AXIS2_PLACEMENT_3D('',#3731,#2395,#2396);
#1919=AXIS2_PLACEMENT_3D('',#3732,#2397,#2398);
#1920=AXIS2_PLACEMENT_3D('',#3733,#2399,#2400);
#1921=AXIS2_PLACEMENT_3D('',#3734,#2401,#2402);
#1922=AXIS2_PLACEMENT_3D('',#3735,#2403,#2404);
#1923=AXIS2_PLACEMENT_3D('',#3737,#2406,#2407);
#1924=AXIS2_PLACEMENT_3D('',#3738,#2408,#2409);
#1925=AXIS2_PLACEMENT_3D('',#3739,#2410,#2411);
#1926=AXIS2_PLACEMENT_3D('',#3743,#2414,#2415);
#1927=AXIS2_PLACEMENT_3D('',#3747,#2418,#2419);
#1928=AXIS2_PLACEMENT_3D('',#3749,#2421,#2422);
#1929=AXIS2_PLACEMENT_3D('',#3750,#2423,#2424);
#1930=DIRECTION('axis',(0.,0.,1.));
#1931=DIRECTION('refdir',(1.,0.,0.));
#1932=DIRECTION('center_axis',(0.,1.,0.));
#1933=DIRECTION('ref_axis',(0.,0.,1.));
#1934=DIRECTION('center_axis',(0.,0.,-1.));
#1935=DIRECTION('ref_axis',(1.,0.,0.));
#1936=DIRECTION('center_axis',(0.,0.,-1.));
#1937=DIRECTION('ref_axis',(1.,0.,0.));
#1938=DIRECTION('center_axis',(-1.,0.,0.));
#1939=DIRECTION('ref_axis',(0.,-1.,0.));
#1940=DIRECTION('center_axis',(0.,0.,-1.));
#1941=DIRECTION('ref_axis',(0.707106781186554,-0.707106781186541,0.));
#1942=DIRECTION('center_axis',(-1.,0.,0.));
#1943=DIRECTION('ref_axis',(0.,-1.,0.));
#1944=DIRECTION('center_axis',(1.,0.,0.));
#1945=DIRECTION('ref_axis',(0.,0.,1.));
#1946=DIRECTION('center_axis',(0.,0.,-1.));
#1947=DIRECTION('ref_axis',(0.,-1.,0.));
#1948=DIRECTION('center_axis',(0.,0.,-1.));
#1949=DIRECTION('ref_axis',(0.,-1.,0.));
#1950=DIRECTION('center_axis',(0.,1.,0.));
#1951=DIRECTION('ref_axis',(-1.,0.,0.));
#1952=DIRECTION('center_axis',(0.,0.,-1.));
#1953=DIRECTION('ref_axis',(-0.707106781186548,-0.707106781186547,0.));
#1954=DIRECTION('center_axis',(0.,1.,0.));
#1955=DIRECTION('ref_axis',(-1.,0.,0.));
#1956=DIRECTION('center_axis',(0.707106781186548,-0.707106781186548,0.));
#1957=DIRECTION('ref_axis',(0.,0.,-1.));
#1958=DIRECTION('',(0.,0.,-1.));
#1959=DIRECTION('',(0.,0.,1.));
#1960=DIRECTION('center_axis',(0.,1.,0.));
#1961=DIRECTION('ref_axis',(-0.25,0.,0.968245836551854));
#1962=DIRECTION('center_axis',(0.,-1.,0.));
#1963=DIRECTION('ref_axis',(-0.25,0.,0.968245836551854));
#1964=DIRECTION('center_axis',(0.,1.,0.));
#1965=DIRECTION('ref_axis',(-0.25,0.,0.968245836551854));
#1966=DIRECTION('center_axis',(1.,0.,0.));
#1967=DIRECTION('ref_axis',(0.,0.,1.));
#1968=DIRECTION('',(0.,-1.,0.));
#1969=DIRECTION('',(0.,0.,-1.));
#1970=DIRECTION('',(0.,-1.,0.));
#1971=DIRECTION('center_axis',(0.,-1.,0.));
#1972=DIRECTION('ref_axis',(1.,0.,0.));
#1973=DIRECTION('center_axis',(-0.707106781186548,-0.707106781186548,0.));
#1974=DIRECTION('ref_axis',(0.,0.,1.));
#1975=DIRECTION('',(0.,0.,1.));
#1976=DIRECTION('',(0.,0.,-1.));
#1977=DIRECTION('center_axis',(0.,1.,0.));
#1978=DIRECTION('ref_axis',(0.25,0.,-0.968245836551854));
#1979=DIRECTION('center_axis',(0.,-1.,0.));
#1980=DIRECTION('ref_axis',(0.25,0.,-0.968245836551854));
#1981=DIRECTION('center_axis',(0.,1.,0.));
#1982=DIRECTION('ref_axis',(0.250000000000001,0.,-0.968245836551854));
#1983=DIRECTION('center_axis',(-1.,0.,0.));
#1984=DIRECTION('ref_axis',(0.,0.,-1.));
#1985=DIRECTION('',(0.,-1.,0.));
#1986=DIRECTION('',(0.,0.,1.));
#1987=DIRECTION('',(0.,-1.,0.));
#1988=DIRECTION('center_axis',(0.,-1.,0.));
#1989=DIRECTION('ref_axis',(1.,0.,0.));
#1990=DIRECTION('center_axis',(0.,1.,0.));
#1991=DIRECTION('ref_axis',(-0.25,0.,0.968245836551854));
#1992=DIRECTION('center_axis',(0.,1.,0.));
#1993=DIRECTION('ref_axis',(-0.250000000000001,0.,0.968245836551854));
#1994=DIRECTION('center_axis',(0.,-1.,0.));
#1995=DIRECTION('ref_axis',(-0.25,0.,0.968245836551854));
#1996=DIRECTION('center_axis',(0.707106781186548,-0.707106781186548,0.));
#1997=DIRECTION('ref_axis',(0.,0.,-1.));
#1998=DIRECTION('',(0.,0.,1.));
#1999=DIRECTION('',(0.,0.,-1.));
#2000=DIRECTION('center_axis',(0.,-1.,0.));
#2001=DIRECTION('ref_axis',(-0.250000000000001,0.,0.968245836551854));
#2002=DIRECTION('',(0.,-1.,0.));
#2003=DIRECTION('center_axis',(0.,1.,0.));
#2004=DIRECTION('ref_axis',(-0.250000000000001,0.,0.968245836551854));
#2005=DIRECTION('',(0.,-1.,0.));
#2006=DIRECTION('center_axis',(0.,-1.,0.));
#2007=DIRECTION('ref_axis',(1.,0.,0.));
#2008=DIRECTION('center_axis',(-0.707106781186548,-0.707106781186548,0.));
#2009=DIRECTION('ref_axis',(0.,0.,1.));
#2010=DIRECTION('',(0.,0.,1.));
#2011=DIRECTION('',(0.,0.,-1.));
#2012=DIRECTION('center_axis',(0.,1.,0.));
#2013=DIRECTION('ref_axis',(0.25,0.,-0.968245836551854));
#2014=DIRECTION('center_axis',(0.,-1.,0.));
#2015=DIRECTION('ref_axis',(0.25,0.,-0.968245836551854));
#2016=DIRECTION('center_axis',(0.,1.,0.));
#2017=DIRECTION('ref_axis',(0.25,0.,-0.968245836551854));
#2018=DIRECTION('center_axis',(-1.,0.,0.));
#2019=DIRECTION('ref_axis',(0.,0.,-1.));
#2020=DIRECTION('',(0.,-1.,0.));
#2021=DIRECTION('',(0.,0.,1.));
#2022=DIRECTION('',(0.,-1.,0.));
#2023=DIRECTION('center_axis',(0.,-1.,0.));
#2024=DIRECTION('ref_axis',(1.,0.,0.));
#2025=DIRECTION('center_axis',(0.,1.,0.));
#2026=DIRECTION('ref_axis',(1.,0.,0.));
#2027=DIRECTION('center_axis',(0.,1.,0.));
#2028=DIRECTION('ref_axis',(1.,0.,0.));
#2029=DIRECTION('',(-0.707106781186547,0.707106781186547,-8.65956056235493E-17));
#2030=DIRECTION('center_axis',(0.,-1.,0.));
#2031=DIRECTION('ref_axis',(1.,0.,0.));
#2032=DIRECTION('center_axis',(0.,-1.,0.));
#2033=DIRECTION('ref_axis',(1.,0.,0.));
#2034=DIRECTION('',(0.,1.,0.));
#2035=DIRECTION('center_axis',(0.,1.,0.));
#2036=DIRECTION('ref_axis',(1.,0.,0.));
#2037=DIRECTION('center_axis',(0.,-1.,0.));
#2038=DIRECTION('ref_axis',(1.,0.,0.));
#2039=DIRECTION('center_axis',(0.,1.,0.));
#2040=DIRECTION('ref_axis',(1.,0.,0.));
#2041=DIRECTION('center_axis',(0.,1.,0.));
#2042=DIRECTION('ref_axis',(1.,0.,0.));
#2043=DIRECTION('',(-0.707106781186547,0.707106781186547,-8.65956056235493E-17));
#2044=DIRECTION('center_axis',(0.,-1.,0.));
#2045=DIRECTION('ref_axis',(1.,0.,0.));
#2046=DIRECTION('center_axis',(0.,-1.,0.));
#2047=DIRECTION('ref_axis',(1.,0.,0.));
#2048=DIRECTION('',(0.,1.,0.));
#2049=DIRECTION('center_axis',(0.,1.,0.));
#2050=DIRECTION('ref_axis',(1.,0.,0.));
#2051=DIRECTION('center_axis',(0.,-1.,0.));
#2052=DIRECTION('ref_axis',(1.,0.,0.));
#2053=DIRECTION('center_axis',(0.,1.,0.));
#2054=DIRECTION('ref_axis',(1.,0.,0.));
#2055=DIRECTION('center_axis',(0.,1.,0.));
#2056=DIRECTION('ref_axis',(1.,0.,0.));
#2057=DIRECTION('',(-0.707106781186547,0.707106781186548,-8.65956056235493E-17));
#2058=DIRECTION('center_axis',(0.,-1.,0.));
#2059=DIRECTION('ref_axis',(1.,0.,0.));
#2060=DIRECTION('center_axis',(0.,-1.,0.));
#2061=DIRECTION('ref_axis',(1.,0.,0.));
#2062=DIRECTION('',(0.,1.,0.));
#2063=DIRECTION('center_axis',(0.,1.,0.));
#2064=DIRECTION('ref_axis',(1.,0.,0.));
#2065=DIRECTION('center_axis',(0.,-1.,0.));
#2066=DIRECTION('ref_axis',(1.,0.,0.));
#2067=DIRECTION('center_axis',(0.,1.,0.));
#2068=DIRECTION('ref_axis',(1.,0.,0.));
#2069=DIRECTION('center_axis',(0.,1.,0.));
#2070=DIRECTION('ref_axis',(1.,0.,0.));
#2071=DIRECTION('',(-0.707106781186547,0.707106781186548,-8.65956056235493E-17));
#2072=DIRECTION('center_axis',(0.,-1.,0.));
#2073=DIRECTION('ref_axis',(1.,0.,0.));
#2074=DIRECTION('center_axis',(0.,-1.,0.));
#2075=DIRECTION('ref_axis',(1.,0.,0.));
#2076=DIRECTION('',(0.,1.,0.));
#2077=DIRECTION('center_axis',(0.,1.,0.));
#2078=DIRECTION('ref_axis',(1.,0.,0.));
#2079=DIRECTION('center_axis',(0.,-1.,0.));
#2080=DIRECTION('ref_axis',(1.,0.,0.));
#2081=DIRECTION('center_axis',(0.,1.,0.));
#2082=DIRECTION('ref_axis',(1.,0.,0.));
#2083=DIRECTION('center_axis',(0.,1.,0.));
#2084=DIRECTION('ref_axis',(1.,0.,0.));
#2085=DIRECTION('',(-0.707106781186547,0.707106781186547,-8.65956056235493E-17));
#2086=DIRECTION('center_axis',(0.,-1.,0.));
#2087=DIRECTION('ref_axis',(1.,0.,0.));
#2088=DIRECTION('center_axis',(0.,-1.,0.));
#2089=DIRECTION('ref_axis',(1.,0.,0.));
#2090=DIRECTION('',(0.,1.,0.));
#2091=DIRECTION('center_axis',(0.,1.,0.));
#2092=DIRECTION('ref_axis',(1.,0.,0.));
#2093=DIRECTION('center_axis',(0.,-1.,0.));
#2094=DIRECTION('ref_axis',(1.,0.,0.));
#2095=DIRECTION('center_axis',(0.,1.,0.));
#2096=DIRECTION('ref_axis',(1.,0.,0.));
#2097=DIRECTION('center_axis',(0.,1.,0.));
#2098=DIRECTION('ref_axis',(1.,0.,0.));
#2099=DIRECTION('',(-0.707106781186547,0.707106781186547,-8.65956056235493E-17));
#2100=DIRECTION('center_axis',(0.,-1.,0.));
#2101=DIRECTION('ref_axis',(1.,0.,0.));
#2102=DIRECTION('center_axis',(0.,-1.,0.));
#2103=DIRECTION('ref_axis',(1.,0.,0.));
#2104=DIRECTION('',(0.,1.,0.));
#2105=DIRECTION('center_axis',(0.,1.,0.));
#2106=DIRECTION('ref_axis',(1.,0.,0.));
#2107=DIRECTION('center_axis',(0.,-1.,0.));
#2108=DIRECTION('ref_axis',(1.,0.,0.));
#2109=DIRECTION('center_axis',(0.,1.,0.));
#2110=DIRECTION('ref_axis',(1.,0.,0.));
#2111=DIRECTION('center_axis',(0.,1.,0.));
#2112=DIRECTION('ref_axis',(1.,0.,0.));
#2113=DIRECTION('',(-0.707106781186547,0.707106781186547,-8.65956056235493E-17));
#2114=DIRECTION('center_axis',(0.,-1.,0.));
#2115=DIRECTION('ref_axis',(1.,0.,0.));
#2116=DIRECTION('center_axis',(0.,-1.,0.));
#2117=DIRECTION('ref_axis',(1.,0.,0.));
#2118=DIRECTION('',(0.,1.,0.));
#2119=DIRECTION('center_axis',(0.,1.,0.));
#2120=DIRECTION('ref_axis',(1.,0.,0.));
#2121=DIRECTION('center_axis',(0.,-1.,0.));
#2122=DIRECTION('ref_axis',(1.,0.,0.));
#2123=DIRECTION('center_axis',(0.,1.,0.));
#2124=DIRECTION('ref_axis',(1.,0.,0.));
#2125=DIRECTION('center_axis',(0.,1.,0.));
#2126=DIRECTION('ref_axis',(1.,0.,0.));
#2127=DIRECTION('',(-0.707106781186547,0.707106781186547,-8.65956056235493E-17));
#2128=DIRECTION('center_axis',(0.,-1.,0.));
#2129=DIRECTION('ref_axis',(1.,0.,0.));
#2130=DIRECTION('center_axis',(0.,-1.,0.));
#2131=DIRECTION('ref_axis',(1.,0.,0.));
#2132=DIRECTION('',(0.,1.,0.));
#2133=DIRECTION('center_axis',(0.,1.,0.));
#2134=DIRECTION('ref_axis',(1.,0.,0.));
#2135=DIRECTION('center_axis',(0.,-1.,0.));
#2136=DIRECTION('ref_axis',(1.,0.,0.));
#2137=DIRECTION('center_axis',(0.,-1.,0.));
#2138=DIRECTION('ref_axis',(-0.408248290463876,0.,-0.912870929175271));
#2139=DIRECTION('',(0.,-1.,0.));
#2140=DIRECTION('center_axis',(0.,1.,0.));
#2141=DIRECTION('ref_axis',(-0.408248290463876,0.,-0.912870929175271));
#2142=DIRECTION('',(0.,1.,0.));
#2143=DIRECTION('center_axis',(-7.85046229341887E-15,-0.707106781186548,
0.707106781186547));
#2144=DIRECTION('ref_axis',(-7.85046229341887E-15,0.707106781186547,0.707106781186548));
#2145=DIRECTION('center_axis',(0.,-1.,0.));
#2146=DIRECTION('ref_axis',(-0.408248290463876,0.,-0.912870929175271));
#2147=DIRECTION('center_axis',(-2.61228946970625E-16,0.,1.));
#2148=DIRECTION('ref_axis',(-0.707106781186556,-0.707106781186539,0.));
#2149=DIRECTION('',(2.61228946970625E-16,0.,-1.));
#2150=DIRECTION('',(-2.61228946970625E-16,0.,1.));
#2151=DIRECTION('center_axis',(0.,-1.,0.));
#2152=DIRECTION('ref_axis',(0.40824829049632,0.,0.912870929160761));
#2153=DIRECTION('',(0.,-1.,0.));
#2154=DIRECTION('center_axis',(0.,1.,0.));
#2155=DIRECTION('ref_axis',(0.40824829049632,0.,0.912870929160761));
#2156=DIRECTION('',(0.,1.,0.));
#2157=DIRECTION('center_axis',(0.,-0.707106781186548,-0.707106781186547));
#2158=DIRECTION('ref_axis',(0.,0.707106781186547,-0.707106781186548));
#2159=DIRECTION('center_axis',(0.,-1.,0.));
#2160=DIRECTION('ref_axis',(0.40824829049632,0.,0.912870929160761));
#2161=DIRECTION('center_axis',(1.,0.,0.));
#2162=DIRECTION('ref_axis',(0.,0.,1.));
#2163=DIRECTION('center_axis',(0.,0.,-1.));
#2164=DIRECTION('ref_axis',(-0.707106781186548,-0.707106781186547,0.));
#2165=DIRECTION('center_axis',(-2.61228946970625E-16,0.,1.));
#2166=DIRECTION('ref_axis',(-0.707106781186556,-0.707106781186539,0.));
#2167=DIRECTION('',(-2.61228946970625E-16,0.,1.));
#2168=DIRECTION('',(2.61228946970625E-16,0.,-1.));
#2169=DIRECTION('center_axis',(-7.85046229341874E-15,0.707106781186544,
0.707106781186551));
#2170=DIRECTION('ref_axis',(-7.48102877372851E-15,0.707106781186551,-0.707106781186544));
#2171=DIRECTION('center_axis',(5.2245789394125E-17,0.,-1.));
#2172=DIRECTION('ref_axis',(0.70710678118654,-0.707106781186555,0.));
#2173=DIRECTION('',(5.2245789394125E-17,0.,-1.));
#2174=DIRECTION('',(-5.2245789394125E-17,0.,1.));
#2175=DIRECTION('center_axis',(0.,0.707106781186548,-0.707106781186547));
#2176=DIRECTION('ref_axis',(-7.388670393806E-17,0.707106781186547,0.707106781186548));
#2177=DIRECTION('center_axis',(-0.408248290463862,-0.816496580927725,-0.408248290463867));
#2178=DIRECTION('ref_axis',(-0.57735026918962,0.577350269189629,-0.577350269189629));
#2179=DIRECTION('center_axis',(-1.,0.,0.));
#2180=DIRECTION('ref_axis',(0.,0.,-1.));
#2181=DIRECTION('center_axis',(0.,1.,0.));
#2182=DIRECTION('ref_axis',(-1.,0.,0.));
#2183=DIRECTION('center_axis',(0.,0.,-1.));
#2184=DIRECTION('ref_axis',(0.,1.,0.));
#2185=DIRECTION('center_axis',(0.,1.,0.));
#2186=DIRECTION('ref_axis',(-0.707106781186548,0.,-0.707106781186548));
#2187=DIRECTION('',(0.,1.,0.));
#2188=DIRECTION('',(0.,-1.,0.));
#2189=DIRECTION('center_axis',(0.,1.,0.));
#2190=DIRECTION('ref_axis',(-0.707106781186548,0.,-0.707106781186548));
#2191=DIRECTION('center_axis',(0.,1.,0.));
#2192=DIRECTION('ref_axis',(0.,0.,1.));
#2193=DIRECTION('center_axis',(0.,0.,-1.));
#2194=DIRECTION('ref_axis',(0.707106781186554,-0.707106781186541,0.));
#2195=DIRECTION('center_axis',(5.2245789394125E-17,0.,-1.));
#2196=DIRECTION('ref_axis',(0.70710678118654,-0.707106781186555,0.));
#2197=DIRECTION('',(-5.2245789394125E-17,0.,1.));
#2198=DIRECTION('',(5.2245789394125E-17,0.,-1.));
#2199=DIRECTION('center_axis',(-0.816496580927725,-0.408248290463869,-0.40824829046386));
#2200=DIRECTION('ref_axis',(-0.577350269189626,0.57735026918963,0.577350269189621));
#2201=DIRECTION('center_axis',(0.,0.,1.));
#2202=DIRECTION('ref_axis',(-1.,0.,0.));
#2203=DIRECTION('center_axis',(0.,1.,0.));
#2204=DIRECTION('ref_axis',(0.,0.,1.));
#2205=DIRECTION('center_axis',(-1.,0.,0.));
#2206=DIRECTION('ref_axis',(0.,1.,0.));
#2207=DIRECTION('center_axis',(0.,1.,0.));
#2208=DIRECTION('ref_axis',(-0.707106781186548,0.,0.707106781186548));
#2209=DIRECTION('',(0.,-1.,0.));
#2210=DIRECTION('',(0.,1.,0.));
#2211=DIRECTION('center_axis',(-0.408248290463864,-0.408248290463859,-0.816496580927728));
#2212=DIRECTION('ref_axis',(0.577350269189632,0.577350269189623,-0.577350269189623));
#2213=DIRECTION('center_axis',(0.,0.,-1.));
#2214=DIRECTION('ref_axis',(1.,0.,0.));
#2215=DIRECTION('center_axis',(0.,1.,0.));
#2216=DIRECTION('ref_axis',(0.,0.,-1.));
#2217=DIRECTION('center_axis',(1.,0.,0.));
#2218=DIRECTION('ref_axis',(0.,1.,0.));
#2219=DIRECTION('center_axis',(0.,1.,0.));
#2220=DIRECTION('ref_axis',(0.707106781186548,0.,-0.707106781186548));
#2221=DIRECTION('',(0.,1.,0.));
#2222=DIRECTION('',(0.,-1.,0.));
#2223=DIRECTION('center_axis',(0.,1.,0.));
#2224=DIRECTION('ref_axis',(0.707106781186548,0.,-0.707106781186548));
#2225=DIRECTION('center_axis',(-1.,0.,0.));
#2226=DIRECTION('ref_axis',(0.,0.707106781186548,-0.707106781186548));
#2227=DIRECTION('',(1.,0.,0.));
#2228=DIRECTION('',(-1.,0.,0.));
#2229=DIRECTION('center_axis',(0.408248290463862,-0.816496580927725,0.408248290463867));
#2230=DIRECTION('ref_axis',(0.57735026918962,0.577350269189629,0.577350269189629));
#2231=DIRECTION('center_axis',(1.,0.,0.));
#2232=DIRECTION('ref_axis',(0.,0.,1.));
#2233=DIRECTION('center_axis',(0.,1.,0.));
#2234=DIRECTION('ref_axis',(1.,0.,0.));
#2235=DIRECTION('center_axis',(0.,0.,1.));
#2236=DIRECTION('ref_axis',(0.,1.,0.));
#2237=DIRECTION('center_axis',(0.,1.,0.));
#2238=DIRECTION('ref_axis',(0.707106781186548,0.,0.707106781186548));
#2239=DIRECTION('',(0.,-1.,0.));
#2240=DIRECTION('',(0.,1.,0.));
#2241=DIRECTION('center_axis',(5.2245789394125E-17,0.,-1.));
#2242=DIRECTION('ref_axis',(0.707106781186548,0.707106781186548,0.));
#2243=DIRECTION('',(-5.2245789394125E-17,0.,1.));
#2244=DIRECTION('',(5.2245789394125E-17,0.,-1.));
#2245=DIRECTION('center_axis',(1.,0.,0.));
#2246=DIRECTION('ref_axis',(0.,0.707106781186548,0.707106781186548));
#2247=DIRECTION('',(-1.,0.,0.));
#2248=DIRECTION('',(1.,0.,0.));
#2249=DIRECTION('center_axis',(-2.61228946970625E-16,0.,1.));
#2250=DIRECTION('ref_axis',(-0.707106781186548,0.707106781186548,0.));
#2251=DIRECTION('',(2.61228946970625E-16,0.,-1.));
#2252=DIRECTION('',(-2.61228946970625E-16,0.,1.));
#2253=DIRECTION('center_axis',(1.,0.,0.));
#2254=DIRECTION('ref_axis',(0.,-0.707106781186547,0.707106781186548));
#2255=DIRECTION('',(-1.,0.,0.));
#2256=DIRECTION('',(1.,0.,0.));
#2257=DIRECTION('center_axis',(0.,-1.,0.));
#2258=DIRECTION('ref_axis',(0.408248290463841,0.,-0.912870929175287));
#2259=DIRECTION('',(0.,-1.,0.));
#2260=DIRECTION('center_axis',(0.,1.,0.));
#2261=DIRECTION('ref_axis',(0.408248290463841,0.,-0.912870929175287));
#2262=DIRECTION('',(0.,1.,0.));
#2263=DIRECTION('center_axis',(0.,-1.,0.));
#2264=DIRECTION('ref_axis',(0.408248290463841,0.,-0.912870929175287));
#2265=DIRECTION('center_axis',(0.,-1.,0.));
#2266=DIRECTION('ref_axis',(-0.4082482904963,0.,0.912870929160771));
#2267=DIRECTION('',(0.,-1.,0.));
#2268=DIRECTION('center_axis',(0.,1.,0.));
#2269=DIRECTION('ref_axis',(-0.4082482904963,0.,0.912870929160771));
#2270=DIRECTION('',(0.,1.,0.));
#2271=DIRECTION('center_axis',(0.,-1.,0.));
#2272=DIRECTION('ref_axis',(-0.4082482904963,0.,0.912870929160771));
#2273=DIRECTION('center_axis',(0.,-1.,0.));
#2274=DIRECTION('ref_axis',(-1.,0.,4.67625937972118E-12));
#2275=DIRECTION('center_axis',(0.,1.,0.));
#2276=DIRECTION('ref_axis',(-1.,0.,4.67625937972118E-12));
#2277=DIRECTION('',(0.,-1.,0.));
#2278=DIRECTION('center_axis',(0.,-1.,0.));
#2279=DIRECTION('ref_axis',(-1.,0.,4.67625937972118E-12));
#2280=DIRECTION('center_axis',(0.,0.,-1.));
#2281=DIRECTION('ref_axis',(-1.,0.,0.));
#2282=DIRECTION('',(-1.,0.,0.));
#2283=DIRECTION('',(0.,1.,0.));
#2284=DIRECTION('',(-1.,0.,0.));
#2285=DIRECTION('',(0.,-1.,0.));
#2286=DIRECTION('',(-1.,0.,0.));
#2287=DIRECTION('center_axis',(0.,-1.,0.));
#2288=DIRECTION('ref_axis',(1.,0.,0.));
#2289=DIRECTION('',(4.67730429550904E-12,0.,1.));
#2290=DIRECTION('center_axis',(0.,-1.,0.));
#2291=DIRECTION('ref_axis',(1.,0.,-4.67625937972118E-12));
#2292=DIRECTION('',(2.61228946970625E-16,0.,-1.));
#2293=DIRECTION('center_axis',(0.,1.,0.));
#2294=DIRECTION('ref_axis',(1.,0.,0.));
#2295=DIRECTION('',(2.01858731750028E-16,0.,1.));
#2296=DIRECTION('',(1.,0.,0.));
#2297=DIRECTION('',(0.,0.,-1.));
#2298=DIRECTION('center_axis',(0.,1.,0.));
#2299=DIRECTION('ref_axis',(-1.,0.,-4.67625937972118E-12));
#2300=DIRECTION('',(-4.67730429550904E-12,0.,1.));
#2301=DIRECTION('center_axis',(0.,1.,0.));
#2302=DIRECTION('ref_axis',(1.,0.,4.67625937972118E-12));
#2303=DIRECTION('center_axis',(0.,1.,0.));
#2304=DIRECTION('ref_axis',(1.,0.,-4.67625937972118E-12));
#2305=DIRECTION('',(-4.67730429550904E-12,0.,-1.));
#2306=DIRECTION('',(0.,0.,-1.));
#2307=DIRECTION('center_axis',(0.,1.,0.));
#2308=DIRECTION('ref_axis',(0.25,0.,-0.968245836551854));
#2309=DIRECTION('center_axis',(0.,1.,0.));
#2310=DIRECTION('ref_axis',(0.250000000000001,0.,-0.968245836551854));
#2311=DIRECTION('center_axis',(0.,1.,0.));
#2312=DIRECTION('ref_axis',(-0.25,0.,0.968245836551854));
#2313=DIRECTION('center_axis',(0.,-1.,0.));
#2314=DIRECTION('ref_axis',(-1.,0.,-4.67625937972118E-12));
#2315=DIRECTION('center_axis',(0.,-1.,0.));
#2316=DIRECTION('ref_axis',(-1.,0.,-4.67625937972118E-12));
#2317=DIRECTION('',(0.,-1.,0.));
#2318=DIRECTION('center_axis',(1.,0.,5.2245789394125E-17));
#2319=DIRECTION('ref_axis',(5.2245789394125E-17,0.,-1.));
#2320=DIRECTION('',(-5.2245789394125E-17,0.,1.));
#2321=DIRECTION('center_axis',(0.,-1.,0.));
#2322=DIRECTION('ref_axis',(1.,0.,0.));
#2323=DIRECTION('center_axis',(0.,-1.,0.));
#2324=DIRECTION('ref_axis',(1.,0.,4.67625937972118E-12));
#2325=DIRECTION('',(4.67730429550904E-12,0.,-1.));
#2326=DIRECTION('center_axis',(0.,0.,1.));
#2327=DIRECTION('ref_axis',(1.,0.,0.));
#2328=DIRECTION('',(0.,-1.,0.));
#2329=DIRECTION('',(-1.,1.23358113847239E-16,0.));
#2330=DIRECTION('',(0.,1.,0.));
#2331=DIRECTION('',(-1.,5.55111512312578E-16,0.));
#2332=DIRECTION('',(0.,1.,0.));
#2333=DIRECTION('',(-1.,0.,0.));
#2334=DIRECTION('',(6.34413156928661E-16,1.,0.));
#2335=DIRECTION('',(1.,-2.22044604925031E-15,0.));
#2336=DIRECTION('',(3.1720657846433E-16,-1.,0.));
#2337=DIRECTION('',(-1.,0.,0.));
#2338=DIRECTION('',(0.,-1.,0.));
#2339=DIRECTION('',(-1.,-5.55111512312578E-16,0.));
#2340=DIRECTION('center_axis',(0.,1.,0.));
#2341=DIRECTION('ref_axis',(0.,0.,1.));
#2342=DIRECTION('center_axis',(1.,0.,0.));
#2343=DIRECTION('ref_axis',(0.,-1.,0.));
#2344=DIRECTION('',(0.,-1.,0.));
#2345=DIRECTION('',(0.,0.,-1.));
#2346=DIRECTION('',(0.,0.,-1.));
#2347=DIRECTION('center_axis',(5.55111512312578E-16,-1.,0.));
#2348=DIRECTION('ref_axis',(-1.,-5.55111512312578E-16,0.));
#2349=DIRECTION('',(-1.,-5.55111512312578E-16,0.));
#2350=DIRECTION('',(0.,0.,-1.));
#2351=DIRECTION('center_axis',(1.,0.,0.));
#2352=DIRECTION('ref_axis',(0.,-1.,0.));
#2353=DIRECTION('',(0.,-1.,0.));
#2354=DIRECTION('',(0.,0.,-1.));
#2355=DIRECTION('center_axis',(0.,-1.,0.));
#2356=DIRECTION('ref_axis',(-1.,0.,0.));
#2357=DIRECTION('',(-1.,0.,0.));
#2358=DIRECTION('',(0.,0.,-1.));
#2359=DIRECTION('center_axis',(1.,3.1720657846433E-16,0.));
#2360=DIRECTION('ref_axis',(3.1720657846433E-16,-1.,0.));
#2361=DIRECTION('',(3.1720657846433E-16,-1.,0.));
#2362=DIRECTION('',(0.,0.,-1.));
#2363=DIRECTION('center_axis',(2.22044604925031E-15,1.,0.));
#2364=DIRECTION('ref_axis',(1.,-2.22044604925031E-15,0.));
#2365=DIRECTION('',(1.,-2.22044604925031E-15,0.));
#2366=DIRECTION('',(0.,0.,-1.));
#2367=DIRECTION('center_axis',(-1.,6.34413156928661E-16,0.));
#2368=DIRECTION('ref_axis',(6.34413156928661E-16,1.,0.));
#2369=DIRECTION('',(6.34413156928661E-16,1.,0.));
#2370=DIRECTION('',(0.,0.,-1.));
#2371=DIRECTION('center_axis',(0.,-1.,0.));
#2372=DIRECTION('ref_axis',(-1.,0.,0.));
#2373=DIRECTION('',(-1.,0.,0.));
#2374=DIRECTION('',(0.,0.,-1.));
#2375=DIRECTION('center_axis',(-1.,0.,0.));
#2376=DIRECTION('ref_axis',(0.,1.,0.));
#2377=DIRECTION('',(0.,1.,0.));
#2378=DIRECTION('',(0.,0.,-1.));
#2379=DIRECTION('center_axis',(-5.55111512312578E-16,-1.,0.));
#2380=DIRECTION('ref_axis',(-1.,5.55111512312578E-16,0.));
#2381=DIRECTION('',(-1.,5.55111512312578E-16,0.));
#2382=DIRECTION('',(0.,0.,-1.));
#2383=DIRECTION('center_axis',(-1.,0.,0.));
#2384=DIRECTION('ref_axis',(0.,1.,0.));
#2385=DIRECTION('',(0.,1.,0.));
#2386=DIRECTION('',(0.,0.,-1.));
#2387=DIRECTION('center_axis',(-1.23358113847239E-16,-1.,0.));
#2388=DIRECTION('ref_axis',(-1.,1.23358113847239E-16,0.));
#2389=DIRECTION('',(-1.,1.23358113847239E-16,0.));
#2390=DIRECTION('center_axis',(0.,0.,-1.));
#2391=DIRECTION('ref_axis',(-1.,0.,0.));
#2392=DIRECTION('center_axis',(-1.,0.,-4.67730429550904E-12));
#2393=DIRECTION('ref_axis',(4.67730429550904E-12,0.,-1.));
#2394=DIRECTION('',(0.,-1.,0.));
#2395=DIRECTION('center_axis',(0.,-1.,0.));
#2396=DIRECTION('ref_axis',(1.,0.,4.67625937972118E-12));
#2397=DIRECTION('center_axis',(0.,-1.,0.));
#2398=DIRECTION('ref_axis',(-0.25,0.,0.968245836551854));
#2399=DIRECTION('center_axis',(0.,-1.,0.));
#2400=DIRECTION('ref_axis',(0.250000000000001,0.,-0.968245836551854));
#2401=DIRECTION('center_axis',(0.,-1.,0.));
#2402=DIRECTION('ref_axis',(0.25,0.,-0.968245836551854));
#2403=DIRECTION('center_axis',(1.,0.,-4.67730429550904E-12));
#2404=DIRECTION('ref_axis',(4.67730429550904E-12,0.,1.));
#2405=DIRECTION('',(0.,-1.,0.));
#2406=DIRECTION('center_axis',(0.,-1.,0.));
#2407=DIRECTION('ref_axis',(1.,0.,-4.67625937972118E-12));
#2408=DIRECTION('center_axis',(1.,0.,0.));
#2409=DIRECTION('ref_axis',(0.,0.,1.));
#2410=DIRECTION('center_axis',(1.,0.,0.));
#2411=DIRECTION('ref_axis',(0.,0.,-1.));
#2412=DIRECTION('',(0.,1.,0.));
#2413=DIRECTION('',(0.,0.,-1.));
#2414=DIRECTION('center_axis',(0.,0.,1.));
#2415=DIRECTION('ref_axis',(1.,0.,0.));
#2416=DIRECTION('',(0.,1.,0.));
#2417=DIRECTION('',(1.,0.,0.));
#2418=DIRECTION('center_axis',(-1.,0.,2.01858731750028E-16));
#2419=DIRECTION('ref_axis',(2.01858731750028E-16,0.,1.));
#2420=DIRECTION('',(2.01858731750028E-16,0.,1.));
#2421=DIRECTION('center_axis',(0.,1.,0.));
#2422=DIRECTION('ref_axis',(0.,0.,1.));
#2423=DIRECTION('center_axis',(-1.,0.,-2.61228946970625E-16));
#2424=DIRECTION('ref_axis',(-2.61228946970625E-16,0.,1.));
#2425=CARTESIAN_POINT('',(0.,0.,0.));
#2426=CARTESIAN_POINT('Ctrl Pts',(7.54048235359151,0.0792444998948543,10.5256564560694));
#2427=CARTESIAN_POINT('Ctrl Pts',(7.54315246509717,0.0912669275030517,10.5328371106335));
#2428=CARTESIAN_POINT('Ctrl Pts',(7.54813016596096,0.118922014956852,10.5452220440705));
#2429=CARTESIAN_POINT('Ctrl Pts',(7.55481383889134,0.176965159477639,10.558944795908));
#2430=CARTESIAN_POINT('Ctrl Pts',(7.56062701563884,0.26720308195877,10.56712916072));
#2431=CARTESIAN_POINT('Ctrl Pts',(7.56142135623731,0.323235797338853,10.5664213562373));
#2432=CARTESIAN_POINT('Ctrl Pts',(7.56142135623731,0.349977348289667,10.5664213562373));
#2433=CARTESIAN_POINT('Ctrl Pts',(7.55653323473349,0.0827652232657711,10.5160283961444));
#2434=CARTESIAN_POINT('Ctrl Pts',(7.55819148300945,0.0947096038061287,10.5231952124272));
#2435=CARTESIAN_POINT('Ctrl Pts',(7.56166791600512,0.12237342316366,10.5356386006999));
#2436=CARTESIAN_POINT('Ctrl Pts',(7.56729526284197,0.181396591560233,10.5490939224649));
#2437=CARTESIAN_POINT('Ctrl Pts',(7.57230993489137,0.269935019990022,10.556108791992));
#2438=CARTESIAN_POINT('Ctrl Pts',(7.57324847516991,0.323825600742039,10.5545942373047));
#2439=CARTESIAN_POINT('Ctrl Pts',(7.57376269773219,0.349977348289667,10.5540800147424));
#2440=CARTESIAN_POINT('Ctrl Pts',(7.58245999515352,0.090426366334373,10.4941453937108));
#2441=CARTESIAN_POINT('Ctrl Pts',(7.58323719098394,0.10256559185237,10.5014657281967));
#2442=CARTESIAN_POINT('Ctrl Pts',(7.58532578727842,0.130965279280007,10.5140093963155));
#2443=CARTESIAN_POINT('Ctrl Pts',(7.5899607611254,0.193279396679241,10.5261212545132));
#2444=CARTESIAN_POINT('Ctrl Pts',(7.59317036021263,0.277073664606127,10.5303653874229));
#2445=CARTESIAN_POINT('Ctrl Pts',(7.59427806231136,0.325408298321731,10.5276080104283));
#2446=CARTESIAN_POINT('Ctrl Pts',(7.595194803667,0.349977348289667,10.5261490673119));
#2447=CARTESIAN_POINT('Ctrl Pts',(7.61200411946357,0.105155445377113,10.4384671716886));
#2448=CARTESIAN_POINT('Ctrl Pts',(7.61244402521488,0.119616604603955,10.4469036862032));
#2449=CARTESIAN_POINT('Ctrl Pts',(7.61354322771836,0.153211268700579,10.4611543016536));
#2450=CARTESIAN_POINT('Ctrl Pts',(7.61458289310308,0.217998928177448,10.4751919829194));
#2451=CARTESIAN_POINT('Ctrl Pts',(7.61435134738221,0.286315994153995,10.4816255745299));
#2452=CARTESIAN_POINT('Ctrl Pts',(7.61502123056674,0.329168530911456,10.4790381048948));
#2453=CARTESIAN_POINT('Ctrl Pts',(7.61540462510854,0.349977348289666,10.4773582422946));
#2454=CARTESIAN_POINT('Ctrl Pts',(7.62,0.123881637885995,10.3921160941983));
#2455=CARTESIAN_POINT('Ctrl Pts',(7.62,0.139270283937579,10.402520312037));
#2456=CARTESIAN_POINT('Ctrl Pts',(7.62,0.173965558915439,10.4205438501613));
#2457=CARTESIAN_POINT('Ctrl Pts',(7.62,0.234095368926248,10.4377868191943));
#2458=CARTESIAN_POINT('Ctrl Pts',(7.62,0.295242131090763,10.4444021334129));
#2459=CARTESIAN_POINT('Ctrl Pts',(7.62,0.33263215668862,10.4431805130416));
#2460=CARTESIAN_POINT('Ctrl Pts',(7.62,0.349977348289667,10.4424532925199));
#2461=CARTESIAN_POINT('Ctrl Pts',(7.62,0.133618766391671,10.3710831931746));
#2462=CARTESIAN_POINT('Ctrl Pts',(7.62,0.149576926454353,10.3818216714466));
#2463=CARTESIAN_POINT('Ctrl Pts',(7.62,0.185010918408162,10.4003403611361));
#2464=CARTESIAN_POINT('Ctrl Pts',(7.62,0.243471024737099,10.417697947312));
#2465=CARTESIAN_POINT('Ctrl Pts',(7.62,0.30035466824194,10.4248707462386));
#2466=CARTESIAN_POINT('Ctrl Pts',(7.62,0.334353669638296,10.425));
#2467=CARTESIAN_POINT('Ctrl Pts',(7.62,0.349977348289667,10.425));
#2468=CARTESIAN_POINT('',(7.54048235359151,0.0792444998948543,10.5256564560694));
#2469=CARTESIAN_POINT('',(7.56142135623731,0.349977348289667,10.5664213562373));
#2470=CARTESIAN_POINT('Ctrl Pts',(7.54048235359151,0.0792444998948543,10.5256564560694));
#2471=CARTESIAN_POINT('Ctrl Pts',(7.54315246509717,0.0912669275030517,10.5328371106335));
#2472=CARTESIAN_POINT('Ctrl Pts',(7.54813016596096,0.118922014956852,10.5452220440705));
#2473=CARTESIAN_POINT('Ctrl Pts',(7.55481383889134,0.176965159477639,10.558944795908));
#2474=CARTESIAN_POINT('Ctrl Pts',(7.56062701563884,0.26720308195877,10.56712916072));
#2475=CARTESIAN_POINT('Ctrl Pts',(7.56142135623731,0.323235797338853,10.5664213562373));
#2476=CARTESIAN_POINT('Ctrl Pts',(7.56142135623731,0.349977348289667,10.5664213562373));
#2477=CARTESIAN_POINT('',(7.62,0.133618766391671,10.3710831931746));
#2478=CARTESIAN_POINT('Ctrl Pts',(7.54048235359151,0.0792444998948543,10.5256564560694));
#2479=CARTESIAN_POINT('Ctrl Pts',(7.55653323473349,0.0827652232657711,10.5160283961444));
#2480=CARTESIAN_POINT('Ctrl Pts',(7.58245999515352,0.090426366334373,10.4941453937108));
#2481=CARTESIAN_POINT('Ctrl Pts',(7.61200411946357,0.105155445377113,10.4384671716886));
#2482=CARTESIAN_POINT('Ctrl Pts',(7.62,0.123881637885995,10.3921160941983));
#2483=CARTESIAN_POINT('Ctrl Pts',(7.62,0.133618766391671,10.3710831931746));
#2484=CARTESIAN_POINT('',(7.62,0.349977348289667,10.425));
#2485=CARTESIAN_POINT('Ctrl Pts',(7.62,0.133618766391671,10.3710831931746));
#2486=CARTESIAN_POINT('Ctrl Pts',(7.62,0.144426180880772,10.3783556597504));
#2487=CARTESIAN_POINT('Ctrl Pts',(7.62,0.156051268999922,10.3849541862028));
#2488=CARTESIAN_POINT('Ctrl Pts',(7.62,0.168200732269695,10.3907877628498));
#2489=CARTESIAN_POINT('Ctrl Pts',(7.62,0.179143034983228,10.3960417201776));
#2490=CARTESIAN_POINT('Ctrl Pts',(7.62,0.19050794784018,10.400675041517));
#2491=CARTESIAN_POINT('Ctrl Pts',(7.62,0.202083646838828,10.4046596541912));
#2492=CARTESIAN_POINT('Ctrl Pts',(7.62,0.210333595409178,10.4074994697081));
#2493=CARTESIAN_POINT('Ctrl Pts',(7.62,0.218692941299036,10.4100105285694));
#2494=CARTESIAN_POINT('Ctrl Pts',(7.62,0.227087994674424,10.4121971284816));
#2495=CARTESIAN_POINT('Ctrl Pts',(7.62,0.236946496057462,10.4147649022997));
#2496=CARTESIAN_POINT('Ctrl Pts',(7.62,0.246848550666215,10.416884103815));
#2497=CARTESIAN_POINT('Ctrl Pts',(7.62,0.256597267234777,10.4185883929934));
#2498=CARTESIAN_POINT('Ctrl Pts',(7.62,0.262739523529132,10.419662193925));
#2499=CARTESIAN_POINT('Ctrl Pts',(7.62,0.268819259120205,10.4205718819708));
#2500=CARTESIAN_POINT('Ctrl Pts',(7.62,0.274816702526028,10.4213334044475));
#2501=CARTESIAN_POINT('Ctrl Pts',(7.62,0.281557496921839,10.4221893135568));
#2502=CARTESIAN_POINT('Ctrl Pts',(7.62,0.288196097123125,10.422857873637));
#2503=CARTESIAN_POINT('Ctrl Pts',(7.62,0.294773442190987,10.4233718931964));
#2504=CARTESIAN_POINT('Ctrl Pts',(7.62,0.300468171894471,10.4238169363594));
#2505=CARTESIAN_POINT('Ctrl Pts',(7.62,0.306117077489526,10.4241463017058));
#2506=CARTESIAN_POINT('Ctrl Pts',(7.62,0.311657989889179,10.4243856961672));
#2507=CARTESIAN_POINT('Ctrl Pts',(7.62,0.316691492928188,10.4246031680675));
#2508=CARTESIAN_POINT('Ctrl Pts',(7.62,0.3216301198131,10.424746371314));
#2509=CARTESIAN_POINT('Ctrl Pts',(7.62,0.326426502040977,10.4248383086387));
#2510=CARTESIAN_POINT('Ctrl Pts',(7.62,0.330535679038479,10.4249170735749));
#2511=CARTESIAN_POINT('Ctrl Pts',(7.62,0.33453872379703,10.4249582431876));
#2512=CARTESIAN_POINT('Ctrl Pts',(7.62,0.338448268549548,10.4249789831706));
#2513=CARTESIAN_POINT('Ctrl Pts',(7.62,0.341836645603655,10.4249969583792));
#2514=CARTESIAN_POINT('Ctrl Pts',(7.62,0.345154542093161,10.424999613989));
#2515=CARTESIAN_POINT('Ctrl Pts',(7.62,0.348455026818258,10.4249999484625));
#2516=CARTESIAN_POINT('Ctrl Pts',(7.62,0.348962675760613,10.424999999908));
#2517=CARTESIAN_POINT('Ctrl Pts',(7.62,0.349470013441668,10.425));
#2518=CARTESIAN_POINT('Ctrl Pts',(7.62,0.349977348289667,10.425));
#2519=CARTESIAN_POINT('Origin',(7.42,0.349977348289667,10.425));
#2520=CARTESIAN_POINT('Ctrl Pts',(7.54048235359151,0.0792444998948543,10.5256564560694));
#2521=CARTESIAN_POINT('Ctrl Pts',(7.55653323473349,0.0827652232657711,10.5160283961444));
#2522=CARTESIAN_POINT('Ctrl Pts',(7.58245999515352,0.090426366334373,10.4941453937108));
#2523=CARTESIAN_POINT('Ctrl Pts',(7.61200411946357,0.105155445377113,10.4384671716886));
#2524=CARTESIAN_POINT('Ctrl Pts',(7.62,0.123881637885995,10.3921160941983));
#2525=CARTESIAN_POINT('Ctrl Pts',(7.62,0.133618766391671,10.3710831931746));
#2526=CARTESIAN_POINT('Ctrl Pts',(7.54985040294234,0.0698626148148445,10.5112547565615));
#2527=CARTESIAN_POINT('Ctrl Pts',(7.56404511046776,0.0733265481848249,10.5015298245679));
#2528=CARTESIAN_POINT('Ctrl Pts',(7.5869649790166,0.0803927988973544,10.4794996891301));
#2529=CARTESIAN_POINT('Ctrl Pts',(7.61315683727405,0.0927721123884233,10.4235682059988));
#2530=CARTESIAN_POINT('Ctrl Pts',(7.62,0.109304419209884,10.3799591346076));
#2531=CARTESIAN_POINT('Ctrl Pts',(7.62,0.117660606328988,10.3603447149025));
#2532=CARTESIAN_POINT('Ctrl Pts',(7.56699993117524,0.0528643067163304,10.4783697773483));
#2533=CARTESIAN_POINT('Ctrl Pts',(7.57779131648418,0.0558893788436012,10.4685522813962));
#2534=CARTESIAN_POINT('Ctrl Pts',(7.59497876969816,0.0614068249602183,10.4463658872035));
#2535=CARTESIAN_POINT('Ctrl Pts',(7.61532008471134,0.0701192557026135,10.3900485096663));
#2536=CARTESIAN_POINT('Ctrl Pts',(7.62,0.0831548602240245,10.3527922654148));
#2537=CARTESIAN_POINT('Ctrl Pts',(7.62,0.0893653301440789,10.3359204508235));
#2538=CARTESIAN_POINT('Ctrl Pts',(7.58846491845021,0.0316442094785079,10.4104932799947));
#2539=CARTESIAN_POINT('Ctrl Pts',(7.59466197573911,0.0337234478484304,10.4004733672552));
#2540=CARTESIAN_POINT('Ctrl Pts',(7.60525719640684,0.0372200814909345,10.3766351669054));
#2541=CARTESIAN_POINT('Ctrl Pts',(7.61836350198256,0.04599730145468,10.3277426326881));
#2542=CARTESIAN_POINT('Ctrl Pts',(7.62,0.0569143769793912,10.304815987929));
#2543=CARTESIAN_POINT('Ctrl Pts',(7.62,0.0619814135722281,10.2930683706424));
#2544=CARTESIAN_POINT('Ctrl Pts',(7.60480911395105,0.015138541785896,10.3046939765039));
#2545=CARTESIAN_POINT('Ctrl Pts',(7.60780341826812,0.0175377146359117,10.2980006428757));
#2546=CARTESIAN_POINT('Ctrl Pts',(7.6135591672882,0.0229707738372888,10.2828520859742));
#2547=CARTESIAN_POINT('Ctrl Pts',(7.6189835995097,0.0356195164201286,10.2635653164717));
#2548=CARTESIAN_POINT('Ctrl Pts',(7.62,0.0452919239424488,10.25281941874));
#2549=CARTESIAN_POINT('Ctrl Pts',(7.62,0.0502191160911926,10.2469507662502));
#2550=CARTESIAN_POINT('Ctrl Pts',(7.60535533905933,0.0146446609406729,10.2349502822611));
#2551=CARTESIAN_POINT('Ctrl Pts',(7.60831211879248,0.0176014406738223,10.2330098583416));
#2552=CARTESIAN_POINT('Ctrl Pts',(7.61356951557784,0.0243479973929188,10.2287676077191));
#2553=CARTESIAN_POINT('Ctrl Pts',(7.61875530764168,0.0364904737763087,10.2219139732753));
#2554=CARTESIAN_POINT('Ctrl Pts',(7.62,0.0454548717395982,10.2176889840936));
#2555=CARTESIAN_POINT('Ctrl Pts',(7.62,0.05,10.2156463303617));
#2556=CARTESIAN_POINT('Ctrl Pts',(7.60535533905933,0.0146446609406729,10.2000226517103));
#2557=CARTESIAN_POINT('Ctrl Pts',(7.60844067443305,0.017729996314394,10.2000226517103));
#2558=CARTESIAN_POINT('Ctrl Pts',(7.61379870091675,0.024712733172019,10.2000226517103));
#2559=CARTESIAN_POINT('Ctrl Pts',(7.61885115627713,0.0369104394263442,10.2000226517103));
#2560=CARTESIAN_POINT('Ctrl Pts',(7.62,0.0456366768700143,10.2000226517103));
#2561=CARTESIAN_POINT('Ctrl Pts',(7.62,0.05,10.2000226517103));
#2562=CARTESIAN_POINT('',(7.60535533905933,0.0146446609406729,10.2000226517103));
#2563=CARTESIAN_POINT('Ctrl Pts',(7.54048235359151,0.0792444998948543,10.5256564560694));
#2564=CARTESIAN_POINT('Ctrl Pts',(7.54985040294234,0.0698626148148445,10.5112547565615));
#2565=CARTESIAN_POINT('Ctrl Pts',(7.56699993117524,0.0528643067163304,10.4783697773483));
#2566=CARTESIAN_POINT('Ctrl Pts',(7.5884649184502,0.0316442094785079,10.4104932799947));
#2567=CARTESIAN_POINT('Ctrl Pts',(7.60480911395105,0.015138541785896,10.3046939765039));
#2568=CARTESIAN_POINT('Ctrl Pts',(7.60535533905933,0.0146446609406728,10.2349502822611));
#2569=CARTESIAN_POINT('Ctrl Pts',(7.60535533905933,0.0146446609406728,10.2000226517103));
#2570=CARTESIAN_POINT('',(7.62,0.05,10.2000226517103));
#2571=CARTESIAN_POINT('Origin',(7.57,0.05,10.2000226517103));
#2572=CARTESIAN_POINT('Ctrl Pts',(7.62,0.05,10.2000226517103));
#2573=CARTESIAN_POINT('Ctrl Pts',(7.62,0.05,10.2069450929101));
#2574=CARTESIAN_POINT('Ctrl Pts',(7.62,0.0500042736234864,10.2138686583119));
#2575=CARTESIAN_POINT('Ctrl Pts',(7.62,0.0502005304726882,10.2207868217082));
#2576=CARTESIAN_POINT('Ctrl Pts',(7.62,0.0504049640772778,10.2279932202924));
#2577=CARTESIAN_POINT('Ctrl Pts',(7.62,0.0508176959916952,10.235193660606));
#2578=CARTESIAN_POINT('Ctrl Pts',(7.62,0.0515952654144069,10.2423669360481));
#2579=CARTESIAN_POINT('Ctrl Pts',(7.62,0.0523961405825936,10.2497552129122));
#2580=CARTESIAN_POINT('Ctrl Pts',(7.62,0.0535838681524667,10.2571145091708));
#2581=CARTESIAN_POINT('Ctrl Pts',(7.62,0.0552733514073399,10.2644093322957));
#2582=CARTESIAN_POINT('Ctrl Pts',(7.62,0.0570216344429529,10.2719580401507));
#2583=CARTESIAN_POINT('Ctrl Pts',(7.62,0.0593069847725823,10.2794375035115));
#2584=CARTESIAN_POINT('Ctrl Pts',(7.62,0.0622005631230864,10.28679823958));
#2585=CARTESIAN_POINT('Ctrl Pts',(7.62,0.0653301225432515,10.2947592684903));
#2586=CARTESIAN_POINT('Ctrl Pts',(7.62,0.0691712199009501,10.3025811524918));
#2587=CARTESIAN_POINT('Ctrl Pts',(7.62,0.0737499804711553,10.3101932211351));
#2588=CARTESIAN_POINT('Ctrl Pts',(7.62,0.0783021498766242,10.3177610826687));
#2589=CARTESIAN_POINT('Ctrl Pts',(7.62,0.0835826933993399,10.3251211579575));
#2590=CARTESIAN_POINT('Ctrl Pts',(7.62,0.0895637856616882,10.3322016399756));
#2591=CARTESIAN_POINT('Ctrl Pts',(7.62,0.0959993578218759,10.3398201402357));
#2592=CARTESIAN_POINT('Ctrl Pts',(7.62,0.103246385733873,10.347114435196));
#2593=CARTESIAN_POINT('Ctrl Pts',(7.62,0.111203569015537,10.3539994287179));
#2594=CARTESIAN_POINT('Ctrl Pts',(7.62,0.11816647663349,10.3600241201377));
#2595=CARTESIAN_POINT('Ctrl Pts',(7.62,0.125671346931806,10.3657352588981));
#2596=CARTESIAN_POINT('Ctrl Pts',(7.62,0.133618766391671,10.3710831931746));
#2597=CARTESIAN_POINT('Ctrl Pts',(7.54048235359151,0.0792444998948543,10.5256564560694));
#2598=CARTESIAN_POINT('Ctrl Pts',(7.54985040294234,0.0698626148148445,10.5112547565615));
#2599=CARTESIAN_POINT('Ctrl Pts',(7.56699993117524,0.0528643067163304,10.4783697773483));
#2600=CARTESIAN_POINT('Ctrl Pts',(7.5884649184502,0.0316442094785079,10.4104932799947));
#2601=CARTESIAN_POINT('Ctrl Pts',(7.60480911395105,0.015138541785896,10.3046939765039));
#2602=CARTESIAN_POINT('Ctrl Pts',(7.60535533905933,0.0146446609406728,10.2349502822611));
#2603=CARTESIAN_POINT('Ctrl Pts',(7.60535533905933,0.0146446609406728,10.2000226517103));
#2604=CARTESIAN_POINT('Ctrl Pts',(7.5369222049173,0.0632145964172577,10.5160822499839));
#2605=CARTESIAN_POINT('Ctrl Pts',(7.54634694465051,0.0557482899463104,10.5015977725943));
#2606=CARTESIAN_POINT('Ctrl Pts',(7.56396372194947,0.0422382748602276,10.468591425756));
#2607=CARTESIAN_POINT('Ctrl Pts',(7.58639766620934,0.0253753571750554,10.4003119481608));
#2608=CARTESIAN_POINT('Ctrl Pts',(7.60240509168115,0.0121815483992439,10.2981330610023));
#2609=CARTESIAN_POINT('Ctrl Pts',(7.60239855932618,0.0116878812075234,10.2330098583416));
#2610=CARTESIAN_POINT('Ctrl Pts',(7.60227000368561,0.0115593255669517,10.2000226517103));
#2611=CARTESIAN_POINT('Ctrl Pts',(7.52918115590945,0.0375465867602968,10.4943415557006));
#2612=CARTESIAN_POINT('Ctrl Pts',(7.53919718208546,0.0330926005048167,10.4796565478184));
#2613=CARTESIAN_POINT('Ctrl Pts',(7.55842177861241,0.02512047383939,10.446236206176));
#2614=CARTESIAN_POINT('Ctrl Pts',(7.58292682293145,0.0146617618396187,10.3762419361617));
#2615=CARTESIAN_POINT('Ctrl Pts',(7.59696337435284,0.00647271180486516,
10.2832111209649));
#2616=CARTESIAN_POINT('Ctrl Pts',(7.59565200260708,0.00643048442216118,
10.2287676077191));
#2617=CARTESIAN_POINT('Ctrl Pts',(7.59528726682798,0.00620129908325025,
10.2000226517103));
#2618=CARTESIAN_POINT('Ctrl Pts',(7.51411759012237,0.00800655410731894,
10.4385422054287));
#2619=CARTESIAN_POINT('Ctrl Pts',(7.52648912205864,0.00683692572932893,
10.4235216788871));
#2620=CARTESIAN_POINT('Ctrl Pts',(7.54972022072844,0.00464260342283417,
10.3894508409666));
#2621=CARTESIAN_POINT('Ctrl Pts',(7.57416387501252,0.00165611312392276,
10.3276107363675));
#2622=CARTESIAN_POINT('Ctrl Pts',(7.58432011306399,0.00101044504211811,
10.2637801200343));
#2623=CARTESIAN_POINT('Ctrl Pts',(7.58350952622369,0.00124469235831622,
10.2219139732753));
#2624=CARTESIAN_POINT('Ctrl Pts',(7.58308956057366,0.00114884372286553,
10.2000226517103));
#2625=CARTESIAN_POINT('Ctrl Pts',(7.49529892257309,0.,10.3922118324421));
#2626=CARTESIAN_POINT('Ctrl Pts',(7.50987972545197,0.,10.3799218633585));
#2627=CARTESIAN_POINT('Ctrl Pts',(7.53681011488299,-2.48398577833525E-21,
10.352135914966));
#2628=CARTESIAN_POINT('Ctrl Pts',(7.56316843125091,8.69395022417337E-21,
10.3048282581762));
#2629=CARTESIAN_POINT('Ctrl Pts',(7.57468437774738,-3.22918151183582E-20,
10.2528988921238));
#2630=CARTESIAN_POINT('Ctrl Pts',(7.5745451282604,6.95516017933869E-20,
10.2176889840936));
#2631=CARTESIAN_POINT('Ctrl Pts',(7.57436332312999,0.,10.2000226517103));
#2632=CARTESIAN_POINT('Ctrl Pts',(7.48556179406742,0.,10.3711789314184));
#2633=CARTESIAN_POINT('Ctrl Pts',(7.50152374916833,0.,10.3602996195656));
#2634=CARTESIAN_POINT('Ctrl Pts',(7.53067069908554,0.,10.3352232784609));
#2635=CARTESIAN_POINT('Ctrl Pts',(7.55805189853693,0.,10.2931756302966));
#2636=CARTESIAN_POINT('Ctrl Pts',(7.56977772062757,0.,10.2469494619274));
#2637=CARTESIAN_POINT('Ctrl Pts',(7.57,0.,10.2156463303617));
#2638=CARTESIAN_POINT('Ctrl Pts',(7.57,0.,10.2000226517103));
#2639=CARTESIAN_POINT('',(7.48556179406742,-1.77975291330544E-34,10.3711789314184));
#2640=CARTESIAN_POINT('Ctrl Pts',(7.54048235359151,0.0792444998948543,10.5256564560694));
#2641=CARTESIAN_POINT('Ctrl Pts',(7.5369222049173,0.0632145964172577,10.5160822499839));
#2642=CARTESIAN_POINT('Ctrl Pts',(7.52918115590945,0.0375465867602968,10.4943415557006));
#2643=CARTESIAN_POINT('Ctrl Pts',(7.51411759012237,0.00800655410731894,
10.4385422054287));
#2644=CARTESIAN_POINT('Ctrl Pts',(7.49529892257309,0.,10.3922118324421));
#2645=CARTESIAN_POINT('Ctrl Pts',(7.48556179406742,0.,10.3711789314184));
#2646=CARTESIAN_POINT('',(7.57,0.,10.2000226517103));
#2647=CARTESIAN_POINT('Ctrl Pts',(7.48556179406742,0.,10.3711789314184));
#2648=CARTESIAN_POINT('Ctrl Pts',(7.49677316698632,0.,10.363537510207));
#2649=CARTESIAN_POINT('Ctrl Pts',(7.50727687183051,0.,10.3551044250067));
#2650=CARTESIAN_POINT('Ctrl Pts',(7.51665689215329,0.,10.3461415720048));
#2651=CARTESIAN_POINT('Ctrl Pts',(7.52243166415024,0.,10.3406236274005));
#2652=CARTESIAN_POINT('Ctrl Pts',(7.5277782864144,0.,10.3349069150971));
#2653=CARTESIAN_POINT('Ctrl Pts',(7.5326197412371,0.,10.329049527118));
#2654=CARTESIAN_POINT('Ctrl Pts',(7.53696056399112,0.,10.3237978240762));
#2655=CARTESIAN_POINT('Ctrl Pts',(7.54089461378917,0.,10.3184334779915));
#2656=CARTESIAN_POINT('Ctrl Pts',(7.54439958790355,0.,10.3129845127112));
#2657=CARTESIAN_POINT('Ctrl Pts',(7.54780144578745,0.,10.3076958558216));
#2658=CARTESIAN_POINT('Ctrl Pts',(7.55079832178569,0.,10.302327924429));
#2659=CARTESIAN_POINT('Ctrl Pts',(7.55341352943703,0.,10.2968862323677));
#2660=CARTESIAN_POINT('Ctrl Pts',(7.556272838594,0.,10.2909366168822));
#2661=CARTESIAN_POINT('Ctrl Pts',(7.55868225512827,0.,10.2848991966016));
#2662=CARTESIAN_POINT('Ctrl Pts',(7.56071712303091,0.,10.2787461734744));
#2663=CARTESIAN_POINT('Ctrl Pts',(7.5624258033955,0.,10.2735794745518));
#2664=CARTESIAN_POINT('Ctrl Pts',(7.56386742497997,0.,10.2683269453343));
#2665=CARTESIAN_POINT('Ctrl Pts',(7.56505662175163,0.,10.262987876464));
#2666=CARTESIAN_POINT('Ctrl Pts',(7.56604310171306,0.,10.2585589336861));
#2667=CARTESIAN_POINT('Ctrl Pts',(7.56685456397657,0.,10.2540697127669));
#2668=CARTESIAN_POINT('Ctrl Pts',(7.56750508695614,0.,10.2495570099954));
#2669=CARTESIAN_POINT('Ctrl Pts',(7.56810617903765,0.,10.245387211253));
#2670=CARTESIAN_POINT('Ctrl Pts',(7.56857001453943,0.,10.2412038305141));
#2671=CARTESIAN_POINT('Ctrl Pts',(7.56892189659143,0.,10.2370505966601));
#2672=CARTESIAN_POINT('Ctrl Pts',(7.56931947429535,0.,10.232358020923));
#2673=CARTESIAN_POINT('Ctrl Pts',(7.56957423561675,0.,10.2277020628283));
#2674=CARTESIAN_POINT('Ctrl Pts',(7.56973382799484,0.,10.2230602473997));
#2675=CARTESIAN_POINT('Ctrl Pts',(7.56988390085795,0.,10.2186953113061));
#2676=CARTESIAN_POINT('Ctrl Pts',(7.56995007679483,0.,10.214337890713));
#2677=CARTESIAN_POINT('Ctrl Pts',(7.56997848561837,0.,10.2099609867385));
#2678=CARTESIAN_POINT('Ctrl Pts',(7.56999993170824,0.,10.2066568204874));
#2679=CARTESIAN_POINT('Ctrl Pts',(7.57,0.,10.2033409608963));
#2680=CARTESIAN_POINT('Ctrl Pts',(7.57,0.,10.2000226517103));
#2681=CARTESIAN_POINT('Origin',(7.57,0.05,10.2000226517103));
#2682=CARTESIAN_POINT('Ctrl Pts',(7.54048235359151,0.0792444998948543,10.5256564560694));
#2683=CARTESIAN_POINT('Ctrl Pts',(7.5369222049173,0.0632145964172577,10.5160822499839));
#2684=CARTESIAN_POINT('Ctrl Pts',(7.52918115590945,0.0375465867602968,10.4943415557006));
#2685=CARTESIAN_POINT('Ctrl Pts',(7.51411759012237,0.00800655410731894,
10.4385422054287));
#2686=CARTESIAN_POINT('Ctrl Pts',(7.49529892257309,0.,10.3922118324421));
#2687=CARTESIAN_POINT('Ctrl Pts',(7.48556179406742,0.,10.3711789314184));
#2688=CARTESIAN_POINT('Ctrl Pts',(7.52443147244952,0.0757237765239374,10.5352845159944));
#2689=CARTESIAN_POINT('Ctrl Pts',(7.52097484167765,0.0610380048705923,10.5256878696939));
#2690=CARTESIAN_POINT('Ctrl Pts',(7.51296833573646,0.0364830016640581,10.5041422216785));
#2691=CARTESIAN_POINT('Ctrl Pts',(7.49481262847317,0.00742667933653241,
10.4499476919638));
#2692=CARTESIAN_POINT('Ctrl Pts',(7.47477594890062,0.,10.4062614688842));
#2693=CARTESIAN_POINT('Ctrl Pts',(7.4642791872662,0.,10.3856846805554));
#2694=CARTESIAN_POINT('Ctrl Pts',(7.48877282243863,0.069438447906294,10.5507558647904));
#2695=CARTESIAN_POINT('Ctrl Pts',(7.48510783085293,0.0564679409281088,10.5412878419161));
#2696=CARTESIAN_POINT('Ctrl Pts',(7.47542413437614,0.0332715849535148,10.5197590821144));
#2697=CARTESIAN_POINT('Ctrl Pts',(7.44930299762336,0.00576112475987017,
10.4673072686944));
#2698=CARTESIAN_POINT('Ctrl Pts',(7.4288152616057,8.67361737988404E-18,
10.4285087975155));
#2699=CARTESIAN_POINT('Ctrl Pts',(7.4176148231936,0.,10.4083874543766));
#2700=CARTESIAN_POINT('Ctrl Pts',(7.38655327355547,0.0605006231093961,10.5662854860317));
#2701=CARTESIAN_POINT('Ctrl Pts',(7.3820976229314,0.048582288619366,10.5557370934305));
#2702=CARTESIAN_POINT('Ctrl Pts',(7.37045420009277,0.0271749082647313,10.5307754251273));
#2703=CARTESIAN_POINT('Ctrl Pts',(7.35395351235535,0.00561638668776201,
10.4813939891758));
#2704=CARTESIAN_POINT('Ctrl Pts',(7.34257091534318,0.,10.4443106615553));
#2705=CARTESIAN_POINT('Ctrl Pts',(7.33560372992504,0.,10.4243049897623));
#2706=CARTESIAN_POINT('Ctrl Pts',(7.30567805297809,0.0585786437626897,10.5664213562373));
#2707=CARTESIAN_POINT('Ctrl Pts',(7.3048916484405,0.0469229323508546,10.5547656448255));
#2708=CARTESIAN_POINT('Ctrl Pts',(7.30278138500091,0.0260275181405251,10.5280943248005));
#2709=CARTESIAN_POINT('Ctrl Pts',(7.29776774154795,0.00510656761386575,
10.4795980590948));
#2710=CARTESIAN_POINT('Ctrl Pts',(7.29314957384506,0.,10.4434229198822));
#2711=CARTESIAN_POINT('Ctrl Pts',(7.29085422324549,0.,10.425));
#2712=CARTESIAN_POINT('Ctrl Pts',(7.27002265171033,0.0585786437626897,10.5664213562373));
#2713=CARTESIAN_POINT('Ctrl Pts',(7.27002265171033,0.0462373022678055,10.5540800147424));
#2714=CARTESIAN_POINT('Ctrl Pts',(7.27002265171033,0.0248051963330003,10.5261490673119));
#2715=CARTESIAN_POINT('Ctrl Pts',(7.27002265171033,0.00459537489146206,
10.4773582422946));
#2716=CARTESIAN_POINT('Ctrl Pts',(7.27002265171033,0.,10.4424532925199));
#2717=CARTESIAN_POINT('Ctrl Pts',(7.27002265171033,0.,10.425));
#2718=CARTESIAN_POINT('',(7.27002265171033,0.0585786437626897,10.5664213562373));
#2719=CARTESIAN_POINT('Ctrl Pts',(7.54048235359151,0.0792444998948543,10.5256564560694));
#2720=CARTESIAN_POINT('Ctrl Pts',(7.52443147244952,0.0757237765239374,10.5352845159944));
#2721=CARTESIAN_POINT('Ctrl Pts',(7.48877282243863,0.069438447906294,10.5507558647904));
#2722=CARTESIAN_POINT('Ctrl Pts',(7.38655327355547,0.0605006231093961,10.5662854860317));
#2723=CARTESIAN_POINT('Ctrl Pts',(7.30567805297809,0.0585786437626897,10.5664213562373));
#2724=CARTESIAN_POINT('Ctrl Pts',(7.27002265171033,0.0585786437626897,10.5664213562373));
#2725=CARTESIAN_POINT('',(7.27002265171033,0.,10.425));
#2726=CARTESIAN_POINT('Origin',(7.27002265171033,0.2,10.425));
#2727=CARTESIAN_POINT('Ctrl Pts',(7.27002265171033,0.,10.425));
#2728=CARTESIAN_POINT('Ctrl Pts',(7.27481175594678,0.,10.425));
#2729=CARTESIAN_POINT('Ctrl Pts',(7.27960543959554,0.,10.424999003647));
#2730=CARTESIAN_POINT('Ctrl Pts',(7.28449817013895,0.,10.4249524128772));
#2731=CARTESIAN_POINT('Ctrl Pts',(7.28963637345196,0.,10.4249034846058));
#2732=CARTESIAN_POINT('Ctrl Pts',(7.29488350328009,0.,10.4248043096631));
#2733=CARTESIAN_POINT('Ctrl Pts',(7.30029083822861,0.,10.4246161366731));
#2734=CARTESIAN_POINT('Ctrl Pts',(7.30605776142163,0.,10.4244154501628));
#2735=CARTESIAN_POINT('Ctrl Pts',(7.31200647805875,0.,10.4241135819767));
#2736=CARTESIAN_POINT('Ctrl Pts',(7.31814022163894,0.,10.4236772394875));
#2737=CARTESIAN_POINT('Ctrl Pts',(7.32491226731064,0.,10.4231954894392));
#2738=CARTESIAN_POINT('Ctrl Pts',(7.33190919664618,0.,10.4225498717246));
#2739=CARTESIAN_POINT('Ctrl Pts',(7.3390737815185,0.,10.4217111494411));
#2740=CARTESIAN_POINT('Ctrl Pts',(7.3482340768096,0.,10.4206387992743));
#2741=CARTESIAN_POINT('Ctrl Pts',(7.3576669205154,0.,10.4192506616814));
#2742=CARTESIAN_POINT('Ctrl Pts',(7.36716955725622,0.,10.4175116675417));
#2743=CARTESIAN_POINT('Ctrl Pts',(7.37675384342058,0.,10.4157577314577));
#2744=CARTESIAN_POINT('Ctrl Pts',(7.38640252481414,0.,10.4136480666621));
#2745=CARTESIAN_POINT('Ctrl Pts',(7.39590430741525,0.,10.4111599058541));
#2746=CARTESIAN_POINT('Ctrl Pts',(7.40332077344645,0.,10.4092178113138));
#2747=CARTESIAN_POINT('Ctrl Pts',(7.41064665717804,0.,10.4070455733702));
#2748=CARTESIAN_POINT('Ctrl Pts',(7.4178196830889,0.,10.4046307819317));
#2749=CARTESIAN_POINT('Ctrl Pts',(7.42463724239032,0.,10.4023356579439));
#2750=CARTESIAN_POINT('Ctrl Pts',(7.43131562237835,0.,10.3998216509815));
#2751=CARTESIAN_POINT('Ctrl Pts',(7.43785525930048,0.,10.3970722621461));
#2752=CARTESIAN_POINT('Ctrl Pts',(7.44474629510487,0.,10.3941751384784));
#2753=CARTESIAN_POINT('Ctrl Pts',(7.45149262956702,0.,10.3910136916829));
#2754=CARTESIAN_POINT('Ctrl Pts',(7.45809442662995,0.,10.3875835313702));
#2755=CARTESIAN_POINT('Ctrl Pts',(7.46551655417622,0.,10.3837271439195));
#2756=CARTESIAN_POINT('Ctrl Pts',(7.47275547291595,0.,10.3795312935184));
#2757=CARTESIAN_POINT('Ctrl Pts',(7.47975459295663,0.,10.3750258488592));
#2758=CARTESIAN_POINT('Ctrl Pts',(7.48170990866815,0.,10.3737671811012));
#2759=CARTESIAN_POINT('Ctrl Pts',(7.48364623603322,0.,10.3724845329624));
#2760=CARTESIAN_POINT('Ctrl Pts',(7.48556179406742,0.,10.3711789314184));
#2761=CARTESIAN_POINT('Ctrl Pts',(7.54048235359151,0.0792444998948543,10.5256564560694));
#2762=CARTESIAN_POINT('Ctrl Pts',(7.52443147244952,0.0757237765239374,10.5352845159944));
#2763=CARTESIAN_POINT('Ctrl Pts',(7.48877282243863,0.069438447906294,10.5507558647904));
#2764=CARTESIAN_POINT('Ctrl Pts',(7.38655327355547,0.0605006231093961,10.5662854860317));
#2765=CARTESIAN_POINT('Ctrl Pts',(7.30567805297809,0.0585786437626897,10.5664213562373));
#2766=CARTESIAN_POINT('Ctrl Pts',(7.27002265171033,0.0585786437626897,10.5664213562373));
#2767=CARTESIAN_POINT('Ctrl Pts',(7.52799162112373,0.091753680001534,10.5448587220799));
#2768=CARTESIAN_POINT('Ctrl Pts',(7.51158003542705,0.087491425019312,10.5522220395479));
#2769=CARTESIAN_POINT('Ctrl Pts',(7.47546978390087,0.0804250679491008,10.5641806120868));
#2770=CARTESIAN_POINT('Ctrl Pts',(7.3750349556824,0.0717714968290253,10.5773665472255));
#2771=CARTESIAN_POINT('Ctrl Pts',(7.30250274626369,0.0702343551745247,10.5780770676491));
#2772=CARTESIAN_POINT('Ctrl Pts',(7.27002265171033,0.0709199852575739,10.5787626977322));
#2773=CARTESIAN_POINT('Ctrl Pts',(7.50133226766018,0.118749385010997,10.5760741933093));
#2774=CARTESIAN_POINT('Ctrl Pts',(7.48450510947566,0.113548781235863,10.5803872763457));
#2775=CARTESIAN_POINT('Ctrl Pts',(7.44648362061593,0.105894928994083,10.5879198012129));
#2776=CARTESIAN_POINT('Ctrl Pts',(7.35117132308679,0.0981920877896191,10.5978197430387));
#2777=CARTESIAN_POINT('Ctrl Pts',(7.29634866884397,0.096905675199539,10.5989724818595));
#2778=CARTESIAN_POINT('Ctrl Pts',(7.27002265171033,0.0988509326880736,10.600194803667));
#2779=CARTESIAN_POINT('Ctrl Pts',(7.43621695482218,0.183799623825965,10.6133865891983));
#2780=CARTESIAN_POINT('Ctrl Pts',(7.41997211039086,0.176334114098539,10.6148562824951));
#2781=CARTESIAN_POINT('Ctrl Pts',(7.38341125709888,0.16400252166283,10.6178748996628));
#2782=CARTESIAN_POINT('Ctrl Pts',(7.32219211769161,0.147258655405927,10.6196923527278));
#2783=CARTESIAN_POINT('Ctrl Pts',(7.28850333051095,0.145401940905184,10.6198934323861));
#2784=CARTESIAN_POINT('Ctrl Pts',(7.27002265171033,0.147641757705374,10.6204046251085));
#2785=CARTESIAN_POINT('Ctrl Pts',(7.39392229211204,0.22607770788796,10.625));
#2786=CARTESIAN_POINT('Ctrl Pts',(7.38232474755966,0.216463456713553,10.625));
#2787=CARTESIAN_POINT('Ctrl Pts',(7.35712841915872,0.199642832972167,10.625));
#2788=CARTESIAN_POINT('Ctrl Pts',(7.31431497831729,0.183679996586702,10.625));
#2789=CARTESIAN_POINT('Ctrl Pts',(7.28487344041124,0.181577080117836,10.625));
#2790=CARTESIAN_POINT('Ctrl Pts',(7.27002265171033,0.182546707480055,10.625));
#2791=CARTESIAN_POINT('Ctrl Pts',(7.37607265171033,0.243927348289665,10.625));
#2792=CARTESIAN_POINT('Ctrl Pts',(7.36681804335163,0.234672739930965,10.625));
#2793=CARTESIAN_POINT('Ctrl Pts',(7.34587299619741,0.218601087849138,10.625));
#2794=CARTESIAN_POINT('Ctrl Pts',(7.30928540341261,0.20344601070309,10.625));
#2795=CARTESIAN_POINT('Ctrl Pts',(7.28311064436566,0.199999999999998,10.625));
#2796=CARTESIAN_POINT('Ctrl Pts',(7.27002265171033,0.199999999999998,10.625));
#2797=CARTESIAN_POINT('',(7.37607265171033,0.243927348289665,10.625));
#2798=CARTESIAN_POINT('Ctrl Pts',(7.54048235342426,0.079244499858169,10.5256564561697));
#2799=CARTESIAN_POINT('Ctrl Pts',(7.52799162095273,0.0917536799571221,10.5448587221566));
#2800=CARTESIAN_POINT('Ctrl Pts',(7.50133226748484,0.118749384956808,10.5760741933543));
#2801=CARTESIAN_POINT('Ctrl Pts',(7.43621695465291,0.183799623748175,10.6133865892136));
#2802=CARTESIAN_POINT('Ctrl Pts',(7.39392229199119,0.226077707787782,10.625));
#2803=CARTESIAN_POINT('Ctrl Pts',(7.3760726516139,0.243927348193234,10.625));
#2804=CARTESIAN_POINT('',(7.27002265171033,0.2,10.625));
#2805=CARTESIAN_POINT('Origin',(7.27002265171033,0.349977348289667,10.625));
#2806=CARTESIAN_POINT('Origin',(7.27002265171033,0.2,10.425));
#2807=CARTESIAN_POINT('Ctrl Pts',(-7.54075550010515,0.0795176464084927,
10.5256564560694));
#2808=CARTESIAN_POINT('Ctrl Pts',(-7.52873307249695,0.0768475349028344,
10.5328371106335));
#2809=CARTESIAN_POINT('Ctrl Pts',(-7.50107798504315,0.0718698340390365,
10.5452220440705));
#2810=CARTESIAN_POINT('Ctrl Pts',(-7.44303484052236,0.0651861611086598,
10.558944795908));
#2811=CARTESIAN_POINT('Ctrl Pts',(-7.35279691804123,0.059372984361159,10.56712916072));
#2812=CARTESIAN_POINT('Ctrl Pts',(-7.29676420266115,0.0585786437626906,
10.5664213562373));
#2813=CARTESIAN_POINT('Ctrl Pts',(-7.27002265171034,0.0585786437626906,
10.5664213562373));
#2814=CARTESIAN_POINT('Ctrl Pts',(-7.53723477673423,0.0634667652665077,
10.5160283961444));
#2815=CARTESIAN_POINT('Ctrl Pts',(-7.52529039619388,0.0618085169905511,
10.5231952124272));
#2816=CARTESIAN_POINT('Ctrl Pts',(-7.49762657683635,0.058332083994877,10.5356386006999));
#2817=CARTESIAN_POINT('Ctrl Pts',(-7.43860340843977,0.0527047371580381,
10.5490939224649));
#2818=CARTESIAN_POINT('Ctrl Pts',(-7.35006498000998,0.0476900651086263,
10.556108791992));
#2819=CARTESIAN_POINT('Ctrl Pts',(-7.29617439925797,0.0467515248300931,
10.5545942373047));
#2820=CARTESIAN_POINT('Ctrl Pts',(-7.27002265171034,0.0462373022678063,
10.5540800147424));
#2821=CARTESIAN_POINT('Ctrl Pts',(-7.52957363366564,0.0375400048464833,
10.4941453937108));
#2822=CARTESIAN_POINT('Ctrl Pts',(-7.51743440814764,0.0367628090160666,
10.5014657281967));
#2823=CARTESIAN_POINT('Ctrl Pts',(-7.48903472071999,0.0346742127215746,
10.5140093963155));
#2824=CARTESIAN_POINT('Ctrl Pts',(-7.42672060332076,0.0300392388745987,
10.5261212545132));
#2825=CARTESIAN_POINT('Ctrl Pts',(-7.34292633539388,0.0268296397873737,
10.5303653874229));
#2826=CARTESIAN_POINT('Ctrl Pts',(-7.29459170167828,0.0257219376886443,
10.5276080104283));
#2827=CARTESIAN_POINT('Ctrl Pts',(-7.27002265171034,0.0248051963330006,
10.5261490673119));
#2828=CARTESIAN_POINT('Ctrl Pts',(-7.51484455462289,0.00799588053642555,
10.4384671716886));
#2829=CARTESIAN_POINT('Ctrl Pts',(-7.50038339539605,0.00755597478511758,
10.4469036862032));
#2830=CARTESIAN_POINT('Ctrl Pts',(-7.46678873129944,0.00645677228164434,
10.4611543016536));
#2831=CARTESIAN_POINT('Ctrl Pts',(-7.40200107182255,0.00541710689692734,
10.4751919829194));
#2832=CARTESIAN_POINT('Ctrl Pts',(-7.333684005846,0.00564865261778835,10.4816255745299));
#2833=CARTESIAN_POINT('Ctrl Pts',(-7.29083146908855,0.00497876943326494,
10.4790381048948));
#2834=CARTESIAN_POINT('Ctrl Pts',(-7.27002265171033,0.00459537489146218,
10.4773582422946));
#2835=CARTESIAN_POINT('Ctrl Pts',(-7.49611836211401,0.,10.3921160941983));
#2836=CARTESIAN_POINT('Ctrl Pts',(-7.48072971606243,3.61400724161835E-19,
10.402520312037));
#2837=CARTESIAN_POINT('Ctrl Pts',(-7.44603444108457,-3.55983807442688E-18,
10.4205438501613));
#2838=CARTESIAN_POINT('Ctrl Pts',(-7.38590463107376,1.19173321742513E-17,
10.4377868191943));
#2839=CARTESIAN_POINT('Ctrl Pts',(-7.32475786890924,7.93221365672576E-18,
10.4444021334129));
#2840=CARTESIAN_POINT('Ctrl Pts',(-7.28736784331139,8.24108287100847E-18,
10.4431805130416));
#2841=CARTESIAN_POINT('Ctrl Pts',(-7.27002265171034,8.67361737988404E-18,
10.4424532925199));
#2842=CARTESIAN_POINT('Ctrl Pts',(-7.48638123360834,0.,10.3710831931746));
#2843=CARTESIAN_POINT('Ctrl Pts',(-7.47042307354566,0.,10.3818216714466));
#2844=CARTESIAN_POINT('Ctrl Pts',(-7.43498908159185,1.83421899465451E-34,
10.4003403611361));
#2845=CARTESIAN_POINT('Ctrl Pts',(-7.3765289752629,-6.41976648129079E-34,
10.417697947312));
#2846=CARTESIAN_POINT('Ctrl Pts',(-7.31964533175806,2.38448469305086E-33,
10.4248707462387));
#2847=CARTESIAN_POINT('Ctrl Pts',(-7.28564633036171,-5.13581318503263E-33,
10.425));
#2848=CARTESIAN_POINT('Ctrl Pts',(-7.27002265171034,0.,10.425));
#2849=CARTESIAN_POINT('',(-7.54075550010515,0.0795176464084927,10.5256564560694));
#2850=CARTESIAN_POINT('',(-7.27002265171034,0.0585786437626904,10.5664213562373));
#2851=CARTESIAN_POINT('Ctrl Pts',(-7.54075550010515,0.0795176464084927,
10.5256564560694));
#2852=CARTESIAN_POINT('Ctrl Pts',(-7.52873307249695,0.0768475349028344,
10.5328371106335));
#2853=CARTESIAN_POINT('Ctrl Pts',(-7.50107798504315,0.0718698340390365,
10.5452220440705));
#2854=CARTESIAN_POINT('Ctrl Pts',(-7.44303484052236,0.0651861611086598,
10.558944795908));
#2855=CARTESIAN_POINT('Ctrl Pts',(-7.35279691804123,0.059372984361159,10.56712916072));
#2856=CARTESIAN_POINT('Ctrl Pts',(-7.29676420266115,0.0585786437626906,
10.5664213562373));
#2857=CARTESIAN_POINT('Ctrl Pts',(-7.27002265171034,0.0585786437626906,
10.5664213562373));
#2858=CARTESIAN_POINT('',(-7.48638123360834,0.,10.3710831931746));
#2859=CARTESIAN_POINT('Ctrl Pts',(-7.54075550010515,0.0795176464084927,
10.5256564560694));
#2860=CARTESIAN_POINT('Ctrl Pts',(-7.53723477673423,0.0634667652665077,
10.5160283961444));
#2861=CARTESIAN_POINT('Ctrl Pts',(-7.52957363366564,0.0375400048464833,
10.4941453937108));
#2862=CARTESIAN_POINT('Ctrl Pts',(-7.51484455462289,0.00799588053642555,
10.4384671716886));
#2863=CARTESIAN_POINT('Ctrl Pts',(-7.49611836211401,0.,10.3921160941983));
#2864=CARTESIAN_POINT('Ctrl Pts',(-7.48638123360834,0.,10.3710831931746));
#2865=CARTESIAN_POINT('',(-7.27002265171034,0.,10.425));
#2866=CARTESIAN_POINT('Ctrl Pts',(-7.48638123360833,0.,10.3710831931746));
#2867=CARTESIAN_POINT('Ctrl Pts',(-7.47557381911913,0.,10.3783556597505));
#2868=CARTESIAN_POINT('Ctrl Pts',(-7.46394873099986,0.,10.3849541862029));
#2869=CARTESIAN_POINT('Ctrl Pts',(-7.45179926772996,0.,10.39078776285));
#2870=CARTESIAN_POINT('Ctrl Pts',(-7.44085696501604,0.,10.396041720178));
#2871=CARTESIAN_POINT('Ctrl Pts',(-7.42949205215868,0.,10.4006750415175));
#2872=CARTESIAN_POINT('Ctrl Pts',(-7.41791635315961,0.,10.4046596541918));
#2873=CARTESIAN_POINT('Ctrl Pts',(-7.40966640458952,0.,10.4074994697085));
#2874=CARTESIAN_POINT('Ctrl Pts',(-7.40130705869994,0.,10.4100105285697));
#2875=CARTESIAN_POINT('Ctrl Pts',(-7.39291200532484,0.,10.4121971284818));
#2876=CARTESIAN_POINT('Ctrl Pts',(-7.38305350394179,0.,10.4147649022998));
#2877=CARTESIAN_POINT('Ctrl Pts',(-7.37315144933304,0.,10.4168841038151));
#2878=CARTESIAN_POINT('Ctrl Pts',(-7.36340273276448,0.,10.4185883929935));
#2879=CARTESIAN_POINT('Ctrl Pts',(-7.35726047647009,0.,10.4196621939252));
#2880=CARTESIAN_POINT('Ctrl Pts',(-7.35118074087898,0.,10.4205718819709));
#2881=CARTESIAN_POINT('Ctrl Pts',(-7.34518329747312,0.,10.4213334044476));
#2882=CARTESIAN_POINT('Ctrl Pts',(-7.33844250307739,0.,10.4221893135569));
#2883=CARTESIAN_POINT('Ctrl Pts',(-7.33180390287618,0.,10.422857873637));
#2884=CARTESIAN_POINT('Ctrl Pts',(-7.32522655780839,0.,10.4233718931964));
#2885=CARTESIAN_POINT('Ctrl Pts',(-7.31953182810478,0.,10.4238169363594));
#2886=CARTESIAN_POINT('Ctrl Pts',(-7.31388292250961,0.,10.4241463017058));
#2887=CARTESIAN_POINT('Ctrl Pts',(-7.30834201010985,0.,10.4243856961672));
#2888=CARTESIAN_POINT('Ctrl Pts',(-7.30330850707099,0.,10.4246031680675));
#2889=CARTESIAN_POINT('Ctrl Pts',(-7.29836988018623,0.,10.4247463713141));
#2890=CARTESIAN_POINT('Ctrl Pts',(-7.29357349795849,0.,10.4248383086387));
#2891=CARTESIAN_POINT('Ctrl Pts',(-7.28946432096109,0.,10.4249170735749));
#2892=CARTESIAN_POINT('Ctrl Pts',(-7.28546127620263,0.,10.4249582431876));
#2893=CARTESIAN_POINT('Ctrl Pts',(-7.2815517314502,0.,10.4249789831706));
#2894=CARTESIAN_POINT('Ctrl Pts',(-7.27816335439613,0.,10.4249969583792));
#2895=CARTESIAN_POINT('Ctrl Pts',(-7.27484545790666,0.,10.424999613989));
#2896=CARTESIAN_POINT('Ctrl Pts',(-7.2715449731816,0.,10.4249999484625));
#2897=CARTESIAN_POINT('Ctrl Pts',(-7.27103732423929,0.,10.424999999908));
#2898=CARTESIAN_POINT('Ctrl Pts',(-7.27052998655828,0.,10.425));
#2899=CARTESIAN_POINT('Ctrl Pts',(-7.27002265171034,0.,10.425));
#2900=CARTESIAN_POINT('Origin',(-7.27002265171034,0.2,10.425));
#2901=CARTESIAN_POINT('Ctrl Pts',(-7.54075550010515,0.0795176464084927,
10.5256564560694));
#2902=CARTESIAN_POINT('Ctrl Pts',(-7.53723477673423,0.0634667652665077,
10.5160283961444));
#2903=CARTESIAN_POINT('Ctrl Pts',(-7.52957363366564,0.0375400048464833,
10.4941453937108));
#2904=CARTESIAN_POINT('Ctrl Pts',(-7.51484455462289,0.00799588053642555,
10.4384671716886));
#2905=CARTESIAN_POINT('Ctrl Pts',(-7.49611836211401,0.,10.3921160941983));
#2906=CARTESIAN_POINT('Ctrl Pts',(-7.48638123360834,0.,10.3710831931746));
#2907=CARTESIAN_POINT('Ctrl Pts',(-7.55013738518516,0.0701495970576623,
10.5112547565615));
#2908=CARTESIAN_POINT('Ctrl Pts',(-7.54667345181518,0.0559548895322393,
10.501529824568));
#2909=CARTESIAN_POINT('Ctrl Pts',(-7.53960720110265,0.0330350209834045,
10.4794996891301));
#2910=CARTESIAN_POINT('Ctrl Pts',(-7.52722788761158,0.00684316272594993,
10.4235682059988));
#2911=CARTESIAN_POINT('Ctrl Pts',(-7.51069558079012,0.,10.3799591346076));
#2912=CARTESIAN_POINT('Ctrl Pts',(-7.50233939367102,0.,10.3603447149025));
#2913=CARTESIAN_POINT('Ctrl Pts',(-7.56713569328367,0.0530000688247632,
10.4783697773483));
#2914=CARTESIAN_POINT('Ctrl Pts',(-7.5641106211564,0.0422086835158208,10.4685522813962));
#2915=CARTESIAN_POINT('Ctrl Pts',(-7.55859317503978,0.0250212303018398,
10.4463658872035));
#2916=CARTESIAN_POINT('Ctrl Pts',(-7.5498807442974,0.00467991528866084,
10.3900485096662));
#2917=CARTESIAN_POINT('Ctrl Pts',(-7.53684513977598,0.,10.3527922654148));
#2918=CARTESIAN_POINT('Ctrl Pts',(-7.53063466985592,0.,10.3359204508235));
#2919=CARTESIAN_POINT('Ctrl Pts',(-7.5883557905215,0.0315350815497924,10.4104932799947));
#2920=CARTESIAN_POINT('Ctrl Pts',(-7.58627655215158,0.0253380242608915,
10.4004733672552));
#2921=CARTESIAN_POINT('Ctrl Pts',(-7.58277991850907,0.0147428035931591,
10.3766351669054));
#2922=CARTESIAN_POINT('Ctrl Pts',(-7.57400269854532,0.00163649801744692,
10.3277426326881));
#2923=CARTESIAN_POINT('Ctrl Pts',(-7.56308562302062,0.,10.304815987929));
#2924=CARTESIAN_POINT('Ctrl Pts',(-7.55801858642778,0.,10.2930683706424));
#2925=CARTESIAN_POINT('Ctrl Pts',(-7.60486145821411,0.0151908860489486,
10.3046939765039));
#2926=CARTESIAN_POINT('Ctrl Pts',(-7.60246228536409,0.0121965817318798,
10.2980006428757));
#2927=CARTESIAN_POINT('Ctrl Pts',(-7.59702922616271,0.00644083271180305,
10.2828520859742));
#2928=CARTESIAN_POINT('Ctrl Pts',(-7.58438048357988,0.00101640049029693,
10.2635653164717));
#2929=CARTESIAN_POINT('Ctrl Pts',(-7.57470807605756,-2.16840434497101E-18,
10.25281941874));
#2930=CARTESIAN_POINT('Ctrl Pts',(-7.56978088390882,0.,10.2469507662502));
#2931=CARTESIAN_POINT('Ctrl Pts',(-7.60535533905933,0.0146446609406726,
10.2349502822611));
#2932=CARTESIAN_POINT('Ctrl Pts',(-7.60239855932618,0.0116878812075232,
10.2330098583416));
#2933=CARTESIAN_POINT('Ctrl Pts',(-7.59565200260709,0.00643048442216106,
10.2287676077191));
#2934=CARTESIAN_POINT('Ctrl Pts',(-7.5835095262237,0.00124469235831622,
10.2219139732753));
#2935=CARTESIAN_POINT('Ctrl Pts',(-7.57454512826041,-2.16840434497101E-18,
10.2176889840936));
#2936=CARTESIAN_POINT('Ctrl Pts',(-7.57,0.,10.2156463303617));
#2937=CARTESIAN_POINT('Ctrl Pts',(-7.60535533905933,0.0146446609406726,
10.2000226517103));
#2938=CARTESIAN_POINT('Ctrl Pts',(-7.60227000368561,0.0115593255669515,
10.2000226517103));
#2939=CARTESIAN_POINT('Ctrl Pts',(-7.59528726682799,0.00620129908325015,
10.2000226517103));
#2940=CARTESIAN_POINT('Ctrl Pts',(-7.58308956057366,0.00114884372286552,
10.2000226517103));
#2941=CARTESIAN_POINT('Ctrl Pts',(-7.57436332312999,-2.16840434497101E-18,
10.2000226517103));
#2942=CARTESIAN_POINT('Ctrl Pts',(-7.57,0.,10.2000226517103));
#2943=CARTESIAN_POINT('',(-7.60535533905933,0.0146446609406726,10.2000226517103));
#2944=CARTESIAN_POINT('Ctrl Pts',(-7.54075550010515,0.0795176464084927,
10.5256564560694));
#2945=CARTESIAN_POINT('Ctrl Pts',(-7.55013738518516,0.0701495970576623,
10.5112547565615));
#2946=CARTESIAN_POINT('Ctrl Pts',(-7.56713569328368,0.0530000688247633,
10.4783697773483));
#2947=CARTESIAN_POINT('Ctrl Pts',(-7.5883557905215,0.0315350815497924,10.4104932799947));
#2948=CARTESIAN_POINT('Ctrl Pts',(-7.60486145821411,0.0151908860489486,
10.3046939765039));
#2949=CARTESIAN_POINT('Ctrl Pts',(-7.60535533905933,0.0146446609406726,
10.2349502822611));
#2950=CARTESIAN_POINT('Ctrl Pts',(-7.60535533905933,0.0146446609406726,
10.2000226517103));
#2951=CARTESIAN_POINT('',(-7.57,0.,10.2000226517103));
#2952=CARTESIAN_POINT('Origin',(-7.57,0.05,10.2000226517103));
#2953=CARTESIAN_POINT('Ctrl Pts',(-7.57,0.,10.2000226517103));
#2954=CARTESIAN_POINT('Ctrl Pts',(-7.57,0.,10.20694509291));
#2955=CARTESIAN_POINT('Ctrl Pts',(-7.56999572637652,0.,10.2138686583118));
#2956=CARTESIAN_POINT('Ctrl Pts',(-7.56979946952732,0.,10.2207868217081));
#2957=CARTESIAN_POINT('Ctrl Pts',(-7.56959503592273,0.,10.2279932202923));
#2958=CARTESIAN_POINT('Ctrl Pts',(-7.56918230400832,0.,10.2351936606059));
#2959=CARTESIAN_POINT('Ctrl Pts',(-7.56840473458561,0.,10.242366936048));
#2960=CARTESIAN_POINT('Ctrl Pts',(-7.56760385941743,0.,10.2497552129121));
#2961=CARTESIAN_POINT('Ctrl Pts',(-7.56641613184757,0.,10.2571145091706));
#2962=CARTESIAN_POINT('Ctrl Pts',(-7.56472664859271,0.,10.2644093322955));
#2963=CARTESIAN_POINT('Ctrl Pts',(-7.5629783655571,0.,10.2719580401506));
#2964=CARTESIAN_POINT('Ctrl Pts',(-7.56069301522747,0.,10.2794375035113));
#2965=CARTESIAN_POINT('Ctrl Pts',(-7.55779943687697,0.,10.2867982395799));
#2966=CARTESIAN_POINT('Ctrl Pts',(-7.5546698774568,0.,10.2947592684902));
#2967=CARTESIAN_POINT('Ctrl Pts',(-7.55082878009911,0.,10.3025811524917));
#2968=CARTESIAN_POINT('Ctrl Pts',(-7.5462500195289,0.,10.3101932211351));
#2969=CARTESIAN_POINT('Ctrl Pts',(-7.54169785012344,0.,10.3177610826686));
#2970=CARTESIAN_POINT('Ctrl Pts',(-7.53641730660073,0.,10.3251211579575));
#2971=CARTESIAN_POINT('Ctrl Pts',(-7.53043621433839,0.,10.3322016399755));
#2972=CARTESIAN_POINT('Ctrl Pts',(-7.5240006421781,0.,10.3398201402357));
#2973=CARTESIAN_POINT('Ctrl Pts',(-7.51675361426598,0.,10.3471144351962));
#2974=CARTESIAN_POINT('Ctrl Pts',(-7.50879643098418,0.,10.3539994287181));
#2975=CARTESIAN_POINT('Ctrl Pts',(-7.50183352336631,0.,10.3600241201378));
#2976=CARTESIAN_POINT('Ctrl Pts',(-7.49432865306809,0.,10.3657352588982));
#2977=CARTESIAN_POINT('Ctrl Pts',(-7.48638123360833,0.,10.3710831931746));
#2978=CARTESIAN_POINT('Ctrl Pts',(-7.54075550010515,0.0795176464084927,
10.5256564560694));
#2979=CARTESIAN_POINT('Ctrl Pts',(-7.55013738518516,0.0701495970576623,
10.5112547565615));
#2980=CARTESIAN_POINT('Ctrl Pts',(-7.56713569328368,0.0530000688247633,
10.4783697773483));
#2981=CARTESIAN_POINT('Ctrl Pts',(-7.5883557905215,0.0315350815497924,10.4104932799947));
#2982=CARTESIAN_POINT('Ctrl Pts',(-7.60486145821411,0.0151908860489486,
10.3046939765039));
#2983=CARTESIAN_POINT('Ctrl Pts',(-7.60535533905933,0.0146446609406726,
10.2349502822611));
#2984=CARTESIAN_POINT('Ctrl Pts',(-7.60535533905933,0.0146446609406726,
10.2000226517103));
#2985=CARTESIAN_POINT('Ctrl Pts',(-7.55678540358275,0.0830777950827038,
10.5160822499839));
#2986=CARTESIAN_POINT('Ctrl Pts',(-7.56425171005369,0.0736530553494879,
10.5015977725943));
#2987=CARTESIAN_POINT('Ctrl Pts',(-7.57776172513978,0.0560362780505383,
10.4685914257561));
#2988=CARTESIAN_POINT('Ctrl Pts',(-7.59462464282495,0.0336023337906551,
10.4003119481608));
#2989=CARTESIAN_POINT('Ctrl Pts',(-7.60781845160076,0.0175949083188492,
10.2981330610023));
#2990=CARTESIAN_POINT('Ctrl Pts',(-7.60831211879248,0.017601440673822,10.2330098583416));
#2991=CARTESIAN_POINT('Ctrl Pts',(-7.60844067443305,0.0177299963143937,
10.2000226517103));
#2992=CARTESIAN_POINT('Ctrl Pts',(-7.58245341323971,0.0908188440905551,
10.4943415557006));
#2993=CARTESIAN_POINT('Ctrl Pts',(-7.58690739949519,0.0808028179145414,
10.4796565478184));
#2994=CARTESIAN_POINT('Ctrl Pts',(-7.59487952616062,0.0615782213875886,
10.446236206176));
#2995=CARTESIAN_POINT('Ctrl Pts',(-7.60533823816038,0.0370731770685456,
10.3762419361617));
#2996=CARTESIAN_POINT('Ctrl Pts',(-7.61352728819515,0.0230366256471694,
10.2832111209649));
#2997=CARTESIAN_POINT('Ctrl Pts',(-7.61356951557784,0.0243479973929185,
10.2287676077191));
#2998=CARTESIAN_POINT('Ctrl Pts',(-7.61379870091675,0.0247127331720187,
10.2000226517103));
#2999=CARTESIAN_POINT('Ctrl Pts',(-7.61199344589268,0.105882409877626,10.4385422054287));
#3000=CARTESIAN_POINT('Ctrl Pts',(-7.61316307427068,0.0935108779413636,
10.4235216788872));
#3001=CARTESIAN_POINT('Ctrl Pts',(-7.61535739657717,0.0702797792715654,
10.3894508409666));
#3002=CARTESIAN_POINT('Ctrl Pts',(-7.61834388687609,0.045836124987483,10.3276107363675));
#3003=CARTESIAN_POINT('Ctrl Pts',(-7.61898955495788,0.0356798869360123,
10.2637801200343));
#3004=CARTESIAN_POINT('Ctrl Pts',(-7.61875530764169,0.0364904737763084,
10.2219139732753));
#3005=CARTESIAN_POINT('Ctrl Pts',(-7.61885115627714,0.0369104394263439,
10.2000226517103));
#3006=CARTESIAN_POINT('Ctrl Pts',(-7.62,0.12470107742691,10.3922118324421));
#3007=CARTESIAN_POINT('Ctrl Pts',(-7.62,0.110120274548032,10.3799218633585));
#3008=CARTESIAN_POINT('Ctrl Pts',(-7.62,0.0831898851170191,10.352135914966));
#3009=CARTESIAN_POINT('Ctrl Pts',(-7.62000000000001,0.0568315687490805,
10.3048282581761));
#3010=CARTESIAN_POINT('Ctrl Pts',(-7.62000000000001,0.0453156222526295,
10.2528988921238));
#3011=CARTESIAN_POINT('Ctrl Pts',(-7.62,0.0454548717395981,10.2176889840936));
#3012=CARTESIAN_POINT('Ctrl Pts',(-7.62,0.0456366768700142,10.2000226517103));
#3013=CARTESIAN_POINT('Ctrl Pts',(-7.62,0.134438205932585,10.3711789314184));
#3014=CARTESIAN_POINT('Ctrl Pts',(-7.62,0.118476250831679,10.3602996195656));
#3015=CARTESIAN_POINT('Ctrl Pts',(-7.62,0.0893293009144666,10.3352232784609));
#3016=CARTESIAN_POINT('Ctrl Pts',(-7.62000000000001,0.0619481014630566,
10.2931756302966));
#3017=CARTESIAN_POINT('Ctrl Pts',(-7.62000000000001,0.0502222793724417,
10.2469494619274));
#3018=CARTESIAN_POINT('Ctrl Pts',(-7.62,0.05,10.2156463303617));
#3019=CARTESIAN_POINT('Ctrl Pts',(-7.62,0.05,10.2000226517103));
#3020=CARTESIAN_POINT('',(-7.62,0.134438205932585,10.3711789314184));
#3021=CARTESIAN_POINT('Ctrl Pts',(-7.54075550010515,0.0795176464084927,
10.5256564560694));
#3022=CARTESIAN_POINT('Ctrl Pts',(-7.55678540358275,0.0830777950827038,
10.5160822499839));
#3023=CARTESIAN_POINT('Ctrl Pts',(-7.58245341323971,0.0908188440905551,
10.4943415557006));
#3024=CARTESIAN_POINT('Ctrl Pts',(-7.61199344589268,0.105882409877626,10.4385422054287));
#3025=CARTESIAN_POINT('Ctrl Pts',(-7.62,0.12470107742691,10.3922118324421));
#3026=CARTESIAN_POINT('Ctrl Pts',(-7.62,0.134438205932585,10.3711789314184));
#3027=CARTESIAN_POINT('',(-7.62,0.05,10.2000226517103));
#3028=CARTESIAN_POINT('Ctrl Pts',(-7.62,0.134438205932581,10.3711789314184));
#3029=CARTESIAN_POINT('Ctrl Pts',(-7.62,0.123226833013588,10.363537510207));
#3030=CARTESIAN_POINT('Ctrl Pts',(-7.62,0.11272312816931,10.3551044250065));
#3031=CARTESIAN_POINT('Ctrl Pts',(-7.62,0.103343107846466,10.3461415720045));
#3032=CARTESIAN_POINT('Ctrl Pts',(-7.62,0.0975683358495184,10.3406236274003));
#3033=CARTESIAN_POINT('Ctrl Pts',(-7.62,0.0922217135853566,10.3349069150968));
#3034=CARTESIAN_POINT('Ctrl Pts',(-7.62,0.087380258762658,10.3290495271177));
#3035=CARTESIAN_POINT('Ctrl Pts',(-7.62,0.0830394360086224,10.3237978240759));
#3036=CARTESIAN_POINT('Ctrl Pts',(-7.62,0.0791053862105714,10.3184334779912));
#3037=CARTESIAN_POINT('Ctrl Pts',(-7.62,0.0756004120961862,10.3129845127108));
#3038=CARTESIAN_POINT('Ctrl Pts',(-7.62,0.0721985542123007,10.3076958558211));
#3039=CARTESIAN_POINT('Ctrl Pts',(-7.62,0.0692016782140784,10.3023279244286));
#3040=CARTESIAN_POINT('Ctrl Pts',(-7.62,0.0665864705627568,10.2968862323673));
#3041=CARTESIAN_POINT('Ctrl Pts',(-7.62,0.0637271614058129,10.2909366168818));
#3042=CARTESIAN_POINT('Ctrl Pts',(-7.62,0.0613177448715705,10.2848991966011));
#3043=CARTESIAN_POINT('Ctrl Pts',(-7.62,0.0592828769689463,10.2787461734739));
#3044=CARTESIAN_POINT('Ctrl Pts',(-7.62,0.0575741966043879,10.2735794745514));
#3045=CARTESIAN_POINT('Ctrl Pts',(-7.62,0.0561325750199443,10.268326945334));
#3046=CARTESIAN_POINT('Ctrl Pts',(-7.62,0.0549433782483045,10.2629878764637));
#3047=CARTESIAN_POINT('Ctrl Pts',(-7.62,0.0539568982870511,10.2585589336866));
#3048=CARTESIAN_POINT('Ctrl Pts',(-7.62,0.0531454360236637,10.2540697127681));
#3049=CARTESIAN_POINT('Ctrl Pts',(-7.62,0.0524949130441488,10.2495570099974));
#3050=CARTESIAN_POINT('Ctrl Pts',(-7.62,0.0518938209625939,10.245387211255));
#3051=CARTESIAN_POINT('Ctrl Pts',(-7.62,0.051429985460773,10.2412038305161));
#3052=CARTESIAN_POINT('Ctrl Pts',(-7.62,0.0510781034087381,10.237050596662));
#3053=CARTESIAN_POINT('Ctrl Pts',(-7.62,0.0506805257048211,10.2323580209255));
#3054=CARTESIAN_POINT('Ctrl Pts',(-7.62,0.0504257643834001,10.2277020628312));
#3055=CARTESIAN_POINT('Ctrl Pts',(-7.62,0.0502661720052753,10.223060247403));
#3056=CARTESIAN_POINT('Ctrl Pts',(-7.62,0.0501160991421243,10.2186953113095));
#3057=CARTESIAN_POINT('Ctrl Pts',(-7.62,0.0500499232052143,10.2143378907165));
#3058=CARTESIAN_POINT('Ctrl Pts',(-7.62,0.0500215143816499,10.2099609867421));
#3059=CARTESIAN_POINT('Ctrl Pts',(-7.62,0.0500000682917568,10.2066568204899));
#3060=CARTESIAN_POINT('Ctrl Pts',(-7.62,0.05,10.2033409608975));
#3061=CARTESIAN_POINT('Ctrl Pts',(-7.62,0.05,10.2000226517103));
#3062=CARTESIAN_POINT('Origin',(-7.57,0.05,10.2000226517103));
#3063=CARTESIAN_POINT('Ctrl Pts',(-7.54075550010515,0.0795176464084927,
10.5256564560694));
#3064=CARTESIAN_POINT('Ctrl Pts',(-7.55678540358275,0.0830777950827038,
10.5160822499839));
#3065=CARTESIAN_POINT('Ctrl Pts',(-7.58245341323971,0.0908188440905551,
10.4943415557006));
#3066=CARTESIAN_POINT('Ctrl Pts',(-7.61199344589268,0.105882409877626,10.4385422054287));
#3067=CARTESIAN_POINT('Ctrl Pts',(-7.62,0.12470107742691,10.3922118324421));
#3068=CARTESIAN_POINT('Ctrl Pts',(-7.62,0.134438205932585,10.3711789314184));
#3069=CARTESIAN_POINT('Ctrl Pts',(-7.54427622347607,0.0955685275504776,
10.5352845159944));
#3070=CARTESIAN_POINT('Ctrl Pts',(-7.55896199512941,0.0990251583223505,
10.5256878696939));
#3071=CARTESIAN_POINT('Ctrl Pts',(-7.58351699833595,0.107031664263546,10.5041422216785));
#3072=CARTESIAN_POINT('Ctrl Pts',(-7.61257332066347,0.125187371526829,10.4499476919638));
#3073=CARTESIAN_POINT('Ctrl Pts',(-7.62,0.145224051099377,10.4062614688842));
#3074=CARTESIAN_POINT('Ctrl Pts',(-7.62,0.155720812733793,10.3856846805554));
#3075=CARTESIAN_POINT('Ctrl Pts',(-7.55056155209371,0.131227177561365,10.5507558647904));
#3076=CARTESIAN_POINT('Ctrl Pts',(-7.56353205907189,0.134892169147073,10.541287841916));
#3077=CARTESIAN_POINT('Ctrl Pts',(-7.58672841504648,0.144575865623857,10.5197590821144));
#3078=CARTESIAN_POINT('Ctrl Pts',(-7.61423887524014,0.170697002376634,10.4673072686944));
#3079=CARTESIAN_POINT('Ctrl Pts',(-7.62,0.191184738394293,10.4285087975155));
#3080=CARTESIAN_POINT('Ctrl Pts',(-7.62,0.202385176806389,10.4083874543766));
#3081=CARTESIAN_POINT('Ctrl Pts',(-7.55949937689061,0.233446726444527,10.5662854860317));
#3082=CARTESIAN_POINT('Ctrl Pts',(-7.57141771138064,0.237902377068601,10.5557370934305));
#3083=CARTESIAN_POINT('Ctrl Pts',(-7.59282509173527,0.249545799907244,10.5307754251273));
#3084=CARTESIAN_POINT('Ctrl Pts',(-7.61438361331224,0.266046487644638,10.4813939891758));
#3085=CARTESIAN_POINT('Ctrl Pts',(-7.62,0.277429084656826,10.4443106615553));
#3086=CARTESIAN_POINT('Ctrl Pts',(-7.62,0.284396270074964,10.4243049897623));
#3087=CARTESIAN_POINT('Ctrl Pts',(-7.56142135623732,0.314321947021915,10.5664213562373));
#3088=CARTESIAN_POINT('Ctrl Pts',(-7.57307706764915,0.315108351559497,10.5547656448255));
#3089=CARTESIAN_POINT('Ctrl Pts',(-7.59397248185948,0.317218614999087,10.5280943248005));
#3090=CARTESIAN_POINT('Ctrl Pts',(-7.61489343238614,0.322232258452053,10.4795980590948));
#3091=CARTESIAN_POINT('Ctrl Pts',(-7.62,0.326850426154938,10.4434229198821));
#3092=CARTESIAN_POINT('Ctrl Pts',(-7.62,0.329145776754505,10.425));
#3093=CARTESIAN_POINT('Ctrl Pts',(-7.56142135623732,0.349977348289667,10.5664213562373));
#3094=CARTESIAN_POINT('Ctrl Pts',(-7.5737626977322,0.349977348289667,10.5540800147424));
#3095=CARTESIAN_POINT('Ctrl Pts',(-7.595194803667,0.349977348289667,10.5261490673119));
#3096=CARTESIAN_POINT('Ctrl Pts',(-7.61540462510854,0.349977348289667,10.4773582422946));
#3097=CARTESIAN_POINT('Ctrl Pts',(-7.62,0.349977348289666,10.4424532925199));
#3098=CARTESIAN_POINT('Ctrl Pts',(-7.62,0.349977348289666,10.425));
#3099=CARTESIAN_POINT('',(-7.56142135623732,0.349977348289667,10.5664213562373));
#3100=CARTESIAN_POINT('Ctrl Pts',(-7.54075550010515,0.0795176464084927,
10.5256564560694));
#3101=CARTESIAN_POINT('Ctrl Pts',(-7.54427622347607,0.0955685275504776,
10.5352845159944));
#3102=CARTESIAN_POINT('Ctrl Pts',(-7.55056155209371,0.131227177561365,10.5507558647904));
#3103=CARTESIAN_POINT('Ctrl Pts',(-7.55949937689061,0.233446726444527,10.5662854860317));
#3104=CARTESIAN_POINT('Ctrl Pts',(-7.56142135623732,0.314321947021915,10.5664213562373));
#3105=CARTESIAN_POINT('Ctrl Pts',(-7.56142135623732,0.349977348289667,10.5664213562373));
#3106=CARTESIAN_POINT('',(-7.62,0.349977348289667,10.425));
#3107=CARTESIAN_POINT('Origin',(-7.42,0.349977348289667,10.425));
#3108=CARTESIAN_POINT('Ctrl Pts',(-7.62,0.349977348289667,10.425));
#3109=CARTESIAN_POINT('Ctrl Pts',(-7.62,0.345188244053225,10.425));
#3110=CARTESIAN_POINT('Ctrl Pts',(-7.62,0.340394560404466,10.424999003647));
#3111=CARTESIAN_POINT('Ctrl Pts',(-7.62,0.335501829861057,10.4249524128772));
#3112=CARTESIAN_POINT('Ctrl Pts',(-7.62,0.330363626548029,10.4249034846058));
#3113=CARTESIAN_POINT('Ctrl Pts',(-7.62,0.325116496719869,10.4248043096631));
#3114=CARTESIAN_POINT('Ctrl Pts',(-7.62,0.319709161771324,10.4246161366731));
#3115=CARTESIAN_POINT('Ctrl Pts',(-7.62,0.313942238578373,10.4244154501628));
#3116=CARTESIAN_POINT('Ctrl Pts',(-7.62,0.307993521941328,10.4241135819767));
#3117=CARTESIAN_POINT('Ctrl Pts',(-7.62,0.301859778361214,10.4236772394875));
#3118=CARTESIAN_POINT('Ctrl Pts',(-7.62,0.295087732689455,10.4231954894392));
#3119=CARTESIAN_POINT('Ctrl Pts',(-7.62,0.288090803353854,10.4225498717246));
#3120=CARTESIAN_POINT('Ctrl Pts',(-7.62,0.28092621848147,10.4217111494411));
#3121=CARTESIAN_POINT('Ctrl Pts',(-7.62,0.271765923190471,10.4206387992743));
#3122=CARTESIAN_POINT('Ctrl Pts',(-7.62,0.26233307948478,10.4192506616814));
#3123=CARTESIAN_POINT('Ctrl Pts',(-7.62,0.252830442744082,10.4175116675418));
#3124=CARTESIAN_POINT('Ctrl Pts',(-7.62,0.243246156579535,10.4157577314577));
#3125=CARTESIAN_POINT('Ctrl Pts',(-7.62,0.233597475185782,10.4136480666621));
#3126=CARTESIAN_POINT('Ctrl Pts',(-7.62,0.224095692584483,10.411159905854));
#3127=CARTESIAN_POINT('Ctrl Pts',(-7.62,0.216679226553202,10.4092178113137));
#3128=CARTESIAN_POINT('Ctrl Pts',(-7.62,0.209353342821529,10.40704557337));
#3129=CARTESIAN_POINT('Ctrl Pts',(-7.62,0.202180316910581,10.4046307819315));
#3130=CARTESIAN_POINT('Ctrl Pts',(-7.62,0.195362757609133,10.4023356579437));
#3131=CARTESIAN_POINT('Ctrl Pts',(-7.62,0.188684377621066,10.3998216509813));
#3132=CARTESIAN_POINT('Ctrl Pts',(-7.62,0.182144740698904,10.3970722621458));
#3133=CARTESIAN_POINT('Ctrl Pts',(-7.62,0.175253704894562,10.3941751384781));
#3134=CARTESIAN_POINT('Ctrl Pts',(-7.62,0.168507370432452,10.3910136916826));
#3135=CARTESIAN_POINT('Ctrl Pts',(-7.62,0.161905573369568,10.3875835313699));
#3136=CARTESIAN_POINT('Ctrl Pts',(-7.62,0.154483445823268,10.3837271439192));
#3137=CARTESIAN_POINT('Ctrl Pts',(-7.62,0.147244527083517,10.3795312935181));
#3138=CARTESIAN_POINT('Ctrl Pts',(-7.62,0.140245407042816,10.3750258488588));
#3139=CARTESIAN_POINT('Ctrl Pts',(-7.62,0.138290091331476,10.3737671811009));
#3140=CARTESIAN_POINT('Ctrl Pts',(-7.62,0.136353763966591,10.3724845329623));
#3141=CARTESIAN_POINT('Ctrl Pts',(-7.62,0.134438205932581,10.3711789314184));
#3142=CARTESIAN_POINT('Ctrl Pts',(-7.54075550010515,0.0795176464084927,
10.5256564560694));
#3143=CARTESIAN_POINT('Ctrl Pts',(-7.54427622347607,0.0955685275504776,
10.5352845159944));
#3144=CARTESIAN_POINT('Ctrl Pts',(-7.55056155209371,0.131227177561365,10.5507558647904));
#3145=CARTESIAN_POINT('Ctrl Pts',(-7.55949937689061,0.233446726444527,10.5662854860317));
#3146=CARTESIAN_POINT('Ctrl Pts',(-7.56142135623732,0.314321947021915,10.5664213562373));
#3147=CARTESIAN_POINT('Ctrl Pts',(-7.56142135623732,0.349977348289667,10.5664213562373));
#3148=CARTESIAN_POINT('Ctrl Pts',(-7.52824631999847,0.0920083788762665,
10.5448587220799));
#3149=CARTESIAN_POINT('Ctrl Pts',(-7.53250857498069,0.108419964572945,10.5522220395479));
#3150=CARTESIAN_POINT('Ctrl Pts',(-7.5395749320509,0.144530216099127,10.5641806120867));
#3151=CARTESIAN_POINT('Ctrl Pts',(-7.54822850317098,0.244965044317601,10.5773665472255));
#3152=CARTESIAN_POINT('Ctrl Pts',(-7.54976564482548,0.317497253736306,10.5780770676491));
#3153=CARTESIAN_POINT('Ctrl Pts',(-7.54908001474243,0.349977348289667,10.5787626977322));
#3154=CARTESIAN_POINT('Ctrl Pts',(-7.50125061498901,0.118667732339822,10.5760741933093));
#3155=CARTESIAN_POINT('Ctrl Pts',(-7.50645121876414,0.135494890524341,10.5803872763457));
#3156=CARTESIAN_POINT('Ctrl Pts',(-7.51410507100592,0.173516379384074,10.5879198012129));
#3157=CARTESIAN_POINT('Ctrl Pts',(-7.52180791221038,0.268828676913201,10.5978197430387));
#3158=CARTESIAN_POINT('Ctrl Pts',(-7.52309432480046,0.32365133115603,10.5989724818595));
#3159=CARTESIAN_POINT('Ctrl Pts',(-7.52114906731193,0.349977348289667,10.600194803667));
#3160=CARTESIAN_POINT('Ctrl Pts',(-7.43620037617404,0.183783045177825,10.6133865891983));
#3161=CARTESIAN_POINT('Ctrl Pts',(-7.44366588590146,0.200027889609143,10.6148562824951));
#3162=CARTESIAN_POINT('Ctrl Pts',(-7.45599747833717,0.236588742901118,10.6178748996628));
#3163=CARTESIAN_POINT('Ctrl Pts',(-7.47274134459408,0.297807882308394,10.6196923527278));
#3164=CARTESIAN_POINT('Ctrl Pts',(-7.47459805909482,0.331496669489053,10.6198934323861));
#3165=CARTESIAN_POINT('Ctrl Pts',(-7.47235824229463,0.349977348289667,10.6204046251085));
#3166=CARTESIAN_POINT('Ctrl Pts',(-7.39392229211204,0.226077707887962,10.625));
#3167=CARTESIAN_POINT('Ctrl Pts',(-7.40353654328645,0.237675252440336,10.625));
#3168=CARTESIAN_POINT('Ctrl Pts',(-7.42035716702784,0.26287158084128,10.625));
#3169=CARTESIAN_POINT('Ctrl Pts',(-7.4363200034133,0.305685021682709,10.625));
#3170=CARTESIAN_POINT('Ctrl Pts',(-7.43842291988217,0.335126559588756,10.625));
#3171=CARTESIAN_POINT('Ctrl Pts',(-7.43745329251995,0.349977348289667,10.625));
#3172=CARTESIAN_POINT('Ctrl Pts',(-7.37607265171034,0.243927348289667,10.625));
#3173=CARTESIAN_POINT('Ctrl Pts',(-7.38532726006904,0.253181956648367,10.625));
#3174=CARTESIAN_POINT('Ctrl Pts',(-7.40139891215087,0.274127003802589,10.625));
#3175=CARTESIAN_POINT('Ctrl Pts',(-7.41655398929691,0.310714596587389,10.625));
#3176=CARTESIAN_POINT('Ctrl Pts',(-7.42,0.336889355634342,10.625));
#3177=CARTESIAN_POINT('Ctrl Pts',(-7.42,0.349977348289667,10.625));
#3178=CARTESIAN_POINT('',(-7.37607265171034,0.243927348289667,10.625));
#3179=CARTESIAN_POINT('Ctrl Pts',(-7.54075550014184,0.0795176465757397,
10.5256564561697));
#3180=CARTESIAN_POINT('Ctrl Pts',(-7.52824632004288,0.092008379047272,10.5448587221566));
#3181=CARTESIAN_POINT('Ctrl Pts',(-7.5012506150432,0.118667732515157,10.5760741933543));
#3182=CARTESIAN_POINT('Ctrl Pts',(-7.43620037625182,0.183783045347093,10.6133865892136));
#3183=CARTESIAN_POINT('Ctrl Pts',(-7.39392229221222,0.226077708008806,10.625));
#3184=CARTESIAN_POINT('Ctrl Pts',(-7.37607265180677,0.243927348386098,10.625));
#3185=CARTESIAN_POINT('',(-7.42,0.349977348289667,10.625));
#3186=CARTESIAN_POINT('Origin',(-7.27002265171034,0.349977348289667,10.625));
#3187=CARTESIAN_POINT('Origin',(-7.42,0.349977348289667,10.425));
#3188=CARTESIAN_POINT('Origin',(-6.14,-3.45,-0.811184377413888));
#3189=CARTESIAN_POINT('',(-6.19,-3.5,1.2319567191066));
#3190=CARTESIAN_POINT('',(-6.19,-3.5,-1.40195671910659));
#3191=CARTESIAN_POINT('',(-6.19,-3.5,-0.811184377413888));
#3192=CARTESIAN_POINT('',(-6.09,-3.4,-1.53736875482778));
#3193=CARTESIAN_POINT('Ctrl Pts',(-6.19,-3.5,-1.40195671910659));
#3194=CARTESIAN_POINT('Ctrl Pts',(-6.15749347454196,-3.46749347454196,-1.44823746193554));
#3195=CARTESIAN_POINT('Ctrl Pts',(-6.12406605411797,-3.43406605411798,-1.49338966807114));
#3196=CARTESIAN_POINT('Ctrl Pts',(-6.09,-3.4,-1.53736875482778));
#3197=CARTESIAN_POINT('',(-6.09,-3.4,1.36736875482778));
#3198=CARTESIAN_POINT('',(-6.09,-3.4,-0.811184377413888));
#3199=CARTESIAN_POINT('Ctrl Pts',(-6.19,-3.5,1.2319567191066));
#3200=CARTESIAN_POINT('Ctrl Pts',(-6.15749347454196,-3.46749347454196,1.27823746193554));
#3201=CARTESIAN_POINT('Ctrl Pts',(-6.12406605411797,-3.43406605411798,1.32338966807115));
#3202=CARTESIAN_POINT('Ctrl Pts',(-6.09,-3.4,1.36736875482778));
#3203=CARTESIAN_POINT('Origin',(-5.715,-3.45,-0.0849999999999973));
#3204=CARTESIAN_POINT('Origin',(-5.715,-3.4,-0.0849999999999973));
#3205=CARTESIAN_POINT('Origin',(-5.715,-3.5,-0.0849999999999973));
#3206=CARTESIAN_POINT('Origin',(-6.09,0.,-1.53736875482778));
#3207=CARTESIAN_POINT('',(-6.09,0.,-1.53736875482778));
#3208=CARTESIAN_POINT('',(-6.09,0.,-1.53736875482778));
#3209=CARTESIAN_POINT('',(-6.09,0.,1.36736875482778));
#3210=CARTESIAN_POINT('',(-6.09,0.,-0.768684377413889));
#3211=CARTESIAN_POINT('',(-6.09,0.,1.36736875482778));
#3212=CARTESIAN_POINT('Origin',(-6.6525,-3.5,-0.0849999999999973));
#3213=CARTESIAN_POINT('Origin',(-5.29,-3.45,0.641184377413893));
#3214=CARTESIAN_POINT('',(-5.24,-3.5,-1.40195671910659));
#3215=CARTESIAN_POINT('',(-5.24,-3.5,1.23195671910659));
#3216=CARTESIAN_POINT('',(-5.24,-3.5,0.641184377413893));
#3217=CARTESIAN_POINT('',(-5.34,-3.4,1.36736875482778));
#3218=CARTESIAN_POINT('Ctrl Pts',(-5.24,-3.5,1.23195671910659));
#3219=CARTESIAN_POINT('Ctrl Pts',(-5.27250652545804,-3.46749347454196,1.27823746193554));
#3220=CARTESIAN_POINT('Ctrl Pts',(-5.30593394588203,-3.43406605411797,1.32338966807115));
#3221=CARTESIAN_POINT('Ctrl Pts',(-5.34,-3.4,1.36736875482778));
#3222=CARTESIAN_POINT('',(-5.34,-3.4,-1.53736875482778));
#3223=CARTESIAN_POINT('',(-5.34,-3.4,0.641184377413893));
#3224=CARTESIAN_POINT('Ctrl Pts',(-5.24,-3.5,-1.40195671910659));
#3225=CARTESIAN_POINT('Ctrl Pts',(-5.27250652545804,-3.46749347454196,-1.44823746193554));
#3226=CARTESIAN_POINT('Ctrl Pts',(-5.30593394588203,-3.43406605411797,-1.49338966807115));
#3227=CARTESIAN_POINT('Ctrl Pts',(-5.34,-3.4,-1.53736875482778));
#3228=CARTESIAN_POINT('Origin',(-5.715,-3.45,-0.0849999999999973));
#3229=CARTESIAN_POINT('Origin',(-5.715,-3.4,-0.0849999999999973));
#3230=CARTESIAN_POINT('Origin',(-5.715,-3.5,-0.0849999999999973));
#3231=CARTESIAN_POINT('Origin',(-5.34,0.,1.36736875482778));
#3232=CARTESIAN_POINT('',(-5.34,0.,1.36736875482778));
#3233=CARTESIAN_POINT('',(-5.34,0.,1.36736875482778));
#3234=CARTESIAN_POINT('',(-5.34,0.,-1.53736875482778));
#3235=CARTESIAN_POINT('',(-5.34,0.,0.683684377413893));
#3236=CARTESIAN_POINT('',(-5.34,0.,-1.53736875482778));
#3237=CARTESIAN_POINT('Origin',(-4.7775,-3.5,-0.0849999999999973));
#3238=CARTESIAN_POINT('Origin',(5.715,-3.45,-0.0849999999999973));
#3239=CARTESIAN_POINT('',(5.24,-3.5,-1.40195671910659));
#3240=CARTESIAN_POINT('',(5.24,-3.5,1.23195671910659));
#3241=CARTESIAN_POINT('Origin',(5.715,-3.5,-0.0849999999999973));
#3242=CARTESIAN_POINT('',(5.34,-3.4,1.36736875482778));
#3243=CARTESIAN_POINT('Ctrl Pts',(5.24,-3.5,1.23195671910659));
#3244=CARTESIAN_POINT('Ctrl Pts',(5.27250652545804,-3.46749347454196,1.27823746193555));
#3245=CARTESIAN_POINT('Ctrl Pts',(5.30593394588203,-3.43406605411797,1.32338966807115));
#3246=CARTESIAN_POINT('Ctrl Pts',(5.34,-3.4,1.36736875482778));
#3247=CARTESIAN_POINT('',(5.34,-3.4,-1.53736875482778));
#3248=CARTESIAN_POINT('Origin',(5.715,-3.4,-0.0849999999999973));
#3249=CARTESIAN_POINT('Ctrl Pts',(5.24,-3.5,-1.40195671910659));
#3250=CARTESIAN_POINT('Ctrl Pts',(5.27250652545804,-3.46749347454196,-1.44823746193554));
#3251=CARTESIAN_POINT('Ctrl Pts',(5.30593394588203,-3.43406605411797,-1.49338966807115));
#3252=CARTESIAN_POINT('Ctrl Pts',(5.34,-3.4,-1.53736875482778));
#3253=CARTESIAN_POINT('Origin',(5.29,-3.45,-0.811184377413888));
#3254=CARTESIAN_POINT('',(5.34,-3.4,-0.811184377413888));
#3255=CARTESIAN_POINT('',(5.24,-3.5,-0.811184377413888));
#3256=CARTESIAN_POINT('Origin',(5.715,0.,-0.0849999999999973));
#3257=CARTESIAN_POINT('',(5.34,0.,1.36736875482778));
#3258=CARTESIAN_POINT('',(5.34,0.,1.36736875482778));
#3259=CARTESIAN_POINT('',(5.34,0.,-1.53736875482778));
#3260=CARTESIAN_POINT('Origin',(5.715,0.,-0.0849999999999973));
#3261=CARTESIAN_POINT('',(5.34,0.,-1.53736875482778));
#3262=CARTESIAN_POINT('Origin',(4.7775,-3.5,-0.0849999999999973));
#3263=CARTESIAN_POINT('Origin',(6.14,-3.45,0.641184377413894));
#3264=CARTESIAN_POINT('',(6.19,-3.5,-1.40195671910659));
#3265=CARTESIAN_POINT('',(6.19,-3.5,1.2319567191066));
#3266=CARTESIAN_POINT('',(6.19,-3.5,0.641184377413894));
#3267=CARTESIAN_POINT('',(6.09,-3.4,1.36736875482778));
#3268=CARTESIAN_POINT('Ctrl Pts',(6.19,-3.5,1.2319567191066));
#3269=CARTESIAN_POINT('Ctrl Pts',(6.15749347454196,-3.46749347454196,1.27823746193554));
#3270=CARTESIAN_POINT('Ctrl Pts',(6.12406605411797,-3.43406605411798,1.32338966807115));
#3271=CARTESIAN_POINT('Ctrl Pts',(6.09,-3.4,1.36736875482778));
#3272=CARTESIAN_POINT('',(6.09,-3.4,-1.53736875482778));
#3273=CARTESIAN_POINT('',(6.09,-3.4,0.641184377413894));
#3274=CARTESIAN_POINT('Ctrl Pts',(6.19,-3.5,-1.40195671910659));
#3275=CARTESIAN_POINT('Ctrl Pts',(6.15749347454196,-3.46749347454196,-1.44823746193554));
#3276=CARTESIAN_POINT('Ctrl Pts',(6.12406605411797,-3.43406605411798,-1.49338966807114));
#3277=CARTESIAN_POINT('Ctrl Pts',(6.09,-3.4,-1.53736875482778));
#3278=CARTESIAN_POINT('Origin',(5.715,-3.45,-0.0849999999999973));
#3279=CARTESIAN_POINT('Origin',(5.715,-3.4,-0.0849999999999973));
#3280=CARTESIAN_POINT('Origin',(5.715,-3.5,-0.0849999999999973));
#3281=CARTESIAN_POINT('Origin',(6.09,0.,1.36736875482778));
#3282=CARTESIAN_POINT('',(6.09,0.,1.36736875482778));
#3283=CARTESIAN_POINT('',(6.09,0.,1.36736875482778));
#3284=CARTESIAN_POINT('',(6.09,0.,-1.53736875482778));
#3285=CARTESIAN_POINT('',(6.09,0.,0.683684377413893));
#3286=CARTESIAN_POINT('',(6.09,0.,-1.53736875482778));
#3287=CARTESIAN_POINT('Origin',(6.6525,-3.5,-0.0849999999999973));
#3288=CARTESIAN_POINT('Origin',(1.905,-3.25,-9.125));
#3289=CARTESIAN_POINT('',(1.80500000447035,-3.3,-9.125));
#3290=CARTESIAN_POINT('Origin',(1.905,-3.3,-9.125));
#3291=CARTESIAN_POINT('',(1.70500000447035,-3.2,-9.125));
#3292=CARTESIAN_POINT('',(1.75500000447035,-3.25,-9.125));
#3293=CARTESIAN_POINT('Origin',(1.905,-3.2,-9.125));
#3294=CARTESIAN_POINT('Origin',(1.905,1.,-9.125));
#3295=CARTESIAN_POINT('',(1.70500000447035,1.,-9.125));
#3296=CARTESIAN_POINT('',(1.70500000447035,1.,-9.125));
#3297=CARTESIAN_POINT('Origin',(1.905,1.,-9.125));
#3298=CARTESIAN_POINT('Origin',(1.905,-3.3,-9.125));
#3299=CARTESIAN_POINT('Origin',(-1.905,-3.25,-6.585));
#3300=CARTESIAN_POINT('',(-2.005,-3.3,-6.585));
#3301=CARTESIAN_POINT('Origin',(-1.905,-3.3,-6.585));
#3302=CARTESIAN_POINT('',(-2.105,-3.2,-6.585));
#3303=CARTESIAN_POINT('',(-2.055,-3.25,-6.585));
#3304=CARTESIAN_POINT('Origin',(-1.905,-3.2,-6.585));
#3305=CARTESIAN_POINT('Origin',(-1.905,1.,-6.585));
#3306=CARTESIAN_POINT('',(-2.105,1.,-6.585));
#3307=CARTESIAN_POINT('',(-2.105,1.,-6.585));
#3308=CARTESIAN_POINT('Origin',(-1.905,1.,-6.585));
#3309=CARTESIAN_POINT('Origin',(-1.905,-3.3,-6.585));
#3310=CARTESIAN_POINT('Origin',(0.635,-3.25,-6.585));
#3311=CARTESIAN_POINT('',(0.535,-3.3,-6.585));
#3312=CARTESIAN_POINT('Origin',(0.635,-3.3,-6.585));
#3313=CARTESIAN_POINT('',(0.435,-3.2,-6.585));
#3314=CARTESIAN_POINT('',(0.485,-3.25,-6.585));
#3315=CARTESIAN_POINT('Origin',(0.635,-3.2,-6.585));
#3316=CARTESIAN_POINT('Origin',(0.635,1.,-6.585));
#3317=CARTESIAN_POINT('',(0.435,1.,-6.585));
#3318=CARTESIAN_POINT('',(0.435,1.,-6.585));
#3319=CARTESIAN_POINT('Origin',(0.635,1.,-6.585));
#3320=CARTESIAN_POINT('Origin',(0.635,-3.3,-6.585));
#3321=CARTESIAN_POINT('Origin',(-0.635,-3.25,-9.125));
#3322=CARTESIAN_POINT('',(-0.734999995529652,-3.3,-9.125));
#3323=CARTESIAN_POINT('Origin',(-0.635,-3.3,-9.125));
#3324=CARTESIAN_POINT('',(-0.834999995529652,-3.2,-9.125));
#3325=CARTESIAN_POINT('',(-0.784999995529652,-3.25,-9.125));
#3326=CARTESIAN_POINT('Origin',(-0.635,-3.2,-9.125));
#3327=CARTESIAN_POINT('Origin',(-0.635,1.,-9.125));
#3328=CARTESIAN_POINT('',(-0.834999995529652,1.,-9.125));
#3329=CARTESIAN_POINT('',(-0.834999995529652,1.,-9.125));
#3330=CARTESIAN_POINT('Origin',(-0.635,1.,-9.125));
#3331=CARTESIAN_POINT('Origin',(-0.635,-3.3,-9.125));
#3332=CARTESIAN_POINT('Origin',(-3.175,-3.25,-9.125));
#3333=CARTESIAN_POINT('',(-3.27499999552965,-3.3,-9.125));
#3334=CARTESIAN_POINT('Origin',(-3.175,-3.3,-9.125));
#3335=CARTESIAN_POINT('',(-3.37499999552965,-3.2,-9.125));
#3336=CARTESIAN_POINT('',(-3.32499999552965,-3.25,-9.125));
#3337=CARTESIAN_POINT('Origin',(-3.175,-3.2,-9.125));
#3338=CARTESIAN_POINT('Origin',(-3.175,1.,-9.125));
#3339=CARTESIAN_POINT('',(-3.37499999552965,1.,-9.125));
#3340=CARTESIAN_POINT('',(-3.37499999552965,1.,-9.125));
#3341=CARTESIAN_POINT('Origin',(-3.175,1.,-9.125));
#3342=CARTESIAN_POINT('Origin',(-3.175,-3.3,-9.125));
#3343=CARTESIAN_POINT('Origin',(4.445,-3.25,-9.125));
#3344=CARTESIAN_POINT('',(4.34500000447035,-3.3,-9.125));
#3345=CARTESIAN_POINT('Origin',(4.445,-3.3,-9.125));
#3346=CARTESIAN_POINT('',(4.24500000447035,-3.2,-9.125));
#3347=CARTESIAN_POINT('',(4.29500000447035,-3.25,-9.125));
#3348=CARTESIAN_POINT('Origin',(4.445,-3.2,-9.125));
#3349=CARTESIAN_POINT('Origin',(4.445,1.,-9.125));
#3350=CARTESIAN_POINT('',(4.24500000447035,1.,-9.125));
#3351=CARTESIAN_POINT('',(4.24500000447035,1.,-9.125));
#3352=CARTESIAN_POINT('Origin',(4.445,1.,-9.125));
#3353=CARTESIAN_POINT('Origin',(4.445,-3.3,-9.125));
#3354=CARTESIAN_POINT('Origin',(3.175,-3.25,-6.585));
#3355=CARTESIAN_POINT('',(3.075,-3.3,-6.585));
#3356=CARTESIAN_POINT('Origin',(3.175,-3.3,-6.585));
#3357=CARTESIAN_POINT('',(2.975,-3.2,-6.585));
#3358=CARTESIAN_POINT('',(3.025,-3.25,-6.585));
#3359=CARTESIAN_POINT('Origin',(3.175,-3.2,-6.585));
#3360=CARTESIAN_POINT('Origin',(3.175,1.,-6.585));
#3361=CARTESIAN_POINT('',(2.975,1.,-6.585));
#3362=CARTESIAN_POINT('',(2.975,1.,-6.585));
#3363=CARTESIAN_POINT('Origin',(3.175,1.,-6.585));
#3364=CARTESIAN_POINT('Origin',(3.175,-3.3,-6.585));
#3365=CARTESIAN_POINT('Origin',(-4.445,-3.25,-6.585));
#3366=CARTESIAN_POINT('',(-4.545,-3.3,-6.585));
#3367=CARTESIAN_POINT('Origin',(-4.445,-3.3,-6.585));
#3368=CARTESIAN_POINT('',(-4.645,-3.2,-6.585));
#3369=CARTESIAN_POINT('',(-4.595,-3.25,-6.585));
#3370=CARTESIAN_POINT('Origin',(-4.445,-3.2,-6.585));
#3371=CARTESIAN_POINT('Origin',(-4.445,1.,-6.585));
#3372=CARTESIAN_POINT('',(-4.645,1.,-6.585));
#3373=CARTESIAN_POINT('',(-4.645,1.,-6.585));
#3374=CARTESIAN_POINT('Origin',(-4.445,1.,-6.585));
#3375=CARTESIAN_POINT('Origin',(-4.445,-3.3,-6.585));
#3376=CARTESIAN_POINT('Origin',(-7.57,0.,3.85909830056251));
#3377=CARTESIAN_POINT('',(-7.53666666666667,0.,3.82183050093751));
#3378=CARTESIAN_POINT('',(-7.53666666666667,-3.5,3.82183050093751));
#3379=CARTESIAN_POINT('',(-7.53666666666667,0.,3.82183050093751));
#3380=CARTESIAN_POINT('',(-7.62,-3.5,3.85909830056251));
#3381=CARTESIAN_POINT('Origin',(-7.57,-3.5,3.85909830056251));
#3382=CARTESIAN_POINT('',(-7.62,0.05,3.85909830056251));
#3383=CARTESIAN_POINT('',(-7.62,0.,3.85909830056251));
#3384=CARTESIAN_POINT('',(-7.57,0.,3.80909830056251));
#3385=CARTESIAN_POINT('Origin',(-7.57,0.05,3.85909830056251));
#3386=CARTESIAN_POINT('Origin',(-7.57,0.,3.85909830056251));
#3387=CARTESIAN_POINT('Origin',(-7.57,0.05,-5.3125));
#3388=CARTESIAN_POINT('',(-7.62,0.0500000000000007,-10.425));
#3389=CARTESIAN_POINT('',(-7.62,0.05,-5.3125));
#3390=CARTESIAN_POINT('',(-7.57,0.,-10.5572875655532));
#3391=CARTESIAN_POINT('Ctrl Pts',(-7.62,0.0500000000000007,-10.425));
#3392=CARTESIAN_POINT('Ctrl Pts',(-7.62,0.0496668211506621,-10.4256663576987));
#3393=CARTESIAN_POINT('Ctrl Pts',(-7.61999666975561,0.0493336389694938,
-10.4263327220587));
#3394=CARTESIAN_POINT('Ctrl Pts',(-7.61981995609674,0.0404952723495148,
-10.444011442529));
#3395=CARTESIAN_POINT('Ctrl Pts',(-7.61747789209188,0.0319580846816784,
-10.4611085624315));
#3396=CARTESIAN_POINT('Ctrl Pts',(-7.60870215560572,0.0173112394563784,
-10.4931375329356));
#3397=CARTESIAN_POINT('Ctrl Pts',(-7.60257249576211,0.0109414077089617,
-10.5083223516918));
#3398=CARTESIAN_POINT('Ctrl Pts',(-7.58701783360506,0.00221739097249061,
-10.5360702783903));
#3399=CARTESIAN_POINT('Ctrl Pts',(-7.5786001601619,-2.55390907841398E-16,
-10.5475359005431));
#3400=CARTESIAN_POINT('Ctrl Pts',(-7.57,8.67361737988404E-18,-10.5572875655532));
#3401=CARTESIAN_POINT('',(-7.57,0.,-5.3125));
#3402=CARTESIAN_POINT('Origin',(7.57,0.,4.82090169944105));
#3403=CARTESIAN_POINT('',(7.53666666666932,0.,4.85816949906842));
#3404=CARTESIAN_POINT('',(7.53666666666932,-3.5,4.85816949906842));
#3405=CARTESIAN_POINT('',(7.53666666666932,0.,4.85816949906842));
#3406=CARTESIAN_POINT('',(7.62,-3.5,4.82090169944105));
#3407=CARTESIAN_POINT('Origin',(7.57,-3.5,4.82090169944105));
#3408=CARTESIAN_POINT('',(7.62,0.05,4.82090169944105));
#3409=CARTESIAN_POINT('',(7.62,0.,4.82090169944105));
#3410=CARTESIAN_POINT('',(7.57,0.,4.87090169944105));
#3411=CARTESIAN_POINT('Origin',(7.57,0.05,4.82090169944105));
#3412=CARTESIAN_POINT('Origin',(7.57,0.,4.82090169944105));
#3413=CARTESIAN_POINT('Ctrl Pts',(-7.54075550010515,0.0795176464084927,
10.5256564560694));
#3414=CARTESIAN_POINT('Ctrl Pts',(-7.52824631999847,0.0920083788762665,
10.5448587220799));
#3415=CARTESIAN_POINT('Ctrl Pts',(-7.50125061498901,0.118667732339821,10.5760741933093));
#3416=CARTESIAN_POINT('Ctrl Pts',(-7.43620037617404,0.183783045177825,10.6133865891983));
#3417=CARTESIAN_POINT('Ctrl Pts',(-7.39392229211204,0.226077707887962,10.625));
#3418=CARTESIAN_POINT('Ctrl Pts',(-7.37607265171034,0.243927348289667,10.625));
#3419=CARTESIAN_POINT('Ctrl Pts',(-7.52873307249695,0.0768475349028344,
10.5328371106335));
#3420=CARTESIAN_POINT('Ctrl Pts',(-7.51589381842478,0.0887854334441358,
10.5503579058681));
#3421=CARTESIAN_POINT('Ctrl Pts',(-7.48853584624481,0.11480793102233,10.5793715417897));
#3422=CARTESIAN_POINT('Ctrl Pts',(-7.42405480303909,0.178172860342195,10.6144855174312));
#3423=CARTESIAN_POINT('Ctrl Pts',(-7.38522413369776,0.218867019507156,10.625));
#3424=CARTESIAN_POINT('Ctrl Pts',(-7.36913169544131,0.236986392020642,10.625));
#3425=CARTESIAN_POINT('Ctrl Pts',(-7.50107798504316,0.0718698340390366,
10.5452220440705));
#3426=CARTESIAN_POINT('Ctrl Pts',(-7.48791500162572,0.0831026026218631,
10.5599842744807));
#3427=CARTESIAN_POINT('Ctrl Pts',(-7.46021081158068,0.108502158040614,10.5852752512392));
#3428=CARTESIAN_POINT('Ctrl Pts',(-7.39777250350514,0.168387211952639,10.6166292028649));
#3429=CARTESIAN_POINT('Ctrl Pts',(-7.36673243410811,0.205823768596764,10.625));
#3430=CARTESIAN_POINT('Ctrl Pts',(-7.35388274175791,0.224471916655792,10.625));
#3431=CARTESIAN_POINT('Ctrl Pts',(-7.44303484052236,0.0651861611086597,
10.558944795908));
#3432=CARTESIAN_POINT('Ctrl Pts',(-7.43003630388872,0.0762419799118779,
10.5711408721604));
#3433=CARTESIAN_POINT('Ctrl Pts',(-7.40216010449325,0.102144451634443,10.5931847387962));
#3434=CARTESIAN_POINT('Ctrl Pts',(-7.35234353323018,0.155656354682446,10.6191259619443));
#3435=CARTESIAN_POINT('Ctrl Pts',(-7.33589148630872,0.191075881132889,10.625));
#3436=CARTESIAN_POINT('Ctrl Pts',(-7.32778647296907,0.210523147592329,10.625));
#3437=CARTESIAN_POINT('Ctrl Pts',(-7.35279691804123,0.0593729843611589,
10.56712916072));
#3438=CARTESIAN_POINT('Ctrl Pts',(-7.34468637480088,0.0707787103675603,
10.5781870739294));
#3439=CARTESIAN_POINT('Ctrl Pts',(-7.32795518495192,0.0971981874369697,
10.5984221220043));
#3440=CARTESIAN_POINT('Ctrl Pts',(-7.30974229922092,0.145708276788709,10.6195363428447));
#3441=CARTESIAN_POINT('Ctrl Pts',(-7.30325075171841,0.182592556506219,10.625));
#3442=CARTESIAN_POINT('Ctrl Pts',(-7.29947035515084,0.201933568162054,10.625));
#3443=CARTESIAN_POINT('Ctrl Pts',(-7.29676420266115,0.0585786437626904,
10.5664213562373));
#3444=CARTESIAN_POINT('Ctrl Pts',(-7.29438272262536,0.0704057626952879,
10.5782484751699));
#3445=CARTESIAN_POINT('Ctrl Pts',(-7.28976716456056,0.0973919895716738,
10.5992780623114));
#3446=CARTESIAN_POINT('Ctrl Pts',(-7.2838831608108,0.145961895105233,10.6200212305667));
#3447=CARTESIAN_POINT('Ctrl Pts',(-7.28116074323602,0.181819486958392,10.625));
#3448=CARTESIAN_POINT('Ctrl Pts',(-7.27983864620183,0.2,10.625));
#3449=CARTESIAN_POINT('Ctrl Pts',(-7.27002265171034,0.0585786437626904,
10.5664213562373));
#3450=CARTESIAN_POINT('Ctrl Pts',(-7.27002265171034,0.0709199852575748,
10.5787626977322));
#3451=CARTESIAN_POINT('Ctrl Pts',(-7.27002265171033,0.0988509326880748,
10.600194803667));
#3452=CARTESIAN_POINT('Ctrl Pts',(-7.27002265171034,0.147641757705376,10.6204046251085));
#3453=CARTESIAN_POINT('Ctrl Pts',(-7.27002265171034,0.182546707480057,10.625));
#3454=CARTESIAN_POINT('Ctrl Pts',(-7.27002265171034,0.2,10.625));
#3455=CARTESIAN_POINT('',(-7.27002265171034,0.2,10.625));
#3456=CARTESIAN_POINT('Origin',(-7.27002265171034,0.2,10.425));
#3457=CARTESIAN_POINT('Origin',(-7.27002265171034,0.349977348289667,10.625));
#3458=CARTESIAN_POINT('Origin',(-7.57,0.05,-5.3125));
#3459=CARTESIAN_POINT('',(-7.57,0.,4.87090169944105));
#3460=CARTESIAN_POINT('',(-7.57,0.,-5.3125));
#3461=CARTESIAN_POINT('',(-7.62,0.05,4.82090169944105));
#3462=CARTESIAN_POINT('',(-7.62,0.05,-5.3125));
#3463=CARTESIAN_POINT('Origin',(-7.57,0.05,4.82090169944105));
#3464=CARTESIAN_POINT('Origin',(7.57,0.05,5.3125));
#3465=CARTESIAN_POINT('',(7.57,0.,3.80909830056251));
#3466=CARTESIAN_POINT('',(7.57,0.,-10.5572875655532));
#3467=CARTESIAN_POINT('',(7.57,0.,5.3125));
#3468=CARTESIAN_POINT('',(7.62,0.05,-10.425));
#3469=CARTESIAN_POINT('Ctrl Pts',(7.57,-3.5108596748044E-30,-10.5572875655532));
#3470=CARTESIAN_POINT('Ctrl Pts',(7.5786001601619,-7.1610718704027E-17,
-10.5475359005431));
#3471=CARTESIAN_POINT('Ctrl Pts',(7.58701783360506,0.00221739097248792,
-10.5360702783903));
#3472=CARTESIAN_POINT('Ctrl Pts',(7.6025724957621,0.010941407708954,-10.5083223516918));
#3473=CARTESIAN_POINT('Ctrl Pts',(7.60870215560569,0.0173112394563549,-10.4931375329357));
#3474=CARTESIAN_POINT('Ctrl Pts',(7.61747789209193,0.031958084681748,-10.4611085624314));
#3475=CARTESIAN_POINT('Ctrl Pts',(7.61981995609673,0.0404952723496407,-10.4440114425304));
#3476=CARTESIAN_POINT('Ctrl Pts',(7.61999666975561,0.0493336389693659,-10.4263327220587));
#3477=CARTESIAN_POINT('Ctrl Pts',(7.62,0.0496668211506483,-10.4256663576987));
#3478=CARTESIAN_POINT('Ctrl Pts',(7.62,0.0499999999999996,-10.425));
#3479=CARTESIAN_POINT('',(7.62,0.05,3.85909830056251));
#3480=CARTESIAN_POINT('',(7.62,0.05,5.3125));
#3481=CARTESIAN_POINT('Origin',(7.57,0.05,3.85909830056251));
#3482=CARTESIAN_POINT('Origin',(-7.42,13.45,-10.425));
#3483=CARTESIAN_POINT('',(-7.42,13.45,-10.625));
#3484=CARTESIAN_POINT('',(-7.42,13.65,-10.425));
#3485=CARTESIAN_POINT('Origin',(-7.42,13.45,-10.425));
#3486=CARTESIAN_POINT('',(-7.62,13.45,-10.425));
#3487=CARTESIAN_POINT('Origin',(-7.42,13.45,-10.425));
#3488=CARTESIAN_POINT('Origin',(-7.42,13.45,-10.425));
#3489=CARTESIAN_POINT('Origin',(-7.42,0.,-10.425));
#3490=CARTESIAN_POINT('',(-7.62,0.,-10.425));
#3491=CARTESIAN_POINT('',(-7.42,0.,-10.625));
#3492=CARTESIAN_POINT('',(-7.42,0.,-10.625));
#3493=CARTESIAN_POINT('Origin',(-7.42,0.,-10.425));
#3494=CARTESIAN_POINT('Ctrl Pts',(7.54048235359151,0.0792444998948543,10.5256564560694));
#3495=CARTESIAN_POINT('Ctrl Pts',(7.52799162112373,0.091753680001534,10.5448587220799));
#3496=CARTESIAN_POINT('Ctrl Pts',(7.50133226766018,0.118749385010997,10.5760741933093));
#3497=CARTESIAN_POINT('Ctrl Pts',(7.43621695482218,0.183799623825965,10.6133865891983));
#3498=CARTESIAN_POINT('Ctrl Pts',(7.39392229211204,0.226077707887961,10.625));
#3499=CARTESIAN_POINT('Ctrl Pts',(7.37607265171033,0.243927348289665,10.625));
#3500=CARTESIAN_POINT('Ctrl Pts',(7.54315246509717,0.0912669275030517,10.5328371106335));
#3501=CARTESIAN_POINT('Ctrl Pts',(7.53121456655586,0.104106181575223,10.5503579058681));
#3502=CARTESIAN_POINT('Ctrl Pts',(7.50519206897767,0.131464153755194,10.5793715417897));
#3503=CARTESIAN_POINT('Ctrl Pts',(7.44182713965781,0.19594519696091,10.6144855174312));
#3504=CARTESIAN_POINT('Ctrl Pts',(7.40113298049284,0.234775866302241,10.625));
#3505=CARTESIAN_POINT('Ctrl Pts',(7.38301360797936,0.25086830455869,10.625));
#3506=CARTESIAN_POINT('Ctrl Pts',(7.54813016596097,0.118922014956852,10.5452220440705));
#3507=CARTESIAN_POINT('Ctrl Pts',(7.53689739737814,0.132084998374289,10.5599842744807));
#3508=CARTESIAN_POINT('Ctrl Pts',(7.51149784195937,0.159789188419312,10.5852752512392));
#3509=CARTESIAN_POINT('Ctrl Pts',(7.45161278804737,0.22222749649486,10.6166292028649));
#3510=CARTESIAN_POINT('Ctrl Pts',(7.41417623140323,0.253267565891889,10.625));
#3511=CARTESIAN_POINT('Ctrl Pts',(7.39552808334421,0.26611725824209,10.625));
#3512=CARTESIAN_POINT('Ctrl Pts',(7.55481383889134,0.176965159477639,10.558944795908));
#3513=CARTESIAN_POINT('Ctrl Pts',(7.54375802008812,0.189963696111279,10.5711408721604));
#3514=CARTESIAN_POINT('Ctrl Pts',(7.51785554836556,0.217839895506753,10.5931847387962));
#3515=CARTESIAN_POINT('Ctrl Pts',(7.46434364531755,0.267656466769824,10.6191259619443));
#3516=CARTESIAN_POINT('Ctrl Pts',(7.42892411886711,0.284108513691288,10.625));
#3517=CARTESIAN_POINT('Ctrl Pts',(7.40947685240767,0.292213527030929,10.625));
#3518=CARTESIAN_POINT('Ctrl Pts',(7.56062701563884,0.26720308195877,10.56712916072));
#3519=CARTESIAN_POINT('Ctrl Pts',(7.54922128963244,0.275313625199122,10.5781870739294));
#3520=CARTESIAN_POINT('Ctrl Pts',(7.52280181256303,0.292044815048088,10.5984221220043));
#3521=CARTESIAN_POINT('Ctrl Pts',(7.47429172321129,0.31025770077908,10.6195363428447));
#3522=CARTESIAN_POINT('Ctrl Pts',(7.43740744349378,0.316749248281598,10.625));
#3523=CARTESIAN_POINT('Ctrl Pts',(7.41806643183795,0.320529644849164,10.625));
#3524=CARTESIAN_POINT('Ctrl Pts',(7.56142135623731,0.323235797338853,10.5664213562373));
#3525=CARTESIAN_POINT('Ctrl Pts',(7.54959423730471,0.325617277374646,10.5782484751699));
#3526=CARTESIAN_POINT('Ctrl Pts',(7.52260801042832,0.330232835439439,10.5992780623114));
#3527=CARTESIAN_POINT('Ctrl Pts',(7.47403810489477,0.336116839189206,10.6200212305667));
#3528=CARTESIAN_POINT('Ctrl Pts',(7.43818051304161,0.338839256763983,10.625));
#3529=CARTESIAN_POINT('Ctrl Pts',(7.42,0.340161353798173,10.625));
#3530=CARTESIAN_POINT('Ctrl Pts',(7.56142135623731,0.349977348289667,10.5664213562373));
#3531=CARTESIAN_POINT('Ctrl Pts',(7.54908001474243,0.349977348289667,10.5787626977322));
#3532=CARTESIAN_POINT('Ctrl Pts',(7.52114906731192,0.349977348289666,10.600194803667));
#3533=CARTESIAN_POINT('Ctrl Pts',(7.47235824229462,0.349977348289667,10.6204046251085));
#3534=CARTESIAN_POINT('Ctrl Pts',(7.43745329251994,0.349977348289667,10.625));
#3535=CARTESIAN_POINT('Ctrl Pts',(7.42,0.349977348289667,10.625));
#3536=CARTESIAN_POINT('',(7.42,0.349977348289667,10.625));
#3537=CARTESIAN_POINT('Origin',(7.42,0.349977348289667,10.425));
#3538=CARTESIAN_POINT('Origin',(7.27002265171033,0.349977348289667,10.625));
#3539=CARTESIAN_POINT('Origin',(7.57,0.05,5.3125));
#3540=CARTESIAN_POINT('',(7.62,0.05,5.3125));
#3541=CARTESIAN_POINT('',(7.57,0.,5.3125));
#3542=CARTESIAN_POINT('Origin',(-7.42,13.45,10.425));
#3543=CARTESIAN_POINT('',(-7.62,13.45,10.425));
#3544=CARTESIAN_POINT('',(-7.42,13.65,10.425));
#3545=CARTESIAN_POINT('Origin',(-7.42,13.45,10.425));
#3546=CARTESIAN_POINT('',(-7.42,13.45,10.625));
#3547=CARTESIAN_POINT('Origin',(-7.42,13.45,10.425));
#3548=CARTESIAN_POINT('Origin',(-7.42,13.45,10.425));
#3549=CARTESIAN_POINT('Origin',(-7.42,0.,10.425));
#3550=CARTESIAN_POINT('',(-7.62,0.,10.425));
#3551=CARTESIAN_POINT('',(-7.42,0.,10.625));
#3552=CARTESIAN_POINT('Origin',(7.42,13.45,-10.425));
#3553=CARTESIAN_POINT('',(7.62,13.45,-10.425));
#3554=CARTESIAN_POINT('',(7.42,13.65,-10.425));
#3555=CARTESIAN_POINT('Origin',(7.42,13.45,-10.425));
#3556=CARTESIAN_POINT('',(7.42,13.45,-10.625));
#3557=CARTESIAN_POINT('Origin',(7.42,13.45,-10.425));
#3558=CARTESIAN_POINT('Origin',(7.42,13.45,-10.425));
#3559=CARTESIAN_POINT('Origin',(7.42,0.,-10.425));
#3560=CARTESIAN_POINT('',(7.42,0.,-10.625));
#3561=CARTESIAN_POINT('',(7.42,0.,-10.625));
#3562=CARTESIAN_POINT('',(7.62,0.,-10.425));
#3563=CARTESIAN_POINT('Origin',(7.42,0.,-10.425));
#3564=CARTESIAN_POINT('Origin',(3.81,13.45,-10.425));
#3565=CARTESIAN_POINT('',(3.81,13.65,-10.425));
#3566=CARTESIAN_POINT('',(3.81,13.45,-10.625));
#3567=CARTESIAN_POINT('Origin',(7.42,13.45,10.425));
#3568=CARTESIAN_POINT('',(7.42,13.45,10.625));
#3569=CARTESIAN_POINT('',(7.42,13.65,10.425));
#3570=CARTESIAN_POINT('Origin',(7.42,13.45,10.425));
#3571=CARTESIAN_POINT('',(7.62,13.45,10.425));
#3572=CARTESIAN_POINT('Origin',(7.42,13.45,10.425));
#3573=CARTESIAN_POINT('Origin',(7.42,13.45,10.425));
#3574=CARTESIAN_POINT('Origin',(7.42,0.,10.425));
#3575=CARTESIAN_POINT('',(7.42,0.,10.625));
#3576=CARTESIAN_POINT('',(7.62,0.,10.425));
#3577=CARTESIAN_POINT('Origin',(7.42,13.45,5.3125));
#3578=CARTESIAN_POINT('',(7.42,13.65,5.3125));
#3579=CARTESIAN_POINT('',(7.62,13.45,5.3125));
#3580=CARTESIAN_POINT('Origin',(-3.81,13.45,10.425));
#3581=CARTESIAN_POINT('',(-3.81,13.65,10.425));
#3582=CARTESIAN_POINT('',(-3.81,13.45,10.625));
#3583=CARTESIAN_POINT('Origin',(-7.42,13.45,-5.3125));
#3584=CARTESIAN_POINT('',(-7.42,13.65,-5.3125));
#3585=CARTESIAN_POINT('',(-7.62,13.45,-5.3125));
#3586=CARTESIAN_POINT('Origin',(-3.81,0.2,10.425));
#3587=CARTESIAN_POINT('',(-3.81,0.2,10.625));
#3588=CARTESIAN_POINT('',(-3.81,0.,10.425));
#3589=CARTESIAN_POINT('Origin',(7.57,0.,3.85909830056251));
#3590=CARTESIAN_POINT('',(7.62,-3.5,3.85909830056251));
#3591=CARTESIAN_POINT('',(7.62,0.,3.85909830056251));
#3592=CARTESIAN_POINT('',(7.53666666666667,-3.5,3.82183050093752));
#3593=CARTESIAN_POINT('Origin',(7.57,-3.5,3.85909830056251));
#3594=CARTESIAN_POINT('',(7.53666666666667,0.,3.82183050093752));
#3595=CARTESIAN_POINT('',(7.53666666666667,0.,3.82183050093752));
#3596=CARTESIAN_POINT('Origin',(7.57,0.,3.85909830056251));
#3597=CARTESIAN_POINT('Origin',(-7.57,0.,4.82090169944105));
#3598=CARTESIAN_POINT('',(-7.62,-3.5,4.82090169944105));
#3599=CARTESIAN_POINT('',(-7.62,0.,4.82090169944105));
#3600=CARTESIAN_POINT('',(-7.53666666666932,-3.5,4.85816949906842));
#3601=CARTESIAN_POINT('Origin',(-7.57,-3.5,4.82090169944105));
#3602=CARTESIAN_POINT('',(-7.53666666666932,0.,4.85816949906842));
#3603=CARTESIAN_POINT('',(-7.53666666666932,0.,4.85816949906842));
#3604=CARTESIAN_POINT('Origin',(-7.57,0.,4.82090169944105));
#3605=CARTESIAN_POINT('Origin',(-7.62,0.,3.915));
#3606=CARTESIAN_POINT('',(-7.495,0.,3.91499999999942));
#3607=CARTESIAN_POINT('Origin',(-7.62,0.,3.915));
#3608=CARTESIAN_POINT('',(-7.495,-3.5,3.91499999999942));
#3609=CARTESIAN_POINT('',(-7.495,0.,3.91499999999942));
#3610=CARTESIAN_POINT('Origin',(-7.62,-3.5,3.915));
#3611=CARTESIAN_POINT('Origin',(7.62,0.,-10.625));
#3612=CARTESIAN_POINT('',(6.62,0.,-10.625));
#3613=CARTESIAN_POINT('',(7.62,0.,-10.625));
#3614=CARTESIAN_POINT('',(6.62,1.,-10.625));
#3615=CARTESIAN_POINT('',(6.62,0.,-10.625));
#3616=CARTESIAN_POINT('',(-6.62,1.,-10.625));
#3617=CARTESIAN_POINT('',(3.81,1.,-10.625));
#3618=CARTESIAN_POINT('',(-6.62,0.,-10.625));
#3619=CARTESIAN_POINT('',(-6.62,0.,-10.625));
#3620=CARTESIAN_POINT('',(7.62,0.,-10.625));
#3621=CARTESIAN_POINT('Origin',(-7.55749999999802,-3.5,4.34));
#3622=CARTESIAN_POINT('',(-7.49499999999603,-3.5,4.76499999999942));
#3623=CARTESIAN_POINT('',(-7.495,-3.5,3.91499999999942));
#3624=CARTESIAN_POINT('Origin',(-7.61999999999603,-3.5,4.765));
#3625=CARTESIAN_POINT('',(-7.62,-3.5,10.625));
#3626=CARTESIAN_POINT('Origin',(-2.22044604925031E-15,0.,2.22044604925031E-15));
#3627=CARTESIAN_POINT('',(-6.62,0.,-5.125));
#3628=CARTESIAN_POINT('',(-6.62,0.,-5.3125));
#3629=CARTESIAN_POINT('',(6.62,0.,-5.125));
#3630=CARTESIAN_POINT('',(-3.31,0.,-5.125));
#3631=CARTESIAN_POINT('',(6.62,0.,-2.5625));
#3632=CARTESIAN_POINT('',(7.495,0.,3.91499999999942));
#3633=CARTESIAN_POINT('Origin',(7.62,0.,3.915));
#3634=CARTESIAN_POINT('',(7.49499999999603,0.,4.76499999999942));
#3635=CARTESIAN_POINT('',(7.49500000000717,0.,2.38250000001724));
#3636=CARTESIAN_POINT('Origin',(7.61999999999603,0.,4.765));
#3637=CARTESIAN_POINT('',(-7.49499999999603,0.,4.76499999999942));
#3638=CARTESIAN_POINT('Origin',(-7.61999999999603,0.,4.765));
#3639=CARTESIAN_POINT('',(-7.49500000000916,0.,1.95750000001724));
#3640=CARTESIAN_POINT('',(5.34,0.,-0.768684377413888));
#3641=CARTESIAN_POINT('Origin',(5.715,0.,-0.0849999999999973));
#3642=CARTESIAN_POINT('Origin',(-5.715,0.,-0.0849999999999973));
#3643=CARTESIAN_POINT('Origin',(-5.715,0.,-0.0849999999999973));
#3644=CARTESIAN_POINT('Origin',(7.62,0.,3.915));
#3645=CARTESIAN_POINT('',(7.495,-3.5,3.91499999999942));
#3646=CARTESIAN_POINT('Origin',(7.62,-3.5,3.915));
#3647=CARTESIAN_POINT('',(7.495,0.,3.91499999999942));
#3648=CARTESIAN_POINT('Origin',(7.62,0.,10.625));
#3649=CARTESIAN_POINT('',(7.62,-3.5,-10.625));
#3650=CARTESIAN_POINT('Origin',(7.55749999999801,-3.5,4.34));
#3651=CARTESIAN_POINT('',(7.49499999999603,-3.5,4.76499999999942));
#3652=CARTESIAN_POINT('Origin',(7.61999999999603,-3.5,4.765));
#3653=CARTESIAN_POINT('',(7.495,-3.5,3.91499999999942));
#3654=CARTESIAN_POINT('Origin',(-7.62,0.,10.625));
#3655=CARTESIAN_POINT('',(2.25,2.14999999999999,10.625));
#3656=CARTESIAN_POINT('',(2.25,0.5,10.625));
#3657=CARTESIAN_POINT('',(2.25000000000001,1.07499999999999,10.625));
#3658=CARTESIAN_POINT('',(-2.25,0.5,10.625));
#3659=CARTESIAN_POINT('',(-2.685,0.5,10.625));
#3660=CARTESIAN_POINT('',(-2.25,2.14999999999999,10.625));
#3661=CARTESIAN_POINT('',(-2.25000000000001,0.25,10.625));
#3662=CARTESIAN_POINT('',(-3.25,2.14999999999999,10.625));
#3663=CARTESIAN_POINT('',(-4.935,2.14999999999999,10.625));
#3664=CARTESIAN_POINT('',(-3.25,4.14999999999999,10.625));
#3665=CARTESIAN_POINT('',(-3.25,1.07499999999999,10.625));
#3666=CARTESIAN_POINT('',(-6.,4.14999999999999,10.625));
#3667=CARTESIAN_POINT('',(-5.435,4.14999999999999,10.625));
#3668=CARTESIAN_POINT('',(-6.,11.15,10.625));
#3669=CARTESIAN_POINT('',(-6.,2.07499999999999,10.625));
#3670=CARTESIAN_POINT('',(6.,11.15,10.625));
#3671=CARTESIAN_POINT('',(-6.80999999999999,11.15,10.625));
#3672=CARTESIAN_POINT('',(6.,4.14999999999999,10.625));
#3673=CARTESIAN_POINT('',(6.,5.575,10.625));
#3674=CARTESIAN_POINT('',(3.25,4.14999999999999,10.625));
#3675=CARTESIAN_POINT('',(-0.810000000000001,4.14999999999999,10.625));
#3676=CARTESIAN_POINT('',(3.25,2.14999999999999,10.625));
#3677=CARTESIAN_POINT('',(3.25,2.07499999999999,10.625));
#3678=CARTESIAN_POINT('',(-2.185,2.14999999999998,10.625));
#3679=CARTESIAN_POINT('Origin',(-2.22044604925031E-15,13.65,2.22044604925031E-15));
#3680=CARTESIAN_POINT('Origin',(2.25,2.14999999999999,10.625));
#3681=CARTESIAN_POINT('',(2.25,0.5,-5.025));
#3682=CARTESIAN_POINT('',(2.25,2.14999999999999,-5.025));
#3683=CARTESIAN_POINT('',(2.25,3.9875,-5.025));
#3684=CARTESIAN_POINT('',(2.25,0.5,10.625));
#3685=CARTESIAN_POINT('',(2.25,2.14999999999999,10.625));
#3686=CARTESIAN_POINT('Origin',(3.25,2.14999999999999,10.625));
#3687=CARTESIAN_POINT('',(3.25,2.14999999999999,-5.025));
#3688=CARTESIAN_POINT('',(1.625,2.14999999999999,-5.025));
#3689=CARTESIAN_POINT('',(3.25,2.14999999999999,10.625));
#3690=CARTESIAN_POINT('Origin',(3.25,4.14999999999999,10.625));
#3691=CARTESIAN_POINT('',(3.25,4.14999999999999,-5.025));
#3692=CARTESIAN_POINT('',(3.25,4.9875,-5.025));
#3693=CARTESIAN_POINT('',(3.25,4.14999999999999,10.625));
#3694=CARTESIAN_POINT('Origin',(6.,4.14999999999999,10.625));
#3695=CARTESIAN_POINT('',(6.,4.14999999999999,-5.025));
#3696=CARTESIAN_POINT('',(3.,4.14999999999999,-5.025));
#3697=CARTESIAN_POINT('',(6.,4.14999999999999,10.625));
#3698=CARTESIAN_POINT('Origin',(6.,11.15,10.625));
#3699=CARTESIAN_POINT('',(6.,11.15,-5.025));
#3700=CARTESIAN_POINT('',(6.,8.4875,-5.025));
#3701=CARTESIAN_POINT('',(6.,11.15,10.625));
#3702=CARTESIAN_POINT('Origin',(-5.99999999999999,11.15,10.625));
#3703=CARTESIAN_POINT('',(-6.,11.15,-5.025));
#3704=CARTESIAN_POINT('',(-2.99999999999999,11.15,-5.025));
#3705=CARTESIAN_POINT('',(-6.,11.15,10.625));
#3706=CARTESIAN_POINT('Origin',(-6.,4.14999999999999,10.625));
#3707=CARTESIAN_POINT('',(-6.,4.14999999999999,-5.025));
#3708=CARTESIAN_POINT('',(-6.,4.9875,-5.025));
#3709=CARTESIAN_POINT('',(-6.,4.14999999999999,10.625));
#3710=CARTESIAN_POINT('Origin',(-3.25,4.14999999999999,10.625));
#3711=CARTESIAN_POINT('',(-3.25,4.14999999999999,-5.025));
#3712=CARTESIAN_POINT('',(-1.625,4.14999999999999,-5.025));
#3713=CARTESIAN_POINT('',(-3.25,4.14999999999999,10.625));
#3714=CARTESIAN_POINT('Origin',(-3.25,2.14999999999999,10.625));
#3715=CARTESIAN_POINT('',(-3.25,2.14999999999999,-5.025));
#3716=CARTESIAN_POINT('',(-3.25,3.9875,-5.025));
#3717=CARTESIAN_POINT('',(-3.25,2.14999999999999,10.625));
#3718=CARTESIAN_POINT('Origin',(-2.25,2.14999999999999,10.625));
#3719=CARTESIAN_POINT('',(-2.25,2.14999999999999,-5.025));
#3720=CARTESIAN_POINT('',(-1.125,2.14999999999999,-5.025));
#3721=CARTESIAN_POINT('',(-2.25,2.14999999999999,10.625));
#3722=CARTESIAN_POINT('Origin',(-2.25,0.5,10.625));
#3723=CARTESIAN_POINT('',(-2.25,0.5,-5.025));
#3724=CARTESIAN_POINT('',(-2.25,3.1625,-5.025));
#3725=CARTESIAN_POINT('',(-2.25,0.5,10.625));
#3726=CARTESIAN_POINT('Origin',(2.25,0.5,10.625));
#3727=CARTESIAN_POINT('',(1.125,0.5,-5.025));
#3728=CARTESIAN_POINT('Origin',(0.,5.82500000000001,-5.025));
#3729=CARTESIAN_POINT('Origin',(7.49499999999603,0.,4.76499999999942));
#3730=CARTESIAN_POINT('',(7.49499999999603,0.,4.76499999999942));
#3731=CARTESIAN_POINT('Origin',(7.61999999999603,0.,4.765));
#3732=CARTESIAN_POINT('Origin',(-5.715,0.,-0.0849999999999973));
#3733=CARTESIAN_POINT('Origin',(-5.715,0.,-0.0849999999999973));
#3734=CARTESIAN_POINT('Origin',(5.715,0.,-0.0849999999999973));
#3735=CARTESIAN_POINT('Origin',(-7.495,0.,3.91499999999942));
#3736=CARTESIAN_POINT('',(-7.49499999999603,0.,4.76499999999942));
#3737=CARTESIAN_POINT('Origin',(-7.61999999999603,0.,4.765));
#3738=CARTESIAN_POINT('Origin',(5.34,0.,-1.53736875482778));
#3739=CARTESIAN_POINT('Origin',(6.62,0.,-5.125));
#3740=CARTESIAN_POINT('',(6.62,1.,-5.125));
#3741=CARTESIAN_POINT('',(6.62,0.,-5.125));
#3742=CARTESIAN_POINT('',(6.62,1.,-10.625));
#3743=CARTESIAN_POINT('Origin',(-6.62,0.,-5.125));
#3744=CARTESIAN_POINT('',(-6.62,1.,-5.125));
#3745=CARTESIAN_POINT('',(-6.62,0.,-5.125));
#3746=CARTESIAN_POINT('',(6.62,1.,-5.125));
#3747=CARTESIAN_POINT('Origin',(-6.62,0.,-10.625));
#3748=CARTESIAN_POINT('',(-6.62,1.,-5.125));
#3749=CARTESIAN_POINT('Origin',(-1.11022302462516E-15,1.,-7.875));
#3750=CARTESIAN_POINT('Origin',(-7.62,0.,-10.625));
#3751=UNCERTAINTY_MEASURE_WITH_UNIT(LENGTH_MEASURE(0.01),#3755,
'DISTANCE_ACCURACY_VALUE',
'Maximum model space distance between geometric entities at asserted c
onnectivities');
#3752=UNCERTAINTY_MEASURE_WITH_UNIT(LENGTH_MEASURE(0.01),#3755,
'DISTANCE_ACCURACY_VALUE',
'Maximum model space distance between geometric entities at asserted c
onnectivities');
#3753=(
GEOMETRIC_REPRESENTATION_CONTEXT(3)
GLOBAL_UNCERTAINTY_ASSIGNED_CONTEXT((#3751))
GLOBAL_UNIT_ASSIGNED_CONTEXT((#3755,#3757,#3758))
REPRESENTATION_CONTEXT('','3D')
);
#3754=(
GEOMETRIC_REPRESENTATION_CONTEXT(3)
GLOBAL_UNCERTAINTY_ASSIGNED_CONTEXT((#3752))
GLOBAL_UNIT_ASSIGNED_CONTEXT((#3755,#3757,#3758))
REPRESENTATION_CONTEXT('','3D')
);
#3755=(
LENGTH_UNIT()
NAMED_UNIT(*)
SI_UNIT(.MILLI.,.METRE.)
);
#3756=(
LENGTH_UNIT()
NAMED_UNIT(*)
SI_UNIT($,.METRE.)
);
#3757=(
NAMED_UNIT(*)
PLANE_ANGLE_UNIT()
SI_UNIT($,.RADIAN.)
);
#3758=(
NAMED_UNIT(*)
SI_UNIT($,.STERADIAN.)
SOLID_ANGLE_UNIT()
);
#3759=SHAPE_DEFINITION_REPRESENTATION(#3760,#3761);
#3760=PRODUCT_DEFINITION_SHAPE('',$,#3763);
#3761=SHAPE_REPRESENTATION('',(#1747),#3753);
#3762=PRODUCT_DEFINITION_CONTEXT('part definition',#3767,'design');
#3763=PRODUCT_DEFINITION('2026-02-26-18-43-52-975',
'Treedix_RJ45_8_pin_CAD',#3764,#3762);
#3764=PRODUCT_DEFINITION_FORMATION('',$,#3769);
#3765=PRODUCT_RELATED_PRODUCT_CATEGORY('Treedix_RJ45_8_pin_CAD',
'Treedix_RJ45_8_pin_CAD',(#3769));
#3766=APPLICATION_PROTOCOL_DEFINITION('international standard',
'automotive_design',2009,#3767);
#3767=APPLICATION_CONTEXT(
'Core Data for Automotive Mechanical Design Process');
#3768=PRODUCT_CONTEXT('part definition',#3767,'mechanical');
#3769=PRODUCT('2026-02-26-18-43-52-975','Treedix_RJ45_8_pin_CAD',$,(#3768));
#3770=PRESENTATION_STYLE_ASSIGNMENT((#3772));
#3771=PRESENTATION_STYLE_ASSIGNMENT((#3773));
#3772=SURFACE_STYLE_USAGE(.BOTH.,#3774);
#3773=SURFACE_STYLE_USAGE(.BOTH.,#3775);
#3774=SURFACE_SIDE_STYLE('',(#3776));
#3775=SURFACE_SIDE_STYLE('',(#3777));
#3776=SURFACE_STYLE_FILL_AREA(#3778);
#3777=SURFACE_STYLE_FILL_AREA(#3779);
#3778=FILL_AREA_STYLE('Steel - Satin',(#3780));
#3779=FILL_AREA_STYLE('Steel - Satin',(#3781));
#3780=FILL_AREA_STYLE_COLOUR('Steel - Satin',#3782);
#3781=FILL_AREA_STYLE_COLOUR('Steel - Satin',#3783);
#3782=COLOUR_RGB('Steel - Satin',0.627450980392157,0.627450980392157,0.627450980392157);
#3783=COLOUR_RGB('Steel - Satin',0.490196078431373,0.490196078431373,0.490196078431373);
ENDSEC;
END-ISO-10303-21;
