ISO-10303-21;
HEADER;
/* Generated by software containing ST-Developer
 * from STEP Tools, Inc. (www.steptools.com) 
 */

FILE_DESCRIPTION(
/* description */ ('STEP AP214'),
/* implementation_level */ '2;1');

FILE_NAME(
/* name */ 'XT30_Connector.step',
/* time_stamp */ '2026-10-08T19:56:54-04:00',
/* author */ (''),
/* organization */ (''),
/* preprocessor_version */ 'ST-DEVELOPER v20.2',
/* originating_system */ 'Autodesk Translation Framework v15.15.0.0',
/* authorisation */ '');

FILE_SCHEMA (('AUTOMOTIVE_DESIGN { 1 0 10303 214 3 1 1 }'));
ENDSEC;

DATA;
#10=MECHANICAL_DESIGN_GEOMETRIC_PRESENTATION_REPRESENTATION('',(#102,#103,
#104,#105,#106,#107,#108),#8666);
#11=SHAPE_REPRESENTATION_RELATIONSHIP('SRR','None',#8673,#12);
#12=ADVANCED_BREP_SHAPE_REPRESENTATION('',(#109,#110,#111,#112,#113,#114,
#115),#8665);
#13=FACE_BOUND('',#1146,.T.);
#14=FACE_BOUND('',#1161,.T.);
#15=FACE_BOUND('',#1175,.T.);
#16=FACE_BOUND('',#1211,.T.);
#17=FACE_BOUND('',#1212,.T.);
#18=FACE_BOUND('',#1249,.T.);
#19=FACE_BOUND('',#1251,.T.);
#20=FACE_BOUND('',#1264,.T.);
#21=FACE_BOUND('',#1266,.T.);
#22=ELLIPSE('',#3813,0.113137084989879,0.0800000000000199);
#23=ELLIPSE('',#3817,0.113137084989875,0.0800000000000177);
#24=ELLIPSE('',#3820,0.113137084989841,0.0799999999999952);
#25=ELLIPSE('',#3824,0.113137084989886,0.0800000000000209);
#26=ELLIPSE('',#3904,0.113137084989893,0.0800000000000373);
#27=ELLIPSE('',#3910,0.113137084989883,0.0800000000000218);
#28=ELLIPSE('',#3914,0.113137084989815,0.0799999999999776);
#29=ELLIPSE('',#3917,0.113137084989888,0.0800000000000286);
#30=B_SPLINE_CURVE_WITH_KNOTS('',3,(#5461,#5462,#5463,#5464,#5465,#5466,
#5467,#5468),.UNSPECIFIED.,.F.,.F.,(4,2,2,4),(0.,0.25,0.5,1.),
 .UNSPECIFIED.);
#31=B_SPLINE_CURVE_WITH_KNOTS('',3,(#5471,#5472,#5473,#5474,#5475,#5476,
#5477,#5478,#5479,#5480,#5481,#5482,#5483,#5484,#5485,#5486,#5487,#5488,
#5489,#5490,#5491,#5492,#5493,#5494,#5495,#5496,#5497,#5498,#5499,#5500,
#5501,#5502,#5503,#5504,#5505,#5506,#5507,#5508,#5509,#5510,#5511,#5512,
#5513,#5514,#5515,#5516,#5517,#5518,#5519),.UNSPECIFIED.,.F.,.F.,(4,3,3,
3,3,3,3,3,3,3,3,3,3,3,3,3,4),(0.,0.0890997602675679,0.17451129401252,0.25588347050939,
0.334071369956995,0.410163879725831,0.483791454434305,0.5,0.571791068865055,
0.641153452968583,0.707542250785205,0.75,0.8125,0.872711885573819,0.931271557090687,
0.988028687272701,1.),.UNSPECIFIED.);
#32=B_SPLINE_CURVE_WITH_KNOTS('',3,(#5538,#5539,#5540,#5541,#5542,#5543,
#5544,#5545),.UNSPECIFIED.,.F.,.F.,(4,2,2,4),(0.,0.25,0.5,1.),
 .UNSPECIFIED.);
#33=B_SPLINE_CURVE_WITH_KNOTS('',3,(#5548,#5549,#5550,#5551,#5552,#5553,
#5554,#5555,#5556,#5557,#5558,#5559,#5560,#5561,#5562,#5563,#5564,#5565,
#5566,#5567,#5568,#5569,#5570,#5571,#5572,#5573,#5574,#5575,#5576,#5577,
#5578,#5579,#5580,#5581,#5582,#5583,#5584,#5585,#5586,#5587,#5588,#5589,
#5590,#5591,#5592,#5593,#5594,#5595,#5596),.UNSPECIFIED.,.F.,.F.,(4,3,3,
3,3,3,3,3,3,3,3,3,3,3,3,3,4),(0.,0.0890997602675769,0.174511294012513,0.255883470509385,
0.334071369957098,0.410163879725813,0.483791454433927,0.5,0.571791068865057,
0.641153452968581,0.707542250785193,0.75,0.8125,0.872711885573821,0.93127155709069,
0.988028687272711,1.),.UNSPECIFIED.);
#34=B_SPLINE_CURVE_WITH_KNOTS('',3,(#5615,#5616,#5617,#5618,#5619,#5620,
#5621,#5622),.UNSPECIFIED.,.F.,.F.,(4,2,2,4),(0.,0.25,0.5,1.),
 .UNSPECIFIED.);
#35=B_SPLINE_CURVE_WITH_KNOTS('',3,(#5625,#5626,#5627,#5628,#5629,#5630,
#5631,#5632,#5633,#5634,#5635,#5636,#5637,#5638,#5639,#5640,#5641,#5642,
#5643,#5644,#5645,#5646,#5647,#5648,#5649,#5650,#5651,#5652,#5653,#5654,
#5655,#5656,#5657,#5658,#5659,#5660,#5661,#5662,#5663,#5664,#5665,#5666,
#5667,#5668,#5669,#5670,#5671,#5672,#5673),.UNSPECIFIED.,.F.,.F.,(4,3,3,
3,3,3,3,3,3,3,3,3,3,3,3,3,4),(0.,0.0890997602675518,0.174511294012509,0.255883470509382,
0.334071369956983,0.41016387972582,0.483791454434204,0.5,0.57179106886504,
0.641153452968552,0.707542250785167,0.75,0.8125,0.87271188557382,0.931271557090683,
0.988028687272691,1.),.UNSPECIFIED.);
#36=B_SPLINE_CURVE_WITH_KNOTS('',3,(#5690,#5691,#5692,#5693,#5694,#5695,
#5696,#5697,#5698,#5699,#5700,#5701,#5702,#5703,#5704,#5705,#5706,#5707,
#5708,#5709,#5710,#5711,#5712,#5713,#5714,#5715,#5716,#5717,#5718,#5719,
#5720,#5721,#5722,#5723,#5724,#5725,#5726,#5727,#5728,#5729,#5730,#5731,
#5732,#5733,#5734,#5735,#5736,#5737,#5738),.UNSPECIFIED.,.F.,.F.,(4,3,3,
3,3,3,3,3,3,3,3,3,3,3,3,3,4),(0.,0.0890997602675649,0.174511294012457,0.255883470509343,
0.334071369956952,0.410163879725645,0.48379145443405,0.500000000000001,
0.571791068865027,0.641153452968549,0.707542250785182,0.75,0.8125,0.872711885573821,
0.931271557090674,0.988028687272664,1.),.UNSPECIFIED.);
#37=B_SPLINE_CURVE_WITH_KNOTS('',3,(#5739,#5740,#5741,#5742,#5743,#5744,
#5745,#5746),.UNSPECIFIED.,.F.,.F.,(4,2,2,4),(0.,0.25,0.499999999999999,
1.),.UNSPECIFIED.);
#38=B_SPLINE_CURVE_WITH_KNOTS('',3,(#5767,#5768,#5769,#5770,#5771,#5772),
 .UNSPECIFIED.,.F.,.F.,(4,2,4),(0.,0.5,1.),.UNSPECIFIED.);
#39=B_SPLINE_CURVE_WITH_KNOTS('',3,(#5797,#5798,#5799,#5800,#5801,#5802),
 .UNSPECIFIED.,.F.,.F.,(4,2,4),(0.,0.5,1.),.UNSPECIFIED.);
#40=B_SPLINE_CURVE_WITH_KNOTS('',3,(#5827,#5828,#5829,#5830,#5831,#5832),
 .UNSPECIFIED.,.F.,.F.,(4,2,4),(0.,0.5,1.),.UNSPECIFIED.);
#41=B_SPLINE_CURVE_WITH_KNOTS('',3,(#5840,#5841,#5842,#5843,#5844,#5845,
#5846,#5847,#5848,#5849,#5850,#5851,#5852,#5853),.UNSPECIFIED.,.F.,.F.,
(4,2,2,2,2,2,4),(0.,0.125,0.25,0.375,0.5,0.75,1.),.UNSPECIFIED.);
#42=B_SPLINE_CURVE_WITH_KNOTS('',3,(#5897,#5898,#5899,#5900,#5901,#5902),
 .UNSPECIFIED.,.F.,.F.,(4,2,4),(0.,0.5,1.),.UNSPECIFIED.);
#43=B_SPLINE_CURVE_WITH_KNOTS('',3,(#5910,#5911,#5912,#5913,#5914,#5915,
#5916,#5917,#5918,#5919,#5920,#5921,#5922,#5923),.UNSPECIFIED.,.F.,.F.,
(4,2,2,2,2,2,4),(0.,0.125,0.25,0.375,0.5,0.75,1.),.UNSPECIFIED.);
#44=B_SPLINE_CURVE_WITH_KNOTS('',3,(#5949,#5950,#5951,#5952,#5953,#5954,
#5955,#5956,#5957,#5958,#5959,#5960,#5961,#5962),.UNSPECIFIED.,.F.,.F.,
(4,2,2,2,2,2,4),(0.,0.125,0.25,0.375,0.5,0.75,1.),.UNSPECIFIED.);
#45=B_SPLINE_CURVE_WITH_KNOTS('',3,(#6008,#6009,#6010,#6011,#6012,#6013),
 .UNSPECIFIED.,.F.,.F.,(4,2,4),(0.,0.5,1.),.UNSPECIFIED.);
#46=B_SPLINE_CURVE_WITH_KNOTS('',3,(#6151,#6152,#6153,#6154,#6155,#6156,
#6157,#6158,#6159,#6160,#6161,#6162,#6163,#6164,#6165,#6166,#6167,#6168,
#6169,#6170,#6171,#6172,#6173,#6174,#6175,#6176,#6177,#6178,#6179,#6180,
#6181,#6182,#6183,#6184,#6185,#6186,#6187,#6188,#6189,#6190,#6191,#6192,
#6193,#6194,#6195,#6196,#6197,#6198,#6199),.UNSPECIFIED.,.F.,.F.,(4,3,3,
3,3,3,3,3,3,3,3,3,3,3,3,3,4),(0.,0.0566630913534406,0.115611256754133,0.176094797975828,
0.239285771832829,0.25,0.316701391735745,0.385209585041936,0.457224387189818,
0.5,0.574194860882147,0.650414024559252,0.728969286427538,0.811654871418048,
0.897024750253778,0.986653171247248,1.),.UNSPECIFIED.);
#47=B_SPLINE_CURVE_WITH_KNOTS('',3,(#6202,#6203,#6204,#6205,#6206,#6207,
#6208,#6209),.UNSPECIFIED.,.F.,.F.,(4,2,2,4),(0.,0.5,0.75,1.),
 .UNSPECIFIED.);
#48=B_SPLINE_CURVE_WITH_KNOTS('',3,(#6232,#6233,#6234,#6235,#6236,#6237,
#6238,#6239),.UNSPECIFIED.,.F.,.F.,(4,2,2,4),(0.,0.500000000000001,0.75,
1.),.UNSPECIFIED.);
#49=B_SPLINE_CURVE_WITH_KNOTS('',3,(#6240,#6241,#6242,#6243,#6244,#6245,
#6246,#6247,#6248,#6249,#6250,#6251,#6252,#6253,#6254,#6255,#6256,#6257,
#6258,#6259,#6260,#6261,#6262,#6263,#6264,#6265,#6266,#6267,#6268,#6269,
#6270,#6271,#6272,#6273,#6274,#6275,#6276,#6277,#6278,#6279,#6280,#6281,
#6282,#6283,#6284,#6285,#6286,#6287,#6288),.UNSPECIFIED.,.F.,.F.,(4,3,3,
3,3,3,3,3,3,3,3,3,3,3,3,3,4),(0.,0.0566630913534389,0.115611256754138,0.176094797975831,
0.239285771832834,0.25,0.316701391735745,0.385209585041928,0.457224387189856,
0.5,0.574194860882111,0.65041402455919,0.728969286427625,0.811654871418047,
0.897024750253823,0.986653171247167,1.),.UNSPECIFIED.);
#50=B_SPLINE_CURVE_WITH_KNOTS('',3,(#6307,#6308,#6309,#6310,#6311,#6312,
#6313,#6314,#6315,#6316,#6317,#6318,#6319,#6320,#6321,#6322,#6323,#6324,
#6325,#6326,#6327,#6328,#6329,#6330,#6331,#6332,#6333,#6334,#6335,#6336,
#6337,#6338,#6339,#6340,#6341,#6342,#6343,#6344,#6345,#6346,#6347,#6348,
#6349,#6350,#6351,#6352,#6353,#6354,#6355),.UNSPECIFIED.,.F.,.F.,(4,3,3,
3,3,3,3,3,3,3,3,3,3,3,3,3,4),(0.,0.0566630913534271,0.11561125675412,0.176094797975808,
0.239285771832787,0.25,0.316701391735769,0.385209585041972,0.457224387189894,
0.5,0.574194860882111,0.650414024559211,0.728969286427586,0.811654871418086,
0.897024750253915,0.986653171246861,1.),.UNSPECIFIED.);
#51=B_SPLINE_CURVE_WITH_KNOTS('',3,(#6358,#6359,#6360,#6361,#6362,#6363,
#6364,#6365),.UNSPECIFIED.,.F.,.F.,(4,2,2,4),(0.,0.499999999999999,0.75,
1.),.UNSPECIFIED.);
#52=B_SPLINE_CURVE_WITH_KNOTS('',3,(#6385,#6386,#6387,#6388,#6389,#6390),
 .UNSPECIFIED.,.F.,.F.,(4,2,4),(0.,0.5,1.),.UNSPECIFIED.);
#53=B_SPLINE_CURVE_WITH_KNOTS('',3,(#6398,#6399,#6400,#6401,#6402,#6403,
#6404,#6405,#6406,#6407,#6408,#6409,#6410,#6411,#6412,#6413,#6414,#6415,
#6416,#6417,#6418,#6419,#6420,#6421,#6422,#6423,#6424,#6425,#6426,#6427,
#6428,#6429,#6430,#6431,#6432,#6433,#6434,#6435,#6436,#6437,#6438,#6439,
#6440,#6441,#6442,#6443),.UNSPECIFIED.,.F.,.F.,(4,3,3,3,3,3,3,3,3,3,3,3,
3,3,3,4),(0.,0.0670548438905662,0.125,0.201263037795669,0.25,0.318350954924301,
0.375,0.440609211075935,0.5,0.500877864158399,0.588085568693779,0.678232000991115,
0.75,0.842494805796473,0.932707752112529,1.),.UNSPECIFIED.);
#54=B_SPLINE_CURVE_WITH_KNOTS('',3,(#6491,#6492,#6493,#6494,#6495,#6496,
#6497,#6498,#6499,#6500,#6501,#6502,#6503,#6504,#6505,#6506,#6507,#6508,
#6509,#6510,#6511,#6512,#6513,#6514,#6515,#6516,#6517,#6518,#6519,#6520,
#6521),.UNSPECIFIED.,.F.,.F.,(4,3,3,3,3,3,3,3,3,3,4),(0.,0.188595102351331,
0.25,0.380033488604437,0.499907706612095,0.5,0.669411024360531,0.75,0.862709991262619,
0.970182610906739,1.),.UNSPECIFIED.);
#55=B_SPLINE_CURVE_WITH_KNOTS('',3,(#6524,#6525,#6526,#6527,#6528,#6529,
#6530,#6531,#6532,#6533,#6534,#6535,#6536,#6537,#6538,#6539,#6540,#6541,
#6542,#6543,#6544,#6545,#6546,#6547,#6548,#6549,#6550,#6551,#6552,#6553,
#6554,#6555,#6556,#6557,#6558,#6559,#6560),.UNSPECIFIED.,.F.,.F.,(4,3,3,
3,3,3,3,3,3,3,3,3,4),(0.,0.0885769979462267,0.177501504250641,0.267240672953024,
0.35764444408271,0.449635060452674,0.5,0.609031599716327,0.706773699787246,
0.798403401664503,0.886457112692874,0.970888798272646,1.),.UNSPECIFIED.);
#56=B_SPLINE_CURVE_WITH_KNOTS('',3,(#6581,#6582,#6583,#6584,#6585,#6586),
 .UNSPECIFIED.,.F.,.F.,(4,2,4),(0.,0.5,1.),.UNSPECIFIED.);
#57=B_SPLINE_CURVE_WITH_KNOTS('',3,(#6611,#6612,#6613,#6614,#6615,#6616),
 .UNSPECIFIED.,.F.,.F.,(4,2,4),(0.,0.5,1.),.UNSPECIFIED.);
#58=B_SPLINE_CURVE_WITH_KNOTS('',3,(#6640,#6641,#6642,#6643,#6644,#6645),
 .UNSPECIFIED.,.F.,.F.,(4,2,4),(0.,0.5,1.),.UNSPECIFIED.);
#59=B_SPLINE_CURVE_WITH_KNOTS('',3,(#6653,#6654,#6655,#6656,#6657,#6658,
#6659,#6660,#6661,#6662,#6663,#6664,#6665,#6666,#6667,#6668,#6669,#6670,
#6671,#6672,#6673,#6674,#6675,#6676,#6677,#6678,#6679,#6680,#6681,#6682,
#6683,#6684,#6685,#6686,#6687,#6688,#6689,#6690,#6691,#6692,#6693,#6694,
#6695,#6696,#6697,#6698),.UNSPECIFIED.,.F.,.F.,(4,3,3,3,3,3,3,3,3,3,3,3,
3,3,3,4),(0.,0.067054843890625,0.125,0.201263037795636,0.25,0.31835095492438,
0.375,0.440609211075929,0.500000000000001,0.500877864158402,0.588085568693838,
0.678232000991134,0.75,0.842494805798484,0.932707752116809,1.),
 .UNSPECIFIED.);
#60=B_SPLINE_CURVE_WITH_KNOTS('',3,(#6741,#6742,#6743,#6744,#6745,#6746,
#6747,#6748),.UNSPECIFIED.,.F.,.F.,(4,2,2,4),(0.,0.499999999999999,0.75,
1.),.UNSPECIFIED.);
#61=B_SPLINE_CURVE_WITH_KNOTS('',3,(#6767,#6768,#6769,#6770,#6771,#6772,
#6773,#6774,#6775,#6776,#6777,#6778,#6779,#6780,#6781,#6782,#6783,#6784,
#6785,#6786,#6787,#6788,#6789,#6790,#6791,#6792,#6793,#6794,#6795,#6796,
#6797,#6798,#6799,#6800,#6801,#6802,#6803,#6804,#6805,#6806,#6807,#6808,
#6809,#6810,#6811,#6812),.UNSPECIFIED.,.F.,.F.,(4,3,3,3,3,3,3,3,3,3,3,3,
3,3,3,4),(0.,0.0670548438906132,0.125,0.201263037795922,0.25,0.318350954924374,
0.375,0.440609211076042,0.500000000000001,0.500877864158396,0.588085568693748,
0.678232000991021,0.75,0.842494805796617,0.932707752112846,1.),
 .UNSPECIFIED.);
#62=B_SPLINE_CURVE_WITH_KNOTS('',3,(#6844,#6845,#6846,#6847,#6848,#6849,
#6850,#6851,#6852,#6853,#6854,#6855,#6856,#6857,#6858,#6859,#6860,#6861,
#6862,#6863,#6864,#6865,#6866,#6867,#6868,#6869,#6870,#6871,#6872,#6873,
#6874,#6875,#6876,#6877,#6878,#6879,#6880,#6881),.UNSPECIFIED.,.F.,.F.,
(4,2,2,2,2,2,2,2,2,2,2,2,2,2,2,2,2,2,4),(-0.04354057559764,-0.0404195051262165,
-0.0371107295477654,-0.0315003853332677,-0.0313869706635907,-0.0309178880812867,
-0.0299131320934335,-0.0244678282665659,-0.0211917162353203,-0.0211422266658048,
-0.0152345479466721,-0.0130215202650498,-0.0120620857393719,-0.0116141825370476,
-0.0115058902444292,-0.0113985126816406,-0.00608763767256015,-0.00295540141781166,
0.),.UNSPECIFIED.);
#63=B_SPLINE_CURVE_WITH_KNOTS('',3,(#6907,#6908,#6909,#6910,#6911,#6912,
#6913,#6914,#6915,#6916,#6917,#6918,#6919,#6920,#6921,#6922,#6923,#6924,
#6925,#6926,#6927,#6928,#6929,#6930,#6931,#6932,#6933,#6934,#6935,#6936,
#6937,#6938,#6939,#6940,#6941,#6942,#6943,#6944,#6945,#6946),
 .UNSPECIFIED.,.F.,.F.,(4,2,2,2,2,2,2,2,2,2,2,2,2,2,2,2,2,2,2,4),(-0.086658342939739,
-0.0803066448566227,-0.0735748963709916,-0.0564538340250586,-0.0561076729918999,
-0.0557585630788038,-0.054314624244075,-0.0512216238725663,-0.0440873220958341,
-0.0250422992357065,-0.0248827560352482,-0.0163573843850262,-0.0141722612652993,
-0.0132247956206117,-0.0130035038004314,-0.0128946921373464,-0.0126789681932346,
-0.00606506509981051,-0.00294430505914398,0.),.UNSPECIFIED.);
#64=B_SPLINE_CURVE_WITH_KNOTS('',3,(#7026,#7027,#7028,#7029,#7030,#7031),
 .UNSPECIFIED.,.F.,.F.,(4,2,4),(0.,0.5,1.),.UNSPECIFIED.);
#65=B_SPLINE_CURVE_WITH_KNOTS('',3,(#7081,#7082,#7083,#7084,#7085,#7086),
 .UNSPECIFIED.,.F.,.F.,(4,2,4),(0.,0.5,1.),.UNSPECIFIED.);
#66=B_SPLINE_CURVE_WITH_KNOTS('',3,(#7292,#7293,#7294,#7295,#7296,#7297,
#7298,#7299,#7300,#7301,#7302,#7303,#7304,#7305,#7306,#7307,#7308,#7309,
#7310,#7311,#7312,#7313,#7314,#7315,#7316,#7317,#7318,#7319,#7320,#7321,
#7322,#7323,#7324,#7325,#7326,#7327,#7328,#7329,#7330,#7331,#7332,#7333,
#7334,#7335,#7336,#7337,#7338,#7339,#7340,#7341,#7342,#7343,#7344,#7345,
#7346,#7347,#7348,#7349,#7350,#7351,#7352),.UNSPECIFIED.,.F.,.F.,(4,3,3,
3,3,3,3,3,3,3,3,3,3,3,3,3,3,3,3,3,4),(0.,0.0681544838781876,0.136712767533646,
0.204850487695089,0.21875,0.235190547139761,0.25,0.317761092862861,0.386043699644365,
0.453793619811422,0.500000000000005,0.562745812458298,0.625889042686005,
0.688630033451971,0.71875000000001,0.734623525534624,0.750000000000011,
0.818064558078398,0.886499939899231,0.954369195518248,1.),.UNSPECIFIED.);
#67=B_SPLINE_CURVE_WITH_KNOTS('',3,(#7353,#7354,#7355,#7356,#7357,#7358,
#7359,#7360,#7361,#7362,#7363,#7364,#7365,#7366,#7367,#7368,#7369,#7370,
#7371,#7372,#7373,#7374,#7375,#7376,#7377,#7378,#7379,#7380,#7381,#7382,
#7383,#7384,#7385,#7386,#7387,#7388,#7389,#7390,#7391,#7392,#7393,#7394,
#7395,#7396,#7397,#7398,#7399,#7400,#7401,#7402,#7403,#7404,#7405,#7406,
#7407,#7408,#7409,#7410,#7411,#7412,#7413),.UNSPECIFIED.,.F.,.F.,(4,3,3,
3,3,3,3,3,3,3,3,3,3,3,3,3,3,3,3,3,4),(0.,0.0681544838783869,0.13671276753392,
0.204850487695274,0.218750000000008,0.235190547140079,0.250000000000009,
0.317761092859401,0.3860436996373,0.453793619800769,0.500000000000006,0.562745812458272,
0.625889042686061,0.688630033452322,0.718750000000004,0.734623525534973,
0.750000000000004,0.818064558078405,0.886499939899348,0.954369195518578,
1.),.UNSPECIFIED.);
#68=B_SPLINE_CURVE_WITH_KNOTS('',3,(#7587,#7588,#7589,#7590,#7591,#7592,
#7593,#7594,#7595,#7596,#7597,#7598,#7599,#7600,#7601,#7602,#7603,#7604,
#7605,#7606,#7607,#7608,#7609,#7610,#7611,#7612,#7613,#7614,#7615,#7616,
#7617,#7618,#7619,#7620,#7621,#7622,#7623,#7624,#7625,#7626,#7627,#7628,
#7629,#7630,#7631,#7632,#7633,#7634,#7635,#7636,#7637,#7638,#7639,#7640,
#7641,#7642,#7643,#7644,#7645,#7646,#7647,#7648,#7649,#7650,#7651,#7652,
#7653,#7654,#7655,#7656,#7657,#7658,#7659,#7660,#7661,#7662,#7663,#7664,
#7665,#7666,#7667,#7668,#7669,#7670,#7671,#7672,#7673,#7674,#7675,#7676,
#7677,#7678,#7679,#7680,#7681,#7682,#7683,#7684,#7685,#7686,#7687,#7688,
#7689,#7690,#7691,#7692,#7693,#7694,#7695,#7696,#7697,#7698,#7699,#7700,
#7701,#7702,#7703,#7704,#7705,#7706,#7707),.UNSPECIFIED.,.F.,.F.,(4,3,3,
3,3,3,3,3,3,3,3,3,3,3,3,3,3,3,3,3,3,3,3,3,3,3,3,3,3,3,3,3,3,3,3,3,3,3,3,
3,4),(0.,0.0323414770566436,0.0648927823970558,0.0973058717422381,0.109375,
0.1171875,0.125,0.156701110413997,0.188630993333928,0.220348321288413,0.249999999999999,
0.279765530371046,0.309737092513443,0.339581461424274,0.359374999999999,
0.367187499999999,0.374999999999999,0.410080216111314,0.445391602866804,
0.480441102802569,0.499999999999998,0.53232936002143,0.564847506717215,
0.597196009733511,0.609374999999997,0.617203583791501,0.624999999999997,
0.656701110412905,0.68863099333172,0.720348321285115,0.749999999999998,
0.779765530371049,0.809737092513449,0.839581461424311,0.859374999999999,
0.8671875,0.875,0.907362713309624,0.93989540024897,0.972182703395411,1.),
 .UNSPECIFIED.);
#69=B_SPLINE_CURVE_WITH_KNOTS('',3,(#7708,#7709,#7710,#7711,#7712,#7713,
#7714,#7715,#7716,#7717,#7718,#7719,#7720,#7721,#7722,#7723,#7724,#7725,
#7726,#7727,#7728,#7729,#7730,#7731,#7732,#7733,#7734,#7735,#7736,#7737,
#7738,#7739,#7740,#7741,#7742,#7743,#7744,#7745,#7746,#7747,#7748,#7749,
#7750,#7751,#7752,#7753,#7754,#7755,#7756,#7757,#7758,#7759,#7760,#7761,
#7762,#7763,#7764,#7765,#7766,#7767,#7768,#7769,#7770,#7771,#7772,#7773,
#7774,#7775,#7776,#7777,#7778,#7779,#7780,#7781,#7782,#7783,#7784,#7785,
#7786,#7787,#7788,#7789,#7790,#7791,#7792,#7793,#7794,#7795,#7796,#7797,
#7798,#7799,#7800,#7801,#7802,#7803,#7804,#7805,#7806,#7807,#7808,#7809,
#7810,#7811,#7812,#7813,#7814,#7815,#7816,#7817,#7818,#7819,#7820,#7821,
#7822,#7823,#7824,#7825,#7826,#7827,#7828),.UNSPECIFIED.,.F.,.F.,(4,3,3,
3,3,3,3,3,3,3,3,3,3,3,3,3,3,3,3,3,3,3,3,3,3,3,3,3,3,3,3,3,3,3,3,3,3,3,3,
3,4),(0.,0.0323414770566239,0.064892782397042,0.0973058717422081,0.109374999999999,
0.117187499999999,0.124999999999999,0.156701110413715,0.188630993333373,
0.22034832128759,0.249999999999999,0.279765530371076,0.309737092513499,
0.339581461424352,0.359374999999998,0.367187499999998,0.374999999999998,
0.410080216110738,0.445391602865632,0.480441102800773,0.499999999999998,
0.532329360021404,0.564847506717167,0.597196009733469,0.609374999999998,
0.617203583791478,0.624999999999998,0.6567011104119,0.688630993329688,0.72034832128204,
0.749999999999998,0.779765530370955,0.809737092513298,0.839581461424149,
0.859374999999999,0.867187499999999,0.874999999999999,0.907362713309637,
0.93989540024903,0.972182703395578,1.),.UNSPECIFIED.);
#70=B_SPLINE_CURVE_WITH_KNOTS('',3,(#7832,#7833,#7834,#7835,#7836,#7837,
#7838,#7839,#7840,#7841,#7842,#7843,#7844,#7845,#7846,#7847,#7848,#7849,
#7850,#7851,#7852,#7853,#7854,#7855,#7856,#7857,#7858,#7859,#7860,#7861,
#7862,#7863,#7864,#7865,#7866,#7867,#7868,#7869,#7870,#7871,#7872,#7873,
#7874,#7875,#7876,#7877,#7878,#7879,#7880,#7881,#7882,#7883,#7884,#7885,
#7886,#7887,#7888,#7889,#7890,#7891,#7892,#7893,#7894,#7895,#7896,#7897,
#7898,#7899,#7900,#7901,#7902,#7903,#7904,#7905,#7906,#7907,#7908,#7909,
#7910,#7911,#7912,#7913,#7914,#7915,#7916,#7917,#7918,#7919,#7920,#7921,
#7922,#7923,#7924,#7925,#7926,#7927,#7928,#7929,#7930,#7931,#7932,#7933,
#7934,#7935,#7936,#7937,#7938,#7939,#7940,#7941,#7942,#7943,#7944,#7945,
#7946,#7947,#7948,#7949,#7950,#7951,#7952,#7953,#7954,#7955),
 .UNSPECIFIED.,.F.,.F.,(4,3,3,3,3,3,3,3,3,3,3,3,3,3,3,3,3,3,3,3,3,3,3,3,
3,3,3,3,3,3,3,3,3,3,3,3,3,3,3,3,3,4),(0.,0.0320420474444957,0.0642743605404414,
0.0963454995340225,0.109374999999999,0.117187499999999,0.124999999999999,
0.156271144942821,0.187768180682274,0.219065532657021,0.249999999999999,
0.279502448447126,0.309194319825742,0.338737763756668,0.359374999999999,
0.366778069501458,0.374348696373282,0.374999999999999,0.409568241006141,
0.444365340939971,0.478917068333148,0.499999999999999,0.532028785825072,
0.564232077131975,0.59625101031171,0.609374999999999,0.617187499999999,
0.624999999999999,0.656271144942704,0.687768180682026,0.719065532656622,
0.749999999999999,0.779502448447063,0.809194319825632,0.838737763756551,
0.859374999999998,0.867187499999998,0.874999999999998,0.907010946186454,
0.939197409495988,0.971158739918863,1.),.UNSPECIFIED.);
#71=B_SPLINE_CURVE_WITH_KNOTS('',3,(#7961,#7962,#7963,#7964,#7965,#7966,
#7967,#7968,#7969,#7970,#7971,#7972,#7973,#7974,#7975,#7976,#7977,#7978,
#7979,#7980,#7981,#7982,#7983,#7984,#7985,#7986,#7987,#7988,#7989,#7990,
#7991,#7992,#7993,#7994,#7995,#7996,#7997,#7998,#7999,#8000,#8001,#8002,
#8003,#8004,#8005,#8006,#8007,#8008,#8009,#8010,#8011,#8012,#8013,#8014,
#8015,#8016,#8017,#8018,#8019,#8020,#8021,#8022,#8023,#8024,#8025,#8026,
#8027,#8028,#8029,#8030,#8031,#8032,#8033,#8034,#8035,#8036,#8037,#8038,
#8039,#8040,#8041,#8042,#8043,#8044,#8045,#8046,#8047,#8048,#8049,#8050,
#8051,#8052,#8053,#8054,#8055,#8056,#8057,#8058,#8059,#8060,#8061,#8062,
#8063,#8064,#8065,#8066,#8067,#8068,#8069,#8070,#8071,#8072,#8073,#8074,
#8075,#8076,#8077,#8078,#8079,#8080,#8081,#8082,#8083,#8084),
 .UNSPECIFIED.,.F.,.F.,(4,3,3,3,3,3,3,3,3,3,3,3,3,3,3,3,3,3,3,3,3,3,3,3,
3,3,3,3,3,3,3,3,3,3,3,3,3,3,3,3,3,4),(0.,0.0320420474446232,0.064274360540651,
0.0963454995342275,0.109374999999999,0.117187499999999,0.124999999999999,
0.156271144945187,0.187768180687032,0.219065532664085,0.249999999999998,
0.279502448447069,0.309194319825627,0.33873776375651,0.359374999999998,
0.366778069501459,0.374348696373283,0.374999999999998,0.409568241007752,
0.444365340943248,0.478917068338079,0.499999999999997,0.532028785825104,
0.564232077132018,0.59625101031171,0.609374999999996,0.617187499999996,
0.624999999999996,0.656271144944528,0.687768180685705,0.71906553266211,
0.749999999999997,0.779502448447075,0.809194319825649,0.838737763756544,
0.859374999999998,0.867187499999998,0.874999999999998,0.90701094618644,
0.939197409495974,0.971158739918838,1.),.UNSPECIFIED.);
#72=B_SPLINE_CURVE_WITH_KNOTS('',3,(#8128,#8129,#8130,#8131,#8132,#8133,
#8134,#8135,#8136,#8137,#8138,#8139,#8140,#8141,#8142,#8143,#8144,#8145,
#8146,#8147,#8148,#8149,#8150,#8151,#8152,#8153,#8154,#8155,#8156,#8157,
#8158,#8159,#8160,#8161,#8162,#8163,#8164,#8165,#8166,#8167,#8168,#8169,
#8170,#8171,#8172,#8173,#8174,#8175,#8176,#8177,#8178,#8179,#8180,#8181,
#8182,#8183,#8184,#8185,#8186,#8187,#8188,#8189,#8190,#8191,#8192,#8193,
#8194,#8195,#8196,#8197,#8198,#8199,#8200,#8201,#8202,#8203,#8204,#8205,
#8206,#8207,#8208,#8209,#8210,#8211,#8212,#8213,#8214,#8215,#8216,#8217,
#8218,#8219,#8220,#8221,#8222,#8223,#8224,#8225,#8226,#8227,#8228,#8229,
#8230,#8231,#8232,#8233,#8234,#8235,#8236,#8237,#8238,#8239,#8240,#8241,
#8242,#8243,#8244,#8245,#8246,#8247,#8248),.UNSPECIFIED.,.F.,.F.,(4,3,3,
3,3,3,3,3,3,3,3,3,3,3,3,3,3,3,3,3,3,3,3,3,3,3,3,3,3,3,3,3,3,3,3,3,3,3,3,
3,4),(0.,0.032341477056581,0.0648927823969542,0.0973058717421211,0.109375,
0.1171875,0.125,0.156701110413006,0.188630993331934,0.220348321285445,0.25,
0.279765530371042,0.309737092513441,0.339581461424295,0.359375000000001,
0.367187500000001,0.375000000000001,0.410080216111311,0.445391602866817,
0.480441102802601,0.500000000000001,0.532329360021415,0.564847506717173,
0.597196009733432,0.609375000000001,0.617203583791504,0.625000000000001,
0.656701110412518,0.688630993330954,0.720348321283938,0.750000000000001,
0.779765530371064,0.80973709251348,0.839581461424362,0.859375000000001,
0.867187500000001,0.875000000000001,0.9073627133096,0.939895400248922,0.972182703395345,
1.),.UNSPECIFIED.);
#73=B_SPLINE_CURVE_WITH_KNOTS('',3,(#8249,#8250,#8251,#8252,#8253,#8254,
#8255,#8256,#8257,#8258,#8259,#8260,#8261,#8262,#8263,#8264,#8265,#8266,
#8267,#8268,#8269,#8270,#8271,#8272,#8273,#8274,#8275,#8276,#8277,#8278,
#8279,#8280,#8281,#8282,#8283,#8284,#8285,#8286,#8287,#8288,#8289,#8290,
#8291,#8292,#8293,#8294,#8295,#8296,#8297,#8298,#8299,#8300,#8301,#8302,
#8303,#8304,#8305,#8306,#8307,#8308,#8309,#8310,#8311,#8312,#8313,#8314,
#8315,#8316,#8317,#8318,#8319,#8320,#8321,#8322,#8323,#8324,#8325,#8326,
#8327,#8328,#8329,#8330,#8331,#8332,#8333,#8334,#8335,#8336,#8337,#8338,
#8339,#8340,#8341,#8342,#8343,#8344,#8345,#8346,#8347,#8348,#8349,#8350,
#8351,#8352,#8353,#8354,#8355,#8356,#8357,#8358,#8359,#8360,#8361,#8362,
#8363,#8364,#8365,#8366,#8367,#8368,#8369),.UNSPECIFIED.,.F.,.F.,(4,3,3,
3,3,3,3,3,3,3,3,3,3,3,3,3,3,3,3,3,3,3,3,3,3,3,3,3,3,3,3,3,3,3,3,3,3,3,3,
3,4),(5.46369397594614E-15,0.0323414770566657,0.0648927823971053,0.0973058717423334,
0.109375000000001,0.117187500000001,0.125000000000001,0.156701110411091,
0.188630993328033,0.220348321279575,0.250000000000002,0.279765530370961,
0.309737092513314,0.339581461424177,0.359375000000001,0.367187500000001,
0.375000000000001,0.410080216108985,0.445391602862141,0.480441102795656,
0.500000000000003,0.532329360021429,0.564847506717218,0.597196009733531,
0.609375000000004,0.617203583791523,0.625000000000004,0.65670111041423,
0.688630993334413,0.720348321289145,0.750000000000003,0.779765530371076,
0.809737092513481,0.839581461424302,0.859375000000003,0.867187500000003,
0.875000000000003,0.907362713309617,0.939895400248932,0.972182703395325,
1.),.UNSPECIFIED.);
#74=B_SPLINE_CURVE_WITH_KNOTS('',3,(#8374,#8375,#8376,#8377,#8378,#8379,
#8380,#8381,#8382,#8383,#8384,#8385,#8386,#8387,#8388,#8389,#8390,#8391,
#8392,#8393,#8394,#8395,#8396,#8397,#8398,#8399,#8400,#8401,#8402,#8403,
#8404,#8405,#8406,#8407,#8408,#8409,#8410,#8411,#8412,#8413,#8414,#8415,
#8416,#8417,#8418,#8419,#8420,#8421,#8422,#8423,#8424,#8425,#8426,#8427,
#8428,#8429,#8430,#8431,#8432,#8433,#8434,#8435,#8436,#8437,#8438,#8439,
#8440,#8441,#8442,#8443,#8444,#8445,#8446,#8447,#8448,#8449,#8450,#8451,
#8452,#8453,#8454,#8455,#8456,#8457,#8458,#8459,#8460,#8461,#8462,#8463,
#8464,#8465,#8466,#8467,#8468,#8469,#8470,#8471,#8472,#8473,#8474,#8475,
#8476,#8477,#8478,#8479,#8480,#8481,#8482,#8483,#8484,#8485,#8486,#8487,
#8488,#8489,#8490,#8491,#8492,#8493,#8494,#8495,#8496,#8497),
 .UNSPECIFIED.,.F.,.F.,(4,3,3,3,3,3,3,3,3,3,3,3,3,3,3,3,3,3,3,3,3,3,3,3,
3,3,3,3,3,3,3,3,3,3,3,3,3,3,3,3,3,4),(0.,0.0320420474445694,0.0642743605405784,
0.0963454995341766,0.109375000000002,0.117187500000002,0.125000000000002,
0.156271144943999,0.187768180684642,0.219065532660547,0.250000000000005,
0.279502448447114,0.3091943198257,0.338737763756609,0.359375000000007,0.366778069501433,
0.374348696373224,0.375000000000007,0.40956824100774,0.444365340943185,
0.478917068337943,0.500000000000009,0.532028785825081,0.564232077131978,
0.596251010311686,0.60937500000001,0.61718750000001,0.625000000000009,0.656271144944764,
0.687768180686185,0.719065532662845,0.750000000000008,0.779502448447118,
0.809194319825697,0.838737763756592,0.859375000000005,0.867187500000005,
0.875000000000005,0.907010946186473,0.939197409495977,0.971158739918809,
1.),.UNSPECIFIED.);
#75=B_SPLINE_CURVE_WITH_KNOTS('',3,(#8498,#8499,#8500,#8501,#8502,#8503,
#8504,#8505,#8506,#8507,#8508,#8509,#8510,#8511,#8512,#8513,#8514,#8515,
#8516,#8517,#8518,#8519,#8520,#8521,#8522,#8523,#8524,#8525,#8526,#8527,
#8528,#8529,#8530,#8531,#8532,#8533,#8534,#8535,#8536,#8537,#8538,#8539,
#8540,#8541,#8542,#8543,#8544,#8545,#8546,#8547,#8548,#8549,#8550,#8551,
#8552,#8553,#8554,#8555,#8556,#8557,#8558,#8559,#8560,#8561,#8562,#8563,
#8564,#8565,#8566,#8567,#8568,#8569,#8570,#8571,#8572,#8573,#8574,#8575,
#8576,#8577,#8578,#8579,#8580,#8581,#8582,#8583,#8584,#8585,#8586,#8587,
#8588,#8589,#8590,#8591,#8592,#8593,#8594,#8595,#8596,#8597,#8598,#8599,
#8600,#8601,#8602,#8603,#8604,#8605,#8606,#8607,#8608,#8609,#8610,#8611,
#8612,#8613,#8614,#8615,#8616,#8617,#8618,#8619,#8620,#8621),
 .UNSPECIFIED.,.F.,.F.,(4,3,3,3,3,3,3,3,3,3,3,3,3,3,3,3,3,3,3,3,3,3,3,3,
3,3,3,3,3,3,3,3,3,3,3,3,3,3,3,3,3,4),(0.,0.0320420474445158,0.064274360540459,
0.0963454995340235,0.109374999999998,0.117187499999998,0.124999999999998,
0.156271144943576,0.187768180683801,0.219065532659277,0.249999999999997,
0.279502448447072,0.309194319825631,0.338737763756506,0.359374999999996,
0.366778069501476,0.37434869637332,0.374999999999996,0.40956824100535,0.444365340938379,
0.478917068330782,0.499999999999996,0.532028785825053,0.564232077131947,
0.596251010311676,0.609374999999997,0.617187499999998,0.624999999999998,
0.65627114494285,0.687768180682318,0.719065532657043,0.749999999999999,
0.77950244844707,0.809194319825637,0.838737763756554,0.859374999999999,
0.867187499999999,0.874999999999999,0.907010946186456,0.939197409495996,
0.971158739918885,1.),.UNSPECIFIED.);
#76=(
BOUNDED_SURFACE()
B_SPLINE_SURFACE(2,2,((#5451,#5452,#5453),(#5454,#5455,#5456),(#5457,#5458,
#5459)),.UNSPECIFIED.,.F.,.F.,.F.)
B_SPLINE_SURFACE_WITH_KNOTS((3,3),(3,3),(-1.57079632679515,-1.99928471478758E-14),
(-1.42901746753748,-0.141778859257406),.UNSPECIFIED.)
GEOMETRIC_REPRESENTATION_ITEM()
RATIONAL_B_SPLINE_SURFACE(((1.,0.799929077204057,1.),(0.707106781186466,
0.565635274959221,0.707106781186466),(1.,0.799929077204057,1.)))
REPRESENTATION_ITEM('')
SURFACE()
);
#77=(
BOUNDED_SURFACE()
B_SPLINE_SURFACE(2,2,((#5528,#5529,#5530),(#5531,#5532,#5533),(#5534,#5535,
#5536)),.UNSPECIFIED.,.F.,.F.,.F.)
B_SPLINE_SURFACE_WITH_KNOTS((3,3),(3,3),(-1.57079632679508,4.9828596777323E-14),
(-2.99981379433236,-1.71257518605233),.UNSPECIFIED.)
GEOMETRIC_REPRESENTATION_ITEM()
RATIONAL_B_SPLINE_SURFACE(((1.,0.799929077204073,1.),(0.707106781186465,
0.565635274959231,0.707106781186465),(1.,0.799929077204073,1.)))
REPRESENTATION_ITEM('')
SURFACE()
);
#78=(
BOUNDED_SURFACE()
B_SPLINE_SURFACE(2,2,((#5605,#5606,#5607),(#5608,#5609,#5610),(#5611,#5612,
#5613)),.UNSPECIFIED.,.F.,.F.,.F.)
B_SPLINE_SURFACE_WITH_KNOTS((3,3),(3,3),(-1.57079632679515,-3.42503109251017E-14),
(1.71257518605229,2.99981379433241),.UNSPECIFIED.)
GEOMETRIC_REPRESENTATION_ITEM()
RATIONAL_B_SPLINE_SURFACE(((1.,0.799929077204044,1.),(0.707106781186471,
0.565635274959216,0.707106781186471),(1.,0.799929077204044,1.)))
REPRESENTATION_ITEM('')
SURFACE()
);
#79=(
BOUNDED_SURFACE()
B_SPLINE_SURFACE(2,2,((#5678,#5679,#5680),(#5681,#5682,#5683),(#5684,#5685,
#5686)),.UNSPECIFIED.,.F.,.F.,.F.)
B_SPLINE_SURFACE_WITH_KNOTS((3,3),(3,3),(-1.5707963267951,1.29632867020303E-14),
(0.141778859257434,1.42901746753746),.UNSPECIFIED.)
GEOMETRIC_REPRESENTATION_ITEM()
RATIONAL_B_SPLINE_SURFACE(((1.,0.799929077204071,1.),(0.707106781186472,
0.565635274959235,0.707106781186472),(1.,0.799929077204071,1.)))
REPRESENTATION_ITEM('')
SURFACE()
);
#80=(
BOUNDED_SURFACE()
B_SPLINE_SURFACE(3,2,((#5747,#5748,#5749),(#5750,#5751,#5752),(#5753,#5754,
#5755),(#5756,#5757,#5758),(#5759,#5760,#5761),(#5762,#5763,#5764)),
 .UNSPECIFIED.,.F.,.F.,.F.)
B_SPLINE_SURFACE_WITH_KNOTS((4,2,4),(3,3),(0.,0.000331438367192648,0.000662876734385296),
(0.,1.),.UNSPECIFIED.)
GEOMETRIC_REPRESENTATION_ITEM()
RATIONAL_B_SPLINE_SURFACE(((1.,0.655246385787023,1.),(1.,0.655337495333116,
1.),(1.,0.658055880570545,1.),(1.,0.672427648792474,1.),(1.,0.683904333419196,
1.),(1.,0.707106781186607,1.)))
REPRESENTATION_ITEM('')
SURFACE()
);
#81=(
BOUNDED_SURFACE()
B_SPLINE_SURFACE(3,2,((#5777,#5778,#5779),(#5780,#5781,#5782),(#5783,#5784,
#5785),(#5786,#5787,#5788),(#5789,#5790,#5791),(#5792,#5793,#5794)),
 .UNSPECIFIED.,.F.,.F.,.F.)
B_SPLINE_SURFACE_WITH_KNOTS((4,2,4),(3,3),(-2.71050543121376E-20,0.000332574129917133,
0.000665148259834267),(0.,1.),.UNSPECIFIED.)
GEOMETRIC_REPRESENTATION_ITEM()
RATIONAL_B_SPLINE_SURFACE(((1.,0.707106781186548,1.),(1.,0.683972845772632,
1.),(1.,0.672441008620518,1.),(1.,0.65807199045607,1.),(1.,0.655349400994071,
1.),(1.,0.655246385787022,1.)))
REPRESENTATION_ITEM('')
SURFACE()
);
#82=(
BOUNDED_SURFACE()
B_SPLINE_SURFACE(3,2,((#5807,#5808,#5809),(#5810,#5811,#5812),(#5813,#5814,
#5815),(#5816,#5817,#5818),(#5819,#5820,#5821),(#5822,#5823,#5824)),
 .UNSPECIFIED.,.F.,.F.,.F.)
B_SPLINE_SURFACE_WITH_KNOTS((4,2,4),(3,3),(0.,0.000331438367192648,0.000662876734385296),
(0.,1.),.UNSPECIFIED.)
GEOMETRIC_REPRESENTATION_ITEM()
RATIONAL_B_SPLINE_SURFACE(((1.,0.655246385787024,1.),(1.,0.655337495333065,
1.),(1.,0.658055880570614,1.),(1.,0.672427648792407,1.),(1.,0.683904333419247,
1.),(1.,0.707106781186607,1.)))
REPRESENTATION_ITEM('')
SURFACE()
);
#83=(
BOUNDED_SURFACE()
B_SPLINE_SURFACE(3,2,((#5854,#5855,#5856),(#5857,#5858,#5859),(#5860,#5861,
#5862),(#5863,#5864,#5865),(#5866,#5867,#5868),(#5869,#5870,#5871)),
 .UNSPECIFIED.,.F.,.F.,.F.)
B_SPLINE_SURFACE_WITH_KNOTS((4,2,4),(3,3),(0.,0.000332574129917134,0.000665148259834267),
(-0.000677557708197293,1.),.UNSPECIFIED.)
GEOMETRIC_REPRESENTATION_ITEM()
RATIONAL_B_SPLINE_SURFACE(((1.00039717304161,0.706908329128462,1.),(1.000428543435,
0.683758719138108,1.),(1.00044418099347,0.672219068501259,1.),(1.00046366586469,
0.657840314497315,1.),(1.00046735778744,0.655115880324263,1.),(1.00046749747952,
0.655012795318284,1.)))
REPRESENTATION_ITEM('')
SURFACE()
);
#84=(
BOUNDED_SURFACE()
B_SPLINE_SURFACE(3,2,((#5877,#5878,#5879),(#5880,#5881,#5882),(#5883,#5884,
#5885),(#5886,#5887,#5888),(#5889,#5890,#5891),(#5892,#5893,#5894)),
 .UNSPECIFIED.,.F.,.F.,.F.)
B_SPLINE_SURFACE_WITH_KNOTS((4,2,4),(3,3),(0.,0.000331438367192547,0.000662876734385094),
(0.,1.),.UNSPECIFIED.)
GEOMETRIC_REPRESENTATION_ITEM()
RATIONAL_B_SPLINE_SURFACE(((1.,0.655246385787022,1.),(1.,0.655337495333065,
1.),(1.,0.658055880570615,1.),(1.,0.672427648792392,1.),(1.,0.683904333419196,
1.),(1.,0.707106781186607,1.)))
REPRESENTATION_ITEM('')
SURFACE()
);
#85=(
BOUNDED_SURFACE()
B_SPLINE_SURFACE(3,2,((#5924,#5925,#5926),(#5927,#5928,#5929),(#5930,#5931,
#5932),(#5933,#5934,#5935),(#5936,#5937,#5938),(#5939,#5940,#5941)),
 .UNSPECIFIED.,.F.,.F.,.F.)
B_SPLINE_SURFACE_WITH_KNOTS((4,2,4),(3,3),(0.,0.000332574129917134,0.000665148259834267),
(-0.000677557708235569,1.),.UNSPECIFIED.)
GEOMETRIC_REPRESENTATION_ITEM()
RATIONAL_B_SPLINE_SURFACE(((1.00039717304164,0.706908329128453,1.),(1.00042854343502,
0.683758719138273,1.),(1.0004441809935,0.672219068501007,1.),(1.00046366586472,
0.657840314497542,1.),(1.00046735778747,0.655115880324069,1.),(1.00046749747955,
0.655012795318272,1.)))
REPRESENTATION_ITEM('')
SURFACE()
);
#86=(
BOUNDED_SURFACE()
B_SPLINE_SURFACE(3,2,((#5966,#5967,#5968),(#5969,#5970,#5971),(#5972,#5973,
#5974),(#5975,#5976,#5977),(#5978,#5979,#5980),(#5981,#5982,#5983)),
 .UNSPECIFIED.,.F.,.F.,.F.)
B_SPLINE_SURFACE_WITH_KNOTS((4,2,4),(3,3),(-2.71050543121376E-20,0.000332574129917134,
0.000665148259834267),(-0.00067755770796805,1.),.UNSPECIFIED.)
GEOMETRIC_REPRESENTATION_ITEM()
RATIONAL_B_SPLINE_SURFACE(((1.00039717304148,0.706908329128529,1.),(1.00042854343485,
0.683758719138213,1.),(1.00044418099332,0.672219068501291,1.),(1.00046366586454,
0.657840314497436,1.),(1.00046735778728,0.655115880324312,1.),(1.00046749747936,
0.655012795318362,1.)))
REPRESENTATION_ITEM('')
SURFACE()
);
#87=(
BOUNDED_SURFACE()
B_SPLINE_SURFACE(3,2,((#5989,#5990,#5991),(#5992,#5993,#5994),(#5995,#5996,
#5997),(#5998,#5999,#6000),(#6001,#6002,#6003),(#6004,#6005,#6006)),
 .UNSPECIFIED.,.F.,.F.,.F.)
B_SPLINE_SURFACE_WITH_KNOTS((4,2,4),(3,3),(0.,0.000331438367192648,0.000662876734385296),
(0.,1.),.UNSPECIFIED.)
GEOMETRIC_REPRESENTATION_ITEM()
RATIONAL_B_SPLINE_SURFACE(((1.,0.655246385787022,1.),(1.,0.655337495333132,
1.),(1.,0.658055880570528,1.),(1.,0.672427648792493,1.),(1.,0.68390433341918,
1.),(1.,0.707106781186609,1.)))
REPRESENTATION_ITEM('')
SURFACE()
);
#88=(
BOUNDED_SURFACE()
B_SPLINE_SURFACE(2,2,((#6141,#6142,#6143),(#6144,#6145,#6146),(#6147,#6148,
#6149)),.UNSPECIFIED.,.F.,.F.,.F.)
B_SPLINE_SURFACE_WITH_KNOTS((3,3),(3,3),(-1.57079632679515,-3.55218857833678E-14),
(-1.42901746753748,-0.141778859257413),.UNSPECIFIED.)
GEOMETRIC_REPRESENTATION_ITEM()
RATIONAL_B_SPLINE_SURFACE(((1.,0.799929077204059,1.),(0.707106781186471,
0.565635274959226,0.707106781186471),(1.,0.799929077204059,1.)))
REPRESENTATION_ITEM('')
SURFACE()
);
#89=(
BOUNDED_SURFACE()
B_SPLINE_SURFACE(2,2,((#6220,#6221,#6222),(#6223,#6224,#6225),(#6226,#6227,
#6228)),.UNSPECIFIED.,.F.,.F.,.F.)
B_SPLINE_SURFACE_WITH_KNOTS((3,3),(3,3),(-1.5707963267951,2.50122463978886E-14),
(1.71257518605234,2.99981379433234),.UNSPECIFIED.)
GEOMETRIC_REPRESENTATION_ITEM()
RATIONAL_B_SPLINE_SURFACE(((1.,0.799929077204079,1.),(0.707106781186466,
0.565635274959236,0.707106781186466),(1.,0.799929077204079,1.)))
REPRESENTATION_ITEM('')
SURFACE()
);
#90=(
BOUNDED_SURFACE()
B_SPLINE_SURFACE(2,2,((#6297,#6298,#6299),(#6300,#6301,#6302),(#6303,#6304,
#6305)),.UNSPECIFIED.,.F.,.F.,.F.)
B_SPLINE_SURFACE_WITH_KNOTS((3,3),(3,3),(-1.57079632679514,-2.23916729748945E-14),
(0.141778859257413,1.42901746753748),.UNSPECIFIED.)
GEOMETRIC_REPRESENTATION_ITEM()
RATIONAL_B_SPLINE_SURFACE(((1.,0.799929077204059,1.),(0.707106781186469,
0.565635274959225,0.707106781186469),(1.,0.799929077204059,1.)))
REPRESENTATION_ITEM('')
SURFACE()
);
#91=(
BOUNDED_SURFACE()
B_SPLINE_SURFACE(3,2,((#6366,#6367,#6368),(#6369,#6370,#6371),(#6372,#6373,
#6374),(#6375,#6376,#6377),(#6378,#6379,#6380),(#6381,#6382,#6383)),
 .UNSPECIFIED.,.F.,.F.,.F.)
B_SPLINE_SURFACE_WITH_KNOTS((4,2,4),(3,3),(0.,0.000332574129917134,0.000665148259834267),
(0.,1.),.UNSPECIFIED.)
GEOMETRIC_REPRESENTATION_ITEM()
RATIONAL_B_SPLINE_SURFACE(((1.,0.707106781186548,1.),(1.,0.683972845772454,
1.),(1.,0.672441008620757,1.),(1.,0.65807199045583,1.),(1.,0.655349400994254,
1.),(1.,0.655246385787023,1.)))
REPRESENTATION_ITEM('')
SURFACE()
);
#92=(
BOUNDED_SURFACE()
B_SPLINE_SURFACE(3,2,((#6445,#6446,#6447),(#6448,#6449,#6450),(#6451,#6452,
#6453),(#6454,#6455,#6456),(#6457,#6458,#6459),(#6460,#6461,#6462)),
 .UNSPECIFIED.,.F.,.F.,.F.)
B_SPLINE_SURFACE_WITH_KNOTS((4,2,4),(3,3),(0.,0.000331438367192648,0.000662876734385296),
(0.,1.),.UNSPECIFIED.)
GEOMETRIC_REPRESENTATION_ITEM()
RATIONAL_B_SPLINE_SURFACE(((1.,0.655246385787024,1.),(1.,0.655337495333065,
1.),(1.,0.658055880570614,1.),(1.,0.672427648792407,1.),(1.,0.683904333419247,
1.),(1.,0.707106781186607,1.)))
REPRESENTATION_ITEM('')
SURFACE()
);
#93=(
BOUNDED_SURFACE()
B_SPLINE_SURFACE(3,2,((#6472,#6473,#6474),(#6475,#6476,#6477),(#6478,#6479,
#6480),(#6481,#6482,#6483),(#6484,#6485,#6486),(#6487,#6488,#6489)),
 .UNSPECIFIED.,.F.,.F.,.F.)
B_SPLINE_SURFACE_WITH_KNOTS((4,2,4),(3,3),(-2.71050543121376E-20,0.000332574129917133,
0.000665148259834267),(0.,1.),.UNSPECIFIED.)
GEOMETRIC_REPRESENTATION_ITEM()
RATIONAL_B_SPLINE_SURFACE(((1.,0.707106781186548,1.),(1.,0.683972845772632,
1.),(1.,0.672441008620518,1.),(1.,0.65807199045607,1.),(1.,0.655349400994071,
1.),(1.,0.655246385787022,1.)))
REPRESENTATION_ITEM('')
SURFACE()
);
#94=(
BOUNDED_SURFACE()
B_SPLINE_SURFACE(3,2,((#6561,#6562,#6563),(#6564,#6565,#6566),(#6567,#6568,
#6569),(#6570,#6571,#6572),(#6573,#6574,#6575),(#6576,#6577,#6578)),
 .UNSPECIFIED.,.F.,.F.,.F.)
B_SPLINE_SURFACE_WITH_KNOTS((4,2,4),(3,3),(0.,0.000331438367192648,0.000662876734385296),
(0.,1.),.UNSPECIFIED.)
GEOMETRIC_REPRESENTATION_ITEM()
RATIONAL_B_SPLINE_SURFACE(((1.,0.655246385787022,1.),(1.,0.655337495333132,
1.),(1.,0.658055880570528,1.),(1.,0.672427648792493,1.),(1.,0.68390433341918,
1.),(1.,0.707106781186609,1.)))
REPRESENTATION_ITEM('')
SURFACE()
);
#95=(
BOUNDED_SURFACE()
B_SPLINE_SURFACE(3,2,((#6591,#6592,#6593),(#6594,#6595,#6596),(#6597,#6598,
#6599),(#6600,#6601,#6602),(#6603,#6604,#6605),(#6606,#6607,#6608)),
 .UNSPECIFIED.,.F.,.F.,.F.)
B_SPLINE_SURFACE_WITH_KNOTS((4,2,4),(3,3),(-2.71050543121376E-20,0.000332574129917134,
0.000665148259834267),(0.,1.),.UNSPECIFIED.)
GEOMETRIC_REPRESENTATION_ITEM()
RATIONAL_B_SPLINE_SURFACE(((1.,0.707106781186548,1.),(1.,0.683972845772487,
1.),(1.,0.672441008620714,1.),(1.,0.658071990455873,1.),(1.,0.655349400994224,
1.),(1.,0.655246385787022,1.)))
REPRESENTATION_ITEM('')
SURFACE()
);
#96=(
BOUNDED_SURFACE()
B_SPLINE_SURFACE(3,2,((#6621,#6622,#6623),(#6624,#6625,#6626),(#6627,#6628,
#6629),(#6630,#6631,#6632),(#6633,#6634,#6635),(#6636,#6637,#6638)),
 .UNSPECIFIED.,.F.,.F.,.F.)
B_SPLINE_SURFACE_WITH_KNOTS((4,2,4),(3,3),(0.,0.000332574129917134,0.000665148259834267),
(0.,1.),.UNSPECIFIED.)
GEOMETRIC_REPRESENTATION_ITEM()
RATIONAL_B_SPLINE_SURFACE(((1.,0.707106781186549,1.),(1.,0.683972845772632,
1.),(1.,0.672441008620518,1.),(1.,0.65807199045607,1.),(1.,0.655349400994074,
1.),(1.,0.655246385787024,1.)))
REPRESENTATION_ITEM('')
SURFACE()
);
#97=(
BOUNDED_SURFACE()
B_SPLINE_SURFACE(3,2,((#6700,#6701,#6702),(#6703,#6704,#6705),(#6706,#6707,
#6708),(#6709,#6710,#6711),(#6712,#6713,#6714),(#6715,#6716,#6717)),
 .UNSPECIFIED.,.F.,.F.,.F.)
B_SPLINE_SURFACE_WITH_KNOTS((4,2,4),(3,3),(0.,0.000331438367192547,0.000662876734385094),
(0.,1.),.UNSPECIFIED.)
GEOMETRIC_REPRESENTATION_ITEM()
RATIONAL_B_SPLINE_SURFACE(((1.,0.655246385787022,1.),(1.,0.655337495333065,
1.),(1.,0.658055880570615,1.),(1.,0.672427648792392,1.),(1.,0.683904333419196,
1.),(1.,0.707106781186607,1.)))
REPRESENTATION_ITEM('')
SURFACE()
);
#98=(
BOUNDED_SURFACE()
B_SPLINE_SURFACE(2,2,((#6730,#6731,#6732),(#6733,#6734,#6735),(#6736,#6737,
#6738)),.UNSPECIFIED.,.F.,.F.,.F.)
B_SPLINE_SURFACE_WITH_KNOTS((3,3),(3,3),(-1.57079632679508,4.63346082280362E-14),
(-2.99981379433236,-1.71257518605234),.UNSPECIFIED.)
GEOMETRIC_REPRESENTATION_ITEM()
RATIONAL_B_SPLINE_SURFACE(((1.,0.799929077204076,1.),(0.707106781186466,
0.565635274959234,0.707106781186466),(1.,0.799929077204076,1.)))
REPRESENTATION_ITEM('')
SURFACE()
);
#99=(
BOUNDED_SURFACE()
B_SPLINE_SURFACE(3,2,((#6814,#6815,#6816),(#6817,#6818,#6819),(#6820,#6821,
#6822),(#6823,#6824,#6825),(#6826,#6827,#6828),(#6829,#6830,#6831)),
 .UNSPECIFIED.,.F.,.F.,.F.)
B_SPLINE_SURFACE_WITH_KNOTS((4,2,4),(3,3),(0.,0.000331438367192648,0.000662876734385296),
(0.,1.),.UNSPECIFIED.)
GEOMETRIC_REPRESENTATION_ITEM()
RATIONAL_B_SPLINE_SURFACE(((1.,0.655246385787023,1.),(1.,0.655337495333116,
1.),(1.,0.658055880570545,1.),(1.,0.672427648792474,1.),(1.,0.683904333419196,
1.),(1.,0.707106781186607,1.)))
REPRESENTATION_ITEM('')
SURFACE()
);
#100=(
BOUNDED_SURFACE()
B_SPLINE_SURFACE(3,2,((#7136,#7137,#7138),(#7139,#7140,#7141),(#7142,#7143,
#7144),(#7145,#7146,#7147),(#7148,#7149,#7150),(#7151,#7152,#7153)),
 .UNSPECIFIED.,.F.,.F.,.F.)
B_SPLINE_SURFACE_WITH_KNOTS((4,2,4),(3,3),(0.000225792677071028,0.000443623759487256,
0.000661454841903485),(0.,1.00000026732363),.UNSPECIFIED.)
GEOMETRIC_REPRESENTATION_ITEM()
RATIONAL_B_SPLINE_SURFACE(((1.,0.707106702889271,1.0000001565946),(1.,0.808013318846816,
1.00000010264515),(1.,0.865982432877976,1.00000007165213),(1.,0.866068254114506,
1.00000007160624),(1.,0.808110706827532,1.00000010259308),(1.,0.707106702888409,
1.0000001565946)))
REPRESENTATION_ITEM('')
SURFACE()
);
#101=(
BOUNDED_SURFACE()
B_SPLINE_SURFACE(3,2,((#7230,#7231,#7232),(#7233,#7234,#7235),(#7236,#7237,
#7238),(#7239,#7240,#7241),(#7242,#7243,#7244),(#7245,#7246,#7247)),
 .UNSPECIFIED.,.F.,.F.,.F.)
B_SPLINE_SURFACE_WITH_KNOTS((4,2,4),(3,3),(0.000225792677071028,0.000443623759486941,
0.000661454841902854),(-2.67323731871831E-7,1.),.UNSPECIFIED.)
GEOMETRIC_REPRESENTATION_ITEM()
RATIONAL_B_SPLINE_SURFACE(((1.00000015659466,0.707106702889241,1.),(1.00000010264519,
0.808013318846689,1.),(1.00000007165215,0.865982432877742,1.),(1.00000007160627,
0.866068254114708,1.),(1.00000010259312,0.808110706827967,1.),(1.00000015659466,
0.707106702889253,1.)))
REPRESENTATION_ITEM('')
SURFACE()
);
#102=STYLED_ITEM('',(#8683),#109);
#103=STYLED_ITEM('',(#8684),#110);
#104=STYLED_ITEM('',(#8683),#111);
#105=STYLED_ITEM('',(#8684),#112);
#106=STYLED_ITEM('',(#8685),#113);
#107=STYLED_ITEM('',(#8684),#114);
#108=STYLED_ITEM('',(#8684),#115);
#109=MANIFOLD_SOLID_BREP('Body1',#3710);
#110=MANIFOLD_SOLID_BREP('Body2',#3711);
#111=MANIFOLD_SOLID_BREP('Body3',#3712);
#112=MANIFOLD_SOLID_BREP('Body4',#3713);
#113=MANIFOLD_SOLID_BREP('Body5',#3714);
#114=MANIFOLD_SOLID_BREP('Body6',#3715);
#115=MANIFOLD_SOLID_BREP('Body7',#3716);
#116=PLANE('',#3739);
#117=PLANE('',#3740);
#118=PLANE('',#3762);
#119=PLANE('',#3763);
#120=PLANE('',#3795);
#121=PLANE('',#3797);
#122=PLANE('',#3799);
#123=PLANE('',#3800);
#124=PLANE('',#3802);
#125=PLANE('',#3804);
#126=PLANE('',#3805);
#127=PLANE('',#3807);
#128=PLANE('',#3808);
#129=PLANE('',#3810);
#130=PLANE('',#3814);
#131=PLANE('',#3822);
#132=PLANE('',#3836);
#133=PLANE('',#3837);
#134=PLANE('',#3859);
#135=PLANE('',#3862);
#136=PLANE('',#3887);
#137=PLANE('',#3888);
#138=PLANE('',#3890);
#139=PLANE('',#3895);
#140=PLANE('',#3897);
#141=PLANE('',#3899);
#142=PLANE('',#3900);
#143=PLANE('',#3902);
#144=PLANE('',#3911);
#145=PLANE('',#3912);
#146=PLANE('',#3919);
#147=PLANE('',#3921);
#148=PLANE('',#3947);
#149=PLANE('',#3956);
#150=PLANE('',#3959);
#151=PLANE('',#3960);
#152=PLANE('',#3965);
#153=PLANE('',#3966);
#154=PLANE('',#3969);
#155=PLANE('',#3993);
#156=PLANE('',#4004);
#157=PLANE('',#4005);
#158=PLANE('',#4008);
#159=PLANE('',#4011);
#160=PLANE('',#4012);
#161=PLANE('',#4013);
#162=PLANE('',#4014);
#163=PLANE('',#4042);
#164=PLANE('',#4043);
#165=PLANE('',#4044);
#166=PLANE('',#4047);
#167=PLANE('',#4048);
#168=PLANE('',#4049);
#169=PLANE('',#4050);
#170=PLANE('',#4051);
#171=PLANE('',#4052);
#172=PLANE('',#4053);
#173=PLANE('',#4056);
#174=PLANE('',#4072);
#175=PLANE('',#4073);
#176=PLANE('',#4086);
#177=PLANE('',#4096);
#178=PLANE('',#4101);
#179=PLANE('',#4108);
#180=PLANE('',#4115);
#181=PLANE('',#4120);
#182=PLANE('',#4121);
#183=PLANE('',#4122);
#184=PLANE('',#4123);
#185=PLANE('',#4149);
#186=PLANE('',#4150);
#187=PLANE('',#4151);
#188=PLANE('',#4152);
#189=PLANE('',#4178);
#190=PLANE('',#4179);
#191=PLANE('',#4180);
#192=PLANE('',#4181);
#193=CONICAL_SURFACE('',#3737,0.449999999972308,0.261799387795124);
#194=CONICAL_SURFACE('',#3744,1.24999999985448,0.785398163397448);
#195=CONICAL_SURFACE('',#3834,0.449999999972308,0.261799387795124);
#196=CONICAL_SURFACE('',#3841,1.24999999985448,0.785398163397448);
#197=CONICAL_SURFACE('',#3923,0.500000000101863,0.785398163965882);
#198=CONICAL_SURFACE('',#3927,0.499999999931332,0.785398163965882);
#199=CONICAL_SURFACE('',#3931,0.499999999931332,0.785398163965882);
#200=CONICAL_SURFACE('',#3935,0.500000000101863,0.785398163965882);
#201=CONICAL_SURFACE('',#4006,0.649999999982172,0.785398163397448);
#202=CONICAL_SURFACE('',#4009,0.650000000039015,0.785398163586926);
#203=CONICAL_SURFACE('',#4142,0.99999999998545,0.785398163397448);
#204=CONICAL_SURFACE('',#4147,0.749999999962938,0.261799387767971);
#205=CONICAL_SURFACE('',#4171,0.99999999998545,0.785398163397448);
#206=CONICAL_SURFACE('',#4176,0.749999999962938,0.261799387767971);
#207=LINE('',#5345,#455);
#208=LINE('',#5351,#456);
#209=LINE('',#5359,#457);
#210=LINE('',#5363,#458);
#211=LINE('',#5388,#459);
#212=LINE('',#5390,#460);
#213=LINE('',#5397,#461);
#214=LINE('',#5400,#462);
#215=LINE('',#5405,#463);
#216=LINE('',#5407,#464);
#217=LINE('',#5412,#465);
#218=LINE('',#5413,#466);
#219=LINE('',#5415,#467);
#220=LINE('',#5417,#468);
#221=LINE('',#5422,#469);
#222=LINE('',#5424,#470);
#223=LINE('',#5429,#471);
#224=LINE('',#5433,#472);
#225=LINE('',#5436,#473);
#226=LINE('',#5439,#474);
#227=LINE('',#5442,#475);
#228=LINE('',#5446,#476);
#229=LINE('',#5450,#477);
#230=LINE('',#5523,#478);
#231=LINE('',#5527,#479);
#232=LINE('',#5600,#480);
#233=LINE('',#5604,#481);
#234=LINE('',#5677,#482);
#235=LINE('',#5775,#483);
#236=LINE('',#5776,#484);
#237=LINE('',#5805,#485);
#238=LINE('',#5806,#486);
#239=LINE('',#5835,#487);
#240=LINE('',#5836,#488);
#241=LINE('',#5839,#489);
#242=LINE('',#5875,#490);
#243=LINE('',#5876,#491);
#244=LINE('',#5905,#492);
#245=LINE('',#5906,#493);
#246=LINE('',#5909,#494);
#247=LINE('',#5945,#495);
#248=LINE('',#5946,#496);
#249=LINE('',#5964,#497);
#250=LINE('',#5965,#498);
#251=LINE('',#5987,#499);
#252=LINE('',#5988,#500);
#253=LINE('',#6018,#501);
#254=LINE('',#6027,#502);
#255=LINE('',#6041,#503);
#256=LINE('',#6047,#504);
#257=LINE('',#6055,#505);
#258=LINE('',#6059,#506);
#259=LINE('',#6084,#507);
#260=LINE('',#6086,#508);
#261=LINE('',#6093,#509);
#262=LINE('',#6096,#510);
#263=LINE('',#6100,#511);
#264=LINE('',#6108,#512);
#265=LINE('',#6109,#513);
#266=LINE('',#6111,#514);
#267=LINE('',#6113,#515);
#268=LINE('',#6118,#516);
#269=LINE('',#6120,#517);
#270=LINE('',#6125,#518);
#271=LINE('',#6126,#519);
#272=LINE('',#6131,#520);
#273=LINE('',#6132,#521);
#274=LINE('',#6136,#522);
#275=LINE('',#6140,#523);
#276=LINE('',#6212,#524);
#277=LINE('',#6214,#525);
#278=LINE('',#6219,#526);
#279=LINE('',#6292,#527);
#280=LINE('',#6296,#528);
#281=LINE('',#6394,#529);
#282=LINE('',#6395,#530);
#283=LINE('',#6444,#531);
#284=LINE('',#6466,#532);
#285=LINE('',#6467,#533);
#286=LINE('',#6471,#534);
#287=LINE('',#6589,#535);
#288=LINE('',#6590,#536);
#289=LINE('',#6619,#537);
#290=LINE('',#6620,#538);
#291=LINE('',#6649,#539);
#292=LINE('',#6650,#540);
#293=LINE('',#6699,#541);
#294=LINE('',#6721,#542);
#295=LINE('',#6722,#543);
#296=LINE('',#6729,#544);
#297=LINE('',#6751,#545);
#298=LINE('',#6754,#546);
#299=LINE('',#6756,#547);
#300=LINE('',#6758,#548);
#301=LINE('',#6813,#549);
#302=LINE('',#6834,#550);
#303=LINE('',#6840,#551);
#304=LINE('',#6889,#552);
#305=LINE('',#6897,#553);
#306=LINE('',#6903,#554);
#307=LINE('',#6949,#555);
#308=LINE('',#6951,#556);
#309=LINE('',#6957,#557);
#310=LINE('',#6960,#558);
#311=LINE('',#6966,#559);
#312=LINE('',#6969,#560);
#313=LINE('',#6973,#561);
#314=LINE('',#6977,#562);
#315=LINE('',#6981,#563);
#316=LINE('',#6985,#564);
#317=LINE('',#6987,#565);
#318=LINE('',#6989,#566);
#319=LINE('',#6993,#567);
#320=LINE('',#6997,#568);
#321=LINE('',#7001,#569);
#322=LINE('',#7005,#570);
#323=LINE('',#7007,#571);
#324=LINE('',#7009,#572);
#325=LINE('',#7013,#573);
#326=LINE('',#7015,#574);
#327=LINE('',#7017,#575);
#328=LINE('',#7018,#576);
#329=LINE('',#7020,#577);
#330=LINE('',#7024,#578);
#331=LINE('',#7033,#579);
#332=LINE('',#7037,#580);
#333=LINE('',#7039,#581);
#334=LINE('',#7040,#582);
#335=LINE('',#7043,#583);
#336=LINE('',#7045,#584);
#337=LINE('',#7049,#585);
#338=LINE('',#7053,#586);
#339=LINE('',#7057,#587);
#340=LINE('',#7061,#588);
#341=LINE('',#7063,#589);
#342=LINE('',#7065,#590);
#343=LINE('',#7066,#591);
#344=LINE('',#7069,#592);
#345=LINE('',#7071,#593);
#346=LINE('',#7072,#594);
#347=LINE('',#7075,#595);
#348=LINE('',#7079,#596);
#349=LINE('',#7088,#597);
#350=LINE('',#7091,#598);
#351=LINE('',#7093,#599);
#352=LINE('',#7095,#600);
#353=LINE('',#7096,#601);
#354=LINE('',#7099,#602);
#355=LINE('',#7101,#603);
#356=LINE('',#7105,#604);
#357=LINE('',#7114,#605);
#358=LINE('',#7121,#606);
#359=LINE('',#7127,#607);
#360=LINE('',#7134,#608);
#361=LINE('',#7156,#609);
#362=LINE('',#7161,#610);
#363=LINE('',#7163,#611);
#364=LINE('',#7166,#612);
#365=LINE('',#7176,#613);
#366=LINE('',#7180,#614);
#367=LINE('',#7181,#615);
#368=LINE('',#7182,#616);
#369=LINE('',#7185,#617);
#370=LINE('',#7186,#618);
#371=LINE('',#7190,#619);
#372=LINE('',#7193,#620);
#373=LINE('',#7194,#621);
#374=LINE('',#7198,#622);
#375=LINE('',#7201,#623);
#376=LINE('',#7202,#624);
#377=LINE('',#7205,#625);
#378=LINE('',#7206,#626);
#379=LINE('',#7208,#627);
#380=LINE('',#7211,#628);
#381=LINE('',#7215,#629);
#382=LINE('',#7218,#630);
#383=LINE('',#7221,#631);
#384=LINE('',#7228,#632);
#385=LINE('',#7251,#633);
#386=LINE('',#7258,#634);
#387=LINE('',#7263,#635);
#388=LINE('',#7270,#636);
#389=LINE('',#7273,#637);
#390=LINE('',#7276,#638);
#391=LINE('',#7278,#639);
#392=LINE('',#7282,#640);
#393=LINE('',#7283,#641);
#394=LINE('',#7287,#642);
#395=LINE('',#7291,#643);
#396=LINE('',#7416,#644);
#397=LINE('',#7418,#645);
#398=LINE('',#7419,#646);
#399=LINE('',#7422,#647);
#400=LINE('',#7424,#648);
#401=LINE('',#7425,#649);
#402=LINE('',#7428,#650);
#403=LINE('',#7430,#651);
#404=LINE('',#7431,#652);
#405=LINE('',#7434,#653);
#406=LINE('',#7436,#654);
#407=LINE('',#7437,#655);
#408=LINE('',#7440,#656);
#409=LINE('',#7441,#657);
#410=LINE('',#7444,#658);
#411=LINE('',#7445,#659);
#412=LINE('',#7449,#660);
#413=LINE('',#7454,#661);
#414=LINE('',#7457,#662);
#415=LINE('',#7462,#663);
#416=LINE('',#7466,#664);
#417=LINE('',#7472,#665);
#418=LINE('',#7477,#666);
#419=LINE('',#7479,#667);
#420=LINE('',#7484,#668);
#421=LINE('',#7492,#669);
#422=LINE('',#7499,#670);
#423=LINE('',#7505,#671);
#424=LINE('',#7511,#672);
#425=LINE('',#7515,#673);
#426=LINE('',#7520,#674);
#427=LINE('',#7526,#675);
#428=LINE('',#7531,#676);
#429=LINE('',#7534,#677);
#430=LINE('',#7535,#678);
#431=LINE('',#7539,#679);
#432=LINE('',#7542,#680);
#433=LINE('',#7547,#681);
#434=LINE('',#7549,#682);
#435=LINE('',#7554,#683);
#436=LINE('',#7555,#684);
#437=LINE('',#7558,#685);
#438=LINE('',#7563,#686);
#439=LINE('',#7566,#687);
#440=LINE('',#7567,#688);
#441=LINE('',#7571,#689);
#442=LINE('',#7575,#690);
#443=LINE('',#8094,#691);
#444=LINE('',#8098,#692);
#445=LINE('',#8101,#693);
#446=LINE('',#8105,#694);
#447=LINE('',#8111,#695);
#448=LINE('',#8115,#696);
#449=LINE('',#8636,#697);
#450=LINE('',#8640,#698);
#451=LINE('',#8643,#699);
#452=LINE('',#8647,#700);
#453=LINE('',#8653,#701);
#454=LINE('',#8657,#702);
#455=VECTOR('',#4194,0.45);
#456=VECTOR('',#4201,0.449999999972308);
#457=VECTOR('',#4212,1.25);
#458=VECTOR('',#4217,1.24999999985448);
#459=VECTOR('',#4242,1000.);
#460=VECTOR('',#4245,1000.);
#461=VECTOR('',#4252,1000.);
#462=VECTOR('',#4255,1000.);
#463=VECTOR('',#4260,1000.);
#464=VECTOR('',#4261,1000.);
#465=VECTOR('',#4266,1000.);
#466=VECTOR('',#4267,1000.);
#467=VECTOR('',#4268,1000.);
#468=VECTOR('',#4269,1000.);
#469=VECTOR('',#4274,1000.);
#470=VECTOR('',#4275,1000.);
#471=VECTOR('',#4282,1000.);
#472=VECTOR('',#4287,1000.);
#473=VECTOR('',#4290,1000.);
#474=VECTOR('',#4293,1000.);
#475=VECTOR('',#4296,1000.);
#476=VECTOR('',#4301,1000.);
#477=VECTOR('',#4306,1000.);
#478=VECTOR('',#4313,1000.);
#479=VECTOR('',#4318,1000.);
#480=VECTOR('',#4325,1000.);
#481=VECTOR('',#4330,1000.);
#482=VECTOR('',#4337,1000.);
#483=VECTOR('',#4344,1000.);
#484=VECTOR('',#4345,1000.);
#485=VECTOR('',#4350,1000.);
#486=VECTOR('',#4351,1000.);
#487=VECTOR('',#4356,1000.);
#488=VECTOR('',#4357,1000.);
#489=VECTOR('',#4360,1000.);
#490=VECTOR('',#4365,1000.);
#491=VECTOR('',#4366,1000.);
#492=VECTOR('',#4371,1000.);
#493=VECTOR('',#4372,1000.);
#494=VECTOR('',#4375,1000.);
#495=VECTOR('',#4380,1000.);
#496=VECTOR('',#4381,1000.);
#497=VECTOR('',#4384,1000.);
#498=VECTOR('',#4385,1000.);
#499=VECTOR('',#4390,1000.);
#500=VECTOR('',#4391,1000.);
#501=VECTOR('',#4400,1000.);
#502=VECTOR('',#4417,1000.);
#503=VECTOR('',#4436,0.45);
#504=VECTOR('',#4443,0.449999999972308);
#505=VECTOR('',#4454,1.25);
#506=VECTOR('',#4459,1.24999999985448);
#507=VECTOR('',#4484,1000.);
#508=VECTOR('',#4487,1000.);
#509=VECTOR('',#4494,1000.);
#510=VECTOR('',#4497,1000.);
#511=VECTOR('',#4502,1000.);
#512=VECTOR('',#4511,1000.);
#513=VECTOR('',#4512,1000.);
#514=VECTOR('',#4513,1000.);
#515=VECTOR('',#4514,1000.);
#516=VECTOR('',#4519,1000.);
#517=VECTOR('',#4520,1000.);
#518=VECTOR('',#4525,1000.);
#519=VECTOR('',#4526,1000.);
#520=VECTOR('',#4531,1000.);
#521=VECTOR('',#4532,1000.);
#522=VECTOR('',#4537,1000.);
#523=VECTOR('',#4542,1000.);
#524=VECTOR('',#4547,1000.);
#525=VECTOR('',#4548,1000.);
#526=VECTOR('',#4555,1000.);
#527=VECTOR('',#4562,1000.);
#528=VECTOR('',#4567,1000.);
#529=VECTOR('',#4574,1000.);
#530=VECTOR('',#4575,1000.);
#531=VECTOR('',#4578,1000.);
#532=VECTOR('',#4583,1000.);
#533=VECTOR('',#4584,1000.);
#534=VECTOR('',#4589,1000.);
#535=VECTOR('',#4596,1000.);
#536=VECTOR('',#4597,1000.);
#537=VECTOR('',#4602,1000.);
#538=VECTOR('',#4603,1000.);
#539=VECTOR('',#4608,1000.);
#540=VECTOR('',#4609,1000.);
#541=VECTOR('',#4612,1000.);
#542=VECTOR('',#4617,1000.);
#543=VECTOR('',#4618,1000.);
#544=VECTOR('',#4629,1000.);
#545=VECTOR('',#4634,1000.);
#546=VECTOR('',#4637,1000.);
#547=VECTOR('',#4640,1000.);
#548=VECTOR('',#4643,1000.);
#549=VECTOR('',#4658,1000.);
#550=VECTOR('',#4663,1000.);
#551=VECTOR('',#4670,0.500000000101863);
#552=VECTOR('',#4681,0.499999999931332);
#553=VECTOR('',#4690,0.499999999931332);
#554=VECTOR('',#4697,0.500000000101863);
#555=VECTOR('',#4704,0.45);
#556=VECTOR('',#4707,0.45);
#557=VECTOR('',#4712,1000.);
#558=VECTOR('',#4715,1000.);
#559=VECTOR('',#4720,1000.);
#560=VECTOR('',#4723,1000.);
#561=VECTOR('',#4726,1000.);
#562=VECTOR('',#4729,1000.);
#563=VECTOR('',#4732,1000.);
#564=VECTOR('',#4735,1000.);
#565=VECTOR('',#4736,1000.);
#566=VECTOR('',#4737,1000.);
#567=VECTOR('',#4740,1000.);
#568=VECTOR('',#4743,1000.);
#569=VECTOR('',#4746,1000.);
#570=VECTOR('',#4749,1000.);
#571=VECTOR('',#4750,1000.);
#572=VECTOR('',#4751,1000.);
#573=VECTOR('',#4756,1000.);
#574=VECTOR('',#4757,1000.);
#575=VECTOR('',#4758,1000.);
#576=VECTOR('',#4759,1000.);
#577=VECTOR('',#4760,1000.);
#578=VECTOR('',#4763,1000.);
#579=VECTOR('',#4764,1000.);
#580=VECTOR('',#4769,1000.);
#581=VECTOR('',#4770,1000.);
#582=VECTOR('',#4771,1000.);
#583=VECTOR('',#4774,1000.);
#584=VECTOR('',#4775,1000.);
#585=VECTOR('',#4778,1000.);
#586=VECTOR('',#4781,1000.);
#587=VECTOR('',#4784,1000.);
#588=VECTOR('',#4787,1000.);
#589=VECTOR('',#4788,1000.);
#590=VECTOR('',#4789,1000.);
#591=VECTOR('',#4790,1000.);
#592=VECTOR('',#4793,1000.);
#593=VECTOR('',#4794,1000.);
#594=VECTOR('',#4795,1000.);
#595=VECTOR('',#4798,1000.);
#596=VECTOR('',#4801,1000.);
#597=VECTOR('',#4802,1000.);
#598=VECTOR('',#4805,1000.);
#599=VECTOR('',#4806,1000.);
#600=VECTOR('',#4807,1000.);
#601=VECTOR('',#4808,1000.);
#602=VECTOR('',#4811,1000.);
#603=VECTOR('',#4812,1000.);
#604=VECTOR('',#4815,1000.);
#605=VECTOR('',#4828,1000.);
#606=VECTOR('',#4837,1000.);
#607=VECTOR('',#4846,1000.);
#608=VECTOR('',#4857,1000.);
#609=VECTOR('',#4864,1000.);
#610=VECTOR('',#4869,1000.);
#611=VECTOR('',#4870,1000.);
#612=VECTOR('',#4873,1000.);
#613=VECTOR('',#4890,1000.);
#614=VECTOR('',#4893,1000.);
#615=VECTOR('',#4894,1000.);
#616=VECTOR('',#4895,1000.);
#617=VECTOR('',#4898,1000.);
#618=VECTOR('',#4899,1000.);
#619=VECTOR('',#4904,1000.);
#620=VECTOR('',#4907,1000.);
#621=VECTOR('',#4908,1000.);
#622=VECTOR('',#4913,1000.);
#623=VECTOR('',#4916,1000.);
#624=VECTOR('',#4917,1000.);
#625=VECTOR('',#4920,1000.);
#626=VECTOR('',#4921,1000.);
#627=VECTOR('',#4924,1000.);
#628=VECTOR('',#4927,1000.);
#629=VECTOR('',#4930,1000.);
#630=VECTOR('',#4933,1000.);
#631=VECTOR('',#4936,1000.);
#632=VECTOR('',#4947,1000.);
#633=VECTOR('',#4954,1000.);
#634=VECTOR('',#4965,1000.);
#635=VECTOR('',#4972,1000.);
#636=VECTOR('',#4985,1000.);
#637=VECTOR('',#4988,1000.);
#638=VECTOR('',#4991,1000.);
#639=VECTOR('',#4994,1000.);
#640=VECTOR('',#4999,1000.);
#641=VECTOR('',#5000,1000.);
#642=VECTOR('',#5005,1000.);
#643=VECTOR('',#5008,1000.);
#644=VECTOR('',#5011,1000.);
#645=VECTOR('',#5012,1000.);
#646=VECTOR('',#5013,1000.);
#647=VECTOR('',#5016,1000.);
#648=VECTOR('',#5017,1000.);
#649=VECTOR('',#5018,1000.);
#650=VECTOR('',#5021,1000.);
#651=VECTOR('',#5022,1000.);
#652=VECTOR('',#5023,1000.);
#653=VECTOR('',#5026,1000.);
#654=VECTOR('',#5027,1000.);
#655=VECTOR('',#5028,1000.);
#656=VECTOR('',#5031,1000.);
#657=VECTOR('',#5032,1000.);
#658=VECTOR('',#5035,1000.);
#659=VECTOR('',#5036,1000.);
#660=VECTOR('',#5041,1000.);
#661=VECTOR('',#5046,1000.);
#662=VECTOR('',#5049,1000.);
#663=VECTOR('',#5056,1000.);
#664=VECTOR('',#5061,1000.);
#665=VECTOR('',#5072,1000.);
#666=VECTOR('',#5081,1000.);
#667=VECTOR('',#5084,1000.);
#668=VECTOR('',#5089,1000.);
#669=VECTOR('',#5096,1000.);
#670=VECTOR('',#5103,1000.);
#671=VECTOR('',#5108,1000.);
#672=VECTOR('',#5117,1000.);
#673=VECTOR('',#5122,1000.);
#674=VECTOR('',#5131,1000.);
#675=VECTOR('',#5140,1000.);
#676=VECTOR('',#5147,1000.);
#677=VECTOR('',#5150,1000.);
#678=VECTOR('',#5151,1000.);
#679=VECTOR('',#5156,1000.);
#680=VECTOR('',#5159,1000.);
#681=VECTOR('',#5166,1000.);
#682=VECTOR('',#5169,1000.);
#683=VECTOR('',#5174,1000.);
#684=VECTOR('',#5175,1000.);
#685=VECTOR('',#5178,1000.);
#686=VECTOR('',#5185,1000.);
#687=VECTOR('',#5188,1000.);
#688=VECTOR('',#5189,1000.);
#689=VECTOR('',#5194,1000.);
#690=VECTOR('',#5201,1000.);
#691=VECTOR('',#5236,1.);
#692=VECTOR('',#5241,1.25);
#693=VECTOR('',#5244,1.);
#694=VECTOR('',#5249,0.99999999998545);
#695=VECTOR('',#5256,0.750000000000001);
#696=VECTOR('',#5261,0.749999999962938);
#697=VECTOR('',#5300,1.);
#698=VECTOR('',#5305,1.25);
#699=VECTOR('',#5308,1.);
#700=VECTOR('',#5313,0.99999999998545);
#701=VECTOR('',#5320,0.750000000000001);
#702=VECTOR('',#5325,0.749999999962938);
#703=CYLINDRICAL_SURFACE('',#3734,0.45);
#704=CYLINDRICAL_SURFACE('',#3741,1.25);
#705=CYLINDRICAL_SURFACE('',#3754,0.0800000000000002);
#706=CYLINDRICAL_SURFACE('',#3758,0.0800000000000002);
#707=CYLINDRICAL_SURFACE('',#3770,1.);
#708=CYLINDRICAL_SURFACE('',#3772,1.);
#709=CYLINDRICAL_SURFACE('',#3774,1.);
#710=CYLINDRICAL_SURFACE('',#3776,1.);
#711=CYLINDRICAL_SURFACE('',#3778,0.0800000000000002);
#712=CYLINDRICAL_SURFACE('',#3781,0.08);
#713=CYLINDRICAL_SURFACE('',#3783,0.0800000000000002);
#714=CYLINDRICAL_SURFACE('',#3786,0.0800000000000002);
#715=CYLINDRICAL_SURFACE('',#3788,0.08);
#716=CYLINDRICAL_SURFACE('',#3791,0.0800000000000002);
#717=CYLINDRICAL_SURFACE('',#3812,0.08);
#718=CYLINDRICAL_SURFACE('',#3815,0.0800000000000002);
#719=CYLINDRICAL_SURFACE('',#3816,0.0800000000000002);
#720=CYLINDRICAL_SURFACE('',#3818,0.08);
#721=CYLINDRICAL_SURFACE('',#3819,0.08);
#722=CYLINDRICAL_SURFACE('',#3821,0.0800000000000002);
#723=CYLINDRICAL_SURFACE('',#3823,0.08);
#724=CYLINDRICAL_SURFACE('',#3825,0.0800000000000002);
#725=CYLINDRICAL_SURFACE('',#3831,0.45);
#726=CYLINDRICAL_SURFACE('',#3838,1.25);
#727=CYLINDRICAL_SURFACE('',#3851,0.08);
#728=CYLINDRICAL_SURFACE('',#3855,0.08);
#729=CYLINDRICAL_SURFACE('',#3860,1.);
#730=CYLINDRICAL_SURFACE('',#3869,1.);
#731=CYLINDRICAL_SURFACE('',#3871,1.);
#732=CYLINDRICAL_SURFACE('',#3873,0.0800000000000002);
#733=CYLINDRICAL_SURFACE('',#3876,0.0800000000000002);
#734=CYLINDRICAL_SURFACE('',#3878,0.0800000000000002);
#735=CYLINDRICAL_SURFACE('',#3881,0.0800000000000002);
#736=CYLINDRICAL_SURFACE('',#3883,0.0800000000000002);
#737=CYLINDRICAL_SURFACE('',#3891,1.);
#738=CYLINDRICAL_SURFACE('',#3903,0.08);
#739=CYLINDRICAL_SURFACE('',#3905,0.0800000000000002);
#740=CYLINDRICAL_SURFACE('',#3906,0.0800000000000002);
#741=CYLINDRICAL_SURFACE('',#3909,0.0800000000000002);
#742=CYLINDRICAL_SURFACE('',#3913,0.0800000000000002);
#743=CYLINDRICAL_SURFACE('',#3915,0.08);
#744=CYLINDRICAL_SURFACE('',#3916,0.0800000000000002);
#745=CYLINDRICAL_SURFACE('',#3918,0.08);
#746=CYLINDRICAL_SURFACE('',#3922,0.08);
#747=CYLINDRICAL_SURFACE('',#3939,0.45);
#748=CYLINDRICAL_SURFACE('',#3940,0.45);
#749=CYLINDRICAL_SURFACE('',#3941,0.15);
#750=CYLINDRICAL_SURFACE('',#3944,0.15);
#751=CYLINDRICAL_SURFACE('',#3976,0.1);
#752=CYLINDRICAL_SURFACE('',#3977,0.0999999999999998);
#753=CYLINDRICAL_SURFACE('',#3979,1.);
#754=CYLINDRICAL_SURFACE('',#3982,0.1);
#755=CYLINDRICAL_SURFACE('',#3984,0.1);
#756=CYLINDRICAL_SURFACE('',#3989,0.1);
#757=CYLINDRICAL_SURFACE('',#3992,0.1);
#758=CYLINDRICAL_SURFACE('',#3998,0.0999999999999998);
#759=CYLINDRICAL_SURFACE('',#4003,0.0999999999999998);
#760=CYLINDRICAL_SURFACE('',#4017,0.1);
#761=CYLINDRICAL_SURFACE('',#4022,0.1);
#762=CYLINDRICAL_SURFACE('',#4025,0.1);
#763=CYLINDRICAL_SURFACE('',#4030,0.1);
#764=CYLINDRICAL_SURFACE('',#4031,0.1);
#765=CYLINDRICAL_SURFACE('',#4033,1.);
#766=CYLINDRICAL_SURFACE('',#4039,0.1);
#767=CYLINDRICAL_SURFACE('',#4040,0.1);
#768=CYLINDRICAL_SURFACE('',#4045,0.1);
#769=CYLINDRICAL_SURFACE('',#4054,0.1);
#770=CYLINDRICAL_SURFACE('',#4059,0.1);
#771=CYLINDRICAL_SURFACE('',#4061,1.);
#772=CYLINDRICAL_SURFACE('',#4063,1.);
#773=CYLINDRICAL_SURFACE('',#4067,0.1);
#774=CYLINDRICAL_SURFACE('',#4070,0.5);
#775=CYLINDRICAL_SURFACE('',#4085,0.5);
#776=CYLINDRICAL_SURFACE('',#4087,1.);
#777=CYLINDRICAL_SURFACE('',#4089,1.);
#778=CYLINDRICAL_SURFACE('',#4093,0.1);
#779=CYLINDRICAL_SURFACE('',#4097,2.);
#780=CYLINDRICAL_SURFACE('',#4099,0.2);
#781=CYLINDRICAL_SURFACE('',#4102,0.2);
#782=CYLINDRICAL_SURFACE('',#4104,2.);
#783=CYLINDRICAL_SURFACE('',#4106,0.15);
#784=CYLINDRICAL_SURFACE('',#4109,0.15);
#785=CYLINDRICAL_SURFACE('',#4111,2.);
#786=CYLINDRICAL_SURFACE('',#4113,0.2);
#787=CYLINDRICAL_SURFACE('',#4116,0.2);
#788=CYLINDRICAL_SURFACE('',#4118,2.);
#789=CYLINDRICAL_SURFACE('',#4137,1.);
#790=CYLINDRICAL_SURFACE('',#4138,1.25);
#791=CYLINDRICAL_SURFACE('',#4140,1.);
#792=CYLINDRICAL_SURFACE('',#4144,0.750000000000001);
#793=CYLINDRICAL_SURFACE('',#4166,1.);
#794=CYLINDRICAL_SURFACE('',#4167,1.25);
#795=CYLINDRICAL_SURFACE('',#4169,1.);
#796=CYLINDRICAL_SURFACE('',#4173,0.750000000000001);
#797=FACE_OUTER_BOUND('',#1028,.T.);
#798=FACE_OUTER_BOUND('',#1029,.T.);
#799=FACE_OUTER_BOUND('',#1030,.T.);
#800=FACE_OUTER_BOUND('',#1031,.T.);
#801=FACE_OUTER_BOUND('',#1032,.T.);
#802=FACE_OUTER_BOUND('',#1033,.T.);
#803=FACE_OUTER_BOUND('',#1034,.T.);
#804=FACE_OUTER_BOUND('',#1035,.T.);
#805=FACE_OUTER_BOUND('',#1036,.T.);
#806=FACE_OUTER_BOUND('',#1037,.T.);
#807=FACE_OUTER_BOUND('',#1038,.T.);
#808=FACE_OUTER_BOUND('',#1039,.T.);
#809=FACE_OUTER_BOUND('',#1040,.T.);
#810=FACE_OUTER_BOUND('',#1041,.T.);
#811=FACE_OUTER_BOUND('',#1042,.T.);
#812=FACE_OUTER_BOUND('',#1043,.T.);
#813=FACE_OUTER_BOUND('',#1044,.T.);
#814=FACE_OUTER_BOUND('',#1045,.T.);
#815=FACE_OUTER_BOUND('',#1046,.T.);
#816=FACE_OUTER_BOUND('',#1047,.T.);
#817=FACE_OUTER_BOUND('',#1048,.T.);
#818=FACE_OUTER_BOUND('',#1049,.T.);
#819=FACE_OUTER_BOUND('',#1050,.T.);
#820=FACE_OUTER_BOUND('',#1051,.T.);
#821=FACE_OUTER_BOUND('',#1052,.T.);
#822=FACE_OUTER_BOUND('',#1053,.T.);
#823=FACE_OUTER_BOUND('',#1054,.T.);
#824=FACE_OUTER_BOUND('',#1055,.T.);
#825=FACE_OUTER_BOUND('',#1056,.T.);
#826=FACE_OUTER_BOUND('',#1057,.T.);
#827=FACE_OUTER_BOUND('',#1058,.T.);
#828=FACE_OUTER_BOUND('',#1059,.T.);
#829=FACE_OUTER_BOUND('',#1060,.T.);
#830=FACE_OUTER_BOUND('',#1061,.T.);
#831=FACE_OUTER_BOUND('',#1062,.T.);
#832=FACE_OUTER_BOUND('',#1063,.T.);
#833=FACE_OUTER_BOUND('',#1064,.T.);
#834=FACE_OUTER_BOUND('',#1065,.T.);
#835=FACE_OUTER_BOUND('',#1066,.T.);
#836=FACE_OUTER_BOUND('',#1067,.T.);
#837=FACE_OUTER_BOUND('',#1068,.T.);
#838=FACE_OUTER_BOUND('',#1069,.T.);
#839=FACE_OUTER_BOUND('',#1070,.T.);
#840=FACE_OUTER_BOUND('',#1071,.T.);
#841=FACE_OUTER_BOUND('',#1072,.T.);
#842=FACE_OUTER_BOUND('',#1073,.T.);
#843=FACE_OUTER_BOUND('',#1074,.T.);
#844=FACE_OUTER_BOUND('',#1075,.T.);
#845=FACE_OUTER_BOUND('',#1076,.T.);
#846=FACE_OUTER_BOUND('',#1077,.T.);
#847=FACE_OUTER_BOUND('',#1078,.T.);
#848=FACE_OUTER_BOUND('',#1079,.T.);
#849=FACE_OUTER_BOUND('',#1080,.T.);
#850=FACE_OUTER_BOUND('',#1081,.T.);
#851=FACE_OUTER_BOUND('',#1082,.T.);
#852=FACE_OUTER_BOUND('',#1083,.T.);
#853=FACE_OUTER_BOUND('',#1084,.T.);
#854=FACE_OUTER_BOUND('',#1085,.T.);
#855=FACE_OUTER_BOUND('',#1086,.T.);
#856=FACE_OUTER_BOUND('',#1087,.T.);
#857=FACE_OUTER_BOUND('',#1088,.T.);
#858=FACE_OUTER_BOUND('',#1089,.T.);
#859=FACE_OUTER_BOUND('',#1090,.T.);
#860=FACE_OUTER_BOUND('',#1091,.T.);
#861=FACE_OUTER_BOUND('',#1092,.T.);
#862=FACE_OUTER_BOUND('',#1093,.T.);
#863=FACE_OUTER_BOUND('',#1094,.T.);
#864=FACE_OUTER_BOUND('',#1095,.T.);
#865=FACE_OUTER_BOUND('',#1096,.T.);
#866=FACE_OUTER_BOUND('',#1097,.T.);
#867=FACE_OUTER_BOUND('',#1098,.T.);
#868=FACE_OUTER_BOUND('',#1099,.T.);
#869=FACE_OUTER_BOUND('',#1100,.T.);
#870=FACE_OUTER_BOUND('',#1101,.T.);
#871=FACE_OUTER_BOUND('',#1102,.T.);
#872=FACE_OUTER_BOUND('',#1103,.T.);
#873=FACE_OUTER_BOUND('',#1104,.T.);
#874=FACE_OUTER_BOUND('',#1105,.T.);
#875=FACE_OUTER_BOUND('',#1106,.T.);
#876=FACE_OUTER_BOUND('',#1107,.T.);
#877=FACE_OUTER_BOUND('',#1108,.T.);
#878=FACE_OUTER_BOUND('',#1109,.T.);
#879=FACE_OUTER_BOUND('',#1110,.T.);
#880=FACE_OUTER_BOUND('',#1111,.T.);
#881=FACE_OUTER_BOUND('',#1112,.T.);
#882=FACE_OUTER_BOUND('',#1113,.T.);
#883=FACE_OUTER_BOUND('',#1114,.T.);
#884=FACE_OUTER_BOUND('',#1115,.T.);
#885=FACE_OUTER_BOUND('',#1116,.T.);
#886=FACE_OUTER_BOUND('',#1117,.T.);
#887=FACE_OUTER_BOUND('',#1118,.T.);
#888=FACE_OUTER_BOUND('',#1119,.T.);
#889=FACE_OUTER_BOUND('',#1120,.T.);
#890=FACE_OUTER_BOUND('',#1121,.T.);
#891=FACE_OUTER_BOUND('',#1122,.T.);
#892=FACE_OUTER_BOUND('',#1123,.T.);
#893=FACE_OUTER_BOUND('',#1124,.T.);
#894=FACE_OUTER_BOUND('',#1125,.T.);
#895=FACE_OUTER_BOUND('',#1126,.T.);
#896=FACE_OUTER_BOUND('',#1127,.T.);
#897=FACE_OUTER_BOUND('',#1128,.T.);
#898=FACE_OUTER_BOUND('',#1129,.T.);
#899=FACE_OUTER_BOUND('',#1130,.T.);
#900=FACE_OUTER_BOUND('',#1131,.T.);
#901=FACE_OUTER_BOUND('',#1132,.T.);
#902=FACE_OUTER_BOUND('',#1133,.T.);
#903=FACE_OUTER_BOUND('',#1134,.T.);
#904=FACE_OUTER_BOUND('',#1135,.T.);
#905=FACE_OUTER_BOUND('',#1136,.T.);
#906=FACE_OUTER_BOUND('',#1137,.T.);
#907=FACE_OUTER_BOUND('',#1138,.T.);
#908=FACE_OUTER_BOUND('',#1139,.T.);
#909=FACE_OUTER_BOUND('',#1140,.T.);
#910=FACE_OUTER_BOUND('',#1141,.T.);
#911=FACE_OUTER_BOUND('',#1142,.T.);
#912=FACE_OUTER_BOUND('',#1143,.T.);
#913=FACE_OUTER_BOUND('',#1144,.T.);
#914=FACE_OUTER_BOUND('',#1145,.T.);
#915=FACE_OUTER_BOUND('',#1147,.T.);
#916=FACE_OUTER_BOUND('',#1148,.T.);
#917=FACE_OUTER_BOUND('',#1149,.T.);
#918=FACE_OUTER_BOUND('',#1150,.T.);
#919=FACE_OUTER_BOUND('',#1151,.T.);
#920=FACE_OUTER_BOUND('',#1152,.T.);
#921=FACE_OUTER_BOUND('',#1153,.T.);
#922=FACE_OUTER_BOUND('',#1154,.T.);
#923=FACE_OUTER_BOUND('',#1155,.T.);
#924=FACE_OUTER_BOUND('',#1156,.T.);
#925=FACE_OUTER_BOUND('',#1157,.T.);
#926=FACE_OUTER_BOUND('',#1158,.T.);
#927=FACE_OUTER_BOUND('',#1159,.T.);
#928=FACE_OUTER_BOUND('',#1160,.T.);
#929=FACE_OUTER_BOUND('',#1162,.T.);
#930=FACE_OUTER_BOUND('',#1163,.T.);
#931=FACE_OUTER_BOUND('',#1164,.T.);
#932=FACE_OUTER_BOUND('',#1165,.T.);
#933=FACE_OUTER_BOUND('',#1166,.T.);
#934=FACE_OUTER_BOUND('',#1167,.T.);
#935=FACE_OUTER_BOUND('',#1168,.T.);
#936=FACE_OUTER_BOUND('',#1169,.T.);
#937=FACE_OUTER_BOUND('',#1170,.T.);
#938=FACE_OUTER_BOUND('',#1171,.T.);
#939=FACE_OUTER_BOUND('',#1172,.T.);
#940=FACE_OUTER_BOUND('',#1173,.T.);
#941=FACE_OUTER_BOUND('',#1174,.T.);
#942=FACE_OUTER_BOUND('',#1176,.T.);
#943=FACE_OUTER_BOUND('',#1177,.T.);
#944=FACE_OUTER_BOUND('',#1178,.T.);
#945=FACE_OUTER_BOUND('',#1179,.T.);
#946=FACE_OUTER_BOUND('',#1180,.T.);
#947=FACE_OUTER_BOUND('',#1181,.T.);
#948=FACE_OUTER_BOUND('',#1182,.T.);
#949=FACE_OUTER_BOUND('',#1183,.T.);
#950=FACE_OUTER_BOUND('',#1184,.T.);
#951=FACE_OUTER_BOUND('',#1185,.T.);
#952=FACE_OUTER_BOUND('',#1186,.T.);
#953=FACE_OUTER_BOUND('',#1187,.T.);
#954=FACE_OUTER_BOUND('',#1188,.T.);
#955=FACE_OUTER_BOUND('',#1189,.T.);
#956=FACE_OUTER_BOUND('',#1190,.T.);
#957=FACE_OUTER_BOUND('',#1191,.T.);
#958=FACE_OUTER_BOUND('',#1192,.T.);
#959=FACE_OUTER_BOUND('',#1193,.T.);
#960=FACE_OUTER_BOUND('',#1194,.T.);
#961=FACE_OUTER_BOUND('',#1195,.T.);
#962=FACE_OUTER_BOUND('',#1196,.T.);
#963=FACE_OUTER_BOUND('',#1197,.T.);
#964=FACE_OUTER_BOUND('',#1198,.T.);
#965=FACE_OUTER_BOUND('',#1199,.T.);
#966=FACE_OUTER_BOUND('',#1200,.T.);
#967=FACE_OUTER_BOUND('',#1201,.T.);
#968=FACE_OUTER_BOUND('',#1202,.T.);
#969=FACE_OUTER_BOUND('',#1203,.T.);
#970=FACE_OUTER_BOUND('',#1204,.T.);
#971=FACE_OUTER_BOUND('',#1205,.T.);
#972=FACE_OUTER_BOUND('',#1206,.T.);
#973=FACE_OUTER_BOUND('',#1207,.T.);
#974=FACE_OUTER_BOUND('',#1208,.T.);
#975=FACE_OUTER_BOUND('',#1209,.T.);
#976=FACE_OUTER_BOUND('',#1210,.T.);
#977=FACE_OUTER_BOUND('',#1213,.T.);
#978=FACE_OUTER_BOUND('',#1214,.T.);
#979=FACE_OUTER_BOUND('',#1215,.T.);
#980=FACE_OUTER_BOUND('',#1216,.T.);
#981=FACE_OUTER_BOUND('',#1217,.T.);
#982=FACE_OUTER_BOUND('',#1218,.T.);
#983=FACE_OUTER_BOUND('',#1219,.T.);
#984=FACE_OUTER_BOUND('',#1220,.T.);
#985=FACE_OUTER_BOUND('',#1221,.T.);
#986=FACE_OUTER_BOUND('',#1222,.T.);
#987=FACE_OUTER_BOUND('',#1223,.T.);
#988=FACE_OUTER_BOUND('',#1224,.T.);
#989=FACE_OUTER_BOUND('',#1225,.T.);
#990=FACE_OUTER_BOUND('',#1226,.T.);
#991=FACE_OUTER_BOUND('',#1227,.T.);
#992=FACE_OUTER_BOUND('',#1228,.T.);
#993=FACE_OUTER_BOUND('',#1229,.T.);
#994=FACE_OUTER_BOUND('',#1230,.T.);
#995=FACE_OUTER_BOUND('',#1231,.T.);
#996=FACE_OUTER_BOUND('',#1232,.T.);
#997=FACE_OUTER_BOUND('',#1233,.T.);
#998=FACE_OUTER_BOUND('',#1234,.T.);
#999=FACE_OUTER_BOUND('',#1235,.T.);
#1000=FACE_OUTER_BOUND('',#1236,.T.);
#1001=FACE_OUTER_BOUND('',#1237,.T.);
#1002=FACE_OUTER_BOUND('',#1238,.T.);
#1003=FACE_OUTER_BOUND('',#1239,.T.);
#1004=FACE_OUTER_BOUND('',#1240,.T.);
#1005=FACE_OUTER_BOUND('',#1241,.T.);
#1006=FACE_OUTER_BOUND('',#1242,.T.);
#1007=FACE_OUTER_BOUND('',#1243,.T.);
#1008=FACE_OUTER_BOUND('',#1244,.T.);
#1009=FACE_OUTER_BOUND('',#1245,.T.);
#1010=FACE_OUTER_BOUND('',#1246,.T.);
#1011=FACE_OUTER_BOUND('',#1247,.T.);
#1012=FACE_OUTER_BOUND('',#1248,.T.);
#1013=FACE_OUTER_BOUND('',#1250,.T.);
#1014=FACE_OUTER_BOUND('',#1252,.T.);
#1015=FACE_OUTER_BOUND('',#1253,.T.);
#1016=FACE_OUTER_BOUND('',#1254,.T.);
#1017=FACE_OUTER_BOUND('',#1255,.T.);
#1018=FACE_OUTER_BOUND('',#1256,.T.);
#1019=FACE_OUTER_BOUND('',#1257,.T.);
#1020=FACE_OUTER_BOUND('',#1258,.T.);
#1021=FACE_OUTER_BOUND('',#1259,.T.);
#1022=FACE_OUTER_BOUND('',#1260,.T.);
#1023=FACE_OUTER_BOUND('',#1261,.T.);
#1024=FACE_OUTER_BOUND('',#1262,.T.);
#1025=FACE_OUTER_BOUND('',#1263,.T.);
#1026=FACE_OUTER_BOUND('',#1265,.T.);
#1027=FACE_OUTER_BOUND('',#1267,.T.);
#1028=EDGE_LOOP('',(#2377,#2378,#2379,#2380));
#1029=EDGE_LOOP('',(#2381,#2382,#2383,#2384,#2385));
#1030=EDGE_LOOP('',(#2386,#2387,#2388,#2389,#2390));
#1031=EDGE_LOOP('',(#2391));
#1032=EDGE_LOOP('',(#2392));
#1033=EDGE_LOOP('',(#2393,#2394,#2395,#2396));
#1034=EDGE_LOOP('',(#2397,#2398,#2399,#2400,#2401,#2402,#2403,#2404,#2405,
#2406,#2407,#2408));
#1035=EDGE_LOOP('',(#2409,#2410,#2411,#2412,#2413));
#1036=EDGE_LOOP('',(#2414,#2415,#2416,#2417,#2418));
#1037=EDGE_LOOP('',(#2419));
#1038=EDGE_LOOP('',(#2420,#2421,#2422,#2423,#2424,#2425,#2426,#2427,#2428,
#2429,#2430,#2431,#2432,#2433,#2434,#2435,#2436,#2437,#2438,#2439,#2440));
#1039=EDGE_LOOP('',(#2441,#2442,#2443,#2444));
#1040=EDGE_LOOP('',(#2445,#2446,#2447,#2448));
#1041=EDGE_LOOP('',(#2449,#2450,#2451,#2452));
#1042=EDGE_LOOP('',(#2453,#2454,#2455,#2456));
#1043=EDGE_LOOP('',(#2457,#2458,#2459,#2460));
#1044=EDGE_LOOP('',(#2461,#2462,#2463,#2464));
#1045=EDGE_LOOP('',(#2465,#2466,#2467,#2468));
#1046=EDGE_LOOP('',(#2469,#2470,#2471,#2472));
#1047=EDGE_LOOP('',(#2473,#2474,#2475,#2476));
#1048=EDGE_LOOP('',(#2477,#2478,#2479,#2480));
#1049=EDGE_LOOP('',(#2481,#2482,#2483,#2484));
#1050=EDGE_LOOP('',(#2485,#2486,#2487,#2488));
#1051=EDGE_LOOP('',(#2489,#2490,#2491,#2492));
#1052=EDGE_LOOP('',(#2493,#2494,#2495,#2496));
#1053=EDGE_LOOP('',(#2497,#2498,#2499,#2500));
#1054=EDGE_LOOP('',(#2501,#2502,#2503,#2504,#2505));
#1055=EDGE_LOOP('',(#2506,#2507,#2508,#2509,#2510));
#1056=EDGE_LOOP('',(#2511,#2512,#2513));
#1057=EDGE_LOOP('',(#2514,#2515,#2516,#2517));
#1058=EDGE_LOOP('',(#2518,#2519,#2520,#2521,#2522));
#1059=EDGE_LOOP('',(#2523,#2524,#2525,#2526,#2527));
#1060=EDGE_LOOP('',(#2528,#2529,#2530,#2531));
#1061=EDGE_LOOP('',(#2532,#2533,#2534));
#1062=EDGE_LOOP('',(#2535,#2536,#2537,#2538));
#1063=EDGE_LOOP('',(#2539,#2540,#2541,#2542,#2543));
#1064=EDGE_LOOP('',(#2544,#2545,#2546,#2547,#2548));
#1065=EDGE_LOOP('',(#2549,#2550,#2551,#2552));
#1066=EDGE_LOOP('',(#2553,#2554,#2555));
#1067=EDGE_LOOP('',(#2556,#2557,#2558,#2559,#2560));
#1068=EDGE_LOOP('',(#2561,#2562,#2563,#2564));
#1069=EDGE_LOOP('',(#2565,#2566,#2567));
#1070=EDGE_LOOP('',(#2568,#2569,#2570,#2571,#2572));
#1071=EDGE_LOOP('',(#2573,#2574,#2575,#2576));
#1072=EDGE_LOOP('',(#2577,#2578,#2579,#2580,#2581));
#1073=EDGE_LOOP('',(#2582,#2583,#2584,#2585));
#1074=EDGE_LOOP('',(#2586,#2587,#2588,#2589));
#1075=EDGE_LOOP('',(#2590,#2591,#2592,#2593));
#1076=EDGE_LOOP('',(#2594,#2595,#2596,#2597));
#1077=EDGE_LOOP('',(#2598,#2599,#2600,#2601));
#1078=EDGE_LOOP('',(#2602,#2603,#2604,#2605,#2606));
#1079=EDGE_LOOP('',(#2607,#2608,#2609,#2610));
#1080=EDGE_LOOP('',(#2611,#2612,#2613,#2614));
#1081=EDGE_LOOP('',(#2615,#2616,#2617,#2618,#2619));
#1082=EDGE_LOOP('',(#2620,#2621,#2622,#2623,#2624,#2625));
#1083=EDGE_LOOP('',(#2626,#2627,#2628,#2629,#2630));
#1084=EDGE_LOOP('',(#2631));
#1085=EDGE_LOOP('',(#2632));
#1086=EDGE_LOOP('',(#2633,#2634,#2635,#2636));
#1087=EDGE_LOOP('',(#2637,#2638,#2639,#2640,#2641,#2642,#2643,#2644,#2645,
#2646,#2647,#2648));
#1088=EDGE_LOOP('',(#2649,#2650,#2651,#2652,#2653));
#1089=EDGE_LOOP('',(#2654,#2655,#2656,#2657,#2658));
#1090=EDGE_LOOP('',(#2659));
#1091=EDGE_LOOP('',(#2660,#2661,#2662,#2663));
#1092=EDGE_LOOP('',(#2664,#2665,#2666,#2667,#2668,#2669,#2670,#2671,#2672,
#2673,#2674,#2675,#2676,#2677,#2678,#2679,#2680,#2681,#2682,#2683,#2684));
#1093=EDGE_LOOP('',(#2685,#2686,#2687,#2688));
#1094=EDGE_LOOP('',(#2689,#2690,#2691,#2692));
#1095=EDGE_LOOP('',(#2693,#2694,#2695,#2696));
#1096=EDGE_LOOP('',(#2697,#2698,#2699,#2700));
#1097=EDGE_LOOP('',(#2701,#2702,#2703,#2704));
#1098=EDGE_LOOP('',(#2705,#2706,#2707,#2708));
#1099=EDGE_LOOP('',(#2709,#2710,#2711,#2712));
#1100=EDGE_LOOP('',(#2713,#2714,#2715,#2716));
#1101=EDGE_LOOP('',(#2717,#2718,#2719,#2720));
#1102=EDGE_LOOP('',(#2721,#2722,#2723,#2724));
#1103=EDGE_LOOP('',(#2725,#2726,#2727,#2728));
#1104=EDGE_LOOP('',(#2729,#2730,#2731,#2732,#2733));
#1105=EDGE_LOOP('',(#2734,#2735,#2736,#2737,#2738));
#1106=EDGE_LOOP('',(#2739,#2740,#2741,#2742,#2743));
#1107=EDGE_LOOP('',(#2744,#2745,#2746));
#1108=EDGE_LOOP('',(#2747,#2748,#2749,#2750));
#1109=EDGE_LOOP('',(#2751,#2752,#2753,#2754));
#1110=EDGE_LOOP('',(#2755,#2756,#2757,#2758));
#1111=EDGE_LOOP('',(#2759,#2760,#2761));
#1112=EDGE_LOOP('',(#2762,#2763,#2764,#2765));
#1113=EDGE_LOOP('',(#2766,#2767,#2768,#2769,#2770));
#1114=EDGE_LOOP('',(#2771,#2772,#2773,#2774,#2775));
#1115=EDGE_LOOP('',(#2776,#2777,#2778,#2779,#2780));
#1116=EDGE_LOOP('',(#2781,#2782,#2783,#2784,#2785));
#1117=EDGE_LOOP('',(#2786,#2787,#2788,#2789));
#1118=EDGE_LOOP('',(#2790,#2791,#2792));
#1119=EDGE_LOOP('',(#2793,#2794,#2795,#2796));
#1120=EDGE_LOOP('',(#2797,#2798,#2799,#2800));
#1121=EDGE_LOOP('',(#2801,#2802,#2803,#2804));
#1122=EDGE_LOOP('',(#2805,#2806,#2807,#2808));
#1123=EDGE_LOOP('',(#2809,#2810,#2811,#2812));
#1124=EDGE_LOOP('',(#2813,#2814,#2815,#2816,#2817));
#1125=EDGE_LOOP('',(#2818,#2819,#2820,#2821,#2822));
#1126=EDGE_LOOP('',(#2823,#2824,#2825,#2826));
#1127=EDGE_LOOP('',(#2827,#2828,#2829,#2830));
#1128=EDGE_LOOP('',(#2831,#2832,#2833,#2834));
#1129=EDGE_LOOP('',(#2835,#2836,#2837,#2838));
#1130=EDGE_LOOP('',(#2839,#2840,#2841,#2842,#2843));
#1131=EDGE_LOOP('',(#2844,#2845,#2846,#2847));
#1132=EDGE_LOOP('',(#2848,#2849,#2850));
#1133=EDGE_LOOP('',(#2851,#2852,#2853,#2854));
#1134=EDGE_LOOP('',(#2855,#2856,#2857,#2858,#2859,#2860));
#1135=EDGE_LOOP('',(#2861,#2862,#2863,#2864,#2865));
#1136=EDGE_LOOP('',(#2866,#2867,#2868,#2869,#2870));
#1137=EDGE_LOOP('',(#2871,#2872,#2873,#2874,#2875,#2876));
#1138=EDGE_LOOP('',(#2877,#2878,#2879,#2880,#2881));
#1139=EDGE_LOOP('',(#2882,#2883,#2884,#2885,#2886));
#1140=EDGE_LOOP('',(#2887,#2888,#2889,#2890));
#1141=EDGE_LOOP('',(#2891,#2892,#2893,#2894));
#1142=EDGE_LOOP('',(#2895,#2896,#2897,#2898,#2899,#2900,#2901,#2902,#2903,
#2904,#2905,#2906,#2907,#2908,#2909,#2910,#2911,#2912,#2913,#2914));
#1143=EDGE_LOOP('',(#2915,#2916,#2917,#2918,#2919,#2920,#2921,#2922,#2923,
#2924,#2925,#2926));
#1144=EDGE_LOOP('',(#2927,#2928,#2929,#2930));
#1145=EDGE_LOOP('',(#2931,#2932,#2933,#2934,#2935,#2936));
#1146=EDGE_LOOP('',(#2937,#2938,#2939,#2940,#2941,#2942,#2943,#2944));
#1147=EDGE_LOOP('',(#2945,#2946,#2947,#2948));
#1148=EDGE_LOOP('',(#2949,#2950,#2951,#2952,#2953,#2954,#2955,#2956,#2957,
#2958,#2959,#2960));
#1149=EDGE_LOOP('',(#2961,#2962,#2963,#2964,#2965,#2966));
#1150=EDGE_LOOP('',(#2967,#2968,#2969,#2970));
#1151=EDGE_LOOP('',(#2971,#2972,#2973,#2974));
#1152=EDGE_LOOP('',(#2975,#2976,#2977,#2978));
#1153=EDGE_LOOP('',(#2979,#2980,#2981,#2982));
#1154=EDGE_LOOP('',(#2983,#2984,#2985,#2986));
#1155=EDGE_LOOP('',(#2987,#2988,#2989,#2990));
#1156=EDGE_LOOP('',(#2991,#2992,#2993,#2994));
#1157=EDGE_LOOP('',(#2995,#2996,#2997,#2998));
#1158=EDGE_LOOP('',(#2999,#3000,#3001,#3002));
#1159=EDGE_LOOP('',(#3003,#3004,#3005,#3006));
#1160=EDGE_LOOP('',(#3007,#3008,#3009,#3010,#3011,#3012));
#1161=EDGE_LOOP('',(#3013));
#1162=EDGE_LOOP('',(#3014,#3015,#3016,#3017));
#1163=EDGE_LOOP('',(#3018,#3019,#3020,#3021));
#1164=EDGE_LOOP('',(#3022,#3023,#3024,#3025));
#1165=EDGE_LOOP('',(#3026,#3027,#3028,#3029));
#1166=EDGE_LOOP('',(#3030,#3031,#3032,#3033));
#1167=EDGE_LOOP('',(#3034,#3035,#3036,#3037));
#1168=EDGE_LOOP('',(#3038,#3039,#3040,#3041));
#1169=EDGE_LOOP('',(#3042,#3043,#3044,#3045));
#1170=EDGE_LOOP('',(#3046,#3047,#3048,#3049));
#1171=EDGE_LOOP('',(#3050,#3051,#3052,#3053));
#1172=EDGE_LOOP('',(#3054,#3055,#3056,#3057));
#1173=EDGE_LOOP('',(#3058,#3059,#3060,#3061));
#1174=EDGE_LOOP('',(#3062,#3063,#3064,#3065,#3066,#3067));
#1175=EDGE_LOOP('',(#3068));
#1176=EDGE_LOOP('',(#3069,#3070,#3071,#3072));
#1177=EDGE_LOOP('',(#3073,#3074,#3075,#3076));
#1178=EDGE_LOOP('',(#3077,#3078,#3079,#3080));
#1179=EDGE_LOOP('',(#3081,#3082,#3083,#3084));
#1180=EDGE_LOOP('',(#3085,#3086,#3087,#3088));
#1181=EDGE_LOOP('',(#3089,#3090,#3091,#3092));
#1182=EDGE_LOOP('',(#3093,#3094,#3095,#3096));
#1183=EDGE_LOOP('',(#3097,#3098,#3099,#3100));
#1184=EDGE_LOOP('',(#3101,#3102,#3103,#3104));
#1185=EDGE_LOOP('',(#3105,#3106,#3107,#3108));
#1186=EDGE_LOOP('',(#3109,#3110,#3111,#3112));
#1187=EDGE_LOOP('',(#3113,#3114,#3115,#3116));
#1188=EDGE_LOOP('',(#3117,#3118,#3119,#3120));
#1189=EDGE_LOOP('',(#3121,#3122,#3123,#3124,#3125,#3126));
#1190=EDGE_LOOP('',(#3127,#3128,#3129,#3130));
#1191=EDGE_LOOP('',(#3131,#3132,#3133,#3134,#3135,#3136));
#1192=EDGE_LOOP('',(#3137,#3138,#3139,#3140));
#1193=EDGE_LOOP('',(#3141,#3142,#3143,#3144,#3145,#3146,#3147,#3148,#3149));
#1194=EDGE_LOOP('',(#3150,#3151,#3152,#3153));
#1195=EDGE_LOOP('',(#3154,#3155,#3156,#3157));
#1196=EDGE_LOOP('',(#3158,#3159,#3160,#3161));
#1197=EDGE_LOOP('',(#3162,#3163,#3164,#3165));
#1198=EDGE_LOOP('',(#3166,#3167,#3168,#3169,#3170,#3171));
#1199=EDGE_LOOP('',(#3172,#3173,#3174,#3175,#3176,#3177));
#1200=EDGE_LOOP('',(#3178,#3179,#3180,#3181));
#1201=EDGE_LOOP('',(#3182,#3183,#3184,#3185,#3186,#3187,#3188,#3189,#3190));
#1202=EDGE_LOOP('',(#3191,#3192,#3193,#3194));
#1203=EDGE_LOOP('',(#3195,#3196,#3197,#3198));
#1204=EDGE_LOOP('',(#3199,#3200,#3201,#3202));
#1205=EDGE_LOOP('',(#3203,#3204,#3205,#3206));
#1206=EDGE_LOOP('',(#3207,#3208,#3209,#3210));
#1207=EDGE_LOOP('',(#3211,#3212,#3213,#3214));
#1208=EDGE_LOOP('',(#3215,#3216,#3217,#3218));
#1209=EDGE_LOOP('',(#3219,#3220,#3221,#3222));
#1210=EDGE_LOOP('',(#3223,#3224,#3225,#3226,#3227,#3228,#3229,#3230));
#1211=EDGE_LOOP('',(#3231,#3232,#3233,#3234,#3235,#3236,#3237,#3238));
#1212=EDGE_LOOP('',(#3239,#3240,#3241,#3242,#3243,#3244,#3245,#3246));
#1213=EDGE_LOOP('',(#3247,#3248,#3249,#3250));
#1214=EDGE_LOOP('',(#3251,#3252,#3253,#3254));
#1215=EDGE_LOOP('',(#3255,#3256,#3257,#3258));
#1216=EDGE_LOOP('',(#3259,#3260,#3261,#3262));
#1217=EDGE_LOOP('',(#3263,#3264,#3265,#3266));
#1218=EDGE_LOOP('',(#3267,#3268,#3269,#3270));
#1219=EDGE_LOOP('',(#3271,#3272,#3273,#3274));
#1220=EDGE_LOOP('',(#3275,#3276,#3277,#3278));
#1221=EDGE_LOOP('',(#3279,#3280,#3281,#3282));
#1222=EDGE_LOOP('',(#3283,#3284,#3285,#3286));
#1223=EDGE_LOOP('',(#3287,#3288,#3289,#3290));
#1224=EDGE_LOOP('',(#3291,#3292,#3293,#3294));
#1225=EDGE_LOOP('',(#3295,#3296,#3297,#3298));
#1226=EDGE_LOOP('',(#3299,#3300,#3301,#3302));
#1227=EDGE_LOOP('',(#3303,#3304,#3305,#3306));
#1228=EDGE_LOOP('',(#3307,#3308,#3309,#3310));
#1229=EDGE_LOOP('',(#3311,#3312,#3313,#3314));
#1230=EDGE_LOOP('',(#3315,#3316,#3317,#3318));
#1231=EDGE_LOOP('',(#3319,#3320,#3321,#3322));
#1232=EDGE_LOOP('',(#3323,#3324,#3325,#3326));
#1233=EDGE_LOOP('',(#3327,#3328,#3329,#3330));
#1234=EDGE_LOOP('',(#3331,#3332,#3333,#3334));
#1235=EDGE_LOOP('',(#3335,#3336,#3337,#3338));
#1236=EDGE_LOOP('',(#3339,#3340,#3341,#3342,#3343,#3344,#3345,#3346));
#1237=EDGE_LOOP('',(#3347,#3348,#3349,#3350,#3351,#3352,#3353,#3354));
#1238=EDGE_LOOP('',(#3355,#3356,#3357,#3358,#3359,#3360));
#1239=EDGE_LOOP('',(#3361,#3362,#3363,#3364,#3365,#3366));
#1240=EDGE_LOOP('',(#3367,#3368,#3369,#3370,#3371));
#1241=EDGE_LOOP('',(#3372,#3373,#3374,#3375,#3376,#3377));
#1242=EDGE_LOOP('',(#3378,#3379,#3380,#3381,#3382));
#1243=EDGE_LOOP('',(#3383,#3384,#3385,#3386));
#1244=EDGE_LOOP('',(#3387,#3388,#3389,#3390));
#1245=EDGE_LOOP('',(#3391,#3392,#3393,#3394));
#1246=EDGE_LOOP('',(#3395,#3396,#3397,#3398));
#1247=EDGE_LOOP('',(#3399));
#1248=EDGE_LOOP('',(#3400));
#1249=EDGE_LOOP('',(#3401));
#1250=EDGE_LOOP('',(#3402,#3403));
#1251=EDGE_LOOP('',(#3404,#3405));
#1252=EDGE_LOOP('',(#3406));
#1253=EDGE_LOOP('',(#3407,#3408,#3409,#3410,#3411,#3412));
#1254=EDGE_LOOP('',(#3413,#3414,#3415,#3416,#3417,#3418));
#1255=EDGE_LOOP('',(#3419,#3420,#3421,#3422,#3423));
#1256=EDGE_LOOP('',(#3424,#3425,#3426,#3427,#3428,#3429));
#1257=EDGE_LOOP('',(#3430,#3431,#3432,#3433,#3434));
#1258=EDGE_LOOP('',(#3435,#3436,#3437,#3438));
#1259=EDGE_LOOP('',(#3439,#3440,#3441,#3442));
#1260=EDGE_LOOP('',(#3443,#3444,#3445,#3446));
#1261=EDGE_LOOP('',(#3447,#3448,#3449,#3450));
#1262=EDGE_LOOP('',(#3451));
#1263=EDGE_LOOP('',(#3452));
#1264=EDGE_LOOP('',(#3453));
#1265=EDGE_LOOP('',(#3454,#3455));
#1266=EDGE_LOOP('',(#3456,#3457));
#1267=EDGE_LOOP('',(#3458));
#1268=CIRCLE('',#3731,0.4);
#1269=CIRCLE('',#3732,0.0500000000000002);
#1270=CIRCLE('',#3733,0.45);
#1271=CIRCLE('',#3735,0.45);
#1272=CIRCLE('',#3736,0.45);
#1273=CIRCLE('',#3738,0.369615242249212);
#1274=CIRCLE('',#3742,1.25);
#1275=CIRCLE('',#3743,1.25);
#1276=CIRCLE('',#3745,0.999999999974083);
#1277=CIRCLE('',#3746,0.999999999974083);
#1278=CIRCLE('',#3747,0.999999999974083);
#1279=CIRCLE('',#3748,0.999999999974083);
#1280=CIRCLE('',#3749,0.999999999974083);
#1281=CIRCLE('',#3750,0.999999999974083);
#1282=CIRCLE('',#3751,0.999999999974083);
#1283=CIRCLE('',#3752,0.999999999974083);
#1284=CIRCLE('',#3753,0.999999999974083);
#1285=CIRCLE('',#3755,0.0800000000000002);
#1286=CIRCLE('',#3756,0.0800000000000002);
#1287=CIRCLE('',#3757,0.0800000000000002);
#1288=CIRCLE('',#3759,0.0800000000000002);
#1289=CIRCLE('',#3760,0.0800000000000002);
#1290=CIRCLE('',#3761,0.0800000000000002);
#1291=CIRCLE('',#3764,0.0800000000000002);
#1292=CIRCLE('',#3765,0.0800000000000002);
#1293=CIRCLE('',#3766,0.0800000000000002);
#1294=CIRCLE('',#3767,0.0800000000000002);
#1295=CIRCLE('',#3768,0.08);
#1296=CIRCLE('',#3769,0.08);
#1297=CIRCLE('',#3771,1.);
#1298=CIRCLE('',#3773,1.);
#1299=CIRCLE('',#3775,1.);
#1300=CIRCLE('',#3777,1.);
#1301=CIRCLE('',#3779,0.0800000000000002);
#1302=CIRCLE('',#3780,0.499999999999672);
#1303=CIRCLE('',#3782,0.08);
#1304=CIRCLE('',#3784,0.0800000000000002);
#1305=CIRCLE('',#3785,0.499999999999673);
#1306=CIRCLE('',#3787,0.0800000000000002);
#1307=CIRCLE('',#3789,0.08);
#1308=CIRCLE('',#3790,0.499999999999664);
#1309=CIRCLE('',#3792,0.0800000000000002);
#1310=CIRCLE('',#3793,0.499999999999679);
#1311=CIRCLE('',#3794,0.0800000000000002);
#1312=CIRCLE('',#3796,0.0799999999999998);
#1313=CIRCLE('',#3798,0.0799999999999998);
#1314=CIRCLE('',#3801,0.0800000000000002);
#1315=CIRCLE('',#3803,0.0799999999999998);
#1316=CIRCLE('',#3806,0.0799999999999998);
#1317=CIRCLE('',#3809,0.0800000000000006);
#1318=CIRCLE('',#3811,0.0800000000000002);
#1319=CIRCLE('',#3827,0.45);
#1320=CIRCLE('',#3828,0.0500000000000006);
#1321=CIRCLE('',#3829,0.4);
#1322=CIRCLE('',#3830,0.45);
#1323=CIRCLE('',#3832,0.45);
#1324=CIRCLE('',#3833,0.45);
#1325=CIRCLE('',#3835,0.369615242249212);
#1326=CIRCLE('',#3839,1.25);
#1327=CIRCLE('',#3840,1.25);
#1328=CIRCLE('',#3842,0.999999999976353);
#1329=CIRCLE('',#3843,1.);
#1330=CIRCLE('',#3844,0.999999999974076);
#1331=CIRCLE('',#3845,0.999999999974076);
#1332=CIRCLE('',#3846,0.999999999974076);
#1333=CIRCLE('',#3847,0.999999999974076);
#1334=CIRCLE('',#3848,0.999999999974076);
#1335=CIRCLE('',#3849,0.999999999974076);
#1336=CIRCLE('',#3850,0.999999999976353);
#1337=CIRCLE('',#3852,0.08);
#1338=CIRCLE('',#3853,0.08);
#1339=CIRCLE('',#3854,0.08);
#1340=CIRCLE('',#3856,0.08);
#1341=CIRCLE('',#3857,0.08);
#1342=CIRCLE('',#3858,0.08);
#1343=CIRCLE('',#3861,1.);
#1344=CIRCLE('',#3863,0.0800000000000002);
#1345=CIRCLE('',#3864,0.0800000000000002);
#1346=CIRCLE('',#3865,0.0800000000000002);
#1347=CIRCLE('',#3866,0.0800000000000002);
#1348=CIRCLE('',#3867,0.0800000000000002);
#1349=CIRCLE('',#3868,0.0800000000000002);
#1350=CIRCLE('',#3870,1.);
#1351=CIRCLE('',#3872,1.);
#1352=CIRCLE('',#3874,0.0800000000000002);
#1353=CIRCLE('',#3875,0.499999999999673);
#1354=CIRCLE('',#3877,0.0800000000000002);
#1355=CIRCLE('',#3879,0.0800000000000002);
#1356=CIRCLE('',#3880,0.499999999999674);
#1357=CIRCLE('',#3882,0.0800000000000002);
#1358=CIRCLE('',#3884,0.0800000000000002);
#1359=CIRCLE('',#3885,0.49999999999966);
#1360=CIRCLE('',#3886,0.0799999999999998);
#1361=CIRCLE('',#3889,0.08);
#1362=CIRCLE('',#3892,1.);
#1363=CIRCLE('',#3893,0.0799999999999998);
#1364=CIRCLE('',#3894,0.0800000000000004);
#1365=CIRCLE('',#3896,0.0799999999999996);
#1366=CIRCLE('',#3898,0.0799999999999998);
#1367=CIRCLE('',#3901,0.0800000000000002);
#1368=CIRCLE('',#3907,0.0800000000000002);
#1369=CIRCLE('',#3908,0.499999999999673);
#1370=CIRCLE('',#3920,0.08);
#1371=CIRCLE('',#3924,0.449999999943884);
#1372=CIRCLE('',#3925,0.499999999988177);
#1373=CIRCLE('',#3926,0.499999999988177);
#1374=CIRCLE('',#3928,0.449999999943883);
#1375=CIRCLE('',#3929,0.449999999943883);
#1376=CIRCLE('',#3930,0.499999999931333);
#1377=CIRCLE('',#3932,0.449999999943883);
#1378=CIRCLE('',#3933,0.449999999943883);
#1379=CIRCLE('',#3934,0.499999999988177);
#1380=CIRCLE('',#3936,0.449999999943884);
#1381=CIRCLE('',#3937,0.499999999988176);
#1382=CIRCLE('',#3938,0.499999999988176);
#1383=CIRCLE('',#3942,0.15);
#1384=CIRCLE('',#3943,0.15);
#1385=CIRCLE('',#3945,0.15);
#1386=CIRCLE('',#3946,0.15);
#1387=CIRCLE('',#3948,0.1);
#1388=CIRCLE('',#3949,0.1);
#1389=CIRCLE('',#3950,0.1);
#1390=CIRCLE('',#3951,0.1);
#1391=CIRCLE('',#3952,0.0999999999999998);
#1392=CIRCLE('',#3953,0.0999999999999998);
#1393=CIRCLE('',#3954,0.1);
#1394=CIRCLE('',#3955,0.1);
#1395=CIRCLE('',#3957,0.2);
#1396=CIRCLE('',#3958,0.200000000000001);
#1397=CIRCLE('',#3961,0.900000000000004);
#1398=CIRCLE('',#3962,0.899999999999995);
#1399=CIRCLE('',#3963,0.649999999950523);
#1400=CIRCLE('',#3964,0.65000000006421);
#1401=CIRCLE('',#3967,0.200000000000002);
#1402=CIRCLE('',#3968,0.200000000000002);
#1403=CIRCLE('',#3970,0.900000000000001);
#1404=CIRCLE('',#3971,0.899999999999999);
#1405=CIRCLE('',#3973,0.1);
#1406=CIRCLE('',#3974,0.1);
#1407=CIRCLE('',#3975,0.0999999999999998);
#1408=CIRCLE('',#3978,0.0999999999999998);
#1409=CIRCLE('',#3980,1.);
#1410=CIRCLE('',#3981,1.);
#1411=CIRCLE('',#3983,0.1);
#1412=CIRCLE('',#3985,0.1);
#1413=CIRCLE('',#3987,0.1);
#1414=CIRCLE('',#3988,0.0999999999999998);
#1415=CIRCLE('',#3990,0.1);
#1416=CIRCLE('',#3991,0.100000000000001);
#1417=CIRCLE('',#3994,1.);
#1418=CIRCLE('',#3995,1.);
#1419=CIRCLE('',#3997,0.1);
#1420=CIRCLE('',#3999,0.0999999999999998);
#1421=CIRCLE('',#4001,0.1);
#1422=CIRCLE('',#4002,1.);
#1423=CIRCLE('',#4007,0.5);
#1424=CIRCLE('',#4010,0.5);
#1425=CIRCLE('',#4015,1.);
#1426=CIRCLE('',#4016,1.);
#1427=CIRCLE('',#4018,0.1);
#1428=CIRCLE('',#4020,0.1);
#1429=CIRCLE('',#4021,0.0999999999999998);
#1430=CIRCLE('',#4023,0.1);
#1431=CIRCLE('',#4024,0.0999999999999998);
#1432=CIRCLE('',#4026,0.1);
#1433=CIRCLE('',#4028,0.1);
#1434=CIRCLE('',#4029,0.1);
#1435=CIRCLE('',#4032,0.1);
#1436=CIRCLE('',#4034,1.);
#1437=CIRCLE('',#4036,0.1);
#1438=CIRCLE('',#4038,0.1);
#1439=CIRCLE('',#4041,0.1);
#1440=CIRCLE('',#4046,0.1);
#1441=CIRCLE('',#4055,0.1);
#1442=CIRCLE('',#4057,0.900000000000002);
#1443=CIRCLE('',#4058,0.9);
#1444=CIRCLE('',#4060,0.1);
#1445=CIRCLE('',#4062,1.);
#1446=CIRCLE('',#4064,1.);
#1447=CIRCLE('',#4066,0.1);
#1448=CIRCLE('',#4068,0.1);
#1449=CIRCLE('',#4071,0.5);
#1450=CIRCLE('',#4074,0.5);
#1451=CIRCLE('',#4075,2.);
#1452=CIRCLE('',#4076,0.15);
#1453=CIRCLE('',#4077,2.);
#1454=CIRCLE('',#4078,0.2);
#1455=CIRCLE('',#4079,0.2);
#1456=CIRCLE('',#4080,2.);
#1457=CIRCLE('',#4081,0.15);
#1458=CIRCLE('',#4082,2.);
#1459=CIRCLE('',#4083,0.2);
#1460=CIRCLE('',#4084,0.2);
#1461=CIRCLE('',#4088,1.);
#1462=CIRCLE('',#4090,1.);
#1463=CIRCLE('',#4092,0.1);
#1464=CIRCLE('',#4094,0.1);
#1465=CIRCLE('',#4098,2.);
#1466=CIRCLE('',#4100,0.2);
#1467=CIRCLE('',#4103,0.2);
#1468=CIRCLE('',#4105,2.);
#1469=CIRCLE('',#4107,0.15);
#1470=CIRCLE('',#4110,0.15);
#1471=CIRCLE('',#4112,2.);
#1472=CIRCLE('',#4114,0.2);
#1473=CIRCLE('',#4117,0.2);
#1474=CIRCLE('',#4119,2.);
#1475=CIRCLE('',#4125,1.);
#1476=CIRCLE('',#4126,1.);
#1477=CIRCLE('',#4127,0.0999999999999981);
#1478=CIRCLE('',#4129,0.0999999999999976);
#1479=CIRCLE('',#4130,1.25);
#1480=CIRCLE('',#4131,1.25);
#1481=CIRCLE('',#4133,1.);
#1482=CIRCLE('',#4134,0.0999999999999979);
#1483=CIRCLE('',#4135,1.);
#1484=CIRCLE('',#4136,1.);
#1485=CIRCLE('',#4139,1.25);
#1486=CIRCLE('',#4141,1.);
#1487=CIRCLE('',#4143,0.899999999944612);
#1488=CIRCLE('',#4145,0.750000000000001);
#1489=CIRCLE('',#4146,0.750000000000001);
#1490=CIRCLE('',#4148,0.616025403797715);
#1491=CIRCLE('',#4154,1.);
#1492=CIRCLE('',#4155,0.099999999999997);
#1493=CIRCLE('',#4156,1.);
#1494=CIRCLE('',#4158,0.0999999999999995);
#1495=CIRCLE('',#4159,1.25);
#1496=CIRCLE('',#4160,1.25);
#1497=CIRCLE('',#4162,1.);
#1498=CIRCLE('',#4163,0.0999999999999979);
#1499=CIRCLE('',#4164,1.);
#1500=CIRCLE('',#4165,1.);
#1501=CIRCLE('',#4168,1.25);
#1502=CIRCLE('',#4170,1.);
#1503=CIRCLE('',#4172,0.899999999944612);
#1504=CIRCLE('',#4174,0.750000000000001);
#1505=CIRCLE('',#4175,0.750000000000001);
#1506=CIRCLE('',#4177,0.616025403797715);
#1507=VERTEX_POINT('',#5338);
#1508=VERTEX_POINT('',#5340);
#1509=VERTEX_POINT('',#5344);
#1510=VERTEX_POINT('',#5346);
#1511=VERTEX_POINT('',#5350);
#1512=VERTEX_POINT('',#5356);
#1513=VERTEX_POINT('',#5358);
#1514=VERTEX_POINT('',#5362);
#1515=VERTEX_POINT('',#5364);
#1516=VERTEX_POINT('',#5366);
#1517=VERTEX_POINT('',#5368);
#1518=VERTEX_POINT('',#5370);
#1519=VERTEX_POINT('',#5372);
#1520=VERTEX_POINT('',#5374);
#1521=VERTEX_POINT('',#5376);
#1522=VERTEX_POINT('',#5378);
#1523=VERTEX_POINT('',#5382);
#1524=VERTEX_POINT('',#5383);
#1525=VERTEX_POINT('',#5385);
#1526=VERTEX_POINT('',#5387);
#1527=VERTEX_POINT('',#5392);
#1528=VERTEX_POINT('',#5393);
#1529=VERTEX_POINT('',#5395);
#1530=VERTEX_POINT('',#5398);
#1531=VERTEX_POINT('',#5403);
#1532=VERTEX_POINT('',#5404);
#1533=VERTEX_POINT('',#5406);
#1534=VERTEX_POINT('',#5409);
#1535=VERTEX_POINT('',#5411);
#1536=VERTEX_POINT('',#5414);
#1537=VERTEX_POINT('',#5416);
#1538=VERTEX_POINT('',#5419);
#1539=VERTEX_POINT('',#5421);
#1540=VERTEX_POINT('',#5423);
#1541=VERTEX_POINT('',#5428);
#1542=VERTEX_POINT('',#5432);
#1543=VERTEX_POINT('',#5434);
#1544=VERTEX_POINT('',#5438);
#1545=VERTEX_POINT('',#5440);
#1546=VERTEX_POINT('',#5444);
#1547=VERTEX_POINT('',#5448);
#1548=VERTEX_POINT('',#5460);
#1549=VERTEX_POINT('',#5469);
#1550=VERTEX_POINT('',#5521);
#1551=VERTEX_POINT('',#5525);
#1552=VERTEX_POINT('',#5537);
#1553=VERTEX_POINT('',#5546);
#1554=VERTEX_POINT('',#5598);
#1555=VERTEX_POINT('',#5602);
#1556=VERTEX_POINT('',#5614);
#1557=VERTEX_POINT('',#5623);
#1558=VERTEX_POINT('',#5675);
#1559=VERTEX_POINT('',#5687);
#1560=VERTEX_POINT('',#5688);
#1561=VERTEX_POINT('',#5765);
#1562=VERTEX_POINT('',#5774);
#1563=VERTEX_POINT('',#5795);
#1564=VERTEX_POINT('',#5804);
#1565=VERTEX_POINT('',#5825);
#1566=VERTEX_POINT('',#5834);
#1567=VERTEX_POINT('',#5838);
#1568=VERTEX_POINT('',#5874);
#1569=VERTEX_POINT('',#5895);
#1570=VERTEX_POINT('',#5904);
#1571=VERTEX_POINT('',#5908);
#1572=VERTEX_POINT('',#5944);
#1573=VERTEX_POINT('',#5948);
#1574=VERTEX_POINT('',#5963);
#1575=VERTEX_POINT('',#5986);
#1576=VERTEX_POINT('',#6007);
#1577=VERTEX_POINT('',#6032);
#1578=VERTEX_POINT('',#6033);
#1579=VERTEX_POINT('',#6035);
#1580=VERTEX_POINT('',#6040);
#1581=VERTEX_POINT('',#6042);
#1582=VERTEX_POINT('',#6046);
#1583=VERTEX_POINT('',#6052);
#1584=VERTEX_POINT('',#6054);
#1585=VERTEX_POINT('',#6058);
#1586=VERTEX_POINT('',#6060);
#1587=VERTEX_POINT('',#6062);
#1588=VERTEX_POINT('',#6064);
#1589=VERTEX_POINT('',#6066);
#1590=VERTEX_POINT('',#6068);
#1591=VERTEX_POINT('',#6070);
#1592=VERTEX_POINT('',#6072);
#1593=VERTEX_POINT('',#6074);
#1594=VERTEX_POINT('',#6078);
#1595=VERTEX_POINT('',#6079);
#1596=VERTEX_POINT('',#6081);
#1597=VERTEX_POINT('',#6083);
#1598=VERTEX_POINT('',#6088);
#1599=VERTEX_POINT('',#6089);
#1600=VERTEX_POINT('',#6091);
#1601=VERTEX_POINT('',#6094);
#1602=VERTEX_POINT('',#6099);
#1603=VERTEX_POINT('',#6103);
#1604=VERTEX_POINT('',#6105);
#1605=VERTEX_POINT('',#6107);
#1606=VERTEX_POINT('',#6110);
#1607=VERTEX_POINT('',#6112);
#1608=VERTEX_POINT('',#6115);
#1609=VERTEX_POINT('',#6117);
#1610=VERTEX_POINT('',#6119);
#1611=VERTEX_POINT('',#6122);
#1612=VERTEX_POINT('',#6124);
#1613=VERTEX_POINT('',#6128);
#1614=VERTEX_POINT('',#6129);
#1615=VERTEX_POINT('',#6134);
#1616=VERTEX_POINT('',#6138);
#1617=VERTEX_POINT('',#6150);
#1618=VERTEX_POINT('',#6200);
#1619=VERTEX_POINT('',#6211);
#1620=VERTEX_POINT('',#6213);
#1621=VERTEX_POINT('',#6217);
#1622=VERTEX_POINT('',#6229);
#1623=VERTEX_POINT('',#6230);
#1624=VERTEX_POINT('',#6290);
#1625=VERTEX_POINT('',#6294);
#1626=VERTEX_POINT('',#6306);
#1627=VERTEX_POINT('',#6356);
#1628=VERTEX_POINT('',#6384);
#1629=VERTEX_POINT('',#6393);
#1630=VERTEX_POINT('',#6397);
#1631=VERTEX_POINT('',#6465);
#1632=VERTEX_POINT('',#6469);
#1633=VERTEX_POINT('',#6490);
#1634=VERTEX_POINT('',#6522);
#1635=VERTEX_POINT('',#6579);
#1636=VERTEX_POINT('',#6588);
#1637=VERTEX_POINT('',#6609);
#1638=VERTEX_POINT('',#6618);
#1639=VERTEX_POINT('',#6639);
#1640=VERTEX_POINT('',#6648);
#1641=VERTEX_POINT('',#6652);
#1642=VERTEX_POINT('',#6720);
#1643=VERTEX_POINT('',#6727);
#1644=VERTEX_POINT('',#6739);
#1645=VERTEX_POINT('',#6750);
#1646=VERTEX_POINT('',#6752);
#1647=VERTEX_POINT('',#6766);
#1648=VERTEX_POINT('',#6837);
#1649=VERTEX_POINT('',#6839);
#1650=VERTEX_POINT('',#6841);
#1651=VERTEX_POINT('',#6843);
#1652=VERTEX_POINT('',#6884);
#1653=VERTEX_POINT('',#6885);
#1654=VERTEX_POINT('',#6888);
#1655=VERTEX_POINT('',#6892);
#1656=VERTEX_POINT('',#6893);
#1657=VERTEX_POINT('',#6896);
#1658=VERTEX_POINT('',#6900);
#1659=VERTEX_POINT('',#6902);
#1660=VERTEX_POINT('',#6904);
#1661=VERTEX_POINT('',#6906);
#1662=VERTEX_POINT('',#6953);
#1663=VERTEX_POINT('',#6954);
#1664=VERTEX_POINT('',#6956);
#1665=VERTEX_POINT('',#6958);
#1666=VERTEX_POINT('',#6962);
#1667=VERTEX_POINT('',#6963);
#1668=VERTEX_POINT('',#6965);
#1669=VERTEX_POINT('',#6967);
#1670=VERTEX_POINT('',#6971);
#1671=VERTEX_POINT('',#6972);
#1672=VERTEX_POINT('',#6974);
#1673=VERTEX_POINT('',#6976);
#1674=VERTEX_POINT('',#6978);
#1675=VERTEX_POINT('',#6980);
#1676=VERTEX_POINT('',#6982);
#1677=VERTEX_POINT('',#6984);
#1678=VERTEX_POINT('',#6986);
#1679=VERTEX_POINT('',#6988);
#1680=VERTEX_POINT('',#6990);
#1681=VERTEX_POINT('',#6992);
#1682=VERTEX_POINT('',#6994);
#1683=VERTEX_POINT('',#6996);
#1684=VERTEX_POINT('',#6998);
#1685=VERTEX_POINT('',#7000);
#1686=VERTEX_POINT('',#7002);
#1687=VERTEX_POINT('',#7004);
#1688=VERTEX_POINT('',#7006);
#1689=VERTEX_POINT('',#7008);
#1690=VERTEX_POINT('',#7012);
#1691=VERTEX_POINT('',#7014);
#1692=VERTEX_POINT('',#7016);
#1693=VERTEX_POINT('',#7019);
#1694=VERTEX_POINT('',#7021);
#1695=VERTEX_POINT('',#7023);
#1696=VERTEX_POINT('',#7025);
#1697=VERTEX_POINT('',#7032);
#1698=VERTEX_POINT('',#7036);
#1699=VERTEX_POINT('',#7038);
#1700=VERTEX_POINT('',#7042);
#1701=VERTEX_POINT('',#7044);
#1702=VERTEX_POINT('',#7046);
#1703=VERTEX_POINT('',#7048);
#1704=VERTEX_POINT('',#7051);
#1705=VERTEX_POINT('',#7052);
#1706=VERTEX_POINT('',#7054);
#1707=VERTEX_POINT('',#7056);
#1708=VERTEX_POINT('',#7058);
#1709=VERTEX_POINT('',#7060);
#1710=VERTEX_POINT('',#7062);
#1711=VERTEX_POINT('',#7064);
#1712=VERTEX_POINT('',#7068);
#1713=VERTEX_POINT('',#7070);
#1714=VERTEX_POINT('',#7074);
#1715=VERTEX_POINT('',#7076);
#1716=VERTEX_POINT('',#7078);
#1717=VERTEX_POINT('',#7080);
#1718=VERTEX_POINT('',#7087);
#1719=VERTEX_POINT('',#7089);
#1720=VERTEX_POINT('',#7092);
#1721=VERTEX_POINT('',#7094);
#1722=VERTEX_POINT('',#7098);
#1723=VERTEX_POINT('',#7100);
#1724=VERTEX_POINT('',#7102);
#1725=VERTEX_POINT('',#7104);
#1726=VERTEX_POINT('',#7108);
#1727=VERTEX_POINT('',#7109);
#1728=VERTEX_POINT('',#7118);
#1729=VERTEX_POINT('',#7120);
#1730=VERTEX_POINT('',#7126);
#1731=VERTEX_POINT('',#7130);
#1732=VERTEX_POINT('',#7158);
#1733=VERTEX_POINT('',#7159);
#1734=VERTEX_POINT('',#7162);
#1735=VERTEX_POINT('',#7164);
#1736=VERTEX_POINT('',#7172);
#1737=VERTEX_POINT('',#7178);
#1738=VERTEX_POINT('',#7179);
#1739=VERTEX_POINT('',#7184);
#1740=VERTEX_POINT('',#7188);
#1741=VERTEX_POINT('',#7192);
#1742=VERTEX_POINT('',#7196);
#1743=VERTEX_POINT('',#7200);
#1744=VERTEX_POINT('',#7204);
#1745=VERTEX_POINT('',#7210);
#1746=VERTEX_POINT('',#7212);
#1747=VERTEX_POINT('',#7214);
#1748=VERTEX_POINT('',#7216);
#1749=VERTEX_POINT('',#7220);
#1750=VERTEX_POINT('',#7224);
#1751=VERTEX_POINT('',#7250);
#1752=VERTEX_POINT('',#7254);
#1753=VERTEX_POINT('',#7262);
#1754=VERTEX_POINT('',#7272);
#1755=VERTEX_POINT('',#7274);
#1756=VERTEX_POINT('',#7281);
#1757=VERTEX_POINT('',#7285);
#1758=VERTEX_POINT('',#7289);
#1759=VERTEX_POINT('',#7290);
#1760=VERTEX_POINT('',#7415);
#1761=VERTEX_POINT('',#7417);
#1762=VERTEX_POINT('',#7421);
#1763=VERTEX_POINT('',#7423);
#1764=VERTEX_POINT('',#7427);
#1765=VERTEX_POINT('',#7429);
#1766=VERTEX_POINT('',#7433);
#1767=VERTEX_POINT('',#7435);
#1768=VERTEX_POINT('',#7439);
#1769=VERTEX_POINT('',#7443);
#1770=VERTEX_POINT('',#7447);
#1771=VERTEX_POINT('',#7451);
#1772=VERTEX_POINT('',#7453);
#1773=VERTEX_POINT('',#7455);
#1774=VERTEX_POINT('',#7461);
#1775=VERTEX_POINT('',#7465);
#1776=VERTEX_POINT('',#7481);
#1777=VERTEX_POINT('',#7483);
#1778=VERTEX_POINT('',#7485);
#1779=VERTEX_POINT('',#7487);
#1780=VERTEX_POINT('',#7489);
#1781=VERTEX_POINT('',#7491);
#1782=VERTEX_POINT('',#7494);
#1783=VERTEX_POINT('',#7495);
#1784=VERTEX_POINT('',#7497);
#1785=VERTEX_POINT('',#7500);
#1786=VERTEX_POINT('',#7502);
#1787=VERTEX_POINT('',#7504);
#1788=VERTEX_POINT('',#7510);
#1789=VERTEX_POINT('',#7514);
#1790=VERTEX_POINT('',#7525);
#1791=VERTEX_POINT('',#7529);
#1792=VERTEX_POINT('',#7533);
#1793=VERTEX_POINT('',#7537);
#1794=VERTEX_POINT('',#7541);
#1795=VERTEX_POINT('',#7545);
#1796=VERTEX_POINT('',#7551);
#1797=VERTEX_POINT('',#7552);
#1798=VERTEX_POINT('',#7557);
#1799=VERTEX_POINT('',#7561);
#1800=VERTEX_POINT('',#7565);
#1801=VERTEX_POINT('',#7569);
#1802=VERTEX_POINT('',#7580);
#1803=VERTEX_POINT('',#7581);
#1804=VERTEX_POINT('',#7584);
#1805=VERTEX_POINT('',#7586);
#1806=VERTEX_POINT('',#7830);
#1807=VERTEX_POINT('',#7831);
#1808=VERTEX_POINT('',#7956);
#1809=VERTEX_POINT('',#7958);
#1810=VERTEX_POINT('',#8086);
#1811=VERTEX_POINT('',#8087);
#1812=VERTEX_POINT('',#8089);
#1813=VERTEX_POINT('',#8096);
#1814=VERTEX_POINT('',#8100);
#1815=VERTEX_POINT('',#8104);
#1816=VERTEX_POINT('',#8108);
#1817=VERTEX_POINT('',#8110);
#1818=VERTEX_POINT('',#8114);
#1819=VERTEX_POINT('',#8122);
#1820=VERTEX_POINT('',#8123);
#1821=VERTEX_POINT('',#8125);
#1822=VERTEX_POINT('',#8127);
#1823=VERTEX_POINT('',#8372);
#1824=VERTEX_POINT('',#8373);
#1825=VERTEX_POINT('',#8622);
#1826=VERTEX_POINT('',#8624);
#1827=VERTEX_POINT('',#8628);
#1828=VERTEX_POINT('',#8629);
#1829=VERTEX_POINT('',#8631);
#1830=VERTEX_POINT('',#8638);
#1831=VERTEX_POINT('',#8642);
#1832=VERTEX_POINT('',#8646);
#1833=VERTEX_POINT('',#8650);
#1834=VERTEX_POINT('',#8652);
#1835=VERTEX_POINT('',#8656);
#1836=EDGE_CURVE('',#1507,#1507,#1268,.T.);
#1837=EDGE_CURVE('',#1507,#1508,#1269,.T.);
#1838=EDGE_CURVE('',#1508,#1508,#1270,.T.);
#1839=EDGE_CURVE('',#1508,#1509,#207,.T.);
#1840=EDGE_CURVE('',#1509,#1510,#1271,.T.);
#1841=EDGE_CURVE('',#1510,#1509,#1272,.T.);
#1842=EDGE_CURVE('',#1510,#1511,#208,.T.);
#1843=EDGE_CURVE('',#1511,#1511,#1273,.T.);
#1844=EDGE_CURVE('',#1512,#1512,#1274,.T.);
#1845=EDGE_CURVE('',#1512,#1513,#209,.T.);
#1846=EDGE_CURVE('',#1513,#1513,#1275,.T.);
#1847=EDGE_CURVE('',#1513,#1514,#210,.T.);
#1848=EDGE_CURVE('',#1514,#1515,#1276,.T.);
#1849=EDGE_CURVE('',#1515,#1516,#1277,.T.);
#1850=EDGE_CURVE('',#1516,#1517,#1278,.T.);
#1851=EDGE_CURVE('',#1517,#1518,#1279,.T.);
#1852=EDGE_CURVE('',#1518,#1519,#1280,.T.);
#1853=EDGE_CURVE('',#1519,#1520,#1281,.T.);
#1854=EDGE_CURVE('',#1520,#1521,#1282,.T.);
#1855=EDGE_CURVE('',#1521,#1522,#1283,.T.);
#1856=EDGE_CURVE('',#1522,#1514,#1284,.T.);
#1857=EDGE_CURVE('',#1523,#1524,#1285,.T.);
#1858=EDGE_CURVE('',#1524,#1525,#1286,.T.);
#1859=EDGE_CURVE('',#1525,#1526,#211,.T.);
#1860=EDGE_CURVE('',#1526,#1518,#1287,.T.);
#1861=EDGE_CURVE('',#1523,#1518,#212,.T.);
#1862=EDGE_CURVE('',#1527,#1528,#1288,.T.);
#1863=EDGE_CURVE('',#1528,#1529,#1289,.T.);
#1864=EDGE_CURVE('',#1519,#1529,#213,.T.);
#1865=EDGE_CURVE('',#1519,#1530,#1290,.T.);
#1866=EDGE_CURVE('',#1530,#1527,#214,.T.);
#1867=EDGE_CURVE('',#1531,#1532,#215,.T.);
#1868=EDGE_CURVE('',#1533,#1531,#216,.T.);
#1869=EDGE_CURVE('',#1521,#1533,#1291,.T.);
#1870=EDGE_CURVE('',#1534,#1520,#1292,.T.);
#1871=EDGE_CURVE('',#1535,#1534,#217,.T.);
#1872=EDGE_CURVE('',#1530,#1535,#218,.T.);
#1873=EDGE_CURVE('',#1536,#1526,#219,.T.);
#1874=EDGE_CURVE('',#1537,#1536,#220,.T.);
#1875=EDGE_CURVE('',#1517,#1537,#1293,.T.);
#1876=EDGE_CURVE('',#1538,#1516,#1294,.T.);
#1877=EDGE_CURVE('',#1539,#1538,#221,.T.);
#1878=EDGE_CURVE('',#1540,#1539,#222,.T.);
#1879=EDGE_CURVE('',#1515,#1540,#1295,.T.);
#1880=EDGE_CURVE('',#1532,#1522,#1296,.T.);
#1881=EDGE_CURVE('',#1517,#1541,#223,.T.);
#1882=EDGE_CURVE('',#1541,#1523,#1297,.T.);
#1883=EDGE_CURVE('',#1515,#1542,#224,.T.);
#1884=EDGE_CURVE('',#1542,#1543,#1298,.T.);
#1885=EDGE_CURVE('',#1543,#1516,#225,.T.);
#1886=EDGE_CURVE('',#1521,#1544,#226,.T.);
#1887=EDGE_CURVE('',#1544,#1545,#1299,.T.);
#1888=EDGE_CURVE('',#1545,#1522,#227,.T.);
#1889=EDGE_CURVE('',#1529,#1546,#1300,.T.);
#1890=EDGE_CURVE('',#1546,#1520,#228,.T.);
#1891=EDGE_CURVE('',#1547,#1541,#1301,.T.);
#1892=EDGE_CURVE('',#1537,#1547,#229,.T.);
#1893=EDGE_CURVE('',#1541,#1548,#30,.T.);
#1894=EDGE_CURVE('',#1548,#1549,#1302,.T.);
#1895=EDGE_CURVE('',#1549,#1523,#31,.T.);
#1896=EDGE_CURVE('',#1550,#1542,#1303,.T.);
#1897=EDGE_CURVE('',#1540,#1550,#230,.T.);
#1898=EDGE_CURVE('',#1543,#1551,#1304,.T.);
#1899=EDGE_CURVE('',#1551,#1538,#231,.T.);
#1900=EDGE_CURVE('',#1542,#1552,#32,.T.);
#1901=EDGE_CURVE('',#1552,#1553,#1305,.T.);
#1902=EDGE_CURVE('',#1553,#1543,#33,.T.);
#1903=EDGE_CURVE('',#1554,#1544,#1306,.T.);
#1904=EDGE_CURVE('',#1533,#1554,#232,.T.);
#1905=EDGE_CURVE('',#1545,#1555,#1307,.T.);
#1906=EDGE_CURVE('',#1555,#1532,#233,.T.);
#1907=EDGE_CURVE('',#1544,#1556,#34,.T.);
#1908=EDGE_CURVE('',#1556,#1557,#1308,.T.);
#1909=EDGE_CURVE('',#1557,#1545,#35,.T.);
#1910=EDGE_CURVE('',#1546,#1558,#1309,.T.);
#1911=EDGE_CURVE('',#1558,#1534,#234,.T.);
#1912=EDGE_CURVE('',#1559,#1560,#1310,.T.);
#1913=EDGE_CURVE('',#1560,#1546,#36,.T.);
#1914=EDGE_CURVE('',#1529,#1559,#37,.T.);
#1915=EDGE_CURVE('',#1561,#1548,#1311,.T.);
#1916=EDGE_CURVE('',#1547,#1561,#38,.T.);
#1917=EDGE_CURVE('',#1536,#1562,#235,.T.);
#1918=EDGE_CURVE('',#1562,#1561,#236,.T.);
#1919=EDGE_CURVE('',#1549,#1563,#1312,.T.);
#1920=EDGE_CURVE('',#1563,#1525,#39,.T.);
#1921=EDGE_CURVE('',#1549,#1564,#237,.T.);
#1922=EDGE_CURVE('',#1564,#1548,#238,.T.);
#1923=EDGE_CURVE('',#1565,#1552,#1313,.T.);
#1924=EDGE_CURVE('',#1550,#1565,#40,.T.);
#1925=EDGE_CURVE('',#1539,#1566,#239,.T.);
#1926=EDGE_CURVE('',#1566,#1565,#240,.T.);
#1927=EDGE_CURVE('',#1567,#1566,#241,.T.);
#1928=EDGE_CURVE('',#1551,#1567,#41,.T.);
#1929=EDGE_CURVE('',#1553,#1567,#1314,.T.);
#1930=EDGE_CURVE('',#1553,#1568,#242,.T.);
#1931=EDGE_CURVE('',#1568,#1552,#243,.T.);
#1932=EDGE_CURVE('',#1569,#1556,#1315,.T.);
#1933=EDGE_CURVE('',#1554,#1569,#42,.T.);
#1934=EDGE_CURVE('',#1531,#1570,#244,.T.);
#1935=EDGE_CURVE('',#1570,#1569,#245,.T.);
#1936=EDGE_CURVE('',#1571,#1570,#246,.T.);
#1937=EDGE_CURVE('',#1555,#1571,#43,.T.);
#1938=EDGE_CURVE('',#1557,#1571,#1316,.T.);
#1939=EDGE_CURVE('',#1572,#1556,#247,.T.);
#1940=EDGE_CURVE('',#1557,#1572,#248,.T.);
#1941=EDGE_CURVE('',#1558,#1573,#44,.T.);
#1942=EDGE_CURVE('',#1573,#1574,#249,.T.);
#1943=EDGE_CURVE('',#1574,#1535,#250,.T.);
#1944=EDGE_CURVE('',#1560,#1573,#1317,.T.);
#1945=EDGE_CURVE('',#1560,#1575,#251,.T.);
#1946=EDGE_CURVE('',#1575,#1559,#252,.T.);
#1947=EDGE_CURVE('',#1527,#1576,#45,.T.);
#1948=EDGE_CURVE('',#1576,#1559,#1318,.T.);
#1949=EDGE_CURVE('',#1562,#1564,#22,.T.);
#1950=EDGE_CURVE('',#1563,#1562,#253,.T.);
#1951=EDGE_CURVE('',#1566,#1568,#23,.T.);
#1952=EDGE_CURVE('',#1570,#1572,#24,.T.);
#1953=EDGE_CURVE('',#1574,#1576,#254,.T.);
#1954=EDGE_CURVE('',#1575,#1574,#25,.T.);
#1955=EDGE_CURVE('',#1577,#1578,#1319,.T.);
#1956=EDGE_CURVE('',#1577,#1579,#1320,.T.);
#1957=EDGE_CURVE('',#1579,#1579,#1321,.T.);
#1958=EDGE_CURVE('',#1578,#1577,#1322,.T.);
#1959=EDGE_CURVE('',#1578,#1580,#255,.T.);
#1960=EDGE_CURVE('',#1580,#1581,#1323,.T.);
#1961=EDGE_CURVE('',#1581,#1580,#1324,.T.);
#1962=EDGE_CURVE('',#1581,#1582,#256,.T.);
#1963=EDGE_CURVE('',#1582,#1582,#1325,.T.);
#1964=EDGE_CURVE('',#1583,#1583,#1326,.T.);
#1965=EDGE_CURVE('',#1583,#1584,#257,.T.);
#1966=EDGE_CURVE('',#1584,#1584,#1327,.T.);
#1967=EDGE_CURVE('',#1584,#1585,#258,.T.);
#1968=EDGE_CURVE('',#1585,#1586,#1328,.T.);
#1969=EDGE_CURVE('',#1587,#1586,#1329,.T.);
#1970=EDGE_CURVE('',#1587,#1588,#1330,.T.);
#1971=EDGE_CURVE('',#1588,#1589,#1331,.T.);
#1972=EDGE_CURVE('',#1589,#1590,#1332,.T.);
#1973=EDGE_CURVE('',#1590,#1591,#1333,.T.);
#1974=EDGE_CURVE('',#1591,#1592,#1334,.T.);
#1975=EDGE_CURVE('',#1592,#1593,#1335,.T.);
#1976=EDGE_CURVE('',#1593,#1585,#1336,.T.);
#1977=EDGE_CURVE('',#1594,#1595,#1337,.T.);
#1978=EDGE_CURVE('',#1595,#1596,#1338,.T.);
#1979=EDGE_CURVE('',#1596,#1597,#259,.T.);
#1980=EDGE_CURVE('',#1589,#1597,#1339,.T.);
#1981=EDGE_CURVE('',#1594,#1589,#260,.T.);
#1982=EDGE_CURVE('',#1598,#1599,#1340,.T.);
#1983=EDGE_CURVE('',#1599,#1600,#1341,.T.);
#1984=EDGE_CURVE('',#1590,#1600,#261,.T.);
#1985=EDGE_CURVE('',#1590,#1601,#1342,.T.);
#1986=EDGE_CURVE('',#1601,#1598,#262,.T.);
#1987=EDGE_CURVE('',#1588,#1602,#263,.T.);
#1988=EDGE_CURVE('',#1602,#1594,#1343,.T.);
#1989=EDGE_CURVE('',#1592,#1603,#1344,.T.);
#1990=EDGE_CURVE('',#1604,#1591,#1345,.T.);
#1991=EDGE_CURVE('',#1605,#1604,#264,.T.);
#1992=EDGE_CURVE('',#1601,#1605,#265,.T.);
#1993=EDGE_CURVE('',#1606,#1597,#266,.T.);
#1994=EDGE_CURVE('',#1607,#1606,#267,.T.);
#1995=EDGE_CURVE('',#1607,#1588,#1346,.T.);
#1996=EDGE_CURVE('',#1608,#1587,#1347,.T.);
#1997=EDGE_CURVE('',#1609,#1608,#268,.T.);
#1998=EDGE_CURVE('',#1610,#1609,#269,.T.);
#1999=EDGE_CURVE('',#1610,#1586,#1348,.T.);
#2000=EDGE_CURVE('',#1611,#1593,#1349,.T.);
#2001=EDGE_CURVE('',#1612,#1611,#270,.T.);
#2002=EDGE_CURVE('',#1603,#1612,#271,.T.);
#2003=EDGE_CURVE('',#1613,#1614,#1350,.T.);
#2004=EDGE_CURVE('',#1614,#1593,#272,.T.);
#2005=EDGE_CURVE('',#1592,#1613,#273,.T.);
#2006=EDGE_CURVE('',#1600,#1615,#1351,.T.);
#2007=EDGE_CURVE('',#1615,#1591,#274,.T.);
#2008=EDGE_CURVE('',#1616,#1602,#1352,.T.);
#2009=EDGE_CURVE('',#1607,#1616,#275,.T.);
#2010=EDGE_CURVE('',#1602,#1617,#46,.T.);
#2011=EDGE_CURVE('',#1617,#1618,#1353,.T.);
#2012=EDGE_CURVE('',#1618,#1594,#47,.T.);
#2013=EDGE_CURVE('',#1619,#1586,#276,.T.);
#2014=EDGE_CURVE('',#1610,#1620,#277,.T.);
#2015=EDGE_CURVE('',#1620,#1619,#1354,.T.);
#2016=EDGE_CURVE('',#1614,#1621,#1355,.T.);
#2017=EDGE_CURVE('',#1621,#1611,#278,.T.);
#2018=EDGE_CURVE('',#1622,#1623,#1356,.T.);
#2019=EDGE_CURVE('',#1623,#1614,#48,.T.);
#2020=EDGE_CURVE('',#1613,#1622,#49,.T.);
#2021=EDGE_CURVE('',#1624,#1613,#1357,.T.);
#2022=EDGE_CURVE('',#1603,#1624,#279,.T.);
#2023=EDGE_CURVE('',#1615,#1625,#1358,.T.);
#2024=EDGE_CURVE('',#1625,#1604,#280,.T.);
#2025=EDGE_CURVE('',#1600,#1626,#50,.T.);
#2026=EDGE_CURVE('',#1626,#1627,#1359,.T.);
#2027=EDGE_CURVE('',#1627,#1615,#51,.T.);
#2028=EDGE_CURVE('',#1616,#1628,#52,.T.);
#2029=EDGE_CURVE('',#1628,#1617,#1360,.T.);
#2030=EDGE_CURVE('',#1606,#1629,#281,.T.);
#2031=EDGE_CURVE('',#1629,#1628,#282,.T.);
#2032=EDGE_CURVE('',#1596,#1630,#53,.T.);
#2033=EDGE_CURVE('',#1630,#1629,#283,.T.);
#2034=EDGE_CURVE('',#1618,#1630,#1361,.T.);
#2035=EDGE_CURVE('',#1631,#1617,#284,.T.);
#2036=EDGE_CURVE('',#1618,#1631,#285,.T.);
#2037=EDGE_CURVE('',#1619,#1632,#1362,.T.);
#2038=EDGE_CURVE('',#1632,#1587,#286,.T.);
#2039=EDGE_CURVE('',#1633,#1620,#54,.T.);
#2040=EDGE_CURVE('',#1633,#1634,#1363,.T.);
#2041=EDGE_CURVE('',#1634,#1619,#55,.T.);
#2042=EDGE_CURVE('',#1623,#1635,#1364,.T.);
#2043=EDGE_CURVE('',#1635,#1621,#56,.T.);
#2044=EDGE_CURVE('',#1636,#1622,#287,.T.);
#2045=EDGE_CURVE('',#1623,#1636,#288,.T.);
#2046=EDGE_CURVE('',#1637,#1622,#1365,.T.);
#2047=EDGE_CURVE('',#1624,#1637,#57,.T.);
#2048=EDGE_CURVE('',#1612,#1638,#289,.T.);
#2049=EDGE_CURVE('',#1638,#1637,#290,.T.);
#2050=EDGE_CURVE('',#1598,#1639,#58,.T.);
#2051=EDGE_CURVE('',#1639,#1626,#1366,.T.);
#2052=EDGE_CURVE('',#1605,#1640,#291,.T.);
#2053=EDGE_CURVE('',#1640,#1639,#292,.T.);
#2054=EDGE_CURVE('',#1625,#1641,#59,.T.);
#2055=EDGE_CURVE('',#1641,#1640,#293,.T.);
#2056=EDGE_CURVE('',#1627,#1641,#1367,.T.);
#2057=EDGE_CURVE('',#1642,#1626,#294,.T.);
#2058=EDGE_CURVE('',#1627,#1642,#295,.T.);
#2059=EDGE_CURVE('',#1629,#1631,#26,.T.);
#2060=EDGE_CURVE('',#1632,#1643,#1368,.T.);
#2061=EDGE_CURVE('',#1643,#1608,#296,.T.);
#2062=EDGE_CURVE('',#1634,#1644,#1369,.T.);
#2063=EDGE_CURVE('',#1644,#1632,#60,.T.);
#2064=EDGE_CURVE('',#1633,#1645,#297,.T.);
#2065=EDGE_CURVE('',#1645,#1646,#27,.T.);
#2066=EDGE_CURVE('',#1646,#1634,#298,.T.);
#2067=EDGE_CURVE('',#1609,#1645,#299,.T.);
#2068=EDGE_CURVE('',#1635,#1638,#300,.T.);
#2069=EDGE_CURVE('',#1636,#1638,#28,.T.);
#2070=EDGE_CURVE('',#1640,#1642,#29,.T.);
#2071=EDGE_CURVE('',#1643,#1647,#61,.T.);
#2072=EDGE_CURVE('',#1647,#1645,#301,.T.);
#2073=EDGE_CURVE('',#1644,#1647,#1370,.T.);
#2074=EDGE_CURVE('',#1644,#1646,#302,.T.);
#2075=EDGE_CURVE('',#1648,#1648,#1371,.T.);
#2076=EDGE_CURVE('',#1648,#1649,#303,.T.);
#2077=EDGE_CURVE('',#1650,#1649,#1372,.T.);
#2078=EDGE_CURVE('',#1650,#1651,#62,.T.);
#2079=EDGE_CURVE('',#1649,#1651,#1373,.T.);
#2080=EDGE_CURVE('',#1652,#1653,#1374,.T.);
#2081=EDGE_CURVE('',#1653,#1652,#1375,.T.);
#2082=EDGE_CURVE('',#1653,#1654,#304,.T.);
#2083=EDGE_CURVE('',#1654,#1654,#1376,.T.);
#2084=EDGE_CURVE('',#1655,#1656,#1377,.T.);
#2085=EDGE_CURVE('',#1656,#1655,#1378,.T.);
#2086=EDGE_CURVE('',#1656,#1657,#305,.T.);
#2087=EDGE_CURVE('',#1657,#1657,#1379,.T.);
#2088=EDGE_CURVE('',#1658,#1658,#1380,.T.);
#2089=EDGE_CURVE('',#1658,#1659,#306,.T.);
#2090=EDGE_CURVE('',#1659,#1660,#1381,.T.);
#2091=EDGE_CURVE('',#1660,#1661,#63,.T.);
#2092=EDGE_CURVE('',#1661,#1659,#1382,.T.);
#2093=EDGE_CURVE('',#1652,#1648,#307,.T.);
#2094=EDGE_CURVE('',#1655,#1658,#308,.T.);
#2095=EDGE_CURVE('',#1662,#1663,#1383,.T.);
#2096=EDGE_CURVE('',#1662,#1664,#309,.T.);
#2097=EDGE_CURVE('',#1665,#1664,#1384,.T.);
#2098=EDGE_CURVE('',#1665,#1663,#310,.T.);
#2099=EDGE_CURVE('',#1666,#1667,#1385,.T.);
#2100=EDGE_CURVE('',#1667,#1668,#311,.T.);
#2101=EDGE_CURVE('',#1669,#1668,#1386,.T.);
#2102=EDGE_CURVE('',#1669,#1666,#312,.T.);
#2103=EDGE_CURVE('',#1670,#1671,#313,.T.);
#2104=EDGE_CURVE('',#1672,#1671,#1387,.T.);
#2105=EDGE_CURVE('',#1672,#1673,#314,.T.);
#2106=EDGE_CURVE('',#1674,#1673,#1388,.T.);
#2107=EDGE_CURVE('',#1674,#1675,#315,.T.);
#2108=EDGE_CURVE('',#1675,#1676,#1389,.T.);
#2109=EDGE_CURVE('',#1676,#1677,#316,.T.);
#2110=EDGE_CURVE('',#1677,#1678,#317,.T.);
#2111=EDGE_CURVE('',#1678,#1679,#318,.T.);
#2112=EDGE_CURVE('',#1679,#1680,#1390,.T.);
#2113=EDGE_CURVE('',#1680,#1681,#319,.T.);
#2114=EDGE_CURVE('',#1682,#1681,#1391,.T.);
#2115=EDGE_CURVE('',#1682,#1683,#320,.T.);
#2116=EDGE_CURVE('',#1684,#1683,#1392,.T.);
#2117=EDGE_CURVE('',#1684,#1685,#321,.T.);
#2118=EDGE_CURVE('',#1685,#1686,#1393,.T.);
#2119=EDGE_CURVE('',#1686,#1687,#322,.T.);
#2120=EDGE_CURVE('',#1687,#1688,#323,.T.);
#2121=EDGE_CURVE('',#1688,#1689,#324,.T.);
#2122=EDGE_CURVE('',#1689,#1670,#1394,.T.);
#2123=EDGE_CURVE('',#1685,#1690,#325,.T.);
#2124=EDGE_CURVE('',#1691,#1684,#326,.T.);
#2125=EDGE_CURVE('',#1692,#1691,#327,.T.);
#2126=EDGE_CURVE('',#1671,#1692,#328,.T.);
#2127=EDGE_CURVE('',#1693,#1670,#329,.T.);
#2128=EDGE_CURVE('',#1694,#1693,#1395,.T.);
#2129=EDGE_CURVE('',#1695,#1694,#330,.T.);
#2130=EDGE_CURVE('',#1696,#1695,#64,.T.);
#2131=EDGE_CURVE('',#1697,#1696,#331,.T.);
#2132=EDGE_CURVE('',#1690,#1697,#1396,.T.);
#2133=EDGE_CURVE('',#1687,#1698,#332,.T.);
#2134=EDGE_CURVE('',#1699,#1698,#333,.T.);
#2135=EDGE_CURVE('',#1699,#1688,#334,.T.);
#2136=EDGE_CURVE('',#1683,#1700,#335,.T.);
#2137=EDGE_CURVE('',#1701,#1682,#336,.T.);
#2138=EDGE_CURVE('',#1702,#1701,#1397,.T.);
#2139=EDGE_CURVE('',#1703,#1702,#337,.T.);
#2140=EDGE_CURVE('',#1700,#1703,#1398,.T.);
#2141=EDGE_CURVE('',#1704,#1705,#338,.T.);
#2142=EDGE_CURVE('',#1706,#1704,#1399,.T.);
#2143=EDGE_CURVE('',#1707,#1706,#339,.T.);
#2144=EDGE_CURVE('',#1708,#1707,#1400,.T.);
#2145=EDGE_CURVE('',#1709,#1708,#340,.T.);
#2146=EDGE_CURVE('',#1710,#1709,#341,.T.);
#2147=EDGE_CURVE('',#1711,#1710,#342,.T.);
#2148=EDGE_CURVE('',#1705,#1711,#343,.T.);
#2149=EDGE_CURVE('',#1677,#1712,#344,.T.);
#2150=EDGE_CURVE('',#1713,#1712,#345,.T.);
#2151=EDGE_CURVE('',#1713,#1678,#346,.T.);
#2152=EDGE_CURVE('',#1714,#1680,#347,.T.);
#2153=EDGE_CURVE('',#1715,#1714,#1401,.T.);
#2154=EDGE_CURVE('',#1716,#1715,#348,.T.);
#2155=EDGE_CURVE('',#1717,#1716,#65,.T.);
#2156=EDGE_CURVE('',#1718,#1717,#349,.T.);
#2157=EDGE_CURVE('',#1719,#1718,#1402,.T.);
#2158=EDGE_CURVE('',#1675,#1719,#350,.T.);
#2159=EDGE_CURVE('',#1720,#1674,#351,.T.);
#2160=EDGE_CURVE('',#1721,#1720,#352,.T.);
#2161=EDGE_CURVE('',#1681,#1721,#353,.T.);
#2162=EDGE_CURVE('',#1673,#1722,#354,.T.);
#2163=EDGE_CURVE('',#1723,#1672,#355,.T.);
#2164=EDGE_CURVE('',#1724,#1723,#1403,.T.);
#2165=EDGE_CURVE('',#1725,#1724,#356,.T.);
#2166=EDGE_CURVE('',#1722,#1725,#1404,.T.);
#2167=EDGE_CURVE('',#1726,#1727,#1405,.T.);
#2168=EDGE_CURVE('',#1690,#1726,#1406,.T.);
#2169=EDGE_CURVE('',#1727,#1697,#1407,.T.);
#2170=EDGE_CURVE('',#1686,#1726,#357,.T.);
#2171=EDGE_CURVE('',#1700,#1691,#1408,.T.);
#2172=EDGE_CURVE('',#1691,#1728,#1409,.T.);
#2173=EDGE_CURVE('',#1728,#1729,#358,.T.);
#2174=EDGE_CURVE('',#1729,#1692,#1410,.T.);
#2175=EDGE_CURVE('',#1692,#1723,#1411,.T.);
#2176=EDGE_CURVE('',#1730,#1689,#359,.T.);
#2177=EDGE_CURVE('',#1693,#1730,#1412,.T.);
#2178=EDGE_CURVE('',#1731,#1730,#1413,.T.);
#2179=EDGE_CURVE('',#1694,#1731,#1414,.T.);
#2180=EDGE_CURVE('',#1651,#1731,#360,.T.);
#2181=EDGE_CURVE('',#1695,#1651,#1415,.T.);
#2182=EDGE_CURVE('',#1696,#1650,#1416,.T.);
#2183=EDGE_CURVE('',#1727,#1650,#361,.T.);
#2184=EDGE_CURVE('',#1732,#1733,#1417,.T.);
#2185=EDGE_CURVE('',#1699,#1732,#362,.T.);
#2186=EDGE_CURVE('',#1734,#1698,#363,.T.);
#2187=EDGE_CURVE('',#1735,#1734,#1418,.T.);
#2188=EDGE_CURVE('',#1735,#1733,#364,.T.);
#2189=EDGE_CURVE('',#1703,#1728,#1419,.T.);
#2190=EDGE_CURVE('',#1721,#1701,#1420,.T.);
#2191=EDGE_CURVE('',#1736,#1702,#1421,.T.);
#2192=EDGE_CURVE('',#1721,#1736,#1422,.T.);
#2193=EDGE_CURVE('',#1736,#1728,#365,.T.);
#2194=EDGE_CURVE('',#1737,#1738,#366,.T.);
#2195=EDGE_CURVE('',#1705,#1738,#367,.T.);
#2196=EDGE_CURVE('',#1737,#1711,#368,.T.);
#2197=EDGE_CURVE('',#1739,#1738,#369,.T.);
#2198=EDGE_CURVE('',#1704,#1739,#370,.T.);
#2199=EDGE_CURVE('',#1739,#1740,#1423,.T.);
#2200=EDGE_CURVE('',#1706,#1740,#371,.T.);
#2201=EDGE_CURVE('',#1741,#1740,#372,.T.);
#2202=EDGE_CURVE('',#1707,#1741,#373,.T.);
#2203=EDGE_CURVE('',#1741,#1742,#1424,.T.);
#2204=EDGE_CURVE('',#1708,#1742,#374,.T.);
#2205=EDGE_CURVE('',#1743,#1742,#375,.T.);
#2206=EDGE_CURVE('',#1709,#1743,#376,.T.);
#2207=EDGE_CURVE('',#1743,#1744,#377,.T.);
#2208=EDGE_CURVE('',#1710,#1744,#378,.T.);
#2209=EDGE_CURVE('',#1737,#1744,#379,.T.);
#2210=EDGE_CURVE('',#1712,#1745,#380,.T.);
#2211=EDGE_CURVE('',#1746,#1745,#1425,.T.);
#2212=EDGE_CURVE('',#1746,#1747,#381,.T.);
#2213=EDGE_CURVE('',#1748,#1747,#1426,.T.);
#2214=EDGE_CURVE('',#1748,#1713,#382,.T.);
#2215=EDGE_CURVE('',#1749,#1679,#383,.T.);
#2216=EDGE_CURVE('',#1714,#1749,#1427,.T.);
#2217=EDGE_CURVE('',#1750,#1749,#1428,.T.);
#2218=EDGE_CURVE('',#1715,#1750,#1429,.T.);
#2219=EDGE_CURVE('',#1661,#1750,#384,.T.);
#2220=EDGE_CURVE('',#1716,#1661,#1430,.T.);
#2221=EDGE_CURVE('',#1717,#1660,#1431,.T.);
#2222=EDGE_CURVE('',#1751,#1660,#385,.T.);
#2223=EDGE_CURVE('',#1718,#1751,#1432,.T.);
#2224=EDGE_CURVE('',#1752,#1751,#1433,.T.);
#2225=EDGE_CURVE('',#1719,#1752,#1434,.T.);
#2226=EDGE_CURVE('',#1676,#1752,#386,.T.);
#2227=EDGE_CURVE('',#1722,#1720,#1435,.T.);
#2228=EDGE_CURVE('',#1753,#1736,#387,.T.);
#2229=EDGE_CURVE('',#1720,#1753,#1436,.T.);
#2230=EDGE_CURVE('',#1725,#1753,#1437,.T.);
#2231=EDGE_CURVE('',#1729,#1724,#1438,.T.);
#2232=EDGE_CURVE('',#1729,#1753,#388,.T.);
#2233=EDGE_CURVE('',#1727,#1754,#389,.T.);
#2234=EDGE_CURVE('',#1755,#1754,#1439,.T.);
#2235=EDGE_CURVE('',#1755,#1726,#390,.T.);
#2236=EDGE_CURVE('',#1734,#1755,#391,.T.);
#2237=EDGE_CURVE('',#1730,#1756,#392,.T.);
#2238=EDGE_CURVE('',#1756,#1732,#393,.T.);
#2239=EDGE_CURVE('',#1757,#1756,#1440,.T.);
#2240=EDGE_CURVE('',#1757,#1731,#394,.T.);
#2241=EDGE_CURVE('',#1758,#1759,#395,.T.);
#2242=EDGE_CURVE('',#1759,#1754,#66,.T.);
#2243=EDGE_CURVE('',#1757,#1758,#67,.T.);
#2244=EDGE_CURVE('',#1760,#1738,#396,.T.);
#2245=EDGE_CURVE('',#1761,#1760,#397,.T.);
#2246=EDGE_CURVE('',#1739,#1761,#398,.T.);
#2247=EDGE_CURVE('',#1762,#1740,#399,.T.);
#2248=EDGE_CURVE('',#1763,#1762,#400,.T.);
#2249=EDGE_CURVE('',#1741,#1763,#401,.T.);
#2250=EDGE_CURVE('',#1764,#1742,#402,.T.);
#2251=EDGE_CURVE('',#1765,#1764,#403,.T.);
#2252=EDGE_CURVE('',#1743,#1765,#404,.T.);
#2253=EDGE_CURVE('',#1766,#1744,#405,.T.);
#2254=EDGE_CURVE('',#1767,#1766,#406,.T.);
#2255=EDGE_CURVE('',#1737,#1767,#407,.T.);
#2256=EDGE_CURVE('',#1768,#1752,#408,.T.);
#2257=EDGE_CURVE('',#1745,#1768,#409,.T.);
#2258=EDGE_CURVE('',#1769,#1748,#410,.T.);
#2259=EDGE_CURVE('',#1749,#1769,#411,.T.);
#2260=EDGE_CURVE('',#1770,#1769,#1441,.T.);
#2261=EDGE_CURVE('',#1770,#1750,#412,.T.);
#2262=EDGE_CURVE('',#1771,#1770,#1442,.T.);
#2263=EDGE_CURVE('',#1772,#1771,#413,.T.);
#2264=EDGE_CURVE('',#1773,#1772,#1443,.T.);
#2265=EDGE_CURVE('',#1751,#1773,#414,.T.);
#2266=EDGE_CURVE('',#1773,#1768,#1444,.T.);
#2267=EDGE_CURVE('',#1774,#1735,#415,.T.);
#2268=EDGE_CURVE('',#1755,#1774,#1445,.T.);
#2269=EDGE_CURVE('',#1733,#1775,#416,.T.);
#2270=EDGE_CURVE('',#1775,#1756,#1446,.T.);
#2271=EDGE_CURVE('',#1759,#1774,#1447,.T.);
#2272=EDGE_CURVE('',#1758,#1775,#1448,.T.);
#2273=EDGE_CURVE('',#1775,#1774,#417,.T.);
#2274=EDGE_CURVE('',#1762,#1761,#1449,.T.);
#2275=EDGE_CURVE('',#1760,#1767,#418,.T.);
#2276=EDGE_CURVE('',#1766,#1765,#419,.T.);
#2277=EDGE_CURVE('',#1764,#1763,#1450,.T.);
#2278=EDGE_CURVE('',#1776,#1665,#1451,.T.);
#2279=EDGE_CURVE('',#1664,#1777,#420,.T.);
#2280=EDGE_CURVE('',#1777,#1778,#1452,.T.);
#2281=EDGE_CURVE('',#1778,#1779,#1453,.T.);
#2282=EDGE_CURVE('',#1779,#1780,#1454,.T.);
#2283=EDGE_CURVE('',#1780,#1781,#421,.T.);
#2284=EDGE_CURVE('',#1781,#1776,#1455,.T.);
#2285=EDGE_CURVE('',#1782,#1783,#1456,.T.);
#2286=EDGE_CURVE('',#1783,#1784,#1457,.T.);
#2287=EDGE_CURVE('',#1784,#1669,#422,.T.);
#2288=EDGE_CURVE('',#1668,#1785,#1458,.T.);
#2289=EDGE_CURVE('',#1785,#1786,#1459,.T.);
#2290=EDGE_CURVE('',#1786,#1787,#423,.T.);
#2291=EDGE_CURVE('',#1787,#1782,#1460,.T.);
#2292=EDGE_CURVE('',#1788,#1746,#424,.T.);
#2293=EDGE_CURVE('',#1768,#1788,#1461,.T.);
#2294=EDGE_CURVE('',#1747,#1789,#425,.T.);
#2295=EDGE_CURVE('',#1789,#1769,#1462,.T.);
#2296=EDGE_CURVE('',#1789,#1771,#1463,.T.);
#2297=EDGE_CURVE('',#1789,#1788,#426,.T.);
#2298=EDGE_CURVE('',#1788,#1772,#1464,.T.);
#2299=EDGE_CURVE('',#1790,#1776,#427,.T.);
#2300=EDGE_CURVE('',#1663,#1790,#1465,.T.);
#2301=EDGE_CURVE('',#1790,#1791,#1466,.T.);
#2302=EDGE_CURVE('',#1781,#1791,#428,.T.);
#2303=EDGE_CURVE('',#1792,#1780,#429,.T.);
#2304=EDGE_CURVE('',#1791,#1792,#430,.T.);
#2305=EDGE_CURVE('',#1792,#1793,#1467,.T.);
#2306=EDGE_CURVE('',#1779,#1793,#431,.T.);
#2307=EDGE_CURVE('',#1794,#1778,#432,.T.);
#2308=EDGE_CURVE('',#1793,#1794,#1468,.T.);
#2309=EDGE_CURVE('',#1794,#1795,#1469,.T.);
#2310=EDGE_CURVE('',#1777,#1795,#433,.T.);
#2311=EDGE_CURVE('',#1795,#1662,#434,.T.);
#2312=EDGE_CURVE('',#1796,#1797,#1470,.T.);
#2313=EDGE_CURVE('',#1797,#1784,#435,.T.);
#2314=EDGE_CURVE('',#1783,#1796,#436,.T.);
#2315=EDGE_CURVE('',#1798,#1782,#437,.T.);
#2316=EDGE_CURVE('',#1798,#1796,#1471,.T.);
#2317=EDGE_CURVE('',#1799,#1798,#1472,.T.);
#2318=EDGE_CURVE('',#1787,#1799,#438,.T.);
#2319=EDGE_CURVE('',#1800,#1786,#439,.T.);
#2320=EDGE_CURVE('',#1800,#1799,#440,.T.);
#2321=EDGE_CURVE('',#1801,#1800,#1473,.T.);
#2322=EDGE_CURVE('',#1785,#1801,#441,.T.);
#2323=EDGE_CURVE('',#1667,#1801,#1474,.T.);
#2324=EDGE_CURVE('',#1666,#1797,#442,.T.);
#2325=EDGE_CURVE('',#1802,#1803,#1475,.T.);
#2326=EDGE_CURVE('',#1803,#1802,#1476,.T.);
#2327=EDGE_CURVE('',#1803,#1804,#1477,.T.);
#2328=EDGE_CURVE('',#1805,#1804,#68,.T.);
#2329=EDGE_CURVE('',#1804,#1805,#69,.T.);
#2330=EDGE_CURVE('',#1806,#1807,#70,.T.);
#2331=EDGE_CURVE('',#1806,#1808,#1478,.T.);
#2332=EDGE_CURVE('',#1808,#1809,#1479,.T.);
#2333=EDGE_CURVE('',#1809,#1808,#1480,.T.);
#2334=EDGE_CURVE('',#1807,#1806,#71,.T.);
#2335=EDGE_CURVE('',#1810,#1811,#1481,.T.);
#2336=EDGE_CURVE('',#1811,#1812,#1482,.T.);
#2337=EDGE_CURVE('',#1812,#1812,#1483,.T.);
#2338=EDGE_CURVE('',#1811,#1810,#1484,.T.);
#2339=EDGE_CURVE('',#1802,#1810,#443,.T.);
#2340=EDGE_CURVE('',#1813,#1813,#1485,.T.);
#2341=EDGE_CURVE('',#1813,#1809,#444,.T.);
#2342=EDGE_CURVE('',#1812,#1814,#445,.T.);
#2343=EDGE_CURVE('',#1814,#1814,#1486,.T.);
#2344=EDGE_CURVE('',#1814,#1815,#446,.T.);
#2345=EDGE_CURVE('',#1815,#1815,#1487,.T.);
#2346=EDGE_CURVE('',#1816,#1816,#1488,.T.);
#2347=EDGE_CURVE('',#1816,#1817,#447,.T.);
#2348=EDGE_CURVE('',#1817,#1817,#1489,.T.);
#2349=EDGE_CURVE('',#1817,#1818,#448,.T.);
#2350=EDGE_CURVE('',#1818,#1818,#1490,.T.);
#2351=EDGE_CURVE('',#1819,#1820,#1491,.T.);
#2352=EDGE_CURVE('',#1819,#1821,#1492,.T.);
#2353=EDGE_CURVE('',#1822,#1821,#72,.T.);
#2354=EDGE_CURVE('',#1821,#1822,#73,.T.);
#2355=EDGE_CURVE('',#1820,#1819,#1493,.T.);
#2356=EDGE_CURVE('',#1823,#1824,#74,.T.);
#2357=EDGE_CURVE('',#1824,#1823,#75,.T.);
#2358=EDGE_CURVE('',#1824,#1825,#1494,.T.);
#2359=EDGE_CURVE('',#1825,#1826,#1495,.T.);
#2360=EDGE_CURVE('',#1826,#1825,#1496,.T.);
#2361=EDGE_CURVE('',#1827,#1828,#1497,.T.);
#2362=EDGE_CURVE('',#1828,#1829,#1498,.T.);
#2363=EDGE_CURVE('',#1829,#1829,#1499,.T.);
#2364=EDGE_CURVE('',#1828,#1827,#1500,.T.);
#2365=EDGE_CURVE('',#1820,#1827,#449,.T.);
#2366=EDGE_CURVE('',#1830,#1830,#1501,.T.);
#2367=EDGE_CURVE('',#1830,#1826,#450,.T.);
#2368=EDGE_CURVE('',#1829,#1831,#451,.T.);
#2369=EDGE_CURVE('',#1831,#1831,#1502,.T.);
#2370=EDGE_CURVE('',#1831,#1832,#452,.T.);
#2371=EDGE_CURVE('',#1832,#1832,#1503,.T.);
#2372=EDGE_CURVE('',#1833,#1833,#1504,.T.);
#2373=EDGE_CURVE('',#1833,#1834,#453,.T.);
#2374=EDGE_CURVE('',#1834,#1834,#1505,.T.);
#2375=EDGE_CURVE('',#1834,#1835,#454,.T.);
#2376=EDGE_CURVE('',#1835,#1835,#1506,.T.);
#2377=ORIENTED_EDGE('',*,*,#1836,.T.);
#2378=ORIENTED_EDGE('',*,*,#1837,.T.);
#2379=ORIENTED_EDGE('',*,*,#1838,.F.);
#2380=ORIENTED_EDGE('',*,*,#1837,.F.);
#2381=ORIENTED_EDGE('',*,*,#1838,.T.);
#2382=ORIENTED_EDGE('',*,*,#1839,.T.);
#2383=ORIENTED_EDGE('',*,*,#1840,.T.);
#2384=ORIENTED_EDGE('',*,*,#1841,.T.);
#2385=ORIENTED_EDGE('',*,*,#1839,.F.);
#2386=ORIENTED_EDGE('',*,*,#1840,.F.);
#2387=ORIENTED_EDGE('',*,*,#1841,.F.);
#2388=ORIENTED_EDGE('',*,*,#1842,.T.);
#2389=ORIENTED_EDGE('',*,*,#1843,.T.);
#2390=ORIENTED_EDGE('',*,*,#1842,.F.);
#2391=ORIENTED_EDGE('',*,*,#1836,.F.);
#2392=ORIENTED_EDGE('',*,*,#1843,.F.);
#2393=ORIENTED_EDGE('',*,*,#1844,.T.);
#2394=ORIENTED_EDGE('',*,*,#1845,.T.);
#2395=ORIENTED_EDGE('',*,*,#1846,.T.);
#2396=ORIENTED_EDGE('',*,*,#1845,.F.);
#2397=ORIENTED_EDGE('',*,*,#1846,.F.);
#2398=ORIENTED_EDGE('',*,*,#1847,.T.);
#2399=ORIENTED_EDGE('',*,*,#1848,.T.);
#2400=ORIENTED_EDGE('',*,*,#1849,.T.);
#2401=ORIENTED_EDGE('',*,*,#1850,.T.);
#2402=ORIENTED_EDGE('',*,*,#1851,.T.);
#2403=ORIENTED_EDGE('',*,*,#1852,.T.);
#2404=ORIENTED_EDGE('',*,*,#1853,.T.);
#2405=ORIENTED_EDGE('',*,*,#1854,.T.);
#2406=ORIENTED_EDGE('',*,*,#1855,.T.);
#2407=ORIENTED_EDGE('',*,*,#1856,.T.);
#2408=ORIENTED_EDGE('',*,*,#1847,.F.);
#2409=ORIENTED_EDGE('',*,*,#1857,.T.);
#2410=ORIENTED_EDGE('',*,*,#1858,.T.);
#2411=ORIENTED_EDGE('',*,*,#1859,.T.);
#2412=ORIENTED_EDGE('',*,*,#1860,.T.);
#2413=ORIENTED_EDGE('',*,*,#1861,.F.);
#2414=ORIENTED_EDGE('',*,*,#1862,.T.);
#2415=ORIENTED_EDGE('',*,*,#1863,.T.);
#2416=ORIENTED_EDGE('',*,*,#1864,.F.);
#2417=ORIENTED_EDGE('',*,*,#1865,.T.);
#2418=ORIENTED_EDGE('',*,*,#1866,.T.);
#2419=ORIENTED_EDGE('',*,*,#1844,.F.);
#2420=ORIENTED_EDGE('',*,*,#1867,.F.);
#2421=ORIENTED_EDGE('',*,*,#1868,.F.);
#2422=ORIENTED_EDGE('',*,*,#1869,.F.);
#2423=ORIENTED_EDGE('',*,*,#1854,.F.);
#2424=ORIENTED_EDGE('',*,*,#1870,.F.);
#2425=ORIENTED_EDGE('',*,*,#1871,.F.);
#2426=ORIENTED_EDGE('',*,*,#1872,.F.);
#2427=ORIENTED_EDGE('',*,*,#1865,.F.);
#2428=ORIENTED_EDGE('',*,*,#1852,.F.);
#2429=ORIENTED_EDGE('',*,*,#1860,.F.);
#2430=ORIENTED_EDGE('',*,*,#1873,.F.);
#2431=ORIENTED_EDGE('',*,*,#1874,.F.);
#2432=ORIENTED_EDGE('',*,*,#1875,.F.);
#2433=ORIENTED_EDGE('',*,*,#1850,.F.);
#2434=ORIENTED_EDGE('',*,*,#1876,.F.);
#2435=ORIENTED_EDGE('',*,*,#1877,.F.);
#2436=ORIENTED_EDGE('',*,*,#1878,.F.);
#2437=ORIENTED_EDGE('',*,*,#1879,.F.);
#2438=ORIENTED_EDGE('',*,*,#1848,.F.);
#2439=ORIENTED_EDGE('',*,*,#1856,.F.);
#2440=ORIENTED_EDGE('',*,*,#1880,.F.);
#2441=ORIENTED_EDGE('',*,*,#1851,.F.);
#2442=ORIENTED_EDGE('',*,*,#1881,.T.);
#2443=ORIENTED_EDGE('',*,*,#1882,.T.);
#2444=ORIENTED_EDGE('',*,*,#1861,.T.);
#2445=ORIENTED_EDGE('',*,*,#1849,.F.);
#2446=ORIENTED_EDGE('',*,*,#1883,.T.);
#2447=ORIENTED_EDGE('',*,*,#1884,.T.);
#2448=ORIENTED_EDGE('',*,*,#1885,.T.);
#2449=ORIENTED_EDGE('',*,*,#1855,.F.);
#2450=ORIENTED_EDGE('',*,*,#1886,.T.);
#2451=ORIENTED_EDGE('',*,*,#1887,.T.);
#2452=ORIENTED_EDGE('',*,*,#1888,.T.);
#2453=ORIENTED_EDGE('',*,*,#1889,.T.);
#2454=ORIENTED_EDGE('',*,*,#1890,.T.);
#2455=ORIENTED_EDGE('',*,*,#1853,.F.);
#2456=ORIENTED_EDGE('',*,*,#1864,.T.);
#2457=ORIENTED_EDGE('',*,*,#1891,.T.);
#2458=ORIENTED_EDGE('',*,*,#1881,.F.);
#2459=ORIENTED_EDGE('',*,*,#1875,.T.);
#2460=ORIENTED_EDGE('',*,*,#1892,.T.);
#2461=ORIENTED_EDGE('',*,*,#1882,.F.);
#2462=ORIENTED_EDGE('',*,*,#1893,.T.);
#2463=ORIENTED_EDGE('',*,*,#1894,.T.);
#2464=ORIENTED_EDGE('',*,*,#1895,.T.);
#2465=ORIENTED_EDGE('',*,*,#1896,.T.);
#2466=ORIENTED_EDGE('',*,*,#1883,.F.);
#2467=ORIENTED_EDGE('',*,*,#1879,.T.);
#2468=ORIENTED_EDGE('',*,*,#1897,.T.);
#2469=ORIENTED_EDGE('',*,*,#1898,.T.);
#2470=ORIENTED_EDGE('',*,*,#1899,.T.);
#2471=ORIENTED_EDGE('',*,*,#1876,.T.);
#2472=ORIENTED_EDGE('',*,*,#1885,.F.);
#2473=ORIENTED_EDGE('',*,*,#1884,.F.);
#2474=ORIENTED_EDGE('',*,*,#1900,.T.);
#2475=ORIENTED_EDGE('',*,*,#1901,.T.);
#2476=ORIENTED_EDGE('',*,*,#1902,.T.);
#2477=ORIENTED_EDGE('',*,*,#1903,.T.);
#2478=ORIENTED_EDGE('',*,*,#1886,.F.);
#2479=ORIENTED_EDGE('',*,*,#1869,.T.);
#2480=ORIENTED_EDGE('',*,*,#1904,.T.);
#2481=ORIENTED_EDGE('',*,*,#1905,.T.);
#2482=ORIENTED_EDGE('',*,*,#1906,.T.);
#2483=ORIENTED_EDGE('',*,*,#1880,.T.);
#2484=ORIENTED_EDGE('',*,*,#1888,.F.);
#2485=ORIENTED_EDGE('',*,*,#1887,.F.);
#2486=ORIENTED_EDGE('',*,*,#1907,.T.);
#2487=ORIENTED_EDGE('',*,*,#1908,.T.);
#2488=ORIENTED_EDGE('',*,*,#1909,.T.);
#2489=ORIENTED_EDGE('',*,*,#1910,.T.);
#2490=ORIENTED_EDGE('',*,*,#1911,.T.);
#2491=ORIENTED_EDGE('',*,*,#1870,.T.);
#2492=ORIENTED_EDGE('',*,*,#1890,.F.);
#2493=ORIENTED_EDGE('',*,*,#1912,.T.);
#2494=ORIENTED_EDGE('',*,*,#1913,.T.);
#2495=ORIENTED_EDGE('',*,*,#1889,.F.);
#2496=ORIENTED_EDGE('',*,*,#1914,.T.);
#2497=ORIENTED_EDGE('',*,*,#1915,.T.);
#2498=ORIENTED_EDGE('',*,*,#1893,.F.);
#2499=ORIENTED_EDGE('',*,*,#1891,.F.);
#2500=ORIENTED_EDGE('',*,*,#1916,.T.);
#2501=ORIENTED_EDGE('',*,*,#1917,.T.);
#2502=ORIENTED_EDGE('',*,*,#1918,.T.);
#2503=ORIENTED_EDGE('',*,*,#1916,.F.);
#2504=ORIENTED_EDGE('',*,*,#1892,.F.);
#2505=ORIENTED_EDGE('',*,*,#1874,.T.);
#2506=ORIENTED_EDGE('',*,*,#1857,.F.);
#2507=ORIENTED_EDGE('',*,*,#1895,.F.);
#2508=ORIENTED_EDGE('',*,*,#1919,.T.);
#2509=ORIENTED_EDGE('',*,*,#1920,.T.);
#2510=ORIENTED_EDGE('',*,*,#1858,.F.);
#2511=ORIENTED_EDGE('',*,*,#1921,.F.);
#2512=ORIENTED_EDGE('',*,*,#1894,.F.);
#2513=ORIENTED_EDGE('',*,*,#1922,.F.);
#2514=ORIENTED_EDGE('',*,*,#1923,.T.);
#2515=ORIENTED_EDGE('',*,*,#1900,.F.);
#2516=ORIENTED_EDGE('',*,*,#1896,.F.);
#2517=ORIENTED_EDGE('',*,*,#1924,.T.);
#2518=ORIENTED_EDGE('',*,*,#1925,.T.);
#2519=ORIENTED_EDGE('',*,*,#1926,.T.);
#2520=ORIENTED_EDGE('',*,*,#1924,.F.);
#2521=ORIENTED_EDGE('',*,*,#1897,.F.);
#2522=ORIENTED_EDGE('',*,*,#1878,.T.);
#2523=ORIENTED_EDGE('',*,*,#1927,.T.);
#2524=ORIENTED_EDGE('',*,*,#1925,.F.);
#2525=ORIENTED_EDGE('',*,*,#1877,.T.);
#2526=ORIENTED_EDGE('',*,*,#1899,.F.);
#2527=ORIENTED_EDGE('',*,*,#1928,.T.);
#2528=ORIENTED_EDGE('',*,*,#1898,.F.);
#2529=ORIENTED_EDGE('',*,*,#1902,.F.);
#2530=ORIENTED_EDGE('',*,*,#1929,.T.);
#2531=ORIENTED_EDGE('',*,*,#1928,.F.);
#2532=ORIENTED_EDGE('',*,*,#1930,.F.);
#2533=ORIENTED_EDGE('',*,*,#1901,.F.);
#2534=ORIENTED_EDGE('',*,*,#1931,.F.);
#2535=ORIENTED_EDGE('',*,*,#1932,.T.);
#2536=ORIENTED_EDGE('',*,*,#1907,.F.);
#2537=ORIENTED_EDGE('',*,*,#1903,.F.);
#2538=ORIENTED_EDGE('',*,*,#1933,.T.);
#2539=ORIENTED_EDGE('',*,*,#1934,.T.);
#2540=ORIENTED_EDGE('',*,*,#1935,.T.);
#2541=ORIENTED_EDGE('',*,*,#1933,.F.);
#2542=ORIENTED_EDGE('',*,*,#1904,.F.);
#2543=ORIENTED_EDGE('',*,*,#1868,.T.);
#2544=ORIENTED_EDGE('',*,*,#1936,.T.);
#2545=ORIENTED_EDGE('',*,*,#1934,.F.);
#2546=ORIENTED_EDGE('',*,*,#1867,.T.);
#2547=ORIENTED_EDGE('',*,*,#1906,.F.);
#2548=ORIENTED_EDGE('',*,*,#1937,.T.);
#2549=ORIENTED_EDGE('',*,*,#1905,.F.);
#2550=ORIENTED_EDGE('',*,*,#1909,.F.);
#2551=ORIENTED_EDGE('',*,*,#1938,.T.);
#2552=ORIENTED_EDGE('',*,*,#1937,.F.);
#2553=ORIENTED_EDGE('',*,*,#1939,.F.);
#2554=ORIENTED_EDGE('',*,*,#1940,.F.);
#2555=ORIENTED_EDGE('',*,*,#1908,.F.);
#2556=ORIENTED_EDGE('',*,*,#1871,.T.);
#2557=ORIENTED_EDGE('',*,*,#1911,.F.);
#2558=ORIENTED_EDGE('',*,*,#1941,.T.);
#2559=ORIENTED_EDGE('',*,*,#1942,.T.);
#2560=ORIENTED_EDGE('',*,*,#1943,.T.);
#2561=ORIENTED_EDGE('',*,*,#1944,.T.);
#2562=ORIENTED_EDGE('',*,*,#1941,.F.);
#2563=ORIENTED_EDGE('',*,*,#1910,.F.);
#2564=ORIENTED_EDGE('',*,*,#1913,.F.);
#2565=ORIENTED_EDGE('',*,*,#1945,.F.);
#2566=ORIENTED_EDGE('',*,*,#1912,.F.);
#2567=ORIENTED_EDGE('',*,*,#1946,.F.);
#2568=ORIENTED_EDGE('',*,*,#1862,.F.);
#2569=ORIENTED_EDGE('',*,*,#1947,.T.);
#2570=ORIENTED_EDGE('',*,*,#1948,.T.);
#2571=ORIENTED_EDGE('',*,*,#1914,.F.);
#2572=ORIENTED_EDGE('',*,*,#1863,.F.);
#2573=ORIENTED_EDGE('',*,*,#1949,.T.);
#2574=ORIENTED_EDGE('',*,*,#1922,.T.);
#2575=ORIENTED_EDGE('',*,*,#1915,.F.);
#2576=ORIENTED_EDGE('',*,*,#1918,.F.);
#2577=ORIENTED_EDGE('',*,*,#1950,.T.);
#2578=ORIENTED_EDGE('',*,*,#1917,.F.);
#2579=ORIENTED_EDGE('',*,*,#1873,.T.);
#2580=ORIENTED_EDGE('',*,*,#1859,.F.);
#2581=ORIENTED_EDGE('',*,*,#1920,.F.);
#2582=ORIENTED_EDGE('',*,*,#1919,.F.);
#2583=ORIENTED_EDGE('',*,*,#1921,.T.);
#2584=ORIENTED_EDGE('',*,*,#1949,.F.);
#2585=ORIENTED_EDGE('',*,*,#1950,.F.);
#2586=ORIENTED_EDGE('',*,*,#1951,.T.);
#2587=ORIENTED_EDGE('',*,*,#1931,.T.);
#2588=ORIENTED_EDGE('',*,*,#1923,.F.);
#2589=ORIENTED_EDGE('',*,*,#1926,.F.);
#2590=ORIENTED_EDGE('',*,*,#1929,.F.);
#2591=ORIENTED_EDGE('',*,*,#1930,.T.);
#2592=ORIENTED_EDGE('',*,*,#1951,.F.);
#2593=ORIENTED_EDGE('',*,*,#1927,.F.);
#2594=ORIENTED_EDGE('',*,*,#1952,.T.);
#2595=ORIENTED_EDGE('',*,*,#1939,.T.);
#2596=ORIENTED_EDGE('',*,*,#1932,.F.);
#2597=ORIENTED_EDGE('',*,*,#1935,.F.);
#2598=ORIENTED_EDGE('',*,*,#1938,.F.);
#2599=ORIENTED_EDGE('',*,*,#1940,.T.);
#2600=ORIENTED_EDGE('',*,*,#1952,.F.);
#2601=ORIENTED_EDGE('',*,*,#1936,.F.);
#2602=ORIENTED_EDGE('',*,*,#1943,.F.);
#2603=ORIENTED_EDGE('',*,*,#1953,.T.);
#2604=ORIENTED_EDGE('',*,*,#1947,.F.);
#2605=ORIENTED_EDGE('',*,*,#1866,.F.);
#2606=ORIENTED_EDGE('',*,*,#1872,.T.);
#2607=ORIENTED_EDGE('',*,*,#1954,.T.);
#2608=ORIENTED_EDGE('',*,*,#1942,.F.);
#2609=ORIENTED_EDGE('',*,*,#1944,.F.);
#2610=ORIENTED_EDGE('',*,*,#1945,.T.);
#2611=ORIENTED_EDGE('',*,*,#1948,.F.);
#2612=ORIENTED_EDGE('',*,*,#1953,.F.);
#2613=ORIENTED_EDGE('',*,*,#1954,.F.);
#2614=ORIENTED_EDGE('',*,*,#1946,.T.);
#2615=ORIENTED_EDGE('',*,*,#1955,.F.);
#2616=ORIENTED_EDGE('',*,*,#1956,.T.);
#2617=ORIENTED_EDGE('',*,*,#1957,.T.);
#2618=ORIENTED_EDGE('',*,*,#1956,.F.);
#2619=ORIENTED_EDGE('',*,*,#1958,.F.);
#2620=ORIENTED_EDGE('',*,*,#1955,.T.);
#2621=ORIENTED_EDGE('',*,*,#1959,.T.);
#2622=ORIENTED_EDGE('',*,*,#1960,.T.);
#2623=ORIENTED_EDGE('',*,*,#1961,.T.);
#2624=ORIENTED_EDGE('',*,*,#1959,.F.);
#2625=ORIENTED_EDGE('',*,*,#1958,.T.);
#2626=ORIENTED_EDGE('',*,*,#1960,.F.);
#2627=ORIENTED_EDGE('',*,*,#1961,.F.);
#2628=ORIENTED_EDGE('',*,*,#1962,.T.);
#2629=ORIENTED_EDGE('',*,*,#1963,.T.);
#2630=ORIENTED_EDGE('',*,*,#1962,.F.);
#2631=ORIENTED_EDGE('',*,*,#1957,.F.);
#2632=ORIENTED_EDGE('',*,*,#1963,.F.);
#2633=ORIENTED_EDGE('',*,*,#1964,.T.);
#2634=ORIENTED_EDGE('',*,*,#1965,.T.);
#2635=ORIENTED_EDGE('',*,*,#1966,.T.);
#2636=ORIENTED_EDGE('',*,*,#1965,.F.);
#2637=ORIENTED_EDGE('',*,*,#1966,.F.);
#2638=ORIENTED_EDGE('',*,*,#1967,.T.);
#2639=ORIENTED_EDGE('',*,*,#1968,.T.);
#2640=ORIENTED_EDGE('',*,*,#1969,.F.);
#2641=ORIENTED_EDGE('',*,*,#1970,.T.);
#2642=ORIENTED_EDGE('',*,*,#1971,.T.);
#2643=ORIENTED_EDGE('',*,*,#1972,.T.);
#2644=ORIENTED_EDGE('',*,*,#1973,.T.);
#2645=ORIENTED_EDGE('',*,*,#1974,.T.);
#2646=ORIENTED_EDGE('',*,*,#1975,.T.);
#2647=ORIENTED_EDGE('',*,*,#1976,.T.);
#2648=ORIENTED_EDGE('',*,*,#1967,.F.);
#2649=ORIENTED_EDGE('',*,*,#1977,.T.);
#2650=ORIENTED_EDGE('',*,*,#1978,.T.);
#2651=ORIENTED_EDGE('',*,*,#1979,.T.);
#2652=ORIENTED_EDGE('',*,*,#1980,.F.);
#2653=ORIENTED_EDGE('',*,*,#1981,.F.);
#2654=ORIENTED_EDGE('',*,*,#1982,.T.);
#2655=ORIENTED_EDGE('',*,*,#1983,.T.);
#2656=ORIENTED_EDGE('',*,*,#1984,.F.);
#2657=ORIENTED_EDGE('',*,*,#1985,.T.);
#2658=ORIENTED_EDGE('',*,*,#1986,.T.);
#2659=ORIENTED_EDGE('',*,*,#1964,.F.);
#2660=ORIENTED_EDGE('',*,*,#1971,.F.);
#2661=ORIENTED_EDGE('',*,*,#1987,.T.);
#2662=ORIENTED_EDGE('',*,*,#1988,.T.);
#2663=ORIENTED_EDGE('',*,*,#1981,.T.);
#2664=ORIENTED_EDGE('',*,*,#1989,.F.);
#2665=ORIENTED_EDGE('',*,*,#1974,.F.);
#2666=ORIENTED_EDGE('',*,*,#1990,.F.);
#2667=ORIENTED_EDGE('',*,*,#1991,.F.);
#2668=ORIENTED_EDGE('',*,*,#1992,.F.);
#2669=ORIENTED_EDGE('',*,*,#1985,.F.);
#2670=ORIENTED_EDGE('',*,*,#1972,.F.);
#2671=ORIENTED_EDGE('',*,*,#1980,.T.);
#2672=ORIENTED_EDGE('',*,*,#1993,.F.);
#2673=ORIENTED_EDGE('',*,*,#1994,.F.);
#2674=ORIENTED_EDGE('',*,*,#1995,.T.);
#2675=ORIENTED_EDGE('',*,*,#1970,.F.);
#2676=ORIENTED_EDGE('',*,*,#1996,.F.);
#2677=ORIENTED_EDGE('',*,*,#1997,.F.);
#2678=ORIENTED_EDGE('',*,*,#1998,.F.);
#2679=ORIENTED_EDGE('',*,*,#1999,.T.);
#2680=ORIENTED_EDGE('',*,*,#1968,.F.);
#2681=ORIENTED_EDGE('',*,*,#1976,.F.);
#2682=ORIENTED_EDGE('',*,*,#2000,.F.);
#2683=ORIENTED_EDGE('',*,*,#2001,.F.);
#2684=ORIENTED_EDGE('',*,*,#2002,.F.);
#2685=ORIENTED_EDGE('',*,*,#2003,.T.);
#2686=ORIENTED_EDGE('',*,*,#2004,.T.);
#2687=ORIENTED_EDGE('',*,*,#1975,.F.);
#2688=ORIENTED_EDGE('',*,*,#2005,.T.);
#2689=ORIENTED_EDGE('',*,*,#1973,.F.);
#2690=ORIENTED_EDGE('',*,*,#1984,.T.);
#2691=ORIENTED_EDGE('',*,*,#2006,.T.);
#2692=ORIENTED_EDGE('',*,*,#2007,.T.);
#2693=ORIENTED_EDGE('',*,*,#2008,.T.);
#2694=ORIENTED_EDGE('',*,*,#1987,.F.);
#2695=ORIENTED_EDGE('',*,*,#1995,.F.);
#2696=ORIENTED_EDGE('',*,*,#2009,.T.);
#2697=ORIENTED_EDGE('',*,*,#1988,.F.);
#2698=ORIENTED_EDGE('',*,*,#2010,.T.);
#2699=ORIENTED_EDGE('',*,*,#2011,.T.);
#2700=ORIENTED_EDGE('',*,*,#2012,.T.);
#2701=ORIENTED_EDGE('',*,*,#2013,.T.);
#2702=ORIENTED_EDGE('',*,*,#1999,.F.);
#2703=ORIENTED_EDGE('',*,*,#2014,.T.);
#2704=ORIENTED_EDGE('',*,*,#2015,.T.);
#2705=ORIENTED_EDGE('',*,*,#2000,.T.);
#2706=ORIENTED_EDGE('',*,*,#2004,.F.);
#2707=ORIENTED_EDGE('',*,*,#2016,.T.);
#2708=ORIENTED_EDGE('',*,*,#2017,.T.);
#2709=ORIENTED_EDGE('',*,*,#2018,.T.);
#2710=ORIENTED_EDGE('',*,*,#2019,.T.);
#2711=ORIENTED_EDGE('',*,*,#2003,.F.);
#2712=ORIENTED_EDGE('',*,*,#2020,.T.);
#2713=ORIENTED_EDGE('',*,*,#2021,.T.);
#2714=ORIENTED_EDGE('',*,*,#2005,.F.);
#2715=ORIENTED_EDGE('',*,*,#1989,.T.);
#2716=ORIENTED_EDGE('',*,*,#2022,.T.);
#2717=ORIENTED_EDGE('',*,*,#2023,.T.);
#2718=ORIENTED_EDGE('',*,*,#2024,.T.);
#2719=ORIENTED_EDGE('',*,*,#1990,.T.);
#2720=ORIENTED_EDGE('',*,*,#2007,.F.);
#2721=ORIENTED_EDGE('',*,*,#2006,.F.);
#2722=ORIENTED_EDGE('',*,*,#2025,.T.);
#2723=ORIENTED_EDGE('',*,*,#2026,.T.);
#2724=ORIENTED_EDGE('',*,*,#2027,.T.);
#2725=ORIENTED_EDGE('',*,*,#2008,.F.);
#2726=ORIENTED_EDGE('',*,*,#2028,.T.);
#2727=ORIENTED_EDGE('',*,*,#2029,.T.);
#2728=ORIENTED_EDGE('',*,*,#2010,.F.);
#2729=ORIENTED_EDGE('',*,*,#2028,.F.);
#2730=ORIENTED_EDGE('',*,*,#2009,.F.);
#2731=ORIENTED_EDGE('',*,*,#1994,.T.);
#2732=ORIENTED_EDGE('',*,*,#2030,.T.);
#2733=ORIENTED_EDGE('',*,*,#2031,.T.);
#2734=ORIENTED_EDGE('',*,*,#1993,.T.);
#2735=ORIENTED_EDGE('',*,*,#1979,.F.);
#2736=ORIENTED_EDGE('',*,*,#2032,.T.);
#2737=ORIENTED_EDGE('',*,*,#2033,.T.);
#2738=ORIENTED_EDGE('',*,*,#2030,.F.);
#2739=ORIENTED_EDGE('',*,*,#2034,.T.);
#2740=ORIENTED_EDGE('',*,*,#2032,.F.);
#2741=ORIENTED_EDGE('',*,*,#1978,.F.);
#2742=ORIENTED_EDGE('',*,*,#1977,.F.);
#2743=ORIENTED_EDGE('',*,*,#2012,.F.);
#2744=ORIENTED_EDGE('',*,*,#2011,.F.);
#2745=ORIENTED_EDGE('',*,*,#2035,.F.);
#2746=ORIENTED_EDGE('',*,*,#2036,.F.);
#2747=ORIENTED_EDGE('',*,*,#1969,.T.);
#2748=ORIENTED_EDGE('',*,*,#2013,.F.);
#2749=ORIENTED_EDGE('',*,*,#2037,.T.);
#2750=ORIENTED_EDGE('',*,*,#2038,.T.);
#2751=ORIENTED_EDGE('',*,*,#2015,.F.);
#2752=ORIENTED_EDGE('',*,*,#2039,.F.);
#2753=ORIENTED_EDGE('',*,*,#2040,.T.);
#2754=ORIENTED_EDGE('',*,*,#2041,.T.);
#2755=ORIENTED_EDGE('',*,*,#2016,.F.);
#2756=ORIENTED_EDGE('',*,*,#2019,.F.);
#2757=ORIENTED_EDGE('',*,*,#2042,.T.);
#2758=ORIENTED_EDGE('',*,*,#2043,.T.);
#2759=ORIENTED_EDGE('',*,*,#2018,.F.);
#2760=ORIENTED_EDGE('',*,*,#2044,.F.);
#2761=ORIENTED_EDGE('',*,*,#2045,.F.);
#2762=ORIENTED_EDGE('',*,*,#2046,.T.);
#2763=ORIENTED_EDGE('',*,*,#2020,.F.);
#2764=ORIENTED_EDGE('',*,*,#2021,.F.);
#2765=ORIENTED_EDGE('',*,*,#2047,.T.);
#2766=ORIENTED_EDGE('',*,*,#2048,.T.);
#2767=ORIENTED_EDGE('',*,*,#2049,.T.);
#2768=ORIENTED_EDGE('',*,*,#2047,.F.);
#2769=ORIENTED_EDGE('',*,*,#2022,.F.);
#2770=ORIENTED_EDGE('',*,*,#2002,.T.);
#2771=ORIENTED_EDGE('',*,*,#1982,.F.);
#2772=ORIENTED_EDGE('',*,*,#2050,.T.);
#2773=ORIENTED_EDGE('',*,*,#2051,.T.);
#2774=ORIENTED_EDGE('',*,*,#2025,.F.);
#2775=ORIENTED_EDGE('',*,*,#1983,.F.);
#2776=ORIENTED_EDGE('',*,*,#2050,.F.);
#2777=ORIENTED_EDGE('',*,*,#1986,.F.);
#2778=ORIENTED_EDGE('',*,*,#1992,.T.);
#2779=ORIENTED_EDGE('',*,*,#2052,.T.);
#2780=ORIENTED_EDGE('',*,*,#2053,.T.);
#2781=ORIENTED_EDGE('',*,*,#1991,.T.);
#2782=ORIENTED_EDGE('',*,*,#2024,.F.);
#2783=ORIENTED_EDGE('',*,*,#2054,.T.);
#2784=ORIENTED_EDGE('',*,*,#2055,.T.);
#2785=ORIENTED_EDGE('',*,*,#2052,.F.);
#2786=ORIENTED_EDGE('',*,*,#2056,.T.);
#2787=ORIENTED_EDGE('',*,*,#2054,.F.);
#2788=ORIENTED_EDGE('',*,*,#2023,.F.);
#2789=ORIENTED_EDGE('',*,*,#2027,.F.);
#2790=ORIENTED_EDGE('',*,*,#2057,.F.);
#2791=ORIENTED_EDGE('',*,*,#2058,.F.);
#2792=ORIENTED_EDGE('',*,*,#2026,.F.);
#2793=ORIENTED_EDGE('',*,*,#2029,.F.);
#2794=ORIENTED_EDGE('',*,*,#2031,.F.);
#2795=ORIENTED_EDGE('',*,*,#2059,.T.);
#2796=ORIENTED_EDGE('',*,*,#2035,.T.);
#2797=ORIENTED_EDGE('',*,*,#2059,.F.);
#2798=ORIENTED_EDGE('',*,*,#2033,.F.);
#2799=ORIENTED_EDGE('',*,*,#2034,.F.);
#2800=ORIENTED_EDGE('',*,*,#2036,.T.);
#2801=ORIENTED_EDGE('',*,*,#2060,.T.);
#2802=ORIENTED_EDGE('',*,*,#2061,.T.);
#2803=ORIENTED_EDGE('',*,*,#1996,.T.);
#2804=ORIENTED_EDGE('',*,*,#2038,.F.);
#2805=ORIENTED_EDGE('',*,*,#2037,.F.);
#2806=ORIENTED_EDGE('',*,*,#2041,.F.);
#2807=ORIENTED_EDGE('',*,*,#2062,.T.);
#2808=ORIENTED_EDGE('',*,*,#2063,.T.);
#2809=ORIENTED_EDGE('',*,*,#2040,.F.);
#2810=ORIENTED_EDGE('',*,*,#2064,.T.);
#2811=ORIENTED_EDGE('',*,*,#2065,.T.);
#2812=ORIENTED_EDGE('',*,*,#2066,.T.);
#2813=ORIENTED_EDGE('',*,*,#2039,.T.);
#2814=ORIENTED_EDGE('',*,*,#2014,.F.);
#2815=ORIENTED_EDGE('',*,*,#1998,.T.);
#2816=ORIENTED_EDGE('',*,*,#2067,.T.);
#2817=ORIENTED_EDGE('',*,*,#2064,.F.);
#2818=ORIENTED_EDGE('',*,*,#2001,.T.);
#2819=ORIENTED_EDGE('',*,*,#2017,.F.);
#2820=ORIENTED_EDGE('',*,*,#2043,.F.);
#2821=ORIENTED_EDGE('',*,*,#2068,.T.);
#2822=ORIENTED_EDGE('',*,*,#2048,.F.);
#2823=ORIENTED_EDGE('',*,*,#2042,.F.);
#2824=ORIENTED_EDGE('',*,*,#2045,.T.);
#2825=ORIENTED_EDGE('',*,*,#2069,.T.);
#2826=ORIENTED_EDGE('',*,*,#2068,.F.);
#2827=ORIENTED_EDGE('',*,*,#2069,.F.);
#2828=ORIENTED_EDGE('',*,*,#2044,.T.);
#2829=ORIENTED_EDGE('',*,*,#2046,.F.);
#2830=ORIENTED_EDGE('',*,*,#2049,.F.);
#2831=ORIENTED_EDGE('',*,*,#2051,.F.);
#2832=ORIENTED_EDGE('',*,*,#2053,.F.);
#2833=ORIENTED_EDGE('',*,*,#2070,.T.);
#2834=ORIENTED_EDGE('',*,*,#2057,.T.);
#2835=ORIENTED_EDGE('',*,*,#2070,.F.);
#2836=ORIENTED_EDGE('',*,*,#2055,.F.);
#2837=ORIENTED_EDGE('',*,*,#2056,.F.);
#2838=ORIENTED_EDGE('',*,*,#2058,.T.);
#2839=ORIENTED_EDGE('',*,*,#1997,.T.);
#2840=ORIENTED_EDGE('',*,*,#2061,.F.);
#2841=ORIENTED_EDGE('',*,*,#2071,.T.);
#2842=ORIENTED_EDGE('',*,*,#2072,.T.);
#2843=ORIENTED_EDGE('',*,*,#2067,.F.);
#2844=ORIENTED_EDGE('',*,*,#2073,.T.);
#2845=ORIENTED_EDGE('',*,*,#2071,.F.);
#2846=ORIENTED_EDGE('',*,*,#2060,.F.);
#2847=ORIENTED_EDGE('',*,*,#2063,.F.);
#2848=ORIENTED_EDGE('',*,*,#2062,.F.);
#2849=ORIENTED_EDGE('',*,*,#2066,.F.);
#2850=ORIENTED_EDGE('',*,*,#2074,.F.);
#2851=ORIENTED_EDGE('',*,*,#2065,.F.);
#2852=ORIENTED_EDGE('',*,*,#2072,.F.);
#2853=ORIENTED_EDGE('',*,*,#2073,.F.);
#2854=ORIENTED_EDGE('',*,*,#2074,.T.);
#2855=ORIENTED_EDGE('',*,*,#2075,.F.);
#2856=ORIENTED_EDGE('',*,*,#2076,.T.);
#2857=ORIENTED_EDGE('',*,*,#2077,.F.);
#2858=ORIENTED_EDGE('',*,*,#2078,.T.);
#2859=ORIENTED_EDGE('',*,*,#2079,.F.);
#2860=ORIENTED_EDGE('',*,*,#2076,.F.);
#2861=ORIENTED_EDGE('',*,*,#2080,.F.);
#2862=ORIENTED_EDGE('',*,*,#2081,.F.);
#2863=ORIENTED_EDGE('',*,*,#2082,.T.);
#2864=ORIENTED_EDGE('',*,*,#2083,.T.);
#2865=ORIENTED_EDGE('',*,*,#2082,.F.);
#2866=ORIENTED_EDGE('',*,*,#2084,.F.);
#2867=ORIENTED_EDGE('',*,*,#2085,.F.);
#2868=ORIENTED_EDGE('',*,*,#2086,.T.);
#2869=ORIENTED_EDGE('',*,*,#2087,.F.);
#2870=ORIENTED_EDGE('',*,*,#2086,.F.);
#2871=ORIENTED_EDGE('',*,*,#2088,.F.);
#2872=ORIENTED_EDGE('',*,*,#2089,.T.);
#2873=ORIENTED_EDGE('',*,*,#2090,.T.);
#2874=ORIENTED_EDGE('',*,*,#2091,.T.);
#2875=ORIENTED_EDGE('',*,*,#2092,.T.);
#2876=ORIENTED_EDGE('',*,*,#2089,.F.);
#2877=ORIENTED_EDGE('',*,*,#2080,.T.);
#2878=ORIENTED_EDGE('',*,*,#2081,.T.);
#2879=ORIENTED_EDGE('',*,*,#2093,.T.);
#2880=ORIENTED_EDGE('',*,*,#2075,.T.);
#2881=ORIENTED_EDGE('',*,*,#2093,.F.);
#2882=ORIENTED_EDGE('',*,*,#2084,.T.);
#2883=ORIENTED_EDGE('',*,*,#2085,.T.);
#2884=ORIENTED_EDGE('',*,*,#2094,.T.);
#2885=ORIENTED_EDGE('',*,*,#2088,.T.);
#2886=ORIENTED_EDGE('',*,*,#2094,.F.);
#2887=ORIENTED_EDGE('',*,*,#2095,.F.);
#2888=ORIENTED_EDGE('',*,*,#2096,.T.);
#2889=ORIENTED_EDGE('',*,*,#2097,.F.);
#2890=ORIENTED_EDGE('',*,*,#2098,.T.);
#2891=ORIENTED_EDGE('',*,*,#2099,.T.);
#2892=ORIENTED_EDGE('',*,*,#2100,.T.);
#2893=ORIENTED_EDGE('',*,*,#2101,.F.);
#2894=ORIENTED_EDGE('',*,*,#2102,.T.);
#2895=ORIENTED_EDGE('',*,*,#2103,.T.);
#2896=ORIENTED_EDGE('',*,*,#2104,.F.);
#2897=ORIENTED_EDGE('',*,*,#2105,.T.);
#2898=ORIENTED_EDGE('',*,*,#2106,.F.);
#2899=ORIENTED_EDGE('',*,*,#2107,.T.);
#2900=ORIENTED_EDGE('',*,*,#2108,.T.);
#2901=ORIENTED_EDGE('',*,*,#2109,.T.);
#2902=ORIENTED_EDGE('',*,*,#2110,.T.);
#2903=ORIENTED_EDGE('',*,*,#2111,.T.);
#2904=ORIENTED_EDGE('',*,*,#2112,.T.);
#2905=ORIENTED_EDGE('',*,*,#2113,.T.);
#2906=ORIENTED_EDGE('',*,*,#2114,.F.);
#2907=ORIENTED_EDGE('',*,*,#2115,.T.);
#2908=ORIENTED_EDGE('',*,*,#2116,.F.);
#2909=ORIENTED_EDGE('',*,*,#2117,.T.);
#2910=ORIENTED_EDGE('',*,*,#2118,.T.);
#2911=ORIENTED_EDGE('',*,*,#2119,.T.);
#2912=ORIENTED_EDGE('',*,*,#2120,.T.);
#2913=ORIENTED_EDGE('',*,*,#2121,.T.);
#2914=ORIENTED_EDGE('',*,*,#2122,.T.);
#2915=ORIENTED_EDGE('',*,*,#2123,.F.);
#2916=ORIENTED_EDGE('',*,*,#2117,.F.);
#2917=ORIENTED_EDGE('',*,*,#2124,.F.);
#2918=ORIENTED_EDGE('',*,*,#2125,.F.);
#2919=ORIENTED_EDGE('',*,*,#2126,.F.);
#2920=ORIENTED_EDGE('',*,*,#2103,.F.);
#2921=ORIENTED_EDGE('',*,*,#2127,.F.);
#2922=ORIENTED_EDGE('',*,*,#2128,.F.);
#2923=ORIENTED_EDGE('',*,*,#2129,.F.);
#2924=ORIENTED_EDGE('',*,*,#2130,.F.);
#2925=ORIENTED_EDGE('',*,*,#2131,.F.);
#2926=ORIENTED_EDGE('',*,*,#2132,.F.);
#2927=ORIENTED_EDGE('',*,*,#2133,.T.);
#2928=ORIENTED_EDGE('',*,*,#2134,.F.);
#2929=ORIENTED_EDGE('',*,*,#2135,.T.);
#2930=ORIENTED_EDGE('',*,*,#2120,.F.);
#2931=ORIENTED_EDGE('',*,*,#2136,.F.);
#2932=ORIENTED_EDGE('',*,*,#2115,.F.);
#2933=ORIENTED_EDGE('',*,*,#2137,.F.);
#2934=ORIENTED_EDGE('',*,*,#2138,.F.);
#2935=ORIENTED_EDGE('',*,*,#2139,.F.);
#2936=ORIENTED_EDGE('',*,*,#2140,.F.);
#2937=ORIENTED_EDGE('',*,*,#2141,.F.);
#2938=ORIENTED_EDGE('',*,*,#2142,.F.);
#2939=ORIENTED_EDGE('',*,*,#2143,.F.);
#2940=ORIENTED_EDGE('',*,*,#2144,.F.);
#2941=ORIENTED_EDGE('',*,*,#2145,.F.);
#2942=ORIENTED_EDGE('',*,*,#2146,.F.);
#2943=ORIENTED_EDGE('',*,*,#2147,.F.);
#2944=ORIENTED_EDGE('',*,*,#2148,.F.);
#2945=ORIENTED_EDGE('',*,*,#2149,.T.);
#2946=ORIENTED_EDGE('',*,*,#2150,.F.);
#2947=ORIENTED_EDGE('',*,*,#2151,.T.);
#2948=ORIENTED_EDGE('',*,*,#2110,.F.);
#2949=ORIENTED_EDGE('',*,*,#2152,.F.);
#2950=ORIENTED_EDGE('',*,*,#2153,.F.);
#2951=ORIENTED_EDGE('',*,*,#2154,.F.);
#2952=ORIENTED_EDGE('',*,*,#2155,.F.);
#2953=ORIENTED_EDGE('',*,*,#2156,.F.);
#2954=ORIENTED_EDGE('',*,*,#2157,.F.);
#2955=ORIENTED_EDGE('',*,*,#2158,.F.);
#2956=ORIENTED_EDGE('',*,*,#2107,.F.);
#2957=ORIENTED_EDGE('',*,*,#2159,.F.);
#2958=ORIENTED_EDGE('',*,*,#2160,.F.);
#2959=ORIENTED_EDGE('',*,*,#2161,.F.);
#2960=ORIENTED_EDGE('',*,*,#2113,.F.);
#2961=ORIENTED_EDGE('',*,*,#2162,.F.);
#2962=ORIENTED_EDGE('',*,*,#2105,.F.);
#2963=ORIENTED_EDGE('',*,*,#2163,.F.);
#2964=ORIENTED_EDGE('',*,*,#2164,.F.);
#2965=ORIENTED_EDGE('',*,*,#2165,.F.);
#2966=ORIENTED_EDGE('',*,*,#2166,.F.);
#2967=ORIENTED_EDGE('',*,*,#2167,.F.);
#2968=ORIENTED_EDGE('',*,*,#2168,.F.);
#2969=ORIENTED_EDGE('',*,*,#2132,.T.);
#2970=ORIENTED_EDGE('',*,*,#2169,.F.);
#2971=ORIENTED_EDGE('',*,*,#2123,.T.);
#2972=ORIENTED_EDGE('',*,*,#2168,.T.);
#2973=ORIENTED_EDGE('',*,*,#2170,.F.);
#2974=ORIENTED_EDGE('',*,*,#2118,.F.);
#2975=ORIENTED_EDGE('',*,*,#2116,.T.);
#2976=ORIENTED_EDGE('',*,*,#2136,.T.);
#2977=ORIENTED_EDGE('',*,*,#2171,.T.);
#2978=ORIENTED_EDGE('',*,*,#2124,.T.);
#2979=ORIENTED_EDGE('',*,*,#2125,.T.);
#2980=ORIENTED_EDGE('',*,*,#2172,.T.);
#2981=ORIENTED_EDGE('',*,*,#2173,.T.);
#2982=ORIENTED_EDGE('',*,*,#2174,.T.);
#2983=ORIENTED_EDGE('',*,*,#2175,.T.);
#2984=ORIENTED_EDGE('',*,*,#2163,.T.);
#2985=ORIENTED_EDGE('',*,*,#2104,.T.);
#2986=ORIENTED_EDGE('',*,*,#2126,.T.);
#2987=ORIENTED_EDGE('',*,*,#2176,.F.);
#2988=ORIENTED_EDGE('',*,*,#2177,.F.);
#2989=ORIENTED_EDGE('',*,*,#2127,.T.);
#2990=ORIENTED_EDGE('',*,*,#2122,.F.);
#2991=ORIENTED_EDGE('',*,*,#2178,.F.);
#2992=ORIENTED_EDGE('',*,*,#2179,.F.);
#2993=ORIENTED_EDGE('',*,*,#2128,.T.);
#2994=ORIENTED_EDGE('',*,*,#2177,.T.);
#2995=ORIENTED_EDGE('',*,*,#2180,.F.);
#2996=ORIENTED_EDGE('',*,*,#2181,.F.);
#2997=ORIENTED_EDGE('',*,*,#2129,.T.);
#2998=ORIENTED_EDGE('',*,*,#2179,.T.);
#2999=ORIENTED_EDGE('',*,*,#2078,.F.);
#3000=ORIENTED_EDGE('',*,*,#2182,.F.);
#3001=ORIENTED_EDGE('',*,*,#2130,.T.);
#3002=ORIENTED_EDGE('',*,*,#2181,.T.);
#3003=ORIENTED_EDGE('',*,*,#2183,.F.);
#3004=ORIENTED_EDGE('',*,*,#2169,.T.);
#3005=ORIENTED_EDGE('',*,*,#2131,.T.);
#3006=ORIENTED_EDGE('',*,*,#2182,.T.);
#3007=ORIENTED_EDGE('',*,*,#2184,.F.);
#3008=ORIENTED_EDGE('',*,*,#2185,.F.);
#3009=ORIENTED_EDGE('',*,*,#2134,.T.);
#3010=ORIENTED_EDGE('',*,*,#2186,.F.);
#3011=ORIENTED_EDGE('',*,*,#2187,.F.);
#3012=ORIENTED_EDGE('',*,*,#2188,.T.);
#3013=ORIENTED_EDGE('',*,*,#2083,.F.);
#3014=ORIENTED_EDGE('',*,*,#2171,.F.);
#3015=ORIENTED_EDGE('',*,*,#2140,.T.);
#3016=ORIENTED_EDGE('',*,*,#2189,.T.);
#3017=ORIENTED_EDGE('',*,*,#2172,.F.);
#3018=ORIENTED_EDGE('',*,*,#2190,.T.);
#3019=ORIENTED_EDGE('',*,*,#2137,.T.);
#3020=ORIENTED_EDGE('',*,*,#2114,.T.);
#3021=ORIENTED_EDGE('',*,*,#2161,.T.);
#3022=ORIENTED_EDGE('',*,*,#2191,.T.);
#3023=ORIENTED_EDGE('',*,*,#2138,.T.);
#3024=ORIENTED_EDGE('',*,*,#2190,.F.);
#3025=ORIENTED_EDGE('',*,*,#2192,.T.);
#3026=ORIENTED_EDGE('',*,*,#2189,.F.);
#3027=ORIENTED_EDGE('',*,*,#2139,.T.);
#3028=ORIENTED_EDGE('',*,*,#2191,.F.);
#3029=ORIENTED_EDGE('',*,*,#2193,.T.);
#3030=ORIENTED_EDGE('',*,*,#2194,.T.);
#3031=ORIENTED_EDGE('',*,*,#2195,.F.);
#3032=ORIENTED_EDGE('',*,*,#2148,.T.);
#3033=ORIENTED_EDGE('',*,*,#2196,.F.);
#3034=ORIENTED_EDGE('',*,*,#2141,.T.);
#3035=ORIENTED_EDGE('',*,*,#2195,.T.);
#3036=ORIENTED_EDGE('',*,*,#2197,.F.);
#3037=ORIENTED_EDGE('',*,*,#2198,.F.);
#3038=ORIENTED_EDGE('',*,*,#2142,.T.);
#3039=ORIENTED_EDGE('',*,*,#2198,.T.);
#3040=ORIENTED_EDGE('',*,*,#2199,.T.);
#3041=ORIENTED_EDGE('',*,*,#2200,.F.);
#3042=ORIENTED_EDGE('',*,*,#2143,.T.);
#3043=ORIENTED_EDGE('',*,*,#2200,.T.);
#3044=ORIENTED_EDGE('',*,*,#2201,.F.);
#3045=ORIENTED_EDGE('',*,*,#2202,.F.);
#3046=ORIENTED_EDGE('',*,*,#2144,.T.);
#3047=ORIENTED_EDGE('',*,*,#2202,.T.);
#3048=ORIENTED_EDGE('',*,*,#2203,.T.);
#3049=ORIENTED_EDGE('',*,*,#2204,.F.);
#3050=ORIENTED_EDGE('',*,*,#2145,.T.);
#3051=ORIENTED_EDGE('',*,*,#2204,.T.);
#3052=ORIENTED_EDGE('',*,*,#2205,.F.);
#3053=ORIENTED_EDGE('',*,*,#2206,.F.);
#3054=ORIENTED_EDGE('',*,*,#2207,.T.);
#3055=ORIENTED_EDGE('',*,*,#2208,.F.);
#3056=ORIENTED_EDGE('',*,*,#2146,.T.);
#3057=ORIENTED_EDGE('',*,*,#2206,.T.);
#3058=ORIENTED_EDGE('',*,*,#2209,.F.);
#3059=ORIENTED_EDGE('',*,*,#2196,.T.);
#3060=ORIENTED_EDGE('',*,*,#2147,.T.);
#3061=ORIENTED_EDGE('',*,*,#2208,.T.);
#3062=ORIENTED_EDGE('',*,*,#2210,.T.);
#3063=ORIENTED_EDGE('',*,*,#2211,.F.);
#3064=ORIENTED_EDGE('',*,*,#2212,.T.);
#3065=ORIENTED_EDGE('',*,*,#2213,.F.);
#3066=ORIENTED_EDGE('',*,*,#2214,.T.);
#3067=ORIENTED_EDGE('',*,*,#2150,.T.);
#3068=ORIENTED_EDGE('',*,*,#2087,.T.);
#3069=ORIENTED_EDGE('',*,*,#2152,.T.);
#3070=ORIENTED_EDGE('',*,*,#2112,.F.);
#3071=ORIENTED_EDGE('',*,*,#2215,.F.);
#3072=ORIENTED_EDGE('',*,*,#2216,.F.);
#3073=ORIENTED_EDGE('',*,*,#2153,.T.);
#3074=ORIENTED_EDGE('',*,*,#2216,.T.);
#3075=ORIENTED_EDGE('',*,*,#2217,.F.);
#3076=ORIENTED_EDGE('',*,*,#2218,.F.);
#3077=ORIENTED_EDGE('',*,*,#2154,.T.);
#3078=ORIENTED_EDGE('',*,*,#2218,.T.);
#3079=ORIENTED_EDGE('',*,*,#2219,.F.);
#3080=ORIENTED_EDGE('',*,*,#2220,.F.);
#3081=ORIENTED_EDGE('',*,*,#2155,.T.);
#3082=ORIENTED_EDGE('',*,*,#2220,.T.);
#3083=ORIENTED_EDGE('',*,*,#2091,.F.);
#3084=ORIENTED_EDGE('',*,*,#2221,.F.);
#3085=ORIENTED_EDGE('',*,*,#2156,.T.);
#3086=ORIENTED_EDGE('',*,*,#2221,.T.);
#3087=ORIENTED_EDGE('',*,*,#2222,.F.);
#3088=ORIENTED_EDGE('',*,*,#2223,.F.);
#3089=ORIENTED_EDGE('',*,*,#2157,.T.);
#3090=ORIENTED_EDGE('',*,*,#2223,.T.);
#3091=ORIENTED_EDGE('',*,*,#2224,.F.);
#3092=ORIENTED_EDGE('',*,*,#2225,.F.);
#3093=ORIENTED_EDGE('',*,*,#2158,.T.);
#3094=ORIENTED_EDGE('',*,*,#2225,.T.);
#3095=ORIENTED_EDGE('',*,*,#2226,.F.);
#3096=ORIENTED_EDGE('',*,*,#2108,.F.);
#3097=ORIENTED_EDGE('',*,*,#2106,.T.);
#3098=ORIENTED_EDGE('',*,*,#2162,.T.);
#3099=ORIENTED_EDGE('',*,*,#2227,.T.);
#3100=ORIENTED_EDGE('',*,*,#2159,.T.);
#3101=ORIENTED_EDGE('',*,*,#2228,.T.);
#3102=ORIENTED_EDGE('',*,*,#2192,.F.);
#3103=ORIENTED_EDGE('',*,*,#2160,.T.);
#3104=ORIENTED_EDGE('',*,*,#2229,.T.);
#3105=ORIENTED_EDGE('',*,*,#2227,.F.);
#3106=ORIENTED_EDGE('',*,*,#2166,.T.);
#3107=ORIENTED_EDGE('',*,*,#2230,.T.);
#3108=ORIENTED_EDGE('',*,*,#2229,.F.);
#3109=ORIENTED_EDGE('',*,*,#2231,.T.);
#3110=ORIENTED_EDGE('',*,*,#2164,.T.);
#3111=ORIENTED_EDGE('',*,*,#2175,.F.);
#3112=ORIENTED_EDGE('',*,*,#2174,.F.);
#3113=ORIENTED_EDGE('',*,*,#2230,.F.);
#3114=ORIENTED_EDGE('',*,*,#2165,.T.);
#3115=ORIENTED_EDGE('',*,*,#2231,.F.);
#3116=ORIENTED_EDGE('',*,*,#2232,.T.);
#3117=ORIENTED_EDGE('',*,*,#2167,.T.);
#3118=ORIENTED_EDGE('',*,*,#2233,.T.);
#3119=ORIENTED_EDGE('',*,*,#2234,.F.);
#3120=ORIENTED_EDGE('',*,*,#2235,.T.);
#3121=ORIENTED_EDGE('',*,*,#2170,.T.);
#3122=ORIENTED_EDGE('',*,*,#2235,.F.);
#3123=ORIENTED_EDGE('',*,*,#2236,.F.);
#3124=ORIENTED_EDGE('',*,*,#2186,.T.);
#3125=ORIENTED_EDGE('',*,*,#2133,.F.);
#3126=ORIENTED_EDGE('',*,*,#2119,.F.);
#3127=ORIENTED_EDGE('',*,*,#2173,.F.);
#3128=ORIENTED_EDGE('',*,*,#2193,.F.);
#3129=ORIENTED_EDGE('',*,*,#2228,.F.);
#3130=ORIENTED_EDGE('',*,*,#2232,.F.);
#3131=ORIENTED_EDGE('',*,*,#2237,.F.);
#3132=ORIENTED_EDGE('',*,*,#2176,.T.);
#3133=ORIENTED_EDGE('',*,*,#2121,.F.);
#3134=ORIENTED_EDGE('',*,*,#2135,.F.);
#3135=ORIENTED_EDGE('',*,*,#2185,.T.);
#3136=ORIENTED_EDGE('',*,*,#2238,.F.);
#3137=ORIENTED_EDGE('',*,*,#2239,.F.);
#3138=ORIENTED_EDGE('',*,*,#2240,.T.);
#3139=ORIENTED_EDGE('',*,*,#2178,.T.);
#3140=ORIENTED_EDGE('',*,*,#2237,.T.);
#3141=ORIENTED_EDGE('',*,*,#2241,.T.);
#3142=ORIENTED_EDGE('',*,*,#2242,.T.);
#3143=ORIENTED_EDGE('',*,*,#2233,.F.);
#3144=ORIENTED_EDGE('',*,*,#2183,.T.);
#3145=ORIENTED_EDGE('',*,*,#2077,.T.);
#3146=ORIENTED_EDGE('',*,*,#2079,.T.);
#3147=ORIENTED_EDGE('',*,*,#2180,.T.);
#3148=ORIENTED_EDGE('',*,*,#2240,.F.);
#3149=ORIENTED_EDGE('',*,*,#2243,.T.);
#3150=ORIENTED_EDGE('',*,*,#2197,.T.);
#3151=ORIENTED_EDGE('',*,*,#2244,.F.);
#3152=ORIENTED_EDGE('',*,*,#2245,.F.);
#3153=ORIENTED_EDGE('',*,*,#2246,.F.);
#3154=ORIENTED_EDGE('',*,*,#2201,.T.);
#3155=ORIENTED_EDGE('',*,*,#2247,.F.);
#3156=ORIENTED_EDGE('',*,*,#2248,.F.);
#3157=ORIENTED_EDGE('',*,*,#2249,.F.);
#3158=ORIENTED_EDGE('',*,*,#2205,.T.);
#3159=ORIENTED_EDGE('',*,*,#2250,.F.);
#3160=ORIENTED_EDGE('',*,*,#2251,.F.);
#3161=ORIENTED_EDGE('',*,*,#2252,.F.);
#3162=ORIENTED_EDGE('',*,*,#2209,.T.);
#3163=ORIENTED_EDGE('',*,*,#2253,.F.);
#3164=ORIENTED_EDGE('',*,*,#2254,.F.);
#3165=ORIENTED_EDGE('',*,*,#2255,.F.);
#3166=ORIENTED_EDGE('',*,*,#2226,.T.);
#3167=ORIENTED_EDGE('',*,*,#2256,.F.);
#3168=ORIENTED_EDGE('',*,*,#2257,.F.);
#3169=ORIENTED_EDGE('',*,*,#2210,.F.);
#3170=ORIENTED_EDGE('',*,*,#2149,.F.);
#3171=ORIENTED_EDGE('',*,*,#2109,.F.);
#3172=ORIENTED_EDGE('',*,*,#2111,.F.);
#3173=ORIENTED_EDGE('',*,*,#2151,.F.);
#3174=ORIENTED_EDGE('',*,*,#2214,.F.);
#3175=ORIENTED_EDGE('',*,*,#2258,.F.);
#3176=ORIENTED_EDGE('',*,*,#2259,.F.);
#3177=ORIENTED_EDGE('',*,*,#2215,.T.);
#3178=ORIENTED_EDGE('',*,*,#2217,.T.);
#3179=ORIENTED_EDGE('',*,*,#2259,.T.);
#3180=ORIENTED_EDGE('',*,*,#2260,.F.);
#3181=ORIENTED_EDGE('',*,*,#2261,.T.);
#3182=ORIENTED_EDGE('',*,*,#2222,.T.);
#3183=ORIENTED_EDGE('',*,*,#2090,.F.);
#3184=ORIENTED_EDGE('',*,*,#2092,.F.);
#3185=ORIENTED_EDGE('',*,*,#2219,.T.);
#3186=ORIENTED_EDGE('',*,*,#2261,.F.);
#3187=ORIENTED_EDGE('',*,*,#2262,.F.);
#3188=ORIENTED_EDGE('',*,*,#2263,.F.);
#3189=ORIENTED_EDGE('',*,*,#2264,.F.);
#3190=ORIENTED_EDGE('',*,*,#2265,.F.);
#3191=ORIENTED_EDGE('',*,*,#2224,.T.);
#3192=ORIENTED_EDGE('',*,*,#2265,.T.);
#3193=ORIENTED_EDGE('',*,*,#2266,.T.);
#3194=ORIENTED_EDGE('',*,*,#2256,.T.);
#3195=ORIENTED_EDGE('',*,*,#2267,.T.);
#3196=ORIENTED_EDGE('',*,*,#2187,.T.);
#3197=ORIENTED_EDGE('',*,*,#2236,.T.);
#3198=ORIENTED_EDGE('',*,*,#2268,.T.);
#3199=ORIENTED_EDGE('',*,*,#2238,.T.);
#3200=ORIENTED_EDGE('',*,*,#2184,.T.);
#3201=ORIENTED_EDGE('',*,*,#2269,.T.);
#3202=ORIENTED_EDGE('',*,*,#2270,.T.);
#3203=ORIENTED_EDGE('',*,*,#2234,.T.);
#3204=ORIENTED_EDGE('',*,*,#2242,.F.);
#3205=ORIENTED_EDGE('',*,*,#2271,.T.);
#3206=ORIENTED_EDGE('',*,*,#2268,.F.);
#3207=ORIENTED_EDGE('',*,*,#2271,.F.);
#3208=ORIENTED_EDGE('',*,*,#2241,.F.);
#3209=ORIENTED_EDGE('',*,*,#2272,.T.);
#3210=ORIENTED_EDGE('',*,*,#2273,.T.);
#3211=ORIENTED_EDGE('',*,*,#2272,.F.);
#3212=ORIENTED_EDGE('',*,*,#2243,.F.);
#3213=ORIENTED_EDGE('',*,*,#2239,.T.);
#3214=ORIENTED_EDGE('',*,*,#2270,.F.);
#3215=ORIENTED_EDGE('',*,*,#2199,.F.);
#3216=ORIENTED_EDGE('',*,*,#2246,.T.);
#3217=ORIENTED_EDGE('',*,*,#2274,.F.);
#3218=ORIENTED_EDGE('',*,*,#2247,.T.);
#3219=ORIENTED_EDGE('',*,*,#2194,.F.);
#3220=ORIENTED_EDGE('',*,*,#2255,.T.);
#3221=ORIENTED_EDGE('',*,*,#2275,.F.);
#3222=ORIENTED_EDGE('',*,*,#2244,.T.);
#3223=ORIENTED_EDGE('',*,*,#2254,.T.);
#3224=ORIENTED_EDGE('',*,*,#2276,.T.);
#3225=ORIENTED_EDGE('',*,*,#2251,.T.);
#3226=ORIENTED_EDGE('',*,*,#2277,.T.);
#3227=ORIENTED_EDGE('',*,*,#2248,.T.);
#3228=ORIENTED_EDGE('',*,*,#2274,.T.);
#3229=ORIENTED_EDGE('',*,*,#2245,.T.);
#3230=ORIENTED_EDGE('',*,*,#2275,.T.);
#3231=ORIENTED_EDGE('',*,*,#2278,.T.);
#3232=ORIENTED_EDGE('',*,*,#2097,.T.);
#3233=ORIENTED_EDGE('',*,*,#2279,.T.);
#3234=ORIENTED_EDGE('',*,*,#2280,.T.);
#3235=ORIENTED_EDGE('',*,*,#2281,.T.);
#3236=ORIENTED_EDGE('',*,*,#2282,.T.);
#3237=ORIENTED_EDGE('',*,*,#2283,.T.);
#3238=ORIENTED_EDGE('',*,*,#2284,.T.);
#3239=ORIENTED_EDGE('',*,*,#2285,.T.);
#3240=ORIENTED_EDGE('',*,*,#2286,.T.);
#3241=ORIENTED_EDGE('',*,*,#2287,.T.);
#3242=ORIENTED_EDGE('',*,*,#2101,.T.);
#3243=ORIENTED_EDGE('',*,*,#2288,.T.);
#3244=ORIENTED_EDGE('',*,*,#2289,.T.);
#3245=ORIENTED_EDGE('',*,*,#2290,.T.);
#3246=ORIENTED_EDGE('',*,*,#2291,.T.);
#3247=ORIENTED_EDGE('',*,*,#2203,.F.);
#3248=ORIENTED_EDGE('',*,*,#2249,.T.);
#3249=ORIENTED_EDGE('',*,*,#2277,.F.);
#3250=ORIENTED_EDGE('',*,*,#2250,.T.);
#3251=ORIENTED_EDGE('',*,*,#2207,.F.);
#3252=ORIENTED_EDGE('',*,*,#2252,.T.);
#3253=ORIENTED_EDGE('',*,*,#2276,.F.);
#3254=ORIENTED_EDGE('',*,*,#2253,.T.);
#3255=ORIENTED_EDGE('',*,*,#2292,.T.);
#3256=ORIENTED_EDGE('',*,*,#2211,.T.);
#3257=ORIENTED_EDGE('',*,*,#2257,.T.);
#3258=ORIENTED_EDGE('',*,*,#2293,.T.);
#3259=ORIENTED_EDGE('',*,*,#2258,.T.);
#3260=ORIENTED_EDGE('',*,*,#2213,.T.);
#3261=ORIENTED_EDGE('',*,*,#2294,.T.);
#3262=ORIENTED_EDGE('',*,*,#2295,.T.);
#3263=ORIENTED_EDGE('',*,*,#2260,.T.);
#3264=ORIENTED_EDGE('',*,*,#2295,.F.);
#3265=ORIENTED_EDGE('',*,*,#2296,.T.);
#3266=ORIENTED_EDGE('',*,*,#2262,.T.);
#3267=ORIENTED_EDGE('',*,*,#2296,.F.);
#3268=ORIENTED_EDGE('',*,*,#2297,.T.);
#3269=ORIENTED_EDGE('',*,*,#2298,.T.);
#3270=ORIENTED_EDGE('',*,*,#2263,.T.);
#3271=ORIENTED_EDGE('',*,*,#2298,.F.);
#3272=ORIENTED_EDGE('',*,*,#2293,.F.);
#3273=ORIENTED_EDGE('',*,*,#2266,.F.);
#3274=ORIENTED_EDGE('',*,*,#2264,.T.);
#3275=ORIENTED_EDGE('',*,*,#2273,.F.);
#3276=ORIENTED_EDGE('',*,*,#2269,.F.);
#3277=ORIENTED_EDGE('',*,*,#2188,.F.);
#3278=ORIENTED_EDGE('',*,*,#2267,.F.);
#3279=ORIENTED_EDGE('',*,*,#2299,.F.);
#3280=ORIENTED_EDGE('',*,*,#2300,.F.);
#3281=ORIENTED_EDGE('',*,*,#2098,.F.);
#3282=ORIENTED_EDGE('',*,*,#2278,.F.);
#3283=ORIENTED_EDGE('',*,*,#2301,.F.);
#3284=ORIENTED_EDGE('',*,*,#2299,.T.);
#3285=ORIENTED_EDGE('',*,*,#2284,.F.);
#3286=ORIENTED_EDGE('',*,*,#2302,.T.);
#3287=ORIENTED_EDGE('',*,*,#2303,.F.);
#3288=ORIENTED_EDGE('',*,*,#2304,.F.);
#3289=ORIENTED_EDGE('',*,*,#2302,.F.);
#3290=ORIENTED_EDGE('',*,*,#2283,.F.);
#3291=ORIENTED_EDGE('',*,*,#2305,.F.);
#3292=ORIENTED_EDGE('',*,*,#2303,.T.);
#3293=ORIENTED_EDGE('',*,*,#2282,.F.);
#3294=ORIENTED_EDGE('',*,*,#2306,.T.);
#3295=ORIENTED_EDGE('',*,*,#2307,.F.);
#3296=ORIENTED_EDGE('',*,*,#2308,.F.);
#3297=ORIENTED_EDGE('',*,*,#2306,.F.);
#3298=ORIENTED_EDGE('',*,*,#2281,.F.);
#3299=ORIENTED_EDGE('',*,*,#2309,.F.);
#3300=ORIENTED_EDGE('',*,*,#2307,.T.);
#3301=ORIENTED_EDGE('',*,*,#2280,.F.);
#3302=ORIENTED_EDGE('',*,*,#2310,.T.);
#3303=ORIENTED_EDGE('',*,*,#2096,.F.);
#3304=ORIENTED_EDGE('',*,*,#2311,.F.);
#3305=ORIENTED_EDGE('',*,*,#2310,.F.);
#3306=ORIENTED_EDGE('',*,*,#2279,.F.);
#3307=ORIENTED_EDGE('',*,*,#2312,.T.);
#3308=ORIENTED_EDGE('',*,*,#2313,.T.);
#3309=ORIENTED_EDGE('',*,*,#2286,.F.);
#3310=ORIENTED_EDGE('',*,*,#2314,.T.);
#3311=ORIENTED_EDGE('',*,*,#2315,.F.);
#3312=ORIENTED_EDGE('',*,*,#2316,.T.);
#3313=ORIENTED_EDGE('',*,*,#2314,.F.);
#3314=ORIENTED_EDGE('',*,*,#2285,.F.);
#3315=ORIENTED_EDGE('',*,*,#2317,.T.);
#3316=ORIENTED_EDGE('',*,*,#2315,.T.);
#3317=ORIENTED_EDGE('',*,*,#2291,.F.);
#3318=ORIENTED_EDGE('',*,*,#2318,.T.);
#3319=ORIENTED_EDGE('',*,*,#2319,.F.);
#3320=ORIENTED_EDGE('',*,*,#2320,.T.);
#3321=ORIENTED_EDGE('',*,*,#2318,.F.);
#3322=ORIENTED_EDGE('',*,*,#2290,.F.);
#3323=ORIENTED_EDGE('',*,*,#2321,.T.);
#3324=ORIENTED_EDGE('',*,*,#2319,.T.);
#3325=ORIENTED_EDGE('',*,*,#2289,.F.);
#3326=ORIENTED_EDGE('',*,*,#2322,.T.);
#3327=ORIENTED_EDGE('',*,*,#2100,.F.);
#3328=ORIENTED_EDGE('',*,*,#2323,.T.);
#3329=ORIENTED_EDGE('',*,*,#2322,.F.);
#3330=ORIENTED_EDGE('',*,*,#2288,.F.);
#3331=ORIENTED_EDGE('',*,*,#2313,.F.);
#3332=ORIENTED_EDGE('',*,*,#2324,.F.);
#3333=ORIENTED_EDGE('',*,*,#2102,.F.);
#3334=ORIENTED_EDGE('',*,*,#2287,.F.);
#3335=ORIENTED_EDGE('',*,*,#2297,.F.);
#3336=ORIENTED_EDGE('',*,*,#2294,.F.);
#3337=ORIENTED_EDGE('',*,*,#2212,.F.);
#3338=ORIENTED_EDGE('',*,*,#2292,.F.);
#3339=ORIENTED_EDGE('',*,*,#2305,.T.);
#3340=ORIENTED_EDGE('',*,*,#2308,.T.);
#3341=ORIENTED_EDGE('',*,*,#2309,.T.);
#3342=ORIENTED_EDGE('',*,*,#2311,.T.);
#3343=ORIENTED_EDGE('',*,*,#2095,.T.);
#3344=ORIENTED_EDGE('',*,*,#2300,.T.);
#3345=ORIENTED_EDGE('',*,*,#2301,.T.);
#3346=ORIENTED_EDGE('',*,*,#2304,.T.);
#3347=ORIENTED_EDGE('',*,*,#2099,.F.);
#3348=ORIENTED_EDGE('',*,*,#2324,.T.);
#3349=ORIENTED_EDGE('',*,*,#2312,.F.);
#3350=ORIENTED_EDGE('',*,*,#2316,.F.);
#3351=ORIENTED_EDGE('',*,*,#2317,.F.);
#3352=ORIENTED_EDGE('',*,*,#2320,.F.);
#3353=ORIENTED_EDGE('',*,*,#2321,.F.);
#3354=ORIENTED_EDGE('',*,*,#2323,.F.);
#3355=ORIENTED_EDGE('',*,*,#2325,.F.);
#3356=ORIENTED_EDGE('',*,*,#2326,.F.);
#3357=ORIENTED_EDGE('',*,*,#2327,.T.);
#3358=ORIENTED_EDGE('',*,*,#2328,.F.);
#3359=ORIENTED_EDGE('',*,*,#2329,.F.);
#3360=ORIENTED_EDGE('',*,*,#2327,.F.);
#3361=ORIENTED_EDGE('',*,*,#2330,.F.);
#3362=ORIENTED_EDGE('',*,*,#2331,.T.);
#3363=ORIENTED_EDGE('',*,*,#2332,.T.);
#3364=ORIENTED_EDGE('',*,*,#2333,.T.);
#3365=ORIENTED_EDGE('',*,*,#2331,.F.);
#3366=ORIENTED_EDGE('',*,*,#2334,.F.);
#3367=ORIENTED_EDGE('',*,*,#2335,.T.);
#3368=ORIENTED_EDGE('',*,*,#2336,.T.);
#3369=ORIENTED_EDGE('',*,*,#2337,.T.);
#3370=ORIENTED_EDGE('',*,*,#2336,.F.);
#3371=ORIENTED_EDGE('',*,*,#2338,.T.);
#3372=ORIENTED_EDGE('',*,*,#2325,.T.);
#3373=ORIENTED_EDGE('',*,*,#2326,.T.);
#3374=ORIENTED_EDGE('',*,*,#2339,.T.);
#3375=ORIENTED_EDGE('',*,*,#2338,.F.);
#3376=ORIENTED_EDGE('',*,*,#2335,.F.);
#3377=ORIENTED_EDGE('',*,*,#2339,.F.);
#3378=ORIENTED_EDGE('',*,*,#2340,.T.);
#3379=ORIENTED_EDGE('',*,*,#2341,.T.);
#3380=ORIENTED_EDGE('',*,*,#2332,.F.);
#3381=ORIENTED_EDGE('',*,*,#2333,.F.);
#3382=ORIENTED_EDGE('',*,*,#2341,.F.);
#3383=ORIENTED_EDGE('',*,*,#2337,.F.);
#3384=ORIENTED_EDGE('',*,*,#2342,.T.);
#3385=ORIENTED_EDGE('',*,*,#2343,.T.);
#3386=ORIENTED_EDGE('',*,*,#2342,.F.);
#3387=ORIENTED_EDGE('',*,*,#2343,.F.);
#3388=ORIENTED_EDGE('',*,*,#2344,.T.);
#3389=ORIENTED_EDGE('',*,*,#2345,.T.);
#3390=ORIENTED_EDGE('',*,*,#2344,.F.);
#3391=ORIENTED_EDGE('',*,*,#2346,.F.);
#3392=ORIENTED_EDGE('',*,*,#2347,.T.);
#3393=ORIENTED_EDGE('',*,*,#2348,.T.);
#3394=ORIENTED_EDGE('',*,*,#2347,.F.);
#3395=ORIENTED_EDGE('',*,*,#2348,.F.);
#3396=ORIENTED_EDGE('',*,*,#2349,.T.);
#3397=ORIENTED_EDGE('',*,*,#2350,.T.);
#3398=ORIENTED_EDGE('',*,*,#2349,.F.);
#3399=ORIENTED_EDGE('',*,*,#2350,.F.);
#3400=ORIENTED_EDGE('',*,*,#2345,.F.);
#3401=ORIENTED_EDGE('',*,*,#2346,.T.);
#3402=ORIENTED_EDGE('',*,*,#2334,.T.);
#3403=ORIENTED_EDGE('',*,*,#2330,.T.);
#3404=ORIENTED_EDGE('',*,*,#2328,.T.);
#3405=ORIENTED_EDGE('',*,*,#2329,.T.);
#3406=ORIENTED_EDGE('',*,*,#2340,.F.);
#3407=ORIENTED_EDGE('',*,*,#2351,.F.);
#3408=ORIENTED_EDGE('',*,*,#2352,.T.);
#3409=ORIENTED_EDGE('',*,*,#2353,.F.);
#3410=ORIENTED_EDGE('',*,*,#2354,.F.);
#3411=ORIENTED_EDGE('',*,*,#2352,.F.);
#3412=ORIENTED_EDGE('',*,*,#2355,.F.);
#3413=ORIENTED_EDGE('',*,*,#2356,.F.);
#3414=ORIENTED_EDGE('',*,*,#2357,.F.);
#3415=ORIENTED_EDGE('',*,*,#2358,.T.);
#3416=ORIENTED_EDGE('',*,*,#2359,.T.);
#3417=ORIENTED_EDGE('',*,*,#2360,.T.);
#3418=ORIENTED_EDGE('',*,*,#2358,.F.);
#3419=ORIENTED_EDGE('',*,*,#2361,.T.);
#3420=ORIENTED_EDGE('',*,*,#2362,.T.);
#3421=ORIENTED_EDGE('',*,*,#2363,.T.);
#3422=ORIENTED_EDGE('',*,*,#2362,.F.);
#3423=ORIENTED_EDGE('',*,*,#2364,.T.);
#3424=ORIENTED_EDGE('',*,*,#2351,.T.);
#3425=ORIENTED_EDGE('',*,*,#2365,.T.);
#3426=ORIENTED_EDGE('',*,*,#2364,.F.);
#3427=ORIENTED_EDGE('',*,*,#2361,.F.);
#3428=ORIENTED_EDGE('',*,*,#2365,.F.);
#3429=ORIENTED_EDGE('',*,*,#2355,.T.);
#3430=ORIENTED_EDGE('',*,*,#2366,.T.);
#3431=ORIENTED_EDGE('',*,*,#2367,.T.);
#3432=ORIENTED_EDGE('',*,*,#2359,.F.);
#3433=ORIENTED_EDGE('',*,*,#2360,.F.);
#3434=ORIENTED_EDGE('',*,*,#2367,.F.);
#3435=ORIENTED_EDGE('',*,*,#2363,.F.);
#3436=ORIENTED_EDGE('',*,*,#2368,.T.);
#3437=ORIENTED_EDGE('',*,*,#2369,.T.);
#3438=ORIENTED_EDGE('',*,*,#2368,.F.);
#3439=ORIENTED_EDGE('',*,*,#2369,.F.);
#3440=ORIENTED_EDGE('',*,*,#2370,.T.);
#3441=ORIENTED_EDGE('',*,*,#2371,.T.);
#3442=ORIENTED_EDGE('',*,*,#2370,.F.);
#3443=ORIENTED_EDGE('',*,*,#2372,.F.);
#3444=ORIENTED_EDGE('',*,*,#2373,.T.);
#3445=ORIENTED_EDGE('',*,*,#2374,.T.);
#3446=ORIENTED_EDGE('',*,*,#2373,.F.);
#3447=ORIENTED_EDGE('',*,*,#2374,.F.);
#3448=ORIENTED_EDGE('',*,*,#2375,.T.);
#3449=ORIENTED_EDGE('',*,*,#2376,.T.);
#3450=ORIENTED_EDGE('',*,*,#2375,.F.);
#3451=ORIENTED_EDGE('',*,*,#2376,.F.);
#3452=ORIENTED_EDGE('',*,*,#2371,.F.);
#3453=ORIENTED_EDGE('',*,*,#2372,.T.);
#3454=ORIENTED_EDGE('',*,*,#2356,.T.);
#3455=ORIENTED_EDGE('',*,*,#2357,.T.);
#3456=ORIENTED_EDGE('',*,*,#2353,.T.);
#3457=ORIENTED_EDGE('',*,*,#2354,.T.);
#3458=ORIENTED_EDGE('',*,*,#2366,.F.);
#3459=TOROIDAL_SURFACE('',#3730,0.4,0.0500000000000002);
#3460=TOROIDAL_SURFACE('',#3826,0.400000000000001,0.0500000000000006);
#3461=TOROIDAL_SURFACE('',#3972,0.199999999999982,0.0999999999999977);
#3462=TOROIDAL_SURFACE('',#3986,0.200000000000004,0.100000000000001);
#3463=TOROIDAL_SURFACE('',#3996,0.899999999999998,0.0999999999999982);
#3464=TOROIDAL_SURFACE('',#4000,0.899999999999989,0.0999999999999999);
#3465=TOROIDAL_SURFACE('',#4019,0.199999999999986,0.100000000000001);
#3466=TOROIDAL_SURFACE('',#4027,0.199999999999977,0.0999999999999975);
#3467=TOROIDAL_SURFACE('',#4035,0.899999999999981,0.099999999999999);
#3468=TOROIDAL_SURFACE('',#4037,0.899999999999978,0.100000000000001);
#3469=TOROIDAL_SURFACE('',#4065,0.9,0.1);
#3470=TOROIDAL_SURFACE('',#4069,0.900000000000008,0.100000000000001);
#3471=TOROIDAL_SURFACE('',#4091,0.899999999999991,0.0999999999999979);
#3472=TOROIDAL_SURFACE('',#4095,0.900000000000005,0.099999999999999);
#3473=TOROIDAL_SURFACE('',#4124,1.1,0.0999999999999981);
#3474=TOROIDAL_SURFACE('',#4128,1.15,0.0999999999999976);
#3475=TOROIDAL_SURFACE('',#4132,1.1,1.);
#3476=TOROIDAL_SURFACE('',#4153,1.1,0.099999999999997);
#3477=TOROIDAL_SURFACE('',#4157,1.14999999999999,0.0999999999999995);
#3478=TOROIDAL_SURFACE('',#4161,1.1,1.);
#3479=ADVANCED_FACE('',(#797),#3459,.T.);
#3480=ADVANCED_FACE('',(#798),#703,.T.);
#3481=ADVANCED_FACE('',(#799),#193,.T.);
#3482=ADVANCED_FACE('',(#800),#116,.T.);
#3483=ADVANCED_FACE('',(#801),#117,.F.);
#3484=ADVANCED_FACE('',(#802),#704,.T.);
#3485=ADVANCED_FACE('',(#803),#194,.T.);
#3486=ADVANCED_FACE('',(#804),#705,.T.);
#3487=ADVANCED_FACE('',(#805),#706,.T.);
#3488=ADVANCED_FACE('',(#806),#118,.F.);
#3489=ADVANCED_FACE('',(#807),#119,.T.);
#3490=ADVANCED_FACE('',(#808),#707,.T.);
#3491=ADVANCED_FACE('',(#809),#708,.T.);
#3492=ADVANCED_FACE('',(#810),#709,.T.);
#3493=ADVANCED_FACE('',(#811),#710,.T.);
#3494=ADVANCED_FACE('',(#812),#711,.T.);
#3495=ADVANCED_FACE('',(#813),#76,.F.);
#3496=ADVANCED_FACE('',(#814),#712,.T.);
#3497=ADVANCED_FACE('',(#815),#713,.T.);
#3498=ADVANCED_FACE('',(#816),#77,.F.);
#3499=ADVANCED_FACE('',(#817),#714,.T.);
#3500=ADVANCED_FACE('',(#818),#715,.T.);
#3501=ADVANCED_FACE('',(#819),#78,.F.);
#3502=ADVANCED_FACE('',(#820),#716,.T.);
#3503=ADVANCED_FACE('',(#821),#79,.F.);
#3504=ADVANCED_FACE('',(#822),#80,.T.);
#3505=ADVANCED_FACE('',(#823),#120,.T.);
#3506=ADVANCED_FACE('',(#824),#81,.T.);
#3507=ADVANCED_FACE('',(#825),#121,.F.);
#3508=ADVANCED_FACE('',(#826),#82,.T.);
#3509=ADVANCED_FACE('',(#827),#122,.T.);
#3510=ADVANCED_FACE('',(#828),#123,.T.);
#3511=ADVANCED_FACE('',(#829),#83,.T.);
#3512=ADVANCED_FACE('',(#830),#124,.F.);
#3513=ADVANCED_FACE('',(#831),#84,.T.);
#3514=ADVANCED_FACE('',(#832),#125,.T.);
#3515=ADVANCED_FACE('',(#833),#126,.T.);
#3516=ADVANCED_FACE('',(#834),#85,.T.);
#3517=ADVANCED_FACE('',(#835),#127,.F.);
#3518=ADVANCED_FACE('',(#836),#128,.T.);
#3519=ADVANCED_FACE('',(#837),#86,.T.);
#3520=ADVANCED_FACE('',(#838),#129,.F.);
#3521=ADVANCED_FACE('',(#839),#87,.T.);
#3522=ADVANCED_FACE('',(#840),#717,.T.);
#3523=ADVANCED_FACE('',(#841),#130,.T.);
#3524=ADVANCED_FACE('',(#842),#718,.T.);
#3525=ADVANCED_FACE('',(#843),#719,.T.);
#3526=ADVANCED_FACE('',(#844),#720,.T.);
#3527=ADVANCED_FACE('',(#845),#721,.T.);
#3528=ADVANCED_FACE('',(#846),#722,.T.);
#3529=ADVANCED_FACE('',(#847),#131,.T.);
#3530=ADVANCED_FACE('',(#848),#723,.T.);
#3531=ADVANCED_FACE('',(#849),#724,.T.);
#3532=ADVANCED_FACE('',(#850),#3460,.T.);
#3533=ADVANCED_FACE('',(#851),#725,.T.);
#3534=ADVANCED_FACE('',(#852),#195,.T.);
#3535=ADVANCED_FACE('',(#853),#132,.F.);
#3536=ADVANCED_FACE('',(#854),#133,.F.);
#3537=ADVANCED_FACE('',(#855),#726,.T.);
#3538=ADVANCED_FACE('',(#856),#196,.T.);
#3539=ADVANCED_FACE('',(#857),#727,.T.);
#3540=ADVANCED_FACE('',(#858),#728,.T.);
#3541=ADVANCED_FACE('',(#859),#134,.F.);
#3542=ADVANCED_FACE('',(#860),#729,.T.);
#3543=ADVANCED_FACE('',(#861),#135,.T.);
#3544=ADVANCED_FACE('',(#862),#730,.T.);
#3545=ADVANCED_FACE('',(#863),#731,.T.);
#3546=ADVANCED_FACE('',(#864),#732,.T.);
#3547=ADVANCED_FACE('',(#865),#88,.F.);
#3548=ADVANCED_FACE('',(#866),#733,.T.);
#3549=ADVANCED_FACE('',(#867),#734,.T.);
#3550=ADVANCED_FACE('',(#868),#89,.F.);
#3551=ADVANCED_FACE('',(#869),#735,.T.);
#3552=ADVANCED_FACE('',(#870),#736,.T.);
#3553=ADVANCED_FACE('',(#871),#90,.F.);
#3554=ADVANCED_FACE('',(#872),#91,.T.);
#3555=ADVANCED_FACE('',(#873),#136,.T.);
#3556=ADVANCED_FACE('',(#874),#137,.T.);
#3557=ADVANCED_FACE('',(#875),#92,.T.);
#3558=ADVANCED_FACE('',(#876),#138,.F.);
#3559=ADVANCED_FACE('',(#877),#737,.T.);
#3560=ADVANCED_FACE('',(#878),#93,.T.);
#3561=ADVANCED_FACE('',(#879),#94,.T.);
#3562=ADVANCED_FACE('',(#880),#139,.F.);
#3563=ADVANCED_FACE('',(#881),#95,.T.);
#3564=ADVANCED_FACE('',(#882),#140,.T.);
#3565=ADVANCED_FACE('',(#883),#96,.T.);
#3566=ADVANCED_FACE('',(#884),#141,.T.);
#3567=ADVANCED_FACE('',(#885),#142,.T.);
#3568=ADVANCED_FACE('',(#886),#97,.T.);
#3569=ADVANCED_FACE('',(#887),#143,.F.);
#3570=ADVANCED_FACE('',(#888),#738,.T.);
#3571=ADVANCED_FACE('',(#889),#739,.T.);
#3572=ADVANCED_FACE('',(#890),#740,.T.);
#3573=ADVANCED_FACE('',(#891),#98,.F.);
#3574=ADVANCED_FACE('',(#892),#741,.T.);
#3575=ADVANCED_FACE('',(#893),#144,.T.);
#3576=ADVANCED_FACE('',(#894),#145,.T.);
#3577=ADVANCED_FACE('',(#895),#742,.T.);
#3578=ADVANCED_FACE('',(#896),#743,.T.);
#3579=ADVANCED_FACE('',(#897),#744,.T.);
#3580=ADVANCED_FACE('',(#898),#745,.T.);
#3581=ADVANCED_FACE('',(#899),#146,.T.);
#3582=ADVANCED_FACE('',(#900),#99,.T.);
#3583=ADVANCED_FACE('',(#901),#147,.F.);
#3584=ADVANCED_FACE('',(#902),#746,.T.);
#3585=ADVANCED_FACE('',(#903),#197,.F.);
#3586=ADVANCED_FACE('',(#904),#198,.F.);
#3587=ADVANCED_FACE('',(#905),#199,.F.);
#3588=ADVANCED_FACE('',(#906),#200,.F.);
#3589=ADVANCED_FACE('',(#907),#747,.F.);
#3590=ADVANCED_FACE('',(#908),#748,.F.);
#3591=ADVANCED_FACE('',(#909),#749,.T.);
#3592=ADVANCED_FACE('',(#910),#750,.T.);
#3593=ADVANCED_FACE('',(#911),#148,.T.);
#3594=ADVANCED_FACE('',(#912),#149,.F.);
#3595=ADVANCED_FACE('',(#913),#150,.F.);
#3596=ADVANCED_FACE('',(#914,#13),#151,.F.);
#3597=ADVANCED_FACE('',(#915),#152,.F.);
#3598=ADVANCED_FACE('',(#916),#153,.F.);
#3599=ADVANCED_FACE('',(#917),#154,.F.);
#3600=ADVANCED_FACE('',(#918),#3461,.F.);
#3601=ADVANCED_FACE('',(#919),#751,.F.);
#3602=ADVANCED_FACE('',(#920),#752,.T.);
#3603=ADVANCED_FACE('',(#921),#753,.T.);
#3604=ADVANCED_FACE('',(#922),#754,.T.);
#3605=ADVANCED_FACE('',(#923),#755,.F.);
#3606=ADVANCED_FACE('',(#924),#3462,.F.);
#3607=ADVANCED_FACE('',(#925),#756,.F.);
#3608=ADVANCED_FACE('',(#926),#100,.F.);
#3609=ADVANCED_FACE('',(#927),#757,.F.);
#3610=ADVANCED_FACE('',(#928,#14),#155,.F.);
#3611=ADVANCED_FACE('',(#929),#3463,.T.);
#3612=ADVANCED_FACE('',(#930),#758,.T.);
#3613=ADVANCED_FACE('',(#931),#3464,.T.);
#3614=ADVANCED_FACE('',(#932),#759,.T.);
#3615=ADVANCED_FACE('',(#933),#156,.F.);
#3616=ADVANCED_FACE('',(#934),#157,.F.);
#3617=ADVANCED_FACE('',(#935),#201,.F.);
#3618=ADVANCED_FACE('',(#936),#158,.F.);
#3619=ADVANCED_FACE('',(#937),#202,.F.);
#3620=ADVANCED_FACE('',(#938),#159,.F.);
#3621=ADVANCED_FACE('',(#939),#160,.F.);
#3622=ADVANCED_FACE('',(#940),#161,.F.);
#3623=ADVANCED_FACE('',(#941,#15),#162,.T.);
#3624=ADVANCED_FACE('',(#942),#760,.F.);
#3625=ADVANCED_FACE('',(#943),#3465,.F.);
#3626=ADVANCED_FACE('',(#944),#761,.F.);
#3627=ADVANCED_FACE('',(#945),#101,.F.);
#3628=ADVANCED_FACE('',(#946),#762,.F.);
#3629=ADVANCED_FACE('',(#947),#3466,.F.);
#3630=ADVANCED_FACE('',(#948),#763,.F.);
#3631=ADVANCED_FACE('',(#949),#764,.T.);
#3632=ADVANCED_FACE('',(#950),#765,.T.);
#3633=ADVANCED_FACE('',(#951),#3467,.T.);
#3634=ADVANCED_FACE('',(#952),#3468,.T.);
#3635=ADVANCED_FACE('',(#953),#766,.T.);
#3636=ADVANCED_FACE('',(#954),#767,.T.);
#3637=ADVANCED_FACE('',(#955),#163,.F.);
#3638=ADVANCED_FACE('',(#956),#164,.T.);
#3639=ADVANCED_FACE('',(#957),#165,.F.);
#3640=ADVANCED_FACE('',(#958),#768,.T.);
#3641=ADVANCED_FACE('',(#959),#166,.T.);
#3642=ADVANCED_FACE('',(#960),#167,.F.);
#3643=ADVANCED_FACE('',(#961),#168,.F.);
#3644=ADVANCED_FACE('',(#962),#169,.F.);
#3645=ADVANCED_FACE('',(#963),#170,.F.);
#3646=ADVANCED_FACE('',(#964),#171,.F.);
#3647=ADVANCED_FACE('',(#965),#172,.F.);
#3648=ADVANCED_FACE('',(#966),#769,.T.);
#3649=ADVANCED_FACE('',(#967),#173,.F.);
#3650=ADVANCED_FACE('',(#968),#770,.T.);
#3651=ADVANCED_FACE('',(#969),#771,.T.);
#3652=ADVANCED_FACE('',(#970),#772,.T.);
#3653=ADVANCED_FACE('',(#971),#3469,.T.);
#3654=ADVANCED_FACE('',(#972),#773,.T.);
#3655=ADVANCED_FACE('',(#973),#3470,.T.);
#3656=ADVANCED_FACE('',(#974),#774,.F.);
#3657=ADVANCED_FACE('',(#975),#174,.F.);
#3658=ADVANCED_FACE('',(#976,#16,#17),#175,.T.);
#3659=ADVANCED_FACE('',(#977),#775,.F.);
#3660=ADVANCED_FACE('',(#978),#176,.F.);
#3661=ADVANCED_FACE('',(#979),#776,.T.);
#3662=ADVANCED_FACE('',(#980),#777,.T.);
#3663=ADVANCED_FACE('',(#981),#3471,.T.);
#3664=ADVANCED_FACE('',(#982),#778,.T.);
#3665=ADVANCED_FACE('',(#983),#3472,.T.);
#3666=ADVANCED_FACE('',(#984),#177,.F.);
#3667=ADVANCED_FACE('',(#985),#779,.F.);
#3668=ADVANCED_FACE('',(#986),#780,.T.);
#3669=ADVANCED_FACE('',(#987),#178,.F.);
#3670=ADVANCED_FACE('',(#988),#781,.T.);
#3671=ADVANCED_FACE('',(#989),#782,.F.);
#3672=ADVANCED_FACE('',(#990),#783,.T.);
#3673=ADVANCED_FACE('',(#991),#179,.F.);
#3674=ADVANCED_FACE('',(#992),#784,.T.);
#3675=ADVANCED_FACE('',(#993),#785,.F.);
#3676=ADVANCED_FACE('',(#994),#786,.T.);
#3677=ADVANCED_FACE('',(#995),#180,.F.);
#3678=ADVANCED_FACE('',(#996),#787,.T.);
#3679=ADVANCED_FACE('',(#997),#788,.F.);
#3680=ADVANCED_FACE('',(#998),#181,.F.);
#3681=ADVANCED_FACE('',(#999),#182,.F.);
#3682=ADVANCED_FACE('',(#1000),#183,.T.);
#3683=ADVANCED_FACE('',(#1001),#184,.F.);
#3684=ADVANCED_FACE('',(#1002),#3473,.F.);
#3685=ADVANCED_FACE('',(#1003),#3474,.T.);
#3686=ADVANCED_FACE('',(#1004),#3475,.T.);
#3687=ADVANCED_FACE('',(#1005),#789,.T.);
#3688=ADVANCED_FACE('',(#1006),#790,.T.);
#3689=ADVANCED_FACE('',(#1007),#791,.T.);
#3690=ADVANCED_FACE('',(#1008),#203,.T.);
#3691=ADVANCED_FACE('',(#1009),#792,.T.);
#3692=ADVANCED_FACE('',(#1010),#204,.T.);
#3693=ADVANCED_FACE('',(#1011),#185,.F.);
#3694=ADVANCED_FACE('',(#1012,#18),#186,.T.);
#3695=ADVANCED_FACE('',(#1013,#19),#187,.T.);
#3696=ADVANCED_FACE('',(#1014),#188,.F.);
#3697=ADVANCED_FACE('',(#1015),#3476,.F.);
#3698=ADVANCED_FACE('',(#1016),#3477,.T.);
#3699=ADVANCED_FACE('',(#1017),#3478,.T.);
#3700=ADVANCED_FACE('',(#1018),#793,.T.);
#3701=ADVANCED_FACE('',(#1019),#794,.T.);
#3702=ADVANCED_FACE('',(#1020),#795,.T.);
#3703=ADVANCED_FACE('',(#1021),#205,.T.);
#3704=ADVANCED_FACE('',(#1022),#796,.T.);
#3705=ADVANCED_FACE('',(#1023),#206,.T.);
#3706=ADVANCED_FACE('',(#1024),#189,.F.);
#3707=ADVANCED_FACE('',(#1025,#20),#190,.T.);
#3708=ADVANCED_FACE('',(#1026,#21),#191,.T.);
#3709=ADVANCED_FACE('',(#1027),#192,.F.);
#3710=CLOSED_SHELL('',(#3479,#3480,#3481,#3482,#3483));
#3711=CLOSED_SHELL('',(#3484,#3485,#3486,#3487,#3488,#3489,#3490,#3491,
#3492,#3493,#3494,#3495,#3496,#3497,#3498,#3499,#3500,#3501,#3502,#3503,
#3504,#3505,#3506,#3507,#3508,#3509,#3510,#3511,#3512,#3513,#3514,#3515,
#3516,#3517,#3518,#3519,#3520,#3521,#3522,#3523,#3524,#3525,#3526,#3527,
#3528,#3529,#3530,#3531));
#3712=CLOSED_SHELL('',(#3532,#3533,#3534,#3535,#3536));
#3713=CLOSED_SHELL('',(#3537,#3538,#3539,#3540,#3541,#3542,#3543,#3544,
#3545,#3546,#3547,#3548,#3549,#3550,#3551,#3552,#3553,#3554,#3555,#3556,
#3557,#3558,#3559,#3560,#3561,#3562,#3563,#3564,#3565,#3566,#3567,#3568,
#3569,#3570,#3571,#3572,#3573,#3574,#3575,#3576,#3577,#3578,#3579,#3580,
#3581,#3582,#3583,#3584));
#3714=CLOSED_SHELL('',(#3585,#3586,#3587,#3588,#3589,#3590,#3591,#3592,
#3593,#3594,#3595,#3596,#3597,#3598,#3599,#3600,#3601,#3602,#3603,#3604,
#3605,#3606,#3607,#3608,#3609,#3610,#3611,#3612,#3613,#3614,#3615,#3616,
#3617,#3618,#3619,#3620,#3621,#3622,#3623,#3624,#3625,#3626,#3627,#3628,
#3629,#3630,#3631,#3632,#3633,#3634,#3635,#3636,#3637,#3638,#3639,#3640,
#3641,#3642,#3643,#3644,#3645,#3646,#3647,#3648,#3649,#3650,#3651,#3652,
#3653,#3654,#3655,#3656,#3657,#3658,#3659,#3660,#3661,#3662,#3663,#3664,
#3665,#3666,#3667,#3668,#3669,#3670,#3671,#3672,#3673,#3674,#3675,#3676,
#3677,#3678,#3679,#3680,#3681,#3682,#3683));
#3715=CLOSED_SHELL('',(#3684,#3685,#3686,#3687,#3688,#3689,#3690,#3691,
#3692,#3693,#3694,#3695,#3696));
#3716=CLOSED_SHELL('',(#3697,#3698,#3699,#3700,#3701,#3702,#3703,#3704,
#3705,#3706,#3707,#3708,#3709));
#3717=DERIVED_UNIT_ELEMENT(#3719,1.);
#3718=DERIVED_UNIT_ELEMENT(#8668,-3.);
#3719=(
MASS_UNIT()
NAMED_UNIT(*)
SI_UNIT(.KILO.,.GRAM.)
);
#3720=DERIVED_UNIT((#3717,#3718));
#3721=MEASURE_REPRESENTATION_ITEM('density measure',
POSITIVE_RATIO_MEASURE(7850.),#3720);
#3722=PROPERTY_DEFINITION_REPRESENTATION(#3727,#3724);
#3723=PROPERTY_DEFINITION_REPRESENTATION(#3728,#3725);
#3724=REPRESENTATION('material name',(#3726),#8665);
#3725=REPRESENTATION('density',(#3721),#8665);
#3726=DESCRIPTIVE_REPRESENTATION_ITEM('Steel','Steel');
#3727=PROPERTY_DEFINITION('material property','material name',#8675);
#3728=PROPERTY_DEFINITION('material property','density of part',#8675);
#3729=AXIS2_PLACEMENT_3D('',#5336,#4182,#4183);
#3730=AXIS2_PLACEMENT_3D('',#5337,#4184,#4185);
#3731=AXIS2_PLACEMENT_3D('',#5339,#4186,#4187);
#3732=AXIS2_PLACEMENT_3D('',#5341,#4188,#4189);
#3733=AXIS2_PLACEMENT_3D('',#5342,#4190,#4191);
#3734=AXIS2_PLACEMENT_3D('',#5343,#4192,#4193);
#3735=AXIS2_PLACEMENT_3D('',#5347,#4195,#4196);
#3736=AXIS2_PLACEMENT_3D('',#5348,#4197,#4198);
#3737=AXIS2_PLACEMENT_3D('',#5349,#4199,#4200);
#3738=AXIS2_PLACEMENT_3D('',#5352,#4202,#4203);
#3739=AXIS2_PLACEMENT_3D('',#5353,#4204,#4205);
#3740=AXIS2_PLACEMENT_3D('',#5354,#4206,#4207);
#3741=AXIS2_PLACEMENT_3D('',#5355,#4208,#4209);
#3742=AXIS2_PLACEMENT_3D('',#5357,#4210,#4211);
#3743=AXIS2_PLACEMENT_3D('',#5360,#4213,#4214);
#3744=AXIS2_PLACEMENT_3D('',#5361,#4215,#4216);
#3745=AXIS2_PLACEMENT_3D('',#5365,#4218,#4219);
#3746=AXIS2_PLACEMENT_3D('',#5367,#4220,#4221);
#3747=AXIS2_PLACEMENT_3D('',#5369,#4222,#4223);
#3748=AXIS2_PLACEMENT_3D('',#5371,#4224,#4225);
#3749=AXIS2_PLACEMENT_3D('',#5373,#4226,#4227);
#3750=AXIS2_PLACEMENT_3D('',#5375,#4228,#4229);
#3751=AXIS2_PLACEMENT_3D('',#5377,#4230,#4231);
#3752=AXIS2_PLACEMENT_3D('',#5379,#4232,#4233);
#3753=AXIS2_PLACEMENT_3D('',#5380,#4234,#4235);
#3754=AXIS2_PLACEMENT_3D('',#5381,#4236,#4237);
#3755=AXIS2_PLACEMENT_3D('',#5384,#4238,#4239);
#3756=AXIS2_PLACEMENT_3D('',#5386,#4240,#4241);
#3757=AXIS2_PLACEMENT_3D('',#5389,#4243,#4244);
#3758=AXIS2_PLACEMENT_3D('',#5391,#4246,#4247);
#3759=AXIS2_PLACEMENT_3D('',#5394,#4248,#4249);
#3760=AXIS2_PLACEMENT_3D('',#5396,#4250,#4251);
#3761=AXIS2_PLACEMENT_3D('',#5399,#4253,#4254);
#3762=AXIS2_PLACEMENT_3D('',#5401,#4256,#4257);
#3763=AXIS2_PLACEMENT_3D('',#5402,#4258,#4259);
#3764=AXIS2_PLACEMENT_3D('',#5408,#4262,#4263);
#3765=AXIS2_PLACEMENT_3D('',#5410,#4264,#4265);
#3766=AXIS2_PLACEMENT_3D('',#5418,#4270,#4271);
#3767=AXIS2_PLACEMENT_3D('',#5420,#4272,#4273);
#3768=AXIS2_PLACEMENT_3D('',#5425,#4276,#4277);
#3769=AXIS2_PLACEMENT_3D('',#5426,#4278,#4279);
#3770=AXIS2_PLACEMENT_3D('',#5427,#4280,#4281);
#3771=AXIS2_PLACEMENT_3D('',#5430,#4283,#4284);
#3772=AXIS2_PLACEMENT_3D('',#5431,#4285,#4286);
#3773=AXIS2_PLACEMENT_3D('',#5435,#4288,#4289);
#3774=AXIS2_PLACEMENT_3D('',#5437,#4291,#4292);
#3775=AXIS2_PLACEMENT_3D('',#5441,#4294,#4295);
#3776=AXIS2_PLACEMENT_3D('',#5443,#4297,#4298);
#3777=AXIS2_PLACEMENT_3D('',#5445,#4299,#4300);
#3778=AXIS2_PLACEMENT_3D('',#5447,#4302,#4303);
#3779=AXIS2_PLACEMENT_3D('',#5449,#4304,#4305);
#3780=AXIS2_PLACEMENT_3D('',#5470,#4307,#4308);
#3781=AXIS2_PLACEMENT_3D('',#5520,#4309,#4310);
#3782=AXIS2_PLACEMENT_3D('',#5522,#4311,#4312);
#3783=AXIS2_PLACEMENT_3D('',#5524,#4314,#4315);
#3784=AXIS2_PLACEMENT_3D('',#5526,#4316,#4317);
#3785=AXIS2_PLACEMENT_3D('',#5547,#4319,#4320);
#3786=AXIS2_PLACEMENT_3D('',#5597,#4321,#4322);
#3787=AXIS2_PLACEMENT_3D('',#5599,#4323,#4324);
#3788=AXIS2_PLACEMENT_3D('',#5601,#4326,#4327);
#3789=AXIS2_PLACEMENT_3D('',#5603,#4328,#4329);
#3790=AXIS2_PLACEMENT_3D('',#5624,#4331,#4332);
#3791=AXIS2_PLACEMENT_3D('',#5674,#4333,#4334);
#3792=AXIS2_PLACEMENT_3D('',#5676,#4335,#4336);
#3793=AXIS2_PLACEMENT_3D('',#5689,#4338,#4339);
#3794=AXIS2_PLACEMENT_3D('',#5766,#4340,#4341);
#3795=AXIS2_PLACEMENT_3D('',#5773,#4342,#4343);
#3796=AXIS2_PLACEMENT_3D('',#5796,#4346,#4347);
#3797=AXIS2_PLACEMENT_3D('',#5803,#4348,#4349);
#3798=AXIS2_PLACEMENT_3D('',#5826,#4352,#4353);
#3799=AXIS2_PLACEMENT_3D('',#5833,#4354,#4355);
#3800=AXIS2_PLACEMENT_3D('',#5837,#4358,#4359);
#3801=AXIS2_PLACEMENT_3D('',#5872,#4361,#4362);
#3802=AXIS2_PLACEMENT_3D('',#5873,#4363,#4364);
#3803=AXIS2_PLACEMENT_3D('',#5896,#4367,#4368);
#3804=AXIS2_PLACEMENT_3D('',#5903,#4369,#4370);
#3805=AXIS2_PLACEMENT_3D('',#5907,#4373,#4374);
#3806=AXIS2_PLACEMENT_3D('',#5942,#4376,#4377);
#3807=AXIS2_PLACEMENT_3D('',#5943,#4378,#4379);
#3808=AXIS2_PLACEMENT_3D('',#5947,#4382,#4383);
#3809=AXIS2_PLACEMENT_3D('',#5984,#4386,#4387);
#3810=AXIS2_PLACEMENT_3D('',#5985,#4388,#4389);
#3811=AXIS2_PLACEMENT_3D('',#6014,#4392,#4393);
#3812=AXIS2_PLACEMENT_3D('',#6015,#4394,#4395);
#3813=AXIS2_PLACEMENT_3D('',#6016,#4396,#4397);
#3814=AXIS2_PLACEMENT_3D('',#6017,#4398,#4399);
#3815=AXIS2_PLACEMENT_3D('',#6019,#4401,#4402);
#3816=AXIS2_PLACEMENT_3D('',#6020,#4403,#4404);
#3817=AXIS2_PLACEMENT_3D('',#6021,#4405,#4406);
#3818=AXIS2_PLACEMENT_3D('',#6022,#4407,#4408);
#3819=AXIS2_PLACEMENT_3D('',#6023,#4409,#4410);
#3820=AXIS2_PLACEMENT_3D('',#6024,#4411,#4412);
#3821=AXIS2_PLACEMENT_3D('',#6025,#4413,#4414);
#3822=AXIS2_PLACEMENT_3D('',#6026,#4415,#4416);
#3823=AXIS2_PLACEMENT_3D('',#6028,#4418,#4419);
#3824=AXIS2_PLACEMENT_3D('',#6029,#4420,#4421);
#3825=AXIS2_PLACEMENT_3D('',#6030,#4422,#4423);
#3826=AXIS2_PLACEMENT_3D('',#6031,#4424,#4425);
#3827=AXIS2_PLACEMENT_3D('',#6034,#4426,#4427);
#3828=AXIS2_PLACEMENT_3D('',#6036,#4428,#4429);
#3829=AXIS2_PLACEMENT_3D('',#6037,#4430,#4431);
#3830=AXIS2_PLACEMENT_3D('',#6038,#4432,#4433);
#3831=AXIS2_PLACEMENT_3D('',#6039,#4434,#4435);
#3832=AXIS2_PLACEMENT_3D('',#6043,#4437,#4438);
#3833=AXIS2_PLACEMENT_3D('',#6044,#4439,#4440);
#3834=AXIS2_PLACEMENT_3D('',#6045,#4441,#4442);
#3835=AXIS2_PLACEMENT_3D('',#6048,#4444,#4445);
#3836=AXIS2_PLACEMENT_3D('',#6049,#4446,#4447);
#3837=AXIS2_PLACEMENT_3D('',#6050,#4448,#4449);
#3838=AXIS2_PLACEMENT_3D('',#6051,#4450,#4451);
#3839=AXIS2_PLACEMENT_3D('',#6053,#4452,#4453);
#3840=AXIS2_PLACEMENT_3D('',#6056,#4455,#4456);
#3841=AXIS2_PLACEMENT_3D('',#6057,#4457,#4458);
#3842=AXIS2_PLACEMENT_3D('',#6061,#4460,#4461);
#3843=AXIS2_PLACEMENT_3D('',#6063,#4462,#4463);
#3844=AXIS2_PLACEMENT_3D('',#6065,#4464,#4465);
#3845=AXIS2_PLACEMENT_3D('',#6067,#4466,#4467);
#3846=AXIS2_PLACEMENT_3D('',#6069,#4468,#4469);
#3847=AXIS2_PLACEMENT_3D('',#6071,#4470,#4471);
#3848=AXIS2_PLACEMENT_3D('',#6073,#4472,#4473);
#3849=AXIS2_PLACEMENT_3D('',#6075,#4474,#4475);
#3850=AXIS2_PLACEMENT_3D('',#6076,#4476,#4477);
#3851=AXIS2_PLACEMENT_3D('',#6077,#4478,#4479);
#3852=AXIS2_PLACEMENT_3D('',#6080,#4480,#4481);
#3853=AXIS2_PLACEMENT_3D('',#6082,#4482,#4483);
#3854=AXIS2_PLACEMENT_3D('',#6085,#4485,#4486);
#3855=AXIS2_PLACEMENT_3D('',#6087,#4488,#4489);
#3856=AXIS2_PLACEMENT_3D('',#6090,#4490,#4491);
#3857=AXIS2_PLACEMENT_3D('',#6092,#4492,#4493);
#3858=AXIS2_PLACEMENT_3D('',#6095,#4495,#4496);
#3859=AXIS2_PLACEMENT_3D('',#6097,#4498,#4499);
#3860=AXIS2_PLACEMENT_3D('',#6098,#4500,#4501);
#3861=AXIS2_PLACEMENT_3D('',#6101,#4503,#4504);
#3862=AXIS2_PLACEMENT_3D('',#6102,#4505,#4506);
#3863=AXIS2_PLACEMENT_3D('',#6104,#4507,#4508);
#3864=AXIS2_PLACEMENT_3D('',#6106,#4509,#4510);
#3865=AXIS2_PLACEMENT_3D('',#6114,#4515,#4516);
#3866=AXIS2_PLACEMENT_3D('',#6116,#4517,#4518);
#3867=AXIS2_PLACEMENT_3D('',#6121,#4521,#4522);
#3868=AXIS2_PLACEMENT_3D('',#6123,#4523,#4524);
#3869=AXIS2_PLACEMENT_3D('',#6127,#4527,#4528);
#3870=AXIS2_PLACEMENT_3D('',#6130,#4529,#4530);
#3871=AXIS2_PLACEMENT_3D('',#6133,#4533,#4534);
#3872=AXIS2_PLACEMENT_3D('',#6135,#4535,#4536);
#3873=AXIS2_PLACEMENT_3D('',#6137,#4538,#4539);
#3874=AXIS2_PLACEMENT_3D('',#6139,#4540,#4541);
#3875=AXIS2_PLACEMENT_3D('',#6201,#4543,#4544);
#3876=AXIS2_PLACEMENT_3D('',#6210,#4545,#4546);
#3877=AXIS2_PLACEMENT_3D('',#6215,#4549,#4550);
#3878=AXIS2_PLACEMENT_3D('',#6216,#4551,#4552);
#3879=AXIS2_PLACEMENT_3D('',#6218,#4553,#4554);
#3880=AXIS2_PLACEMENT_3D('',#6231,#4556,#4557);
#3881=AXIS2_PLACEMENT_3D('',#6289,#4558,#4559);
#3882=AXIS2_PLACEMENT_3D('',#6291,#4560,#4561);
#3883=AXIS2_PLACEMENT_3D('',#6293,#4563,#4564);
#3884=AXIS2_PLACEMENT_3D('',#6295,#4565,#4566);
#3885=AXIS2_PLACEMENT_3D('',#6357,#4568,#4569);
#3886=AXIS2_PLACEMENT_3D('',#6391,#4570,#4571);
#3887=AXIS2_PLACEMENT_3D('',#6392,#4572,#4573);
#3888=AXIS2_PLACEMENT_3D('',#6396,#4576,#4577);
#3889=AXIS2_PLACEMENT_3D('',#6463,#4579,#4580);
#3890=AXIS2_PLACEMENT_3D('',#6464,#4581,#4582);
#3891=AXIS2_PLACEMENT_3D('',#6468,#4585,#4586);
#3892=AXIS2_PLACEMENT_3D('',#6470,#4587,#4588);
#3893=AXIS2_PLACEMENT_3D('',#6523,#4590,#4591);
#3894=AXIS2_PLACEMENT_3D('',#6580,#4592,#4593);
#3895=AXIS2_PLACEMENT_3D('',#6587,#4594,#4595);
#3896=AXIS2_PLACEMENT_3D('',#6610,#4598,#4599);
#3897=AXIS2_PLACEMENT_3D('',#6617,#4600,#4601);
#3898=AXIS2_PLACEMENT_3D('',#6646,#4604,#4605);
#3899=AXIS2_PLACEMENT_3D('',#6647,#4606,#4607);
#3900=AXIS2_PLACEMENT_3D('',#6651,#4610,#4611);
#3901=AXIS2_PLACEMENT_3D('',#6718,#4613,#4614);
#3902=AXIS2_PLACEMENT_3D('',#6719,#4615,#4616);
#3903=AXIS2_PLACEMENT_3D('',#6723,#4619,#4620);
#3904=AXIS2_PLACEMENT_3D('',#6724,#4621,#4622);
#3905=AXIS2_PLACEMENT_3D('',#6725,#4623,#4624);
#3906=AXIS2_PLACEMENT_3D('',#6726,#4625,#4626);
#3907=AXIS2_PLACEMENT_3D('',#6728,#4627,#4628);
#3908=AXIS2_PLACEMENT_3D('',#6740,#4630,#4631);
#3909=AXIS2_PLACEMENT_3D('',#6749,#4632,#4633);
#3910=AXIS2_PLACEMENT_3D('',#6753,#4635,#4636);
#3911=AXIS2_PLACEMENT_3D('',#6755,#4638,#4639);
#3912=AXIS2_PLACEMENT_3D('',#6757,#4641,#4642);
#3913=AXIS2_PLACEMENT_3D('',#6759,#4644,#4645);
#3914=AXIS2_PLACEMENT_3D('',#6760,#4646,#4647);
#3915=AXIS2_PLACEMENT_3D('',#6761,#4648,#4649);
#3916=AXIS2_PLACEMENT_3D('',#6762,#4650,#4651);
#3917=AXIS2_PLACEMENT_3D('',#6763,#4652,#4653);
#3918=AXIS2_PLACEMENT_3D('',#6764,#4654,#4655);
#3919=AXIS2_PLACEMENT_3D('',#6765,#4656,#4657);
#3920=AXIS2_PLACEMENT_3D('',#6832,#4659,#4660);
#3921=AXIS2_PLACEMENT_3D('',#6833,#4661,#4662);
#3922=AXIS2_PLACEMENT_3D('',#6835,#4664,#4665);
#3923=AXIS2_PLACEMENT_3D('',#6836,#4666,#4667);
#3924=AXIS2_PLACEMENT_3D('',#6838,#4668,#4669);
#3925=AXIS2_PLACEMENT_3D('',#6842,#4671,#4672);
#3926=AXIS2_PLACEMENT_3D('',#6882,#4673,#4674);
#3927=AXIS2_PLACEMENT_3D('',#6883,#4675,#4676);
#3928=AXIS2_PLACEMENT_3D('',#6886,#4677,#4678);
#3929=AXIS2_PLACEMENT_3D('',#6887,#4679,#4680);
#3930=AXIS2_PLACEMENT_3D('',#6890,#4682,#4683);
#3931=AXIS2_PLACEMENT_3D('',#6891,#4684,#4685);
#3932=AXIS2_PLACEMENT_3D('',#6894,#4686,#4687);
#3933=AXIS2_PLACEMENT_3D('',#6895,#4688,#4689);
#3934=AXIS2_PLACEMENT_3D('',#6898,#4691,#4692);
#3935=AXIS2_PLACEMENT_3D('',#6899,#4693,#4694);
#3936=AXIS2_PLACEMENT_3D('',#6901,#4695,#4696);
#3937=AXIS2_PLACEMENT_3D('',#6905,#4698,#4699);
#3938=AXIS2_PLACEMENT_3D('',#6947,#4700,#4701);
#3939=AXIS2_PLACEMENT_3D('',#6948,#4702,#4703);
#3940=AXIS2_PLACEMENT_3D('',#6950,#4705,#4706);
#3941=AXIS2_PLACEMENT_3D('',#6952,#4708,#4709);
#3942=AXIS2_PLACEMENT_3D('',#6955,#4710,#4711);
#3943=AXIS2_PLACEMENT_3D('',#6959,#4713,#4714);
#3944=AXIS2_PLACEMENT_3D('',#6961,#4716,#4717);
#3945=AXIS2_PLACEMENT_3D('',#6964,#4718,#4719);
#3946=AXIS2_PLACEMENT_3D('',#6968,#4721,#4722);
#3947=AXIS2_PLACEMENT_3D('',#6970,#4724,#4725);
#3948=AXIS2_PLACEMENT_3D('',#6975,#4727,#4728);
#3949=AXIS2_PLACEMENT_3D('',#6979,#4730,#4731);
#3950=AXIS2_PLACEMENT_3D('',#6983,#4733,#4734);
#3951=AXIS2_PLACEMENT_3D('',#6991,#4738,#4739);
#3952=AXIS2_PLACEMENT_3D('',#6995,#4741,#4742);
#3953=AXIS2_PLACEMENT_3D('',#6999,#4744,#4745);
#3954=AXIS2_PLACEMENT_3D('',#7003,#4747,#4748);
#3955=AXIS2_PLACEMENT_3D('',#7010,#4752,#4753);
#3956=AXIS2_PLACEMENT_3D('',#7011,#4754,#4755);
#3957=AXIS2_PLACEMENT_3D('',#7022,#4761,#4762);
#3958=AXIS2_PLACEMENT_3D('',#7034,#4765,#4766);
#3959=AXIS2_PLACEMENT_3D('',#7035,#4767,#4768);
#3960=AXIS2_PLACEMENT_3D('',#7041,#4772,#4773);
#3961=AXIS2_PLACEMENT_3D('',#7047,#4776,#4777);
#3962=AXIS2_PLACEMENT_3D('',#7050,#4779,#4780);
#3963=AXIS2_PLACEMENT_3D('',#7055,#4782,#4783);
#3964=AXIS2_PLACEMENT_3D('',#7059,#4785,#4786);
#3965=AXIS2_PLACEMENT_3D('',#7067,#4791,#4792);
#3966=AXIS2_PLACEMENT_3D('',#7073,#4796,#4797);
#3967=AXIS2_PLACEMENT_3D('',#7077,#4799,#4800);
#3968=AXIS2_PLACEMENT_3D('',#7090,#4803,#4804);
#3969=AXIS2_PLACEMENT_3D('',#7097,#4809,#4810);
#3970=AXIS2_PLACEMENT_3D('',#7103,#4813,#4814);
#3971=AXIS2_PLACEMENT_3D('',#7106,#4816,#4817);
#3972=AXIS2_PLACEMENT_3D('',#7107,#4818,#4819);
#3973=AXIS2_PLACEMENT_3D('',#7110,#4820,#4821);
#3974=AXIS2_PLACEMENT_3D('',#7111,#4822,#4823);
#3975=AXIS2_PLACEMENT_3D('',#7112,#4824,#4825);
#3976=AXIS2_PLACEMENT_3D('',#7113,#4826,#4827);
#3977=AXIS2_PLACEMENT_3D('',#7115,#4829,#4830);
#3978=AXIS2_PLACEMENT_3D('',#7116,#4831,#4832);
#3979=AXIS2_PLACEMENT_3D('',#7117,#4833,#4834);
#3980=AXIS2_PLACEMENT_3D('',#7119,#4835,#4836);
#3981=AXIS2_PLACEMENT_3D('',#7122,#4838,#4839);
#3982=AXIS2_PLACEMENT_3D('',#7123,#4840,#4841);
#3983=AXIS2_PLACEMENT_3D('',#7124,#4842,#4843);
#3984=AXIS2_PLACEMENT_3D('',#7125,#4844,#4845);
#3985=AXIS2_PLACEMENT_3D('',#7128,#4847,#4848);
#3986=AXIS2_PLACEMENT_3D('',#7129,#4849,#4850);
#3987=AXIS2_PLACEMENT_3D('',#7131,#4851,#4852);
#3988=AXIS2_PLACEMENT_3D('',#7132,#4853,#4854);
#3989=AXIS2_PLACEMENT_3D('',#7133,#4855,#4856);
#3990=AXIS2_PLACEMENT_3D('',#7135,#4858,#4859);
#3991=AXIS2_PLACEMENT_3D('',#7154,#4860,#4861);
#3992=AXIS2_PLACEMENT_3D('',#7155,#4862,#4863);
#3993=AXIS2_PLACEMENT_3D('',#7157,#4865,#4866);
#3994=AXIS2_PLACEMENT_3D('',#7160,#4867,#4868);
#3995=AXIS2_PLACEMENT_3D('',#7165,#4871,#4872);
#3996=AXIS2_PLACEMENT_3D('',#7167,#4874,#4875);
#3997=AXIS2_PLACEMENT_3D('',#7168,#4876,#4877);
#3998=AXIS2_PLACEMENT_3D('',#7169,#4878,#4879);
#3999=AXIS2_PLACEMENT_3D('',#7170,#4880,#4881);
#4000=AXIS2_PLACEMENT_3D('',#7171,#4882,#4883);
#4001=AXIS2_PLACEMENT_3D('',#7173,#4884,#4885);
#4002=AXIS2_PLACEMENT_3D('',#7174,#4886,#4887);
#4003=AXIS2_PLACEMENT_3D('',#7175,#4888,#4889);
#4004=AXIS2_PLACEMENT_3D('',#7177,#4891,#4892);
#4005=AXIS2_PLACEMENT_3D('',#7183,#4896,#4897);
#4006=AXIS2_PLACEMENT_3D('',#7187,#4900,#4901);
#4007=AXIS2_PLACEMENT_3D('',#7189,#4902,#4903);
#4008=AXIS2_PLACEMENT_3D('',#7191,#4905,#4906);
#4009=AXIS2_PLACEMENT_3D('',#7195,#4909,#4910);
#4010=AXIS2_PLACEMENT_3D('',#7197,#4911,#4912);
#4011=AXIS2_PLACEMENT_3D('',#7199,#4914,#4915);
#4012=AXIS2_PLACEMENT_3D('',#7203,#4918,#4919);
#4013=AXIS2_PLACEMENT_3D('',#7207,#4922,#4923);
#4014=AXIS2_PLACEMENT_3D('',#7209,#4925,#4926);
#4015=AXIS2_PLACEMENT_3D('',#7213,#4928,#4929);
#4016=AXIS2_PLACEMENT_3D('',#7217,#4931,#4932);
#4017=AXIS2_PLACEMENT_3D('',#7219,#4934,#4935);
#4018=AXIS2_PLACEMENT_3D('',#7222,#4937,#4938);
#4019=AXIS2_PLACEMENT_3D('',#7223,#4939,#4940);
#4020=AXIS2_PLACEMENT_3D('',#7225,#4941,#4942);
#4021=AXIS2_PLACEMENT_3D('',#7226,#4943,#4944);
#4022=AXIS2_PLACEMENT_3D('',#7227,#4945,#4946);
#4023=AXIS2_PLACEMENT_3D('',#7229,#4948,#4949);
#4024=AXIS2_PLACEMENT_3D('',#7248,#4950,#4951);
#4025=AXIS2_PLACEMENT_3D('',#7249,#4952,#4953);
#4026=AXIS2_PLACEMENT_3D('',#7252,#4955,#4956);
#4027=AXIS2_PLACEMENT_3D('',#7253,#4957,#4958);
#4028=AXIS2_PLACEMENT_3D('',#7255,#4959,#4960);
#4029=AXIS2_PLACEMENT_3D('',#7256,#4961,#4962);
#4030=AXIS2_PLACEMENT_3D('',#7257,#4963,#4964);
#4031=AXIS2_PLACEMENT_3D('',#7259,#4966,#4967);
#4032=AXIS2_PLACEMENT_3D('',#7260,#4968,#4969);
#4033=AXIS2_PLACEMENT_3D('',#7261,#4970,#4971);
#4034=AXIS2_PLACEMENT_3D('',#7264,#4973,#4974);
#4035=AXIS2_PLACEMENT_3D('',#7265,#4975,#4976);
#4036=AXIS2_PLACEMENT_3D('',#7266,#4977,#4978);
#4037=AXIS2_PLACEMENT_3D('',#7267,#4979,#4980);
#4038=AXIS2_PLACEMENT_3D('',#7268,#4981,#4982);
#4039=AXIS2_PLACEMENT_3D('',#7269,#4983,#4984);
#4040=AXIS2_PLACEMENT_3D('',#7271,#4986,#4987);
#4041=AXIS2_PLACEMENT_3D('',#7275,#4989,#4990);
#4042=AXIS2_PLACEMENT_3D('',#7277,#4992,#4993);
#4043=AXIS2_PLACEMENT_3D('',#7279,#4995,#4996);
#4044=AXIS2_PLACEMENT_3D('',#7280,#4997,#4998);
#4045=AXIS2_PLACEMENT_3D('',#7284,#5001,#5002);
#4046=AXIS2_PLACEMENT_3D('',#7286,#5003,#5004);
#4047=AXIS2_PLACEMENT_3D('',#7288,#5006,#5007);
#4048=AXIS2_PLACEMENT_3D('',#7414,#5009,#5010);
#4049=AXIS2_PLACEMENT_3D('',#7420,#5014,#5015);
#4050=AXIS2_PLACEMENT_3D('',#7426,#5019,#5020);
#4051=AXIS2_PLACEMENT_3D('',#7432,#5024,#5025);
#4052=AXIS2_PLACEMENT_3D('',#7438,#5029,#5030);
#4053=AXIS2_PLACEMENT_3D('',#7442,#5033,#5034);
#4054=AXIS2_PLACEMENT_3D('',#7446,#5037,#5038);
#4055=AXIS2_PLACEMENT_3D('',#7448,#5039,#5040);
#4056=AXIS2_PLACEMENT_3D('',#7450,#5042,#5043);
#4057=AXIS2_PLACEMENT_3D('',#7452,#5044,#5045);
#4058=AXIS2_PLACEMENT_3D('',#7456,#5047,#5048);
#4059=AXIS2_PLACEMENT_3D('',#7458,#5050,#5051);
#4060=AXIS2_PLACEMENT_3D('',#7459,#5052,#5053);
#4061=AXIS2_PLACEMENT_3D('',#7460,#5054,#5055);
#4062=AXIS2_PLACEMENT_3D('',#7463,#5057,#5058);
#4063=AXIS2_PLACEMENT_3D('',#7464,#5059,#5060);
#4064=AXIS2_PLACEMENT_3D('',#7467,#5062,#5063);
#4065=AXIS2_PLACEMENT_3D('',#7468,#5064,#5065);
#4066=AXIS2_PLACEMENT_3D('',#7469,#5066,#5067);
#4067=AXIS2_PLACEMENT_3D('',#7470,#5068,#5069);
#4068=AXIS2_PLACEMENT_3D('',#7471,#5070,#5071);
#4069=AXIS2_PLACEMENT_3D('',#7473,#5073,#5074);
#4070=AXIS2_PLACEMENT_3D('',#7474,#5075,#5076);
#4071=AXIS2_PLACEMENT_3D('',#7475,#5077,#5078);
#4072=AXIS2_PLACEMENT_3D('',#7476,#5079,#5080);
#4073=AXIS2_PLACEMENT_3D('',#7478,#5082,#5083);
#4074=AXIS2_PLACEMENT_3D('',#7480,#5085,#5086);
#4075=AXIS2_PLACEMENT_3D('',#7482,#5087,#5088);
#4076=AXIS2_PLACEMENT_3D('',#7486,#5090,#5091);
#4077=AXIS2_PLACEMENT_3D('',#7488,#5092,#5093);
#4078=AXIS2_PLACEMENT_3D('',#7490,#5094,#5095);
#4079=AXIS2_PLACEMENT_3D('',#7493,#5097,#5098);
#4080=AXIS2_PLACEMENT_3D('',#7496,#5099,#5100);
#4081=AXIS2_PLACEMENT_3D('',#7498,#5101,#5102);
#4082=AXIS2_PLACEMENT_3D('',#7501,#5104,#5105);
#4083=AXIS2_PLACEMENT_3D('',#7503,#5106,#5107);
#4084=AXIS2_PLACEMENT_3D('',#7506,#5109,#5110);
#4085=AXIS2_PLACEMENT_3D('',#7507,#5111,#5112);
#4086=AXIS2_PLACEMENT_3D('',#7508,#5113,#5114);
#4087=AXIS2_PLACEMENT_3D('',#7509,#5115,#5116);
#4088=AXIS2_PLACEMENT_3D('',#7512,#5118,#5119);
#4089=AXIS2_PLACEMENT_3D('',#7513,#5120,#5121);
#4090=AXIS2_PLACEMENT_3D('',#7516,#5123,#5124);
#4091=AXIS2_PLACEMENT_3D('',#7517,#5125,#5126);
#4092=AXIS2_PLACEMENT_3D('',#7518,#5127,#5128);
#4093=AXIS2_PLACEMENT_3D('',#7519,#5129,#5130);
#4094=AXIS2_PLACEMENT_3D('',#7521,#5132,#5133);
#4095=AXIS2_PLACEMENT_3D('',#7522,#5134,#5135);
#4096=AXIS2_PLACEMENT_3D('',#7523,#5136,#5137);
#4097=AXIS2_PLACEMENT_3D('',#7524,#5138,#5139);
#4098=AXIS2_PLACEMENT_3D('',#7527,#5141,#5142);
#4099=AXIS2_PLACEMENT_3D('',#7528,#5143,#5144);
#4100=AXIS2_PLACEMENT_3D('',#7530,#5145,#5146);
#4101=AXIS2_PLACEMENT_3D('',#7532,#5148,#5149);
#4102=AXIS2_PLACEMENT_3D('',#7536,#5152,#5153);
#4103=AXIS2_PLACEMENT_3D('',#7538,#5154,#5155);
#4104=AXIS2_PLACEMENT_3D('',#7540,#5157,#5158);
#4105=AXIS2_PLACEMENT_3D('',#7543,#5160,#5161);
#4106=AXIS2_PLACEMENT_3D('',#7544,#5162,#5163);
#4107=AXIS2_PLACEMENT_3D('',#7546,#5164,#5165);
#4108=AXIS2_PLACEMENT_3D('',#7548,#5167,#5168);
#4109=AXIS2_PLACEMENT_3D('',#7550,#5170,#5171);
#4110=AXIS2_PLACEMENT_3D('',#7553,#5172,#5173);
#4111=AXIS2_PLACEMENT_3D('',#7556,#5176,#5177);
#4112=AXIS2_PLACEMENT_3D('',#7559,#5179,#5180);
#4113=AXIS2_PLACEMENT_3D('',#7560,#5181,#5182);
#4114=AXIS2_PLACEMENT_3D('',#7562,#5183,#5184);
#4115=AXIS2_PLACEMENT_3D('',#7564,#5186,#5187);
#4116=AXIS2_PLACEMENT_3D('',#7568,#5190,#5191);
#4117=AXIS2_PLACEMENT_3D('',#7570,#5192,#5193);
#4118=AXIS2_PLACEMENT_3D('',#7572,#5195,#5196);
#4119=AXIS2_PLACEMENT_3D('',#7573,#5197,#5198);
#4120=AXIS2_PLACEMENT_3D('',#7574,#5199,#5200);
#4121=AXIS2_PLACEMENT_3D('',#7576,#5202,#5203);
#4122=AXIS2_PLACEMENT_3D('',#7577,#5204,#5205);
#4123=AXIS2_PLACEMENT_3D('',#7578,#5206,#5207);
#4124=AXIS2_PLACEMENT_3D('',#7579,#5208,#5209);
#4125=AXIS2_PLACEMENT_3D('',#7582,#5210,#5211);
#4126=AXIS2_PLACEMENT_3D('',#7583,#5212,#5213);
#4127=AXIS2_PLACEMENT_3D('',#7585,#5214,#5215);
#4128=AXIS2_PLACEMENT_3D('',#7829,#5216,#5217);
#4129=AXIS2_PLACEMENT_3D('',#7957,#5218,#5219);
#4130=AXIS2_PLACEMENT_3D('',#7959,#5220,#5221);
#4131=AXIS2_PLACEMENT_3D('',#7960,#5222,#5223);
#4132=AXIS2_PLACEMENT_3D('',#8085,#5224,#5225);
#4133=AXIS2_PLACEMENT_3D('',#8088,#5226,#5227);
#4134=AXIS2_PLACEMENT_3D('',#8090,#5228,#5229);
#4135=AXIS2_PLACEMENT_3D('',#8091,#5230,#5231);
#4136=AXIS2_PLACEMENT_3D('',#8092,#5232,#5233);
#4137=AXIS2_PLACEMENT_3D('',#8093,#5234,#5235);
#4138=AXIS2_PLACEMENT_3D('',#8095,#5237,#5238);
#4139=AXIS2_PLACEMENT_3D('',#8097,#5239,#5240);
#4140=AXIS2_PLACEMENT_3D('',#8099,#5242,#5243);
#4141=AXIS2_PLACEMENT_3D('',#8102,#5245,#5246);
#4142=AXIS2_PLACEMENT_3D('',#8103,#5247,#5248);
#4143=AXIS2_PLACEMENT_3D('',#8106,#5250,#5251);
#4144=AXIS2_PLACEMENT_3D('',#8107,#5252,#5253);
#4145=AXIS2_PLACEMENT_3D('',#8109,#5254,#5255);
#4146=AXIS2_PLACEMENT_3D('',#8112,#5257,#5258);
#4147=AXIS2_PLACEMENT_3D('',#8113,#5259,#5260);
#4148=AXIS2_PLACEMENT_3D('',#8116,#5262,#5263);
#4149=AXIS2_PLACEMENT_3D('',#8117,#5264,#5265);
#4150=AXIS2_PLACEMENT_3D('',#8118,#5266,#5267);
#4151=AXIS2_PLACEMENT_3D('',#8119,#5268,#5269);
#4152=AXIS2_PLACEMENT_3D('',#8120,#5270,#5271);
#4153=AXIS2_PLACEMENT_3D('',#8121,#5272,#5273);
#4154=AXIS2_PLACEMENT_3D('',#8124,#5274,#5275);
#4155=AXIS2_PLACEMENT_3D('',#8126,#5276,#5277);
#4156=AXIS2_PLACEMENT_3D('',#8370,#5278,#5279);
#4157=AXIS2_PLACEMENT_3D('',#8371,#5280,#5281);
#4158=AXIS2_PLACEMENT_3D('',#8623,#5282,#5283);
#4159=AXIS2_PLACEMENT_3D('',#8625,#5284,#5285);
#4160=AXIS2_PLACEMENT_3D('',#8626,#5286,#5287);
#4161=AXIS2_PLACEMENT_3D('',#8627,#5288,#5289);
#4162=AXIS2_PLACEMENT_3D('',#8630,#5290,#5291);
#4163=AXIS2_PLACEMENT_3D('',#8632,#5292,#5293);
#4164=AXIS2_PLACEMENT_3D('',#8633,#5294,#5295);
#4165=AXIS2_PLACEMENT_3D('',#8634,#5296,#5297);
#4166=AXIS2_PLACEMENT_3D('',#8635,#5298,#5299);
#4167=AXIS2_PLACEMENT_3D('',#8637,#5301,#5302);
#4168=AXIS2_PLACEMENT_3D('',#8639,#5303,#5304);
#4169=AXIS2_PLACEMENT_3D('',#8641,#5306,#5307);
#4170=AXIS2_PLACEMENT_3D('',#8644,#5309,#5310);
#4171=AXIS2_PLACEMENT_3D('',#8645,#5311,#5312);
#4172=AXIS2_PLACEMENT_3D('',#8648,#5314,#5315);
#4173=AXIS2_PLACEMENT_3D('',#8649,#5316,#5317);
#4174=AXIS2_PLACEMENT_3D('',#8651,#5318,#5319);
#4175=AXIS2_PLACEMENT_3D('',#8654,#5321,#5322);
#4176=AXIS2_PLACEMENT_3D('',#8655,#5323,#5324);
#4177=AXIS2_PLACEMENT_3D('',#8658,#5326,#5327);
#4178=AXIS2_PLACEMENT_3D('',#8659,#5328,#5329);
#4179=AXIS2_PLACEMENT_3D('',#8660,#5330,#5331);
#4180=AXIS2_PLACEMENT_3D('',#8661,#5332,#5333);
#4181=AXIS2_PLACEMENT_3D('',#8662,#5334,#5335);
#4182=DIRECTION('axis',(0.,0.,1.));
#4183=DIRECTION('refdir',(1.,0.,0.));
#4184=DIRECTION('center_axis',(-4.97663662004962E-15,1.,1.48262156455349E-15));
#4185=DIRECTION('ref_axis',(0.,-9.86864910777917E-16,1.));
#4186=DIRECTION('center_axis',(0.,-1.,0.));
#4187=DIRECTION('ref_axis',(-2.77555756156289E-15,0.,1.));
#4188=DIRECTION('center_axis',(-1.,-4.97663662004962E-15,-6.13908506752422E-30));
#4189=DIRECTION('ref_axis',(0.,1.2335811384724E-15,-1.));
#4190=DIRECTION('center_axis',(0.,-1.,2.22044604925031E-16));
#4191=DIRECTION('ref_axis',(0.,2.22044604925031E-16,1.));
#4192=DIRECTION('center_axis',(0.,1.,-2.22044604925031E-16));
#4193=DIRECTION('ref_axis',(0.,2.22044604925031E-16,1.));
#4194=DIRECTION('',(0.,-1.,2.22044604925031E-16));
#4195=DIRECTION('center_axis',(0.,1.,-2.22044604925031E-16));
#4196=DIRECTION('ref_axis',(0.,2.22044604925031E-16,1.));
#4197=DIRECTION('center_axis',(0.,1.,-2.22044604925031E-16));
#4198=DIRECTION('ref_axis',(0.,2.22044604925031E-16,1.));
#4199=DIRECTION('center_axis',(2.40933816122717E-16,1.,0.));
#4200=DIRECTION('ref_axis',(-1.,2.40933816122717E-16,0.));
#4201=DIRECTION('',(-0.258819045098633,-0.96592582629011,3.16961915138415E-17));
#4202=DIRECTION('center_axis',(2.40933816122717E-16,1.,0.));
#4203=DIRECTION('ref_axis',(-1.,2.40933816122717E-16,0.));
#4204=DIRECTION('center_axis',(0.,1.,0.));
#4205=DIRECTION('ref_axis',(0.,0.,1.));
#4206=DIRECTION('center_axis',(0.,1.,0.));
#4207=DIRECTION('ref_axis',(0.,0.,1.));
#4208=DIRECTION('center_axis',(0.,0.,1.));
#4209=DIRECTION('ref_axis',(1.,0.,0.));
#4210=DIRECTION('center_axis',(0.,0.,-1.));
#4211=DIRECTION('ref_axis',(1.,0.,0.));
#4212=DIRECTION('',(0.,0.,-1.));
#4213=DIRECTION('center_axis',(0.,0.,1.));
#4214=DIRECTION('ref_axis',(1.,0.,0.));
#4215=DIRECTION('center_axis',(0.,0.,1.));
#4216=DIRECTION('ref_axis',(1.,0.,0.));
#4217=DIRECTION('',(0.707106781186547,8.65956056235493E-17,-0.707106781186547));
#4218=DIRECTION('center_axis',(0.,0.,1.));
#4219=DIRECTION('ref_axis',(1.,0.,0.));
#4220=DIRECTION('center_axis',(0.,0.,1.));
#4221=DIRECTION('ref_axis',(1.,0.,0.));
#4222=DIRECTION('center_axis',(0.,0.,1.));
#4223=DIRECTION('ref_axis',(1.,0.,0.));
#4224=DIRECTION('center_axis',(0.,0.,1.));
#4225=DIRECTION('ref_axis',(1.,0.,0.));
#4226=DIRECTION('center_axis',(0.,0.,1.));
#4227=DIRECTION('ref_axis',(1.,0.,0.));
#4228=DIRECTION('center_axis',(0.,0.,1.));
#4229=DIRECTION('ref_axis',(1.,0.,0.));
#4230=DIRECTION('center_axis',(0.,0.,1.));
#4231=DIRECTION('ref_axis',(1.,0.,0.));
#4232=DIRECTION('center_axis',(0.,0.,1.));
#4233=DIRECTION('ref_axis',(1.,0.,0.));
#4234=DIRECTION('center_axis',(0.,0.,1.));
#4235=DIRECTION('ref_axis',(1.,0.,0.));
#4236=DIRECTION('center_axis',(0.,0.,1.));
#4237=DIRECTION('ref_axis',(1.,0.,0.));
#4238=DIRECTION('center_axis',(0.,0.,1.));
#4239=DIRECTION('ref_axis',(1.,0.,0.));
#4240=DIRECTION('center_axis',(0.,0.,1.));
#4241=DIRECTION('ref_axis',(1.,0.,0.));
#4242=DIRECTION('',(0.,0.,1.));
#4243=DIRECTION('center_axis',(0.,0.,-1.));
#4244=DIRECTION('ref_axis',(1.,0.,0.));
#4245=DIRECTION('',(0.,0.,1.));
#4246=DIRECTION('center_axis',(0.,0.,1.));
#4247=DIRECTION('ref_axis',(1.,0.,0.));
#4248=DIRECTION('center_axis',(0.,0.,1.));
#4249=DIRECTION('ref_axis',(1.,0.,0.));
#4250=DIRECTION('center_axis',(0.,0.,1.));
#4251=DIRECTION('ref_axis',(1.,0.,0.));
#4252=DIRECTION('',(0.,0.,-1.));
#4253=DIRECTION('center_axis',(0.,0.,-1.));
#4254=DIRECTION('ref_axis',(1.,0.,0.));
#4255=DIRECTION('',(0.,0.,-1.));
#4256=DIRECTION('center_axis',(0.,0.,-1.));
#4257=DIRECTION('ref_axis',(-1.,0.,0.));
#4258=DIRECTION('center_axis',(0.,0.,-1.));
#4259=DIRECTION('ref_axis',(-1.,0.,0.));
#4260=DIRECTION('',(-1.,-3.49148133884313E-15,0.));
#4261=DIRECTION('',(0.,-1.,0.));
#4262=DIRECTION('center_axis',(0.,0.,-1.));
#4263=DIRECTION('ref_axis',(1.,0.,0.));
#4264=DIRECTION('center_axis',(0.,0.,-1.));
#4265=DIRECTION('ref_axis',(1.,5.42101086242751E-15,0.));
#4266=DIRECTION('',(0.,1.,0.));
#4267=DIRECTION('',(-1.,-3.49148133884313E-15,0.));
#4268=DIRECTION('',(1.,3.49148133884313E-15,0.));
#4269=DIRECTION('',(0.,1.,0.));
#4270=DIRECTION('center_axis',(0.,0.,-1.));
#4271=DIRECTION('ref_axis',(1.,-2.71050543121375E-15,0.));
#4272=DIRECTION('center_axis',(0.,0.,-1.));
#4273=DIRECTION('ref_axis',(1.,0.,0.));
#4274=DIRECTION('',(0.,-1.,0.));
#4275=DIRECTION('',(1.,3.49148133884313E-15,0.));
#4276=DIRECTION('center_axis',(0.,0.,-1.));
#4277=DIRECTION('ref_axis',(1.,0.,0.));
#4278=DIRECTION('center_axis',(0.,0.,-1.));
#4279=DIRECTION('ref_axis',(1.,0.,0.));
#4280=DIRECTION('center_axis',(0.,0.,1.));
#4281=DIRECTION('ref_axis',(1.,0.,0.));
#4282=DIRECTION('',(0.,0.,-1.));
#4283=DIRECTION('center_axis',(0.,0.,1.));
#4284=DIRECTION('ref_axis',(1.,0.,0.));
#4285=DIRECTION('center_axis',(0.,0.,1.));
#4286=DIRECTION('ref_axis',(1.,0.,0.));
#4287=DIRECTION('',(0.,0.,-1.));
#4288=DIRECTION('center_axis',(0.,0.,1.));
#4289=DIRECTION('ref_axis',(1.,0.,0.));
#4290=DIRECTION('',(0.,0.,1.));
#4291=DIRECTION('center_axis',(0.,0.,1.));
#4292=DIRECTION('ref_axis',(1.,0.,0.));
#4293=DIRECTION('',(0.,0.,-1.));
#4294=DIRECTION('center_axis',(0.,0.,1.));
#4295=DIRECTION('ref_axis',(1.,0.,0.));
#4296=DIRECTION('',(0.,0.,1.));
#4297=DIRECTION('center_axis',(0.,0.,1.));
#4298=DIRECTION('ref_axis',(1.,0.,0.));
#4299=DIRECTION('center_axis',(0.,0.,1.));
#4300=DIRECTION('ref_axis',(1.,0.,0.));
#4301=DIRECTION('',(0.,0.,1.));
#4302=DIRECTION('center_axis',(0.,0.,1.));
#4303=DIRECTION('ref_axis',(1.,0.,0.));
#4304=DIRECTION('center_axis',(0.,0.,1.));
#4305=DIRECTION('ref_axis',(1.,0.,0.));
#4306=DIRECTION('',(0.,0.,-1.));
#4307=DIRECTION('center_axis',(-2.94325002638623E-15,2.94325002638694E-15,
1.));
#4308=DIRECTION('ref_axis',(0.965608616365898,-0.259999999999876,3.33066907387765E-15));
#4309=DIRECTION('center_axis',(0.,0.,1.));
#4310=DIRECTION('ref_axis',(-0.755415232778004,0.655246385787021,0.));
#4311=DIRECTION('center_axis',(0.,0.,1.));
#4312=DIRECTION('ref_axis',(1.,0.,0.));
#4313=DIRECTION('',(0.,0.,-1.));
#4314=DIRECTION('center_axis',(0.,0.,1.));
#4315=DIRECTION('ref_axis',(1.,0.,0.));
#4316=DIRECTION('center_axis',(0.,0.,1.));
#4317=DIRECTION('ref_axis',(1.,0.,0.));
#4318=DIRECTION('',(0.,0.,1.));
#4319=DIRECTION('center_axis',(-2.15653696841501E-15,-3.72996308435863E-15,
1.));
#4320=DIRECTION('ref_axis',(-0.259999999999879,-0.965608616365897,-3.88578058619059E-15));
#4321=DIRECTION('center_axis',(0.,0.,1.));
#4322=DIRECTION('ref_axis',(1.,0.,0.));
#4323=DIRECTION('center_axis',(0.,0.,1.));
#4324=DIRECTION('ref_axis',(1.,0.,0.));
#4325=DIRECTION('',(0.,0.,-1.));
#4326=DIRECTION('center_axis',(0.,0.,1.));
#4327=DIRECTION('ref_axis',(-0.755415232778,-0.655246385787026,0.));
#4328=DIRECTION('center_axis',(0.,0.,1.));
#4329=DIRECTION('ref_axis',(1.,0.,0.));
#4330=DIRECTION('',(0.,0.,1.));
#4331=DIRECTION('center_axis',(2.15653696841315E-15,-3.72996308435834E-15,
1.));
#4332=DIRECTION('ref_axis',(-0.965608616365901,0.259999999999866,2.77555756156476E-15));
#4333=DIRECTION('center_axis',(0.,0.,1.));
#4334=DIRECTION('ref_axis',(1.,0.,0.));
#4335=DIRECTION('center_axis',(0.,0.,1.));
#4336=DIRECTION('ref_axis',(1.,0.,0.));
#4337=DIRECTION('',(0.,0.,1.));
#4338=DIRECTION('center_axis',(-2.94325002638704E-15,-2.94325002638632E-15,
1.));
#4339=DIRECTION('ref_axis',(0.259999999999886,0.965608616365896,3.3306690738776E-15));
#4340=DIRECTION('center_axis',(-1.07381408947652E-25,-1.,-6.288372600417E-13));
#4341=DIRECTION('ref_axis',(-1.,1.07381408947652E-25,6.75254309820588E-38));
#4342=DIRECTION('center_axis',(-1.,0.,0.));
#4343=DIRECTION('ref_axis',(0.,0.,1.));
#4344=DIRECTION('',(0.,0.,-1.));
#4345=DIRECTION('',(0.,-1.,0.));
#4346=DIRECTION('center_axis',(1.,5.42101086242745E-15,5.87747175411136E-29));
#4347=DIRECTION('ref_axis',(-5.42101086242745E-15,1.,1.08420217248551E-14));
#4348=DIRECTION('center_axis',(1.75224593533011E-16,0.,1.));
#4349=DIRECTION('ref_axis',(1.,0.,-1.75224593533011E-16));
#4350=DIRECTION('',(-1.,0.,1.75224593533011E-16));
#4351=DIRECTION('',(0.,-1.,0.));
#4352=DIRECTION('center_axis',(-1.,-1.08420217247495E-14,-6.288372600417E-13));
#4353=DIRECTION('ref_axis',(-1.08420217247529E-14,1.,5.42101086242754E-15));
#4354=DIRECTION('center_axis',(-3.49148133884313E-15,1.,-2.22044604925031E-16));
#4355=DIRECTION('ref_axis',(-1.,-3.49148133884313E-15,0.));
#4356=DIRECTION('',(7.75264594486543E-31,-2.22044604925031E-16,-1.));
#4357=DIRECTION('',(-1.,-3.49148133884313E-15,0.));
#4358=DIRECTION('center_axis',(1.,0.,0.));
#4359=DIRECTION('ref_axis',(0.,0.,-1.));
#4360=DIRECTION('',(0.,1.,0.));
#4361=DIRECTION('center_axis',(0.,-1.,0.));
#4362=DIRECTION('ref_axis',(1.,0.,0.));
#4363=DIRECTION('center_axis',(1.75224593533011E-16,0.,1.));
#4364=DIRECTION('ref_axis',(1.,0.,-1.75224593533011E-16));
#4365=DIRECTION('',(0.,1.,0.));
#4366=DIRECTION('',(-1.,0.,1.75224593533011E-16));
#4367=DIRECTION('center_axis',(1.07381408947653E-25,1.,-6.288372600417E-13));
#4368=DIRECTION('ref_axis',(1.,-1.07381408947653E-25,6.75254309820592E-38));
#4369=DIRECTION('center_axis',(1.,0.,0.));
#4370=DIRECTION('ref_axis',(0.,0.,-1.));
#4371=DIRECTION('',(0.,0.,-1.));
#4372=DIRECTION('',(0.,1.,0.));
#4373=DIRECTION('center_axis',(3.49148133884313E-15,-1.,2.22044604925031E-16));
#4374=DIRECTION('ref_axis',(1.,3.49148133884313E-15,0.));
#4375=DIRECTION('',(1.,3.49148133884313E-15,0.));
#4376=DIRECTION('center_axis',(-1.,-1.0842021724855E-14,-5.42101086242746E-15));
#4377=DIRECTION('ref_axis',(1.0842021724855E-14,-1.,5.42101086242754E-15));
#4378=DIRECTION('center_axis',(1.75224593533011E-16,0.,1.));
#4379=DIRECTION('ref_axis',(1.,0.,-1.75224593533011E-16));
#4380=DIRECTION('',(0.,1.,0.));
#4381=DIRECTION('',(1.,0.,-1.75224593533011E-16));
#4382=DIRECTION('center_axis',(-1.,0.,0.));
#4383=DIRECTION('ref_axis',(0.,0.,1.));
#4384=DIRECTION('',(0.,-1.,0.));
#4385=DIRECTION('',(0.,0.,1.));
#4386=DIRECTION('center_axis',(-5.42101086242757E-15,1.,-5.42101086242758E-15));
#4387=DIRECTION('ref_axis',(-1.,-5.42101086242763E-15,-1.0842021724855E-14));
#4388=DIRECTION('center_axis',(1.75224593533011E-16,0.,1.));
#4389=DIRECTION('ref_axis',(1.,0.,-1.75224593533011E-16));
#4390=DIRECTION('',(0.,-1.,0.));
#4391=DIRECTION('',(1.,0.,-1.75224593533011E-16));
#4392=DIRECTION('center_axis',(1.,1.62630325871771E-14,-6.23416249179273E-13));
#4393=DIRECTION('ref_axis',(1.62630325871771E-14,-1.,6.57154721491801E-38));
#4394=DIRECTION('center_axis',(0.,1.,-2.22044604925031E-16));
#4395=DIRECTION('ref_axis',(0.,2.22044604925031E-16,1.));
#4396=DIRECTION('center_axis',(-0.707106781186571,-0.707106781186524,-7.14885438615595E-14));
#4397=DIRECTION('ref_axis',(0.707106781186524,-0.707106781186571,3.41978596099065E-13));
#4398=DIRECTION('center_axis',(-3.49148133884313E-15,1.,-2.22044604925031E-16));
#4399=DIRECTION('ref_axis',(-1.,-3.49148133884313E-15,0.));
#4400=DIRECTION('',(-1.,-3.49148133884313E-15,0.));
#4401=DIRECTION('center_axis',(1.,3.49148133884313E-15,-1.75224593533012E-16));
#4402=DIRECTION('ref_axis',(-3.49148133884313E-15,1.,-3.38101026480017E-31));
#4403=DIRECTION('center_axis',(1.,3.49148133884313E-15,-1.75224593533012E-16));
#4404=DIRECTION('ref_axis',(-3.49148133884313E-15,1.,-3.38101026480017E-31));
#4405=DIRECTION('center_axis',(-0.707106781186544,0.707106781186551,-1.00981575409828E-14));
#4406=DIRECTION('ref_axis',(0.707106781186551,0.707106781186544,-2.79081352446766E-13));
#4407=DIRECTION('center_axis',(0.,-1.,2.22044604925031E-16));
#4408=DIRECTION('ref_axis',(0.,-2.22044604925031E-16,-1.));
#4409=DIRECTION('center_axis',(0.,-1.,2.22044604925031E-16));
#4410=DIRECTION('ref_axis',(0.,-2.22044604925031E-16,-1.));
#4411=DIRECTION('center_axis',(0.707106781186541,0.707106781186555,-8.09455485427989E-15));
#4412=DIRECTION('ref_axis',(0.707106781186554,-0.707106781186541,4.91441990567633E-14));
#4413=DIRECTION('center_axis',(-1.,-3.49148133884313E-15,1.75224593533012E-16));
#4414=DIRECTION('ref_axis',(3.49148133884313E-15,-1.,3.38101026480017E-31));
#4415=DIRECTION('center_axis',(3.49148133884313E-15,-1.,2.22044604925031E-16));
#4416=DIRECTION('ref_axis',(1.,3.49148133884313E-15,0.));
#4417=DIRECTION('',(1.,3.49148133884313E-15,0.));
#4418=DIRECTION('center_axis',(0.,1.,-2.22044604925031E-16));
#4419=DIRECTION('ref_axis',(0.,2.22044604925031E-16,1.));
#4420=DIRECTION('center_axis',(-0.707106781186552,0.707106781186543,-3.52634072859717E-15));
#4421=DIRECTION('ref_axis',(0.707106781186543,0.707106781186552,3.49716650171718E-13));
#4422=DIRECTION('center_axis',(-1.,-3.49148133884313E-15,1.75224593533012E-16));
#4423=DIRECTION('ref_axis',(3.49148133884313E-15,-1.,3.38101026480017E-31));
#4424=DIRECTION('center_axis',(-5.96304712280574E-16,-1.,1.60543576383226E-15));
#4425=DIRECTION('ref_axis',(0.,-9.86864910777913E-16,-1.));
#4426=DIRECTION('center_axis',(0.,-1.,2.22044604925031E-16));
#4427=DIRECTION('ref_axis',(0.,2.22044604925031E-16,1.));
#4428=DIRECTION('center_axis',(-1.,5.96304712280574E-16,-7.35590245851522E-31));
#4429=DIRECTION('ref_axis',(0.,1.23358113847239E-15,1.));
#4430=DIRECTION('center_axis',(0.,-1.,0.));
#4431=DIRECTION('ref_axis',(0.,0.,1.));
#4432=DIRECTION('center_axis',(0.,-1.,2.22044604925031E-16));
#4433=DIRECTION('ref_axis',(0.,2.22044604925031E-16,1.));
#4434=DIRECTION('center_axis',(0.,1.,-2.22044604925031E-16));
#4435=DIRECTION('ref_axis',(0.,2.22044604925031E-16,1.));
#4436=DIRECTION('',(0.,-1.,2.22044604925031E-16));
#4437=DIRECTION('center_axis',(0.,1.,-2.22044604925031E-16));
#4438=DIRECTION('ref_axis',(0.,2.22044604925031E-16,1.));
#4439=DIRECTION('center_axis',(0.,1.,-2.22044604925031E-16));
#4440=DIRECTION('ref_axis',(0.,2.22044604925031E-16,1.));
#4441=DIRECTION('center_axis',(2.40933816122717E-16,1.,0.));
#4442=DIRECTION('ref_axis',(-1.,2.40933816122717E-16,0.));
#4443=DIRECTION('',(-0.258819045098633,-0.96592582629011,3.16961915138415E-17));
#4444=DIRECTION('center_axis',(2.40933816122717E-16,1.,0.));
#4445=DIRECTION('ref_axis',(-1.,2.40933816122717E-16,0.));
#4446=DIRECTION('center_axis',(0.,-1.,0.));
#4447=DIRECTION('ref_axis',(0.,0.,-1.));
#4448=DIRECTION('center_axis',(0.,1.,0.));
#4449=DIRECTION('ref_axis',(0.,0.,1.));
#4450=DIRECTION('center_axis',(0.,0.,1.));
#4451=DIRECTION('ref_axis',(1.,0.,0.));
#4452=DIRECTION('center_axis',(0.,0.,-1.));
#4453=DIRECTION('ref_axis',(1.,0.,0.));
#4454=DIRECTION('',(0.,0.,-1.));
#4455=DIRECTION('center_axis',(0.,0.,1.));
#4456=DIRECTION('ref_axis',(1.,0.,0.));
#4457=DIRECTION('center_axis',(0.,0.,1.));
#4458=DIRECTION('ref_axis',(1.,0.,0.));
#4459=DIRECTION('',(0.707106781186547,8.65956056235493E-17,-0.707106781186547));
#4460=DIRECTION('center_axis',(0.,0.,1.));
#4461=DIRECTION('ref_axis',(1.,0.,0.));
#4462=DIRECTION('center_axis',(0.,0.,-1.));
#4463=DIRECTION('ref_axis',(1.,0.,0.));
#4464=DIRECTION('center_axis',(0.,0.,1.));
#4465=DIRECTION('ref_axis',(1.,0.,0.));
#4466=DIRECTION('center_axis',(0.,0.,1.));
#4467=DIRECTION('ref_axis',(-1.,0.,0.));
#4468=DIRECTION('center_axis',(0.,0.,1.));
#4469=DIRECTION('ref_axis',(1.,0.,0.));
#4470=DIRECTION('center_axis',(0.,0.,1.));
#4471=DIRECTION('ref_axis',(-1.,0.,0.));
#4472=DIRECTION('center_axis',(0.,0.,1.));
#4473=DIRECTION('ref_axis',(1.,0.,0.));
#4474=DIRECTION('center_axis',(0.,0.,1.));
#4475=DIRECTION('ref_axis',(-1.,0.,0.));
#4476=DIRECTION('center_axis',(0.,0.,1.));
#4477=DIRECTION('ref_axis',(1.,0.,0.));
#4478=DIRECTION('center_axis',(0.,0.,1.));
#4479=DIRECTION('ref_axis',(1.,0.,0.));
#4480=DIRECTION('center_axis',(0.,0.,1.));
#4481=DIRECTION('ref_axis',(1.,0.,0.));
#4482=DIRECTION('center_axis',(0.,0.,1.));
#4483=DIRECTION('ref_axis',(1.,0.,0.));
#4484=DIRECTION('',(0.,0.,1.));
#4485=DIRECTION('center_axis',(0.,0.,1.));
#4486=DIRECTION('ref_axis',(1.,0.,0.));
#4487=DIRECTION('',(0.,0.,1.));
#4488=DIRECTION('center_axis',(0.,0.,1.));
#4489=DIRECTION('ref_axis',(1.,0.,0.));
#4490=DIRECTION('center_axis',(0.,0.,1.));
#4491=DIRECTION('ref_axis',(1.,0.,0.));
#4492=DIRECTION('center_axis',(0.,0.,1.));
#4493=DIRECTION('ref_axis',(1.,0.,0.));
#4494=DIRECTION('',(0.,0.,-1.));
#4495=DIRECTION('center_axis',(0.,0.,-1.));
#4496=DIRECTION('ref_axis',(1.,0.,0.));
#4497=DIRECTION('',(0.,0.,-1.));
#4498=DIRECTION('center_axis',(0.,0.,-1.));
#4499=DIRECTION('ref_axis',(-1.,0.,0.));
#4500=DIRECTION('center_axis',(0.,0.,1.));
#4501=DIRECTION('ref_axis',(1.,0.,0.));
#4502=DIRECTION('',(0.,0.,-1.));
#4503=DIRECTION('center_axis',(0.,0.,1.));
#4504=DIRECTION('ref_axis',(1.,0.,0.));
#4505=DIRECTION('center_axis',(0.,0.,-1.));
#4506=DIRECTION('ref_axis',(-1.,0.,0.));
#4507=DIRECTION('center_axis',(0.,0.,-1.));
#4508=DIRECTION('ref_axis',(1.,0.,0.));
#4509=DIRECTION('center_axis',(0.,0.,-1.));
#4510=DIRECTION('ref_axis',(1.,5.42101086242751E-15,0.));
#4511=DIRECTION('',(0.,1.,0.));
#4512=DIRECTION('',(-1.,3.49148133884313E-15,0.));
#4513=DIRECTION('',(1.,-3.49148133884313E-15,0.));
#4514=DIRECTION('',(0.,1.,0.));
#4515=DIRECTION('center_axis',(0.,0.,1.));
#4516=DIRECTION('ref_axis',(1.,0.,0.));
#4517=DIRECTION('center_axis',(0.,0.,-1.));
#4518=DIRECTION('ref_axis',(1.,0.,0.));
#4519=DIRECTION('',(0.,-1.,0.));
#4520=DIRECTION('',(1.,-3.49148133884313E-15,0.));
#4521=DIRECTION('center_axis',(0.,0.,1.));
#4522=DIRECTION('ref_axis',(-1.,0.,0.));
#4523=DIRECTION('center_axis',(0.,0.,-1.));
#4524=DIRECTION('ref_axis',(1.,0.,0.));
#4525=DIRECTION('',(-1.,3.49148133884313E-15,0.));
#4526=DIRECTION('',(0.,-1.,0.));
#4527=DIRECTION('center_axis',(0.,0.,1.));
#4528=DIRECTION('ref_axis',(1.,0.,0.));
#4529=DIRECTION('center_axis',(0.,0.,1.));
#4530=DIRECTION('ref_axis',(1.,0.,0.));
#4531=DIRECTION('',(0.,0.,1.));
#4532=DIRECTION('',(0.,0.,-1.));
#4533=DIRECTION('center_axis',(0.,0.,1.));
#4534=DIRECTION('ref_axis',(1.,0.,0.));
#4535=DIRECTION('center_axis',(0.,0.,1.));
#4536=DIRECTION('ref_axis',(1.,0.,0.));
#4537=DIRECTION('',(0.,0.,1.));
#4538=DIRECTION('center_axis',(0.,0.,1.));
#4539=DIRECTION('ref_axis',(1.,0.,0.));
#4540=DIRECTION('center_axis',(0.,0.,1.));
#4541=DIRECTION('ref_axis',(1.,0.,0.));
#4542=DIRECTION('',(0.,0.,-1.));
#4543=DIRECTION('center_axis',(3.72996308435896E-15,-2.15653696841389E-15,
1.));
#4544=DIRECTION('ref_axis',(0.965608616365961,-0.259999999999643,-3.88578058619059E-15));
#4545=DIRECTION('center_axis',(0.,0.,1.));
#4546=DIRECTION('ref_axis',(-0.755415232778002,0.655246385787024,0.));
#4547=DIRECTION('',(0.,0.,1.));
#4548=DIRECTION('',(0.,0.,-1.));
#4549=DIRECTION('center_axis',(0.,0.,1.));
#4550=DIRECTION('ref_axis',(1.,0.,0.));
#4551=DIRECTION('center_axis',(0.,0.,1.));
#4552=DIRECTION('ref_axis',(-0.755415232778005,-0.65524638578702,0.));
#4553=DIRECTION('center_axis',(0.,0.,1.));
#4554=DIRECTION('ref_axis',(1.,0.,0.));
#4555=DIRECTION('',(0.,0.,1.));
#4556=DIRECTION('center_axis',(2.94325002638701E-15,-2.94325002638629E-15,
1.));
#4557=DIRECTION('ref_axis',(-0.96560861636596,0.259999999999647,3.33066907387764E-15));
#4558=DIRECTION('center_axis',(0.,0.,1.));
#4559=DIRECTION('ref_axis',(1.,0.,0.));
#4560=DIRECTION('center_axis',(0.,0.,1.));
#4561=DIRECTION('ref_axis',(1.,0.,0.));
#4562=DIRECTION('',(0.,0.,-1.));
#4563=DIRECTION('center_axis',(0.,0.,1.));
#4564=DIRECTION('ref_axis',(1.,0.,0.));
#4565=DIRECTION('center_axis',(0.,0.,1.));
#4566=DIRECTION('ref_axis',(1.,0.,0.));
#4567=DIRECTION('',(0.,0.,1.));
#4568=DIRECTION('center_axis',(2.15653696841312E-15,3.72996308435831E-15,
1.));
#4569=DIRECTION('ref_axis',(0.259999999999544,0.965608616365988,-3.88578058619069E-15));
#4570=DIRECTION('center_axis',(0.,-1.,0.));
#4571=DIRECTION('ref_axis',(0.,0.,-1.));
#4572=DIRECTION('center_axis',(-1.,0.,0.));
#4573=DIRECTION('ref_axis',(0.,0.,1.));
#4574=DIRECTION('',(0.,0.,-1.));
#4575=DIRECTION('',(0.,-1.,0.));
#4576=DIRECTION('center_axis',(3.49148133884313E-15,1.,-2.22044604925031E-16));
#4577=DIRECTION('ref_axis',(-1.,3.49148133884313E-15,0.));
#4578=DIRECTION('',(-1.,3.49148133884313E-15,0.));
#4579=DIRECTION('center_axis',(1.,-5.42101086232011E-15,-6.34258270904128E-13));
#4580=DIRECTION('ref_axis',(-6.34258270904128E-13,1.73472347597681E-13,
-1.));
#4581=DIRECTION('center_axis',(-1.75224593533011E-16,0.,1.));
#4582=DIRECTION('ref_axis',(1.,0.,1.75224593533011E-16));
#4583=DIRECTION('',(0.,-1.,0.));
#4584=DIRECTION('',(-1.,0.,-1.75224593533011E-16));
#4585=DIRECTION('center_axis',(0.,0.,1.));
#4586=DIRECTION('ref_axis',(1.,0.,0.));
#4587=DIRECTION('center_axis',(0.,0.,1.));
#4588=DIRECTION('ref_axis',(1.,0.,0.));
#4589=DIRECTION('',(0.,0.,1.));
#4590=DIRECTION('center_axis',(-1.,2.16840434497098E-14,-1.62630325872823E-14));
#4591=DIRECTION('ref_axis',(1.62630325872823E-14,6.00876781502482E-42,-1.));
#4592=DIRECTION('center_axis',(-1.,1.08420217247478E-14,-6.28837260041702E-13));
#4593=DIRECTION('ref_axis',(6.288372600417E-13,-1.7347234759768E-13,-1.));
#4594=DIRECTION('center_axis',(-1.75224593533011E-16,0.,1.));
#4595=DIRECTION('ref_axis',(1.,0.,1.75224593533011E-16));
#4596=DIRECTION('',(0.,1.,0.));
#4597=DIRECTION('',(1.,0.,1.75224593533011E-16));
#4598=DIRECTION('center_axis',(5.42101086242748E-15,1.,-5.42101086242747E-15));
#4599=DIRECTION('ref_axis',(4.70836284013138E-43,-5.42101086242746E-15,
-1.));
#4600=DIRECTION('center_axis',(1.,0.,0.));
#4601=DIRECTION('ref_axis',(0.,0.,-1.));
#4602=DIRECTION('',(0.,0.,-1.));
#4603=DIRECTION('',(0.,1.,0.));
#4604=DIRECTION('center_axis',(1.,0.,5.42101086242752E-15));
#4605=DIRECTION('ref_axis',(5.42101086242752E-15,0.,-1.));
#4606=DIRECTION('center_axis',(-3.49148133884313E-15,-1.,2.22044604925031E-16));
#4607=DIRECTION('ref_axis',(1.,-3.49148133884313E-15,0.));
#4608=DIRECTION('',(-7.75264594486543E-31,-2.22044604925031E-16,-1.));
#4609=DIRECTION('',(1.,-3.49148133884313E-15,0.));
#4610=DIRECTION('center_axis',(-1.,0.,0.));
#4611=DIRECTION('ref_axis',(0.,0.,1.));
#4612=DIRECTION('',(0.,-1.,0.));
#4613=DIRECTION('center_axis',(-1.07381408947653E-25,1.,-6.288372600417E-13));
#4614=DIRECTION('ref_axis',(-1.7347234759768E-13,-6.288372600417E-13,-1.));
#4615=DIRECTION('center_axis',(-1.75224593533011E-16,0.,1.));
#4616=DIRECTION('ref_axis',(1.,0.,1.75224593533011E-16));
#4617=DIRECTION('',(1.,0.,1.75224593533011E-16));
#4618=DIRECTION('',(0.,-1.,0.));
#4619=DIRECTION('center_axis',(0.,-1.,2.22044604925031E-16));
#4620=DIRECTION('ref_axis',(0.,-2.22044604925031E-16,-1.));
#4621=DIRECTION('center_axis',(-0.707106781186556,-0.707106781186539,-6.97253734972336E-15));
#4622=DIRECTION('ref_axis',(0.707106781186539,-0.707106781186556,5.17220616577911E-13));
#4623=DIRECTION('center_axis',(-1.,3.49148133884313E-15,-1.75224593533012E-16));
#4624=DIRECTION('ref_axis',(-3.49148133884313E-15,-1.,3.38101026480017E-31));
#4625=DIRECTION('center_axis',(0.,0.,1.));
#4626=DIRECTION('ref_axis',(1.,0.,0.));
#4627=DIRECTION('center_axis',(0.,0.,1.));
#4628=DIRECTION('ref_axis',(1.,0.,0.));
#4629=DIRECTION('',(0.,0.,1.));
#4630=DIRECTION('center_axis',(0.,0.,1.));
#4631=DIRECTION('ref_axis',(-0.259999999999641,-0.965608616365962,0.));
#4632=DIRECTION('center_axis',(-1.,3.49148133884313E-15,-1.75224593533012E-16));
#4633=DIRECTION('ref_axis',(-3.49148133884313E-15,-1.,3.38101026480017E-31));
#4634=DIRECTION('',(1.,-3.49148133884313E-15,1.75224593533012E-16));
#4635=DIRECTION('center_axis',(-0.707106781186561,0.707106781186534,2.13183325865108E-14));
#4636=DIRECTION('ref_axis',(0.707106781186534,0.707106781186561,-3.33815102454468E-13));
#4637=DIRECTION('',(-1.,3.49148133884313E-15,-1.75224593533012E-16));
#4638=DIRECTION('center_axis',(3.49148133884313E-15,1.,-2.22044604925031E-16));
#4639=DIRECTION('ref_axis',(-1.,3.49148133884313E-15,0.));
#4640=DIRECTION('',(-7.75264594486543E-31,-2.22044604925031E-16,-1.));
#4641=DIRECTION('center_axis',(-3.49148133884313E-15,-1.,2.22044604925031E-16));
#4642=DIRECTION('ref_axis',(1.,-3.49148133884313E-15,0.));
#4643=DIRECTION('',(1.,-3.49148133884313E-15,0.));
#4644=DIRECTION('center_axis',(1.,-3.49148133884313E-15,1.75224593533012E-16));
#4645=DIRECTION('ref_axis',(3.49148133884313E-15,1.,-3.38101026480017E-31));
#4646=DIRECTION('center_axis',(-0.707106781186562,-0.707106781186533,1.87537211475323E-14));
#4647=DIRECTION('ref_axis',(0.707106781186533,-0.707106781186562,3.56873158920281E-13));
#4648=DIRECTION('center_axis',(0.,1.,-2.22044604925031E-16));
#4649=DIRECTION('ref_axis',(0.,2.22044604925031E-16,1.));
#4650=DIRECTION('center_axis',(1.,-3.49148133884313E-15,1.75224593533012E-16));
#4651=DIRECTION('ref_axis',(3.49148133884313E-15,1.,-3.38101026480017E-31));
#4652=DIRECTION('center_axis',(0.707106781186543,-0.707106781186552,-1.43457952367931E-14));
#4653=DIRECTION('ref_axis',(0.707106781186552,0.707106781186543,4.14309762762437E-13));
#4654=DIRECTION('center_axis',(0.,-1.,2.22044604925031E-16));
#4655=DIRECTION('ref_axis',(0.,-2.22044604925031E-16,-1.));
#4656=DIRECTION('center_axis',(1.,0.,0.));
#4657=DIRECTION('ref_axis',(0.,0.,-1.));
#4658=DIRECTION('',(0.,1.,0.));
#4659=DIRECTION('center_axis',(1.07381408947652E-25,-1.,-6.288372600417E-13));
#4660=DIRECTION('ref_axis',(1.73472347597681E-13,6.288372600417E-13,-1.));
#4661=DIRECTION('center_axis',(-1.75224593533011E-16,0.,1.));
#4662=DIRECTION('ref_axis',(1.,0.,1.75224593533011E-16));
#4663=DIRECTION('',(0.,1.,0.));
#4664=DIRECTION('center_axis',(0.,1.,-2.22044604925031E-16));
#4665=DIRECTION('ref_axis',(0.,2.22044604925031E-16,1.));
#4666=DIRECTION('center_axis',(0.,1.,-4.33680868905849E-16));
#4667=DIRECTION('ref_axis',(0.,4.33680868905849E-16,1.));
#4668=DIRECTION('center_axis',(0.,1.,-2.22044604925031E-16));
#4669=DIRECTION('ref_axis',(0.,-2.22044604925031E-16,-1.));
#4670=DIRECTION('',(-8.65956056727732E-17,0.707106780784604,-0.707106781588491));
#4671=DIRECTION('center_axis',(0.,-1.,4.33680868905849E-16));
#4672=DIRECTION('ref_axis',(0.,4.33680868905849E-16,1.));
#4673=DIRECTION('center_axis',(0.,-1.,4.33680868905849E-16));
#4674=DIRECTION('ref_axis',(0.,4.33680868905849E-16,1.));
#4675=DIRECTION('center_axis',(0.,-1.,2.22044604925032E-16));
#4676=DIRECTION('ref_axis',(0.,-2.22044604925032E-16,-1.));
#4677=DIRECTION('center_axis',(0.,-1.,2.22044604925031E-16));
#4678=DIRECTION('ref_axis',(0.,2.22044604925031E-16,1.));
#4679=DIRECTION('center_axis',(0.,-1.,2.22044604925031E-16));
#4680=DIRECTION('ref_axis',(0.,2.22044604925031E-16,1.));
#4681=DIRECTION('',(-8.65956056727732E-17,-0.707106780784604,0.707106781588491));
#4682=DIRECTION('center_axis',(0.,-1.,2.22044604925032E-16));
#4683=DIRECTION('ref_axis',(0.,-2.22044604925032E-16,-1.));
#4684=DIRECTION('center_axis',(0.,-1.,2.22044604925032E-16));
#4685=DIRECTION('ref_axis',(0.,-2.22044604925032E-16,-1.));
#4686=DIRECTION('center_axis',(0.,-1.,2.22044604925031E-16));
#4687=DIRECTION('ref_axis',(0.,2.22044604925031E-16,1.));
#4688=DIRECTION('center_axis',(0.,-1.,2.22044604925031E-16));
#4689=DIRECTION('ref_axis',(0.,2.22044604925031E-16,1.));
#4690=DIRECTION('',(-8.65956056727732E-17,-0.707106780784604,0.707106781588491));
#4691=DIRECTION('center_axis',(0.,1.,-2.22044604925032E-16));
#4692=DIRECTION('ref_axis',(0.,-2.22044604925032E-16,-1.));
#4693=DIRECTION('center_axis',(0.,1.,-4.33680868905849E-16));
#4694=DIRECTION('ref_axis',(0.,4.33680868905849E-16,1.));
#4695=DIRECTION('center_axis',(0.,1.,-2.22044604925031E-16));
#4696=DIRECTION('ref_axis',(0.,-2.22044604925031E-16,-1.));
#4697=DIRECTION('',(-8.65956056727732E-17,0.707106780784604,-0.707106781588491));
#4698=DIRECTION('center_axis',(0.,1.,-4.33680868905849E-16));
#4699=DIRECTION('ref_axis',(0.,4.33680868905849E-16,1.));
#4700=DIRECTION('center_axis',(0.,1.,-4.33680868905849E-16));
#4701=DIRECTION('ref_axis',(0.,4.33680868905849E-16,1.));
#4702=DIRECTION('center_axis',(0.,1.,-2.22044604925031E-16));
#4703=DIRECTION('ref_axis',(0.,2.22044604925031E-16,1.));
#4704=DIRECTION('',(0.,1.,-2.22044604925031E-16));
#4705=DIRECTION('center_axis',(0.,1.,-2.22044604925031E-16));
#4706=DIRECTION('ref_axis',(0.,2.22044604925031E-16,1.));
#4707=DIRECTION('',(0.,1.,-2.22044604925031E-16));
#4708=DIRECTION('center_axis',(0.,0.,1.));
#4709=DIRECTION('ref_axis',(1.,0.,0.));
#4710=DIRECTION('center_axis',(0.,0.,-1.));
#4711=DIRECTION('ref_axis',(1.,0.,0.));
#4712=DIRECTION('',(0.,0.,1.));
#4713=DIRECTION('center_axis',(0.,0.,1.));
#4714=DIRECTION('ref_axis',(1.,0.,0.));
#4715=DIRECTION('',(0.,0.,-1.));
#4716=DIRECTION('center_axis',(0.,0.,1.));
#4717=DIRECTION('ref_axis',(1.,0.,0.));
#4718=DIRECTION('center_axis',(0.,0.,1.));
#4719=DIRECTION('ref_axis',(1.,0.,0.));
#4720=DIRECTION('',(0.,0.,1.));
#4721=DIRECTION('center_axis',(0.,0.,1.));
#4722=DIRECTION('ref_axis',(1.,0.,0.));
#4723=DIRECTION('',(0.,0.,-1.));
#4724=DIRECTION('center_axis',(0.,-1.,0.));
#4725=DIRECTION('ref_axis',(0.,0.,-1.));
#4726=DIRECTION('',(0.,0.,1.));
#4727=DIRECTION('center_axis',(0.,1.,-2.22044604925031E-16));
#4728=DIRECTION('ref_axis',(0.,-2.22044604925031E-16,-1.));
#4729=DIRECTION('',(-1.,0.,0.));
#4730=DIRECTION('center_axis',(0.,1.,-2.22044604925031E-16));
#4731=DIRECTION('ref_axis',(0.,-2.22044604925031E-16,-1.));
#4732=DIRECTION('',(0.,0.,-1.));
#4733=DIRECTION('center_axis',(0.,1.,-2.22044604925031E-16));
#4734=DIRECTION('ref_axis',(0.,-2.22044604925031E-16,-1.));
#4735=DIRECTION('',(1.,0.,1.44560289664734E-16));
#4736=DIRECTION('',(0.,0.,-1.));
#4737=DIRECTION('',(-1.,0.,0.));
#4738=DIRECTION('center_axis',(0.,1.,-2.22044604925031E-16));
#4739=DIRECTION('ref_axis',(0.,2.22044604925031E-16,1.));
#4740=DIRECTION('',(0.,0.,-1.));
#4741=DIRECTION('center_axis',(0.,1.,-2.22044604925031E-16));
#4742=DIRECTION('ref_axis',(0.,-2.22044604925031E-16,-1.));
#4743=DIRECTION('',(1.,0.,0.));
#4744=DIRECTION('center_axis',(0.,1.,-2.22044604925031E-16));
#4745=DIRECTION('ref_axis',(7.80625564189565E-14,-2.22044604925031E-16,
-1.));
#4746=DIRECTION('',(0.,0.,1.));
#4747=DIRECTION('center_axis',(0.,1.,-2.22044604925031E-16));
#4748=DIRECTION('ref_axis',(0.,-2.22044604925031E-16,-1.));
#4749=DIRECTION('',(-1.,0.,0.));
#4750=DIRECTION('',(0.,0.,1.));
#4751=DIRECTION('',(1.,0.,-1.44560289664734E-16));
#4752=DIRECTION('center_axis',(0.,1.,-2.22044604925031E-16));
#4753=DIRECTION('ref_axis',(0.,2.22044604925031E-16,1.));
#4754=DIRECTION('center_axis',(-1.,0.,0.));
#4755=DIRECTION('ref_axis',(0.,0.,1.));
#4756=DIRECTION('',(0.,1.,0.));
#4757=DIRECTION('',(0.,-1.,0.));
#4758=DIRECTION('',(0.,0.,-1.));
#4759=DIRECTION('',(0.,1.,0.));
#4760=DIRECTION('',(0.,-1.,0.));
#4761=DIRECTION('center_axis',(1.,0.,0.));
#4762=DIRECTION('ref_axis',(0.,2.77555756156289E-15,1.));
#4763=DIRECTION('',(0.,0.,1.));
#4764=DIRECTION('',(0.,0.,1.));
#4765=DIRECTION('center_axis',(1.,0.,0.));
#4766=DIRECTION('ref_axis',(0.,1.,-6.93889390390718E-15));
#4767=DIRECTION('center_axis',(1.,0.,0.));
#4768=DIRECTION('ref_axis',(0.,0.,-1.));
#4769=DIRECTION('',(0.,-1.,0.));
#4770=DIRECTION('',(0.,0.,-1.));
#4771=DIRECTION('',(0.,1.,0.));
#4772=DIRECTION('center_axis',(1.75224593533011E-16,0.,1.));
#4773=DIRECTION('ref_axis',(1.,0.,-1.75224593533011E-16));
#4774=DIRECTION('',(0.,1.,0.));
#4775=DIRECTION('',(0.,-1.,0.));
#4776=DIRECTION('center_axis',(0.,0.,1.));
#4777=DIRECTION('ref_axis',(-1.,4.93432455388956E-15,0.));
#4778=DIRECTION('',(-1.,0.,1.75224593533011E-16));
#4779=DIRECTION('center_axis',(1.48906415739384E-15,1.48906415739384E-15,
1.));
#4780=DIRECTION('ref_axis',(-4.93432455388961E-15,1.,-1.2335811384724E-15));
#4781=DIRECTION('',(1.,0.,-1.75224593533011E-16));
#4782=DIRECTION('center_axis',(0.,3.33600668466228E-16,-1.));
#4783=DIRECTION('ref_axis',(0.,1.,3.33600668466228E-16));
#4784=DIRECTION('',(0.,1.,0.));
#4785=DIRECTION('center_axis',(0.,3.33600668437054E-16,-1.));
#4786=DIRECTION('ref_axis',(0.,1.,3.33600668437054E-16));
#4787=DIRECTION('',(-1.,0.,1.75224593533011E-16));
#4788=DIRECTION('',(-0.707106781186548,-0.707106781186547,2.81889616222983E-16));
#4789=DIRECTION('',(0.,-1.,0.));
#4790=DIRECTION('',(0.707106781186547,-0.707106781186547,-2.81889616222983E-16));
#4791=DIRECTION('center_axis',(-1.,0.,0.));
#4792=DIRECTION('ref_axis',(0.,0.,1.));
#4793=DIRECTION('',(0.,-1.,0.));
#4794=DIRECTION('',(0.,0.,1.));
#4795=DIRECTION('',(0.,1.,0.));
#4796=DIRECTION('center_axis',(1.,0.,0.));
#4797=DIRECTION('ref_axis',(0.,0.,-1.));
#4798=DIRECTION('',(0.,-1.,0.));
#4799=DIRECTION('center_axis',(-1.,-6.70078870827241E-15,6.70078870827238E-15));
#4800=DIRECTION('ref_axis',(-5.55111512312572E-15,1.11022302462514E-14,
-1.));
#4801=DIRECTION('',(0.,0.,-1.));
#4802=DIRECTION('',(0.,0.,-1.));
#4803=DIRECTION('center_axis',(-1.,-6.70078870827241E-15,-6.70078870827242E-15));
#4804=DIRECTION('ref_axis',(-5.55111512312573E-15,1.,1.04083408558607E-14));
#4805=DIRECTION('',(0.,1.,0.));
#4806=DIRECTION('',(0.,-1.,0.));
#4807=DIRECTION('',(0.,0.,1.));
#4808=DIRECTION('',(0.,1.,0.));
#4809=DIRECTION('center_axis',(-1.31418445149758E-16,0.,-1.));
#4810=DIRECTION('ref_axis',(-1.,0.,1.31418445149758E-16));
#4811=DIRECTION('',(0.,1.,0.));
#4812=DIRECTION('',(0.,-1.,0.));
#4813=DIRECTION('center_axis',(0.,0.,-1.));
#4814=DIRECTION('ref_axis',(1.,1.23358113847239E-15,0.));
#4815=DIRECTION('',(1.,0.,-1.31418445149758E-16));
#4816=DIRECTION('center_axis',(0.,0.,-1.));
#4817=DIRECTION('ref_axis',(6.16790569236199E-16,1.,0.));
#4818=DIRECTION('center_axis',(-1.,-3.83291945663334E-14,4.59272271389268E-14));
#4819=DIRECTION('ref_axis',(4.44089209850092E-14,0.,1.));
#4820=DIRECTION('center_axis',(1.,0.,0.));
#4821=DIRECTION('ref_axis',(0.,0.,1.));
#4822=DIRECTION('center_axis',(0.,1.,1.22464679914735E-16));
#4823=DIRECTION('ref_axis',(0.,1.22464679914735E-16,-1.));
#4824=DIRECTION('center_axis',(0.,6.12323399573677E-17,-1.));
#4825=DIRECTION('ref_axis',(0.,1.,6.12323399573677E-17));
#4826=DIRECTION('center_axis',(0.,-1.,2.22044604925031E-16));
#4827=DIRECTION('ref_axis',(0.,-2.22044604925031E-16,-1.));
#4828=DIRECTION('',(0.,1.,-2.22044604925031E-16));
#4829=DIRECTION('center_axis',(0.,-1.,2.22044604925031E-16));
#4830=DIRECTION('ref_axis',(0.,-2.22044604925031E-16,-1.));
#4831=DIRECTION('center_axis',(0.,-1.,2.22044604925031E-16));
#4832=DIRECTION('ref_axis',(0.,-2.22044604925031E-16,-1.));
#4833=DIRECTION('center_axis',(0.,0.,1.));
#4834=DIRECTION('ref_axis',(1.,0.,0.));
#4835=DIRECTION('center_axis',(0.,0.,1.));
#4836=DIRECTION('ref_axis',(1.,0.,0.));
#4837=DIRECTION('',(0.,0.,1.));
#4838=DIRECTION('center_axis',(0.,0.,-1.));
#4839=DIRECTION('ref_axis',(1.,0.,0.));
#4840=DIRECTION('center_axis',(0.,-1.,2.22044604925031E-16));
#4841=DIRECTION('ref_axis',(0.,-2.22044604925031E-16,-1.));
#4842=DIRECTION('center_axis',(0.,-1.,2.22044604925031E-16));
#4843=DIRECTION('ref_axis',(0.,-2.22044604925031E-16,-1.));
#4844=DIRECTION('center_axis',(0.,1.,-2.22044604925031E-16));
#4845=DIRECTION('ref_axis',(0.,2.22044604925031E-16,1.));
#4846=DIRECTION('',(0.,-1.,2.22044604925031E-16));
#4847=DIRECTION('center_axis',(0.,-1.,2.22044604925031E-16));
#4848=DIRECTION('ref_axis',(0.,2.22044604925031E-16,1.));
#4849=DIRECTION('center_axis',(-1.,0.,0.));
#4850=DIRECTION('ref_axis',(0.,0.,1.));
#4851=DIRECTION('center_axis',(1.,0.,0.));
#4852=DIRECTION('ref_axis',(0.,0.,1.));
#4853=DIRECTION('center_axis',(0.,-6.12323399573677E-17,1.));
#4854=DIRECTION('ref_axis',(0.,1.,6.12323399573677E-17));
#4855=DIRECTION('center_axis',(0.,0.,-1.));
#4856=DIRECTION('ref_axis',(-1.,0.,0.));
#4857=DIRECTION('',(0.,0.,1.));
#4858=DIRECTION('center_axis',(0.,0.,1.));
#4859=DIRECTION('ref_axis',(-1.,0.,0.));
#4860=DIRECTION('center_axis',(1.08420216959197E-15,1.18611717669625E-12,
1.));
#4861=DIRECTION('ref_axis',(-1.,-1.73472347597679E-14,1.08420216961255E-15));
#4862=DIRECTION('center_axis',(0.,0.,-1.));
#4863=DIRECTION('ref_axis',(-1.,0.,0.));
#4864=DIRECTION('',(0.,0.,1.));
#4865=DIRECTION('center_axis',(0.,1.,0.));
#4866=DIRECTION('ref_axis',(0.,0.,1.));
#4867=DIRECTION('center_axis',(0.,1.,-2.22044604925031E-16));
#4868=DIRECTION('ref_axis',(0.,-2.22044604925031E-16,-1.));
#4869=DIRECTION('',(1.,0.,0.));
#4870=DIRECTION('',(-1.,0.,0.));
#4871=DIRECTION('center_axis',(0.,1.,-2.22044604925031E-16));
#4872=DIRECTION('ref_axis',(0.,-2.22044604925031E-16,-1.));
#4873=DIRECTION('',(0.,0.,1.));
#4874=DIRECTION('center_axis',(0.,0.,1.));
#4875=DIRECTION('ref_axis',(1.,0.,0.));
#4876=DIRECTION('center_axis',(1.,-6.12323399573677E-17,-1.75224593533011E-16));
#4877=DIRECTION('ref_axis',(6.12323399573677E-17,1.,-1.07294118801049E-32));
#4878=DIRECTION('center_axis',(0.,-1.,2.22044604925031E-16));
#4879=DIRECTION('ref_axis',(0.,-2.22044604925031E-16,-1.));
#4880=DIRECTION('center_axis',(0.,-1.,2.22044604925031E-16));
#4881=DIRECTION('ref_axis',(0.,-2.22044604925031E-16,-1.));
#4882=DIRECTION('center_axis',(-1.13363443244286E-14,1.35292484255384E-14,
1.));
#4883=DIRECTION('ref_axis',(1.,0.,1.15463194561018E-14));
#4884=DIRECTION('center_axis',(-1.,6.12323399573677E-17,1.75224593533011E-16));
#4885=DIRECTION('ref_axis',(6.12323399573677E-17,1.,-1.07294118801049E-32));
#4886=DIRECTION('center_axis',(-1.75224593533011E-16,0.,-1.));
#4887=DIRECTION('ref_axis',(1.,0.,-1.75224593533011E-16));
#4888=DIRECTION('center_axis',(1.,0.,-1.75224593533011E-16));
#4889=DIRECTION('ref_axis',(-1.75224593533011E-16,0.,-1.));
#4890=DIRECTION('',(1.,0.,-1.75224593533011E-16));
#4891=DIRECTION('center_axis',(0.499999999999994,0.499999999999994,0.707106781186556));
#4892=DIRECTION('ref_axis',(-2.77555756156289E-17,-0.816496580927733,0.577350269189616));
#4893=DIRECTION('',(-0.707106781186548,0.707106781186547,0.));
#4894=DIRECTION('',(-0.28108463771483,-0.678598344545853,0.678598344545837));
#4895=DIRECTION('',(0.678598344545849,0.281084637714834,-0.678598344545839));
#4896=DIRECTION('center_axis',(1.2390249831785E-16,0.707106781186541,0.707106781186554));
#4897=DIRECTION('ref_axis',(0.,-0.707106781186554,0.707106781186541));
#4898=DIRECTION('',(1.,-8.76122967665054E-17,-8.76122967665071E-17));
#4899=DIRECTION('',(0.,-0.707106781186554,0.707106781186541));
#4900=DIRECTION('center_axis',(0.,3.33600668466228E-16,-1.));
#4901=DIRECTION('ref_axis',(0.,1.,3.33600668466228E-16));
#4902=DIRECTION('center_axis',(0.,0.,1.));
#4903=DIRECTION('ref_axis',(1.,0.,0.));
#4904=DIRECTION('',(0.707106781186555,0.,0.707106781186541));
#4905=DIRECTION('center_axis',(-0.707106781186541,1.57009245868379E-16,
0.707106781186554));
#4906=DIRECTION('ref_axis',(0.707106781186554,0.,0.707106781186541));
#4907=DIRECTION('',(1.11022302462516E-16,1.,-1.11022302462518E-16));
#4908=DIRECTION('',(0.707106781186554,0.,0.707106781186541));
#4909=DIRECTION('center_axis',(0.,3.33600668437054E-16,-1.));
#4910=DIRECTION('ref_axis',(0.,1.,3.33600668437054E-16));
#4911=DIRECTION('center_axis',(0.,0.,1.));
#4912=DIRECTION('ref_axis',(1.,0.,0.));
#4913=DIRECTION('',(-1.29893408435325E-16,0.707106781186553,0.707106781186543));
#4914=DIRECTION('center_axis',(1.33606887031035E-16,-0.707106781186541,
0.707106781186554));
#4915=DIRECTION('ref_axis',(0.,-0.707106781186554,-0.707106781186541));
#4916=DIRECTION('',(-1.,-9.44743358328692E-17,9.4474335832871E-17));
#4917=DIRECTION('',(-0.281084637714823,0.678598344545853,0.67859834454584));
#4918=DIRECTION('center_axis',(0.499999999999994,-0.499999999999994,0.707106781186555));
#4919=DIRECTION('ref_axis',(0.816496580927732,0.,-0.577350269189617));
#4920=DIRECTION('',(0.707106781186548,0.707106781186547,0.));
#4921=DIRECTION('',(-0.67859834454585,0.281084637714829,0.67859834454584));
#4922=DIRECTION('center_axis',(0.707106781186544,1.57009245868378E-16,0.707106781186552));
#4923=DIRECTION('ref_axis',(0.707106781186551,-1.23259516440783E-32,-0.707106781186544));
#4924=DIRECTION('',(1.11022302462516E-16,-1.,1.11022302462517E-16));
#4925=DIRECTION('center_axis',(0.,-1.,0.));
#4926=DIRECTION('ref_axis',(0.,0.,-1.));
#4927=DIRECTION('',(-1.,0.,0.));
#4928=DIRECTION('center_axis',(0.,1.,-2.22044604925031E-16));
#4929=DIRECTION('ref_axis',(0.,-2.22044604925031E-16,-1.));
#4930=DIRECTION('',(0.,0.,-1.));
#4931=DIRECTION('center_axis',(0.,1.,-2.22044604925031E-16));
#4932=DIRECTION('ref_axis',(0.,-2.22044604925031E-16,-1.));
#4933=DIRECTION('',(1.,0.,0.));
#4934=DIRECTION('center_axis',(0.,1.,-2.22044604925031E-16));
#4935=DIRECTION('ref_axis',(0.,2.22044604925031E-16,1.));
#4936=DIRECTION('',(0.,-1.,2.22044604925031E-16));
#4937=DIRECTION('center_axis',(0.,-1.,2.22044604925031E-16));
#4938=DIRECTION('ref_axis',(0.,2.22044604925031E-16,1.));
#4939=DIRECTION('center_axis',(1.,0.,0.));
#4940=DIRECTION('ref_axis',(0.,0.,-1.));
#4941=DIRECTION('center_axis',(-1.,0.,0.));
#4942=DIRECTION('ref_axis',(0.,0.,-1.));
#4943=DIRECTION('center_axis',(0.,-6.12323399573677E-17,-1.));
#4944=DIRECTION('ref_axis',(0.,1.,-6.12323399573677E-17));
#4945=DIRECTION('center_axis',(0.,0.,1.));
#4946=DIRECTION('ref_axis',(1.,0.,0.));
#4947=DIRECTION('',(0.,0.,-1.));
#4948=DIRECTION('center_axis',(0.,0.,-1.));
#4949=DIRECTION('ref_axis',(1.,0.,0.));
#4950=DIRECTION('center_axis',(1.35525271560687E-15,-2.43945488809237E-15,
-1.));
#4951=DIRECTION('ref_axis',(-8.67361737988405E-15,-1.,2.43945488809236E-15));
#4952=DIRECTION('center_axis',(0.,0.,1.));
#4953=DIRECTION('ref_axis',(1.,0.,0.));
#4954=DIRECTION('',(0.,0.,-1.));
#4955=DIRECTION('center_axis',(0.,0.,-1.));
#4956=DIRECTION('ref_axis',(1.,0.,0.));
#4957=DIRECTION('center_axis',(1.,-4.96054062406263E-14,-4.84703882994263E-14));
#4958=DIRECTION('ref_axis',(-4.7369515717344E-14,0.,-1.));
#4959=DIRECTION('center_axis',(-1.,0.,0.));
#4960=DIRECTION('ref_axis',(0.,0.,-1.));
#4961=DIRECTION('center_axis',(0.,1.,-1.22464679914735E-16));
#4962=DIRECTION('ref_axis',(0.,1.22464679914735E-16,1.));
#4963=DIRECTION('center_axis',(0.,-1.,2.22044604925031E-16));
#4964=DIRECTION('ref_axis',(0.,-2.22044604925031E-16,-1.));
#4965=DIRECTION('',(0.,1.,-2.22044604925031E-16));
#4966=DIRECTION('center_axis',(0.,-1.,2.22044604925031E-16));
#4967=DIRECTION('ref_axis',(0.,-2.22044604925031E-16,-1.));
#4968=DIRECTION('center_axis',(0.,-1.,2.22044604925031E-16));
#4969=DIRECTION('ref_axis',(0.,-2.22044604925031E-16,-1.));
#4970=DIRECTION('center_axis',(0.,0.,-1.));
#4971=DIRECTION('ref_axis',(-1.,0.,0.));
#4972=DIRECTION('',(0.,0.,-1.));
#4973=DIRECTION('center_axis',(0.,0.,-1.));
#4974=DIRECTION('ref_axis',(-1.,0.,0.));
#4975=DIRECTION('center_axis',(1.85408980585575E-14,-1.24666381735397E-14,
-1.));
#4976=DIRECTION('ref_axis',(-1.,0.,-1.8651746813703E-14));
#4977=DIRECTION('center_axis',(-1.,-6.12323399573677E-17,1.31418445149758E-16));
#4978=DIRECTION('ref_axis',(-6.12323399573642E-17,1.,2.6020852139652E-14));
#4979=DIRECTION('center_axis',(0.,0.,-1.));
#4980=DIRECTION('ref_axis',(-1.,0.,0.));
#4981=DIRECTION('center_axis',(1.,6.12323399573677E-17,-1.31418445149758E-16));
#4982=DIRECTION('ref_axis',(-6.12323399573677E-17,1.,8.04705891007867E-33));
#4983=DIRECTION('center_axis',(-1.,0.,1.31418445149758E-16));
#4984=DIRECTION('ref_axis',(1.31418445149758E-16,0.,1.));
#4985=DIRECTION('',(-1.,0.,1.31418445149758E-16));
#4986=DIRECTION('center_axis',(1.,0.,0.));
#4987=DIRECTION('ref_axis',(0.,0.,-1.));
#4988=DIRECTION('',(1.,0.,0.));
#4989=DIRECTION('center_axis',(1.,0.,0.));
#4990=DIRECTION('ref_axis',(0.,0.,-1.));
#4991=DIRECTION('',(-1.,0.,0.));
#4992=DIRECTION('center_axis',(0.,0.,1.));
#4993=DIRECTION('ref_axis',(1.,0.,0.));
#4994=DIRECTION('',(0.,1.,0.));
#4995=DIRECTION('center_axis',(0.,1.,0.));
#4996=DIRECTION('ref_axis',(0.,0.,1.));
#4997=DIRECTION('center_axis',(-1.44560289664734E-16,0.,-1.));
#4998=DIRECTION('ref_axis',(-1.,0.,1.44560289664734E-16));
#4999=DIRECTION('',(1.,0.,-1.44560289664734E-16));
#5000=DIRECTION('',(0.,-1.,0.));
#5001=DIRECTION('center_axis',(-1.,0.,1.44560289664734E-16));
#5002=DIRECTION('ref_axis',(1.44560289664734E-16,0.,1.));
#5003=DIRECTION('center_axis',(1.,2.71926214689378E-32,1.22464679914735E-16));
#5004=DIRECTION('ref_axis',(-1.22464679914735E-16,-3.33013568423603E-48,
1.));
#5005=DIRECTION('',(-1.,0.,1.44560289664734E-16));
#5006=DIRECTION('center_axis',(0.,1.,0.));
#5007=DIRECTION('ref_axis',(0.,0.,1.));
#5008=DIRECTION('',(0.,0.,-1.));
#5009=DIRECTION('center_axis',(0.,1.,0.));
#5010=DIRECTION('ref_axis',(0.,0.,1.));
#5011=DIRECTION('',(0.,0.,-1.));
#5012=DIRECTION('',(1.,0.,0.));
#5013=DIRECTION('',(0.,0.,1.));
#5014=DIRECTION('center_axis',(-1.,0.,0.));
#5015=DIRECTION('ref_axis',(0.,0.,1.));
#5016=DIRECTION('',(0.,0.,-1.));
#5017=DIRECTION('',(0.,1.,0.));
#5018=DIRECTION('',(0.,0.,1.));
#5019=DIRECTION('center_axis',(1.37240781327279E-17,-1.,2.22044604925031E-16));
#5020=DIRECTION('ref_axis',(0.,-2.22044604925031E-16,-1.));
#5021=DIRECTION('',(0.,-2.22044604925031E-16,-1.));
#5022=DIRECTION('',(-1.,-1.37240781327279E-17,3.04735750694183E-33));
#5023=DIRECTION('',(0.,2.22044604925031E-16,1.));
#5024=DIRECTION('center_axis',(1.,0.,0.));
#5025=DIRECTION('ref_axis',(0.,0.,-1.));
#5026=DIRECTION('',(0.,0.,-1.));
#5027=DIRECTION('',(0.,-1.,0.));
#5028=DIRECTION('',(0.,0.,1.));
#5029=DIRECTION('center_axis',(1.44560289664734E-16,0.,-1.));
#5030=DIRECTION('ref_axis',(-1.,0.,-1.44560289664734E-16));
#5031=DIRECTION('',(1.,0.,1.44560289664734E-16));
#5032=DIRECTION('',(0.,1.,0.));
#5033=DIRECTION('center_axis',(0.,0.,1.));
#5034=DIRECTION('ref_axis',(1.,0.,0.));
#5035=DIRECTION('',(0.,-1.,0.));
#5036=DIRECTION('',(-1.,0.,0.));
#5037=DIRECTION('center_axis',(-1.,0.,0.));
#5038=DIRECTION('ref_axis',(0.,0.,1.));
#5039=DIRECTION('center_axis',(-1.,2.71926214689378E-32,1.22464679914735E-16));
#5040=DIRECTION('ref_axis',(-1.22464679914735E-16,8.67361737988403E-15,
-1.));
#5041=DIRECTION('',(1.,0.,0.));
#5042=DIRECTION('center_axis',(0.,-1.,0.));
#5043=DIRECTION('ref_axis',(0.,0.,-1.));
#5044=DIRECTION('center_axis',(1.92520095147268E-15,-1.,2.54199152070888E-15));
#5045=DIRECTION('ref_axis',(-2.46716227694479E-15,-2.46716227694479E-15,
-1.));
#5046=DIRECTION('',(0.,0.,-1.));
#5047=DIRECTION('center_axis',(2.97812831478771E-15,-1.,-2.9781283147877E-15));
#5048=DIRECTION('ref_axis',(-1.,-3.08395284618099E-15,9.25185853854297E-16));
#5049=DIRECTION('',(-1.,0.,0.));
#5050=DIRECTION('center_axis',(1.,0.,1.44560289664734E-16));
#5051=DIRECTION('ref_axis',(1.44560289664734E-16,0.,-1.));
#5052=DIRECTION('center_axis',(1.,0.,1.44560289664734E-16));
#5053=DIRECTION('ref_axis',(1.44560289664734E-16,0.,-1.));
#5054=DIRECTION('center_axis',(0.,-1.,2.22044604925031E-16));
#5055=DIRECTION('ref_axis',(0.,-2.22044604925031E-16,-1.));
#5056=DIRECTION('',(0.,-1.,2.22044604925031E-16));
#5057=DIRECTION('center_axis',(0.,-1.,2.22044604925031E-16));
#5058=DIRECTION('ref_axis',(0.,-2.22044604925031E-16,-1.));
#5059=DIRECTION('center_axis',(0.,-1.,2.22044604925031E-16));
#5060=DIRECTION('ref_axis',(0.,-2.22044604925031E-16,-1.));
#5061=DIRECTION('',(0.,1.,-2.22044604925031E-16));
#5062=DIRECTION('center_axis',(0.,-1.,2.22044604925031E-16));
#5063=DIRECTION('ref_axis',(0.,-2.22044604925031E-16,-1.));
#5064=DIRECTION('center_axis',(-1.25291240825485E-15,1.,2.82573462277827E-16));
#5065=DIRECTION('ref_axis',(0.,-4.44089209850062E-16,1.));
#5066=DIRECTION('center_axis',(1.83697019872103E-16,-2.22044604925031E-16,
-1.));
#5067=DIRECTION('ref_axis',(1.,4.07889322034067E-32,1.83697019872103E-16));
#5068=DIRECTION('center_axis',(0.,0.,1.));
#5069=DIRECTION('ref_axis',(1.,0.,0.));
#5070=DIRECTION('center_axis',(0.,0.,-1.));
#5071=DIRECTION('ref_axis',(1.,0.,0.));
#5072=DIRECTION('',(0.,0.,-1.));
#5073=DIRECTION('center_axis',(-6.23331908677009E-15,1.,-9.27044902927905E-15));
#5074=DIRECTION('ref_axis',(0.,9.32587340685123E-15,1.));
#5075=DIRECTION('center_axis',(0.,0.,1.));
#5076=DIRECTION('ref_axis',(1.,0.,0.));
#5077=DIRECTION('center_axis',(0.,0.,-1.));
#5078=DIRECTION('ref_axis',(1.,0.,0.));
#5079=DIRECTION('center_axis',(0.707106781186547,0.707106781186548,-1.57009245868378E-16));
#5080=DIRECTION('ref_axis',(-0.707106781186548,0.707106781186547,-1.23259516440783E-32));
#5081=DIRECTION('',(0.707106781186548,-0.707106781186547,0.));
#5082=DIRECTION('center_axis',(0.,0.,-1.));
#5083=DIRECTION('ref_axis',(-1.,0.,0.));
#5084=DIRECTION('',(-0.707106781186548,-0.707106781186547,0.));
#5085=DIRECTION('center_axis',(0.,0.,-1.));
#5086=DIRECTION('ref_axis',(1.,0.,0.));
#5087=DIRECTION('center_axis',(0.,0.,-1.));
#5088=DIRECTION('ref_axis',(1.,-1.73472347597681E-15,0.));
#5089=DIRECTION('',(-1.,0.,0.));
#5090=DIRECTION('center_axis',(0.,0.,1.));
#5091=DIRECTION('ref_axis',(1.,0.,0.));
#5092=DIRECTION('center_axis',(0.,0.,-1.));
#5093=DIRECTION('ref_axis',(1.,-5.42101086242752E-15,0.));
#5094=DIRECTION('center_axis',(0.,0.,1.));
#5095=DIRECTION('ref_axis',(1.,0.,0.));
#5096=DIRECTION('',(1.,0.,0.));
#5097=DIRECTION('center_axis',(0.,0.,1.));
#5098=DIRECTION('ref_axis',(1.,0.,0.));
#5099=DIRECTION('center_axis',(0.,0.,-1.));
#5100=DIRECTION('ref_axis',(1.,0.,0.));
#5101=DIRECTION('center_axis',(0.,0.,1.));
#5102=DIRECTION('ref_axis',(1.,0.,0.));
#5103=DIRECTION('',(1.,0.,0.));
#5104=DIRECTION('center_axis',(0.,0.,-1.));
#5105=DIRECTION('ref_axis',(1.,1.73472347597681E-15,0.));
#5106=DIRECTION('center_axis',(0.,0.,1.));
#5107=DIRECTION('ref_axis',(1.,0.,0.));
#5108=DIRECTION('',(-1.,0.,0.));
#5109=DIRECTION('center_axis',(0.,0.,1.));
#5110=DIRECTION('ref_axis',(1.,0.,0.));
#5111=DIRECTION('center_axis',(0.,0.,1.));
#5112=DIRECTION('ref_axis',(1.,0.,0.));
#5113=DIRECTION('center_axis',(0.707106781186547,-0.707106781186548,1.57009245868378E-16));
#5114=DIRECTION('ref_axis',(0.707106781186548,0.707106781186547,-1.23259516440783E-32));
#5115=DIRECTION('center_axis',(0.,-1.,2.22044604925031E-16));
#5116=DIRECTION('ref_axis',(0.,-2.22044604925031E-16,-1.));
#5117=DIRECTION('',(0.,-1.,2.22044604925031E-16));
#5118=DIRECTION('center_axis',(0.,-1.,2.22044604925031E-16));
#5119=DIRECTION('ref_axis',(0.,-2.22044604925031E-16,-1.));
#5120=DIRECTION('center_axis',(0.,-1.,2.22044604925031E-16));
#5121=DIRECTION('ref_axis',(0.,-2.22044604925031E-16,-1.));
#5122=DIRECTION('',(0.,1.,-2.22044604925031E-16));
#5123=DIRECTION('center_axis',(0.,-1.,2.22044604925031E-16));
#5124=DIRECTION('ref_axis',(0.,-2.22044604925031E-16,-1.));
#5125=DIRECTION('center_axis',(9.7705112007737E-15,-1.,1.0488623937595E-14));
#5126=DIRECTION('ref_axis',(0.,-1.02140518265516E-14,-1.));
#5127=DIRECTION('center_axis',(-6.12323399573677E-17,-2.22044604925031E-16,
-1.));
#5128=DIRECTION('ref_axis',(-1.,1.35963107344689E-32,6.12323399573677E-17));
#5129=DIRECTION('center_axis',(0.,0.,1.));
#5130=DIRECTION('ref_axis',(1.,0.,0.));
#5131=DIRECTION('',(0.,0.,1.));
#5132=DIRECTION('center_axis',(0.,0.,-1.));
#5133=DIRECTION('ref_axis',(1.,0.,0.));
#5134=DIRECTION('center_axis',(-1.19014912489844E-14,-1.,1.60350732420482E-14));
#5135=DIRECTION('ref_axis',(0.,-1.59872115546022E-14,-1.));
#5136=DIRECTION('center_axis',(-1.,0.,0.));
#5137=DIRECTION('ref_axis',(0.,0.,1.));
#5138=DIRECTION('center_axis',(0.,0.,1.));
#5139=DIRECTION('ref_axis',(1.,0.,0.));
#5140=DIRECTION('',(0.,0.,1.));
#5141=DIRECTION('center_axis',(0.,0.,1.));
#5142=DIRECTION('ref_axis',(1.,0.,0.));
#5143=DIRECTION('center_axis',(0.,0.,1.));
#5144=DIRECTION('ref_axis',(1.,0.,0.));
#5145=DIRECTION('center_axis',(0.,0.,-1.));
#5146=DIRECTION('ref_axis',(1.,0.,0.));
#5147=DIRECTION('',(0.,0.,-1.));
#5148=DIRECTION('center_axis',(0.,1.,0.));
#5149=DIRECTION('ref_axis',(0.,0.,1.));
#5150=DIRECTION('',(0.,0.,1.));
#5151=DIRECTION('',(-1.,0.,0.));
#5152=DIRECTION('center_axis',(0.,0.,1.));
#5153=DIRECTION('ref_axis',(1.,0.,0.));
#5154=DIRECTION('center_axis',(0.,0.,-1.));
#5155=DIRECTION('ref_axis',(1.,0.,0.));
#5156=DIRECTION('',(0.,0.,-1.));
#5157=DIRECTION('center_axis',(0.,0.,1.));
#5158=DIRECTION('ref_axis',(1.,0.,0.));
#5159=DIRECTION('',(0.,0.,1.));
#5160=DIRECTION('center_axis',(0.,0.,1.));
#5161=DIRECTION('ref_axis',(1.,0.,0.));
#5162=DIRECTION('center_axis',(0.,0.,1.));
#5163=DIRECTION('ref_axis',(-0.946228744653904,0.323498319610315,0.));
#5164=DIRECTION('center_axis',(0.,0.,-1.));
#5165=DIRECTION('ref_axis',(1.,0.,0.));
#5166=DIRECTION('',(0.,0.,-1.));
#5167=DIRECTION('center_axis',(-3.66360221277945E-16,-1.,2.22044604925031E-16));
#5168=DIRECTION('ref_axis',(1.,-3.66360221277945E-16,0.));
#5169=DIRECTION('',(1.,-3.66360221277945E-16,0.));
#5170=DIRECTION('center_axis',(0.,0.,1.));
#5171=DIRECTION('ref_axis',(-0.946228744653904,-0.323498319610314,0.));
#5172=DIRECTION('center_axis',(0.,0.,1.));
#5173=DIRECTION('ref_axis',(1.,0.,0.));
#5174=DIRECTION('',(0.,0.,1.));
#5175=DIRECTION('',(0.,0.,-1.));
#5176=DIRECTION('center_axis',(0.,0.,1.));
#5177=DIRECTION('ref_axis',(1.,0.,0.));
#5178=DIRECTION('',(0.,0.,1.));
#5179=DIRECTION('center_axis',(0.,0.,-1.));
#5180=DIRECTION('ref_axis',(1.,0.,0.));
#5181=DIRECTION('center_axis',(0.,0.,1.));
#5182=DIRECTION('ref_axis',(1.,0.,0.));
#5183=DIRECTION('center_axis',(0.,0.,1.));
#5184=DIRECTION('ref_axis',(1.,0.,0.));
#5185=DIRECTION('',(0.,0.,-1.));
#5186=DIRECTION('center_axis',(0.,-1.,0.));
#5187=DIRECTION('ref_axis',(0.,0.,-1.));
#5188=DIRECTION('',(0.,0.,1.));
#5189=DIRECTION('',(-1.,0.,0.));
#5190=DIRECTION('center_axis',(0.,0.,1.));
#5191=DIRECTION('ref_axis',(1.,0.,0.));
#5192=DIRECTION('center_axis',(0.,0.,1.));
#5193=DIRECTION('ref_axis',(1.,0.,0.));
#5194=DIRECTION('',(0.,0.,-1.));
#5195=DIRECTION('center_axis',(0.,0.,1.));
#5196=DIRECTION('ref_axis',(1.,0.,0.));
#5197=DIRECTION('center_axis',(0.,0.,-1.));
#5198=DIRECTION('ref_axis',(1.,1.73472347597681E-15,0.));
#5199=DIRECTION('center_axis',(-1.83180110638972E-16,1.,-2.22044604925031E-16));
#5200=DIRECTION('ref_axis',(0.,2.22044604925031E-16,1.));
#5201=DIRECTION('',(-1.,-1.83180110638972E-16,4.0674155296954E-32));
#5202=DIRECTION('center_axis',(1.,0.,0.));
#5203=DIRECTION('ref_axis',(0.,0.,-1.));
#5204=DIRECTION('center_axis',(0.,0.,-1.));
#5205=DIRECTION('ref_axis',(-1.,0.,0.));
#5206=DIRECTION('center_axis',(0.,0.,1.));
#5207=DIRECTION('ref_axis',(1.,0.,0.));
#5208=DIRECTION('center_axis',(2.82965469840137E-15,-2.96885785573007E-15,
1.));
#5209=DIRECTION('ref_axis',(1.,0.,-2.96059473233376E-15));
#5210=DIRECTION('center_axis',(0.,0.,1.));
#5211=DIRECTION('ref_axis',(-1.,0.,0.));
#5212=DIRECTION('center_axis',(0.,0.,1.));
#5213=DIRECTION('ref_axis',(-1.,0.,0.));
#5214=DIRECTION('center_axis',(8.240235870677E-30,1.,2.96885785573007E-15));
#5215=DIRECTION('ref_axis',(-1.,0.,2.7755575615629E-15));
#5216=DIRECTION('center_axis',(-5.58412439593829E-16,-2.0741033470628E-16,
1.));
#5217=DIRECTION('ref_axis',(1.,0.,7.105427357601E-16));
#5218=DIRECTION('center_axis',(1.84217383308898E-31,-1.,-2.0741033470628E-16));
#5219=DIRECTION('ref_axis',(-1.,0.,-8.88178419700125E-16));
#5220=DIRECTION('center_axis',(1.31418445149758E-16,0.,1.));
#5221=DIRECTION('ref_axis',(1.,0.,-1.31418445149758E-16));
#5222=DIRECTION('center_axis',(1.31418445149758E-16,0.,1.));
#5223=DIRECTION('ref_axis',(1.,0.,-1.31418445149758E-16));
#5224=DIRECTION('center_axis',(-1.,0.,0.));
#5225=DIRECTION('ref_axis',(0.,0.,1.));
#5226=DIRECTION('center_axis',(0.,0.,1.));
#5227=DIRECTION('ref_axis',(-1.,0.,0.));
#5228=DIRECTION('center_axis',(1.,0.,0.));
#5229=DIRECTION('ref_axis',(0.,0.,1.));
#5230=DIRECTION('center_axis',(0.,1.,1.03257349760524E-16));
#5231=DIRECTION('ref_axis',(0.,1.03257349760524E-16,-1.));
#5232=DIRECTION('center_axis',(0.,0.,1.));
#5233=DIRECTION('ref_axis',(-1.,0.,0.));
#5234=DIRECTION('center_axis',(0.,0.,-1.));
#5235=DIRECTION('ref_axis',(-1.,0.,0.));
#5236=DIRECTION('',(0.,0.,1.));
#5237=DIRECTION('center_axis',(-1.31418445149758E-16,0.,-1.));
#5238=DIRECTION('ref_axis',(-1.,0.,1.31418445149758E-16));
#5239=DIRECTION('center_axis',(1.31418445149758E-16,0.,1.));
#5240=DIRECTION('ref_axis',(-1.,0.,1.31418445149758E-16));
#5241=DIRECTION('',(1.31418445149758E-16,0.,1.));
#5242=DIRECTION('center_axis',(0.,1.,-2.22044604925031E-16));
#5243=DIRECTION('ref_axis',(0.,2.22044604925031E-16,1.));
#5244=DIRECTION('',(0.,-1.,2.22044604925031E-16));
#5245=DIRECTION('center_axis',(0.,1.,-2.22044604925031E-16));
#5246=DIRECTION('ref_axis',(0.,2.22044604925031E-16,1.));
#5247=DIRECTION('center_axis',(-6.776263578133E-18,1.,-1.69406589453325E-16));
#5248=DIRECTION('ref_axis',(-4.59177480803317E-35,1.69406589453325E-16,
1.));
#5249=DIRECTION('',(9.13871475507546E-17,-0.707106781186547,0.707106781186548));
#5250=DIRECTION('center_axis',(-6.776263578133E-18,1.,-1.69406589453325E-16));
#5251=DIRECTION('ref_axis',(-4.10866799367152E-44,1.69406589453325E-16,
1.));
#5252=DIRECTION('center_axis',(-1.31418445149758E-16,1.,-2.22044604925031E-16));
#5253=DIRECTION('ref_axis',(-2.91807567331399E-32,2.22044604925031E-16,
1.));
#5254=DIRECTION('center_axis',(-1.31418445149758E-16,1.,-2.22044604925031E-16));
#5255=DIRECTION('ref_axis',(-1.64214663788064E-47,2.22044604925031E-16,
1.));
#5256=DIRECTION('',(1.31418445149758E-16,-1.,2.22044604925031E-16));
#5257=DIRECTION('center_axis',(-1.31418445149758E-16,1.,-2.22044604925031E-16));
#5258=DIRECTION('ref_axis',(8.81502026313599E-33,2.22044604925031E-16,1.));
#5259=DIRECTION('center_axis',(0.,1.,-8.67361738031265E-16));
#5260=DIRECTION('ref_axis',(0.,8.67361738031265E-16,1.));
#5261=DIRECTION('',(3.16961915106295E-17,-0.965925826297138,0.258819045072406));
#5262=DIRECTION('center_axis',(0.,1.,-8.67361738031265E-16));
#5263=DIRECTION('ref_axis',(0.,8.67361738031265E-16,1.));
#5264=DIRECTION('center_axis',(0.,1.,0.));
#5265=DIRECTION('ref_axis',(0.,0.,1.));
#5266=DIRECTION('center_axis',(1.31418445149758E-16,-1.,2.22044604925031E-16));
#5267=DIRECTION('ref_axis',(0.,-2.22044604925031E-16,-1.));
#5268=DIRECTION('center_axis',(1.31418445149758E-16,0.,1.));
#5269=DIRECTION('ref_axis',(1.,0.,-1.31418445149758E-16));
#5270=DIRECTION('center_axis',(1.31418445149758E-16,0.,1.));
#5271=DIRECTION('ref_axis',(1.,0.,-1.31418445149758E-16));
#5272=DIRECTION('center_axis',(-2.82965469840137E-15,2.96885785573006E-15,
1.));
#5273=DIRECTION('ref_axis',(1.,0.,2.96059473233376E-15));
#5274=DIRECTION('center_axis',(0.,0.,1.));
#5275=DIRECTION('ref_axis',(-1.,0.,0.));
#5276=DIRECTION('center_axis',(8.24023587067699E-30,1.,-2.96885785573006E-15));
#5277=DIRECTION('ref_axis',(-1.,0.,-2.7755575615629E-15));
#5278=DIRECTION('center_axis',(0.,0.,1.));
#5279=DIRECTION('ref_axis',(-1.,0.,0.));
#5280=DIRECTION('center_axis',(5.5841243959383E-16,2.07410334706271E-16,
1.));
#5281=DIRECTION('ref_axis',(1.,0.,-7.10542735760106E-16));
#5282=DIRECTION('center_axis',(1.84217383308891E-31,-1.,2.07410334706271E-16));
#5283=DIRECTION('ref_axis',(-1.,0.,8.88178419700132E-16));
#5284=DIRECTION('center_axis',(-1.31418445149758E-16,0.,1.));
#5285=DIRECTION('ref_axis',(-1.,0.,-1.31418445149758E-16));
#5286=DIRECTION('center_axis',(-1.31418445149758E-16,0.,1.));
#5287=DIRECTION('ref_axis',(-1.,0.,-1.31418445149758E-16));
#5288=DIRECTION('center_axis',(-1.,0.,0.));
#5289=DIRECTION('ref_axis',(0.,0.,1.));
#5290=DIRECTION('center_axis',(0.,0.,1.));
#5291=DIRECTION('ref_axis',(-1.,0.,0.));
#5292=DIRECTION('center_axis',(1.,0.,0.));
#5293=DIRECTION('ref_axis',(0.,0.,1.));
#5294=DIRECTION('center_axis',(0.,1.,1.03257349760524E-16));
#5295=DIRECTION('ref_axis',(0.,1.03257349760524E-16,-1.));
#5296=DIRECTION('center_axis',(0.,0.,1.));
#5297=DIRECTION('ref_axis',(-1.,0.,0.));
#5298=DIRECTION('center_axis',(0.,0.,-1.));
#5299=DIRECTION('ref_axis',(-1.,0.,0.));
#5300=DIRECTION('',(0.,0.,1.));
#5301=DIRECTION('center_axis',(1.31418445149758E-16,0.,-1.));
#5302=DIRECTION('ref_axis',(-1.,0.,-1.31418445149758E-16));
#5303=DIRECTION('center_axis',(-1.31418445149758E-16,0.,1.));
#5304=DIRECTION('ref_axis',(-1.,0.,-1.31418445149758E-16));
#5305=DIRECTION('',(-1.31418445149758E-16,0.,1.));
#5306=DIRECTION('center_axis',(0.,1.,-2.22044604925031E-16));
#5307=DIRECTION('ref_axis',(0.,2.22044604925031E-16,1.));
#5308=DIRECTION('',(0.,-1.,2.22044604925031E-16));
#5309=DIRECTION('center_axis',(0.,1.,-2.22044604925031E-16));
#5310=DIRECTION('ref_axis',(0.,2.22044604925031E-16,1.));
#5311=DIRECTION('center_axis',(-6.77626357813299E-18,1.,-1.69406589453325E-16));
#5312=DIRECTION('ref_axis',(-4.59177480803317E-35,1.69406589453325E-16,
1.));
#5313=DIRECTION('',(9.13871475507546E-17,-0.707106781186547,0.707106781186548));
#5314=DIRECTION('center_axis',(-6.77626357813299E-18,1.,-1.69406589453325E-16));
#5315=DIRECTION('ref_axis',(-4.10868509936566E-44,1.69406589453325E-16,
1.));
#5316=DIRECTION('center_axis',(1.31418445149758E-16,1.,-2.22044604925031E-16));
#5317=DIRECTION('ref_axis',(2.91807567331399E-32,2.22044604925031E-16,1.));
#5318=DIRECTION('center_axis',(1.31418445149758E-16,1.,-2.22044604925031E-16));
#5319=DIRECTION('ref_axis',(1.64214663788064E-47,2.22044604925031E-16,1.));
#5320=DIRECTION('',(-1.31418445149758E-16,-1.,2.22044604925031E-16));
#5321=DIRECTION('center_axis',(1.31418445149758E-16,1.,-2.22044604925031E-16));
#5322=DIRECTION('ref_axis',(-8.81502026313599E-33,2.22044604925031E-16,
1.));
#5323=DIRECTION('center_axis',(0.,1.,-8.67361738031265E-16));
#5324=DIRECTION('ref_axis',(0.,8.67361738031265E-16,1.));
#5325=DIRECTION('',(3.16961915106295E-17,-0.965925826297138,0.258819045072406));
#5326=DIRECTION('center_axis',(0.,1.,-8.67361738031265E-16));
#5327=DIRECTION('ref_axis',(0.,8.67361738031265E-16,1.));
#5328=DIRECTION('center_axis',(0.,1.,0.));
#5329=DIRECTION('ref_axis',(0.,0.,1.));
#5330=DIRECTION('center_axis',(-1.31418445149758E-16,-1.,2.22044604925031E-16));
#5331=DIRECTION('ref_axis',(0.,-2.22044604925031E-16,-1.));
#5332=DIRECTION('center_axis',(-1.31418445149758E-16,0.,1.));
#5333=DIRECTION('ref_axis',(1.,0.,1.31418445149758E-16));
#5334=DIRECTION('center_axis',(-1.31418445149758E-16,0.,1.));
#5335=DIRECTION('ref_axis',(1.,0.,1.31418445149758E-16));
#5336=CARTESIAN_POINT('',(0.,0.,0.));
#5337=CARTESIAN_POINT('Origin',(5.5,3.45,1.21972744404619E-16));
#5338=CARTESIAN_POINT('',(5.5,3.5,-0.4));
#5339=CARTESIAN_POINT('Origin',(5.5,3.5,1.38777878078145E-16));
#5340=CARTESIAN_POINT('',(5.5,3.45,-0.45));
#5341=CARTESIAN_POINT('Origin',(5.5,3.45,-0.4));
#5342=CARTESIAN_POINT('Origin',(5.5,3.45,-2.02125473277756E-16));
#5343=CARTESIAN_POINT('Origin',(5.5,-5.27279220613579,1.73472347597681E-15));
#5344=CARTESIAN_POINT('',(5.5,-1.69999999999998,-0.449999999999999));
#5345=CARTESIAN_POINT('',(5.5,-5.27279220613579,-0.449999999999998));
#5346=CARTESIAN_POINT('',(5.94999999998117,-1.69999999999494,1.62540426139321E-15));
#5347=CARTESIAN_POINT('Origin',(5.5,-1.69999999999998,9.41404242086152E-16));
#5348=CARTESIAN_POINT('Origin',(5.5,-1.69999999999998,9.41404242086152E-16));
#5349=CARTESIAN_POINT('Origin',(5.5,-1.70000000002801,1.68051336735253E-15));
#5350=CARTESIAN_POINT('',(5.86961524224921,-2.00000000000955,1.63524855501887E-15));
#5351=CARTESIAN_POINT('',(5.9499999999723,-1.70000000002801,1.62540426139429E-15));
#5352=CARTESIAN_POINT('Origin',(5.5,-2.00000000000955,1.68051336735253E-15));
#5353=CARTESIAN_POINT('Origin',(5.5,3.5,0.));
#5354=CARTESIAN_POINT('Origin',(-3.46944695195361E-15,-2.,4.025));
#5355=CARTESIAN_POINT('Origin',(2.5,2.55,2.05));
#5356=CARTESIAN_POINT('',(1.25,2.55,3.05));
#5357=CARTESIAN_POINT('Origin',(2.5,2.55,3.05));
#5358=CARTESIAN_POINT('',(1.25,2.55,2.3));
#5359=CARTESIAN_POINT('',(1.25,2.55,2.05));
#5360=CARTESIAN_POINT('Origin',(2.5,2.55,2.3));
#5361=CARTESIAN_POINT('Origin',(2.5,2.55,2.2999999998774));
#5362=CARTESIAN_POINT('',(1.50000000005434,2.55,2.04999999996858));
#5363=CARTESIAN_POINT('',(1.25000000014551,2.55,2.2999999998774));
#5364=CARTESIAN_POINT('',(1.5100337979075,2.40869565217391,2.04999999997268));
#5365=CARTESIAN_POINT('Origin',(2.5,2.55,2.049999999997));
#5366=CARTESIAN_POINT('',(2.35869565217574,1.56003379792033,2.04999999997268));
#5367=CARTESIAN_POINT('Origin',(2.5,2.55,2.04999999994016));
#5368=CARTESIAN_POINT('',(2.64130434782608,1.5600337979075,2.04999999997268));
#5369=CARTESIAN_POINT('Origin',(2.5,2.55,2.049999999997));
#5370=CARTESIAN_POINT('',(3.48996620207967,2.40869565217575,2.04999999997268));
#5371=CARTESIAN_POINT('Origin',(2.5,2.55,2.04999999994016));
#5372=CARTESIAN_POINT('',(3.48996620209249,2.69130434782609,2.04999999997268));
#5373=CARTESIAN_POINT('Origin',(2.5,2.55,2.049999999997));
#5374=CARTESIAN_POINT('',(2.64130434782425,3.53996620207967,2.04999999997268));
#5375=CARTESIAN_POINT('Origin',(2.5,2.55,2.04999999994016));
#5376=CARTESIAN_POINT('',(2.35869565217391,3.5399662020925,2.04999999997268));
#5377=CARTESIAN_POINT('Origin',(2.5,2.55,2.049999999997));
#5378=CARTESIAN_POINT('',(1.51003379792033,2.69130434782425,2.04999999997268));
#5379=CARTESIAN_POINT('Origin',(2.5,2.55,2.04999999994016));
#5380=CARTESIAN_POINT('Origin',(2.5,2.55,2.049999999997));
#5381=CARTESIAN_POINT('Origin',(3.41076890592509,2.42,-5.77842712474619));
#5382=CARTESIAN_POINT('',(3.4899662020925,2.40869565217392,-1.45));
#5383=CARTESIAN_POINT('',(3.4907689059251,2.42,-1.45));
#5384=CARTESIAN_POINT('Origin',(3.41076890592509,2.42,-1.45));
#5385=CARTESIAN_POINT('',(3.41076890592509,2.5,-1.45));
#5386=CARTESIAN_POINT('Origin',(3.41076890592509,2.42,-1.45));
#5387=CARTESIAN_POINT('',(3.41076890592509,2.5,2.05));
#5388=CARTESIAN_POINT('',(3.41076890592509,2.5,-5.77842712474619));
#5389=CARTESIAN_POINT('Origin',(3.41076890592509,2.42,2.05));
#5390=CARTESIAN_POINT('',(3.4899662020925,2.40869565217392,-5.77842712474619));
#5391=CARTESIAN_POINT('Origin',(3.41076890592509,2.68,-5.77842712474619));
#5392=CARTESIAN_POINT('',(3.41076890592509,2.6,-1.45));
#5393=CARTESIAN_POINT('',(3.49076890592509,2.68,-1.45));
#5394=CARTESIAN_POINT('Origin',(3.41076890592509,2.68,-1.45));
#5395=CARTESIAN_POINT('',(3.48996620209249,2.69130434782609,-1.45));
#5396=CARTESIAN_POINT('Origin',(3.41076890592509,2.68,-1.45));
#5397=CARTESIAN_POINT('',(3.48996620209249,2.69130434782609,-5.77842712474619));
#5398=CARTESIAN_POINT('',(3.41076890592509,2.6,2.05));
#5399=CARTESIAN_POINT('Origin',(3.41076890592509,2.68,2.05));
#5400=CARTESIAN_POINT('',(3.41076890592509,2.6,-5.77842712474619));
#5401=CARTESIAN_POINT('Origin',(2.5,2.55,3.05));
#5402=CARTESIAN_POINT('Origin',(2.5,2.55,2.05));
#5403=CARTESIAN_POINT('',(2.45,2.6,2.05));
#5404=CARTESIAN_POINT('',(1.5892310940749,2.6,2.05));
#5405=CARTESIAN_POINT('',(3.75,2.60000000000001,2.05));
#5406=CARTESIAN_POINT('',(2.45,3.4607689059251,2.05));
#5407=CARTESIAN_POINT('',(2.45,1.3,2.05));
#5408=CARTESIAN_POINT('Origin',(2.37,3.4607689059251,2.05));
#5409=CARTESIAN_POINT('',(2.55,3.4607689059251,2.05));
#5410=CARTESIAN_POINT('Origin',(2.63,3.4607689059251,2.05));
#5411=CARTESIAN_POINT('',(2.55,2.6,2.05));
#5412=CARTESIAN_POINT('',(2.55,1.3,2.05));
#5413=CARTESIAN_POINT('',(3.75,2.60000000000001,2.05));
#5414=CARTESIAN_POINT('',(2.55,2.5,2.05));
#5415=CARTESIAN_POINT('',(3.75,2.50000000000001,2.05));
#5416=CARTESIAN_POINT('',(2.55,1.6392310940749,2.05));
#5417=CARTESIAN_POINT('',(2.55,1.3,2.05));
#5418=CARTESIAN_POINT('Origin',(2.63,1.6392310940749,2.05));
#5419=CARTESIAN_POINT('',(2.45,1.6392310940749,2.05));
#5420=CARTESIAN_POINT('Origin',(2.37,1.6392310940749,2.05));
#5421=CARTESIAN_POINT('',(2.45,2.5,2.05));
#5422=CARTESIAN_POINT('',(2.45,1.3,2.05));
#5423=CARTESIAN_POINT('',(1.5892310940749,2.5,2.05));
#5424=CARTESIAN_POINT('',(3.75,2.50000000000001,2.05));
#5425=CARTESIAN_POINT('Origin',(1.5892310940749,2.42,2.05));
#5426=CARTESIAN_POINT('Origin',(1.5892310940749,2.68,2.05));
#5427=CARTESIAN_POINT('Origin',(2.5,2.55,-5.77842712474619));
#5428=CARTESIAN_POINT('',(2.64130434782608,1.5600337979075,-1.45));
#5429=CARTESIAN_POINT('',(2.64130434782608,1.5600337979075,-5.77842712474619));
#5430=CARTESIAN_POINT('Origin',(2.5,2.55,-1.45));
#5431=CARTESIAN_POINT('Origin',(2.5,2.55,-5.77842712474619));
#5432=CARTESIAN_POINT('',(1.5100337979075,2.40869565217391,-1.45));
#5433=CARTESIAN_POINT('',(1.5100337979075,2.40869565217391,-5.77842712474619));
#5434=CARTESIAN_POINT('',(2.35869565217391,1.5600337979075,-1.45));
#5435=CARTESIAN_POINT('Origin',(2.5,2.55,-1.45));
#5436=CARTESIAN_POINT('',(2.35869565217391,1.5600337979075,-5.77842712474619));
#5437=CARTESIAN_POINT('Origin',(2.5,2.55,-5.77842712474619));
#5438=CARTESIAN_POINT('',(2.35869565217391,3.5399662020925,-1.45));
#5439=CARTESIAN_POINT('',(2.35869565217391,3.5399662020925,-5.77842712474619));
#5440=CARTESIAN_POINT('',(1.5100337979075,2.69130434782608,-1.45));
#5441=CARTESIAN_POINT('Origin',(2.5,2.55,-1.45));
#5442=CARTESIAN_POINT('',(1.5100337979075,2.69130434782608,-5.77842712474619));
#5443=CARTESIAN_POINT('Origin',(2.5,2.55,-5.77842712474619));
#5444=CARTESIAN_POINT('',(2.64130434782608,3.5399662020925,-1.45));
#5445=CARTESIAN_POINT('Origin',(2.5,2.55,-1.45));
#5446=CARTESIAN_POINT('',(2.64130434782608,3.5399662020925,-5.77842712474619));
#5447=CARTESIAN_POINT('Origin',(2.63,1.6392310940749,-5.77842712474619));
#5448=CARTESIAN_POINT('',(2.55,1.6392310940749,-1.45));
#5449=CARTESIAN_POINT('Origin',(2.63,1.6392310940749,-1.45));
#5450=CARTESIAN_POINT('',(2.55,1.6392310940749,-5.77842712474619));
#5451=CARTESIAN_POINT('Ctrl Pts',(2.57065217391304,2.05501689895386,-1.95));
#5452=CARTESIAN_POINT('Ctrl Pts',(2.94198092139486,2.10801907860513,-1.95));
#5453=CARTESIAN_POINT('Ctrl Pts',(2.99498310104613,2.47934782608696,-1.95));
#5454=CARTESIAN_POINT('Ctrl Pts',(2.64130434782609,1.5600337979075,-1.95000000000011));
#5455=CARTESIAN_POINT('Ctrl Pts',(3.38396184278993,1.66603815721007,-1.9500000000001));
#5456=CARTESIAN_POINT('Ctrl Pts',(3.48996620209249,2.40869565217391,-1.95000000000012));
#5457=CARTESIAN_POINT('Ctrl Pts',(2.64130434782608,1.5600337979075,-1.45));
#5458=CARTESIAN_POINT('Ctrl Pts',(3.38396184278993,1.66603815721007,-1.44999999999998));
#5459=CARTESIAN_POINT('Ctrl Pts',(3.48996620209249,2.40869565217392,-1.45));
#5460=CARTESIAN_POINT('',(2.63000000000003,2.06719569181719,-1.95));
#5461=CARTESIAN_POINT('Ctrl Pts',(2.64130434782608,1.5600337979075,-1.45));
#5462=CARTESIAN_POINT('Ctrl Pts',(2.64130434782608,1.5600337979075,-1.5362287471252));
#5463=CARTESIAN_POINT('Ctrl Pts',(2.640746877025,1.58268011207189,-1.6165861403186));
#5464=CARTESIAN_POINT('Ctrl Pts',(2.63961269728348,1.65418273602439,-1.75068714673439));
#5465=CARTESIAN_POINT('Ctrl Pts',(2.63898273168966,1.70276477371722,-1.80460796269791));
#5466=CARTESIAN_POINT('Ctrl Pts',(2.63653050832435,1.85969010389009,-1.92510556467194));
#5467=CARTESIAN_POINT('Ctrl Pts',(2.63371662277165,1.97567251137909,-1.95));
#5468=CARTESIAN_POINT('Ctrl Pts',(2.63000000000003,2.06719569181719,-1.95));
#5469=CARTESIAN_POINT('',(2.98280430818293,2.42,-1.95));
#5470=CARTESIAN_POINT('Origin',(2.5000000000003,2.54999999999986,-1.95));
#5471=CARTESIAN_POINT('Ctrl Pts',(2.98280430818293,2.42,-1.95));
#5472=CARTESIAN_POINT('Ctrl Pts',(2.99911369505485,2.41933769960409,-1.95));
#5473=CARTESIAN_POINT('Ctrl Pts',(3.01603016571416,2.41870274087487,-1.94924121025589));
#5474=CARTESIAN_POINT('Ctrl Pts',(3.03349815365087,2.41809736860177,-1.9475375270427));
#5475=CARTESIAN_POINT('Ctrl Pts',(3.05024306560835,2.41751705531948,-1.94590436668608));
#5476=CARTESIAN_POINT('Ctrl Pts',(3.06749525137289,2.41696395552604,-1.94340217560333));
#5477=CARTESIAN_POINT('Ctrl Pts',(3.08515969869776,2.41644035442432,-1.9398553750964));
#5478=CARTESIAN_POINT('Ctrl Pts',(3.10198874346976,2.41594151592563,-1.93647631299325));
#5479=CARTESIAN_POINT('Ctrl Pts',(3.11919213843452,2.41546948058794,-1.93214825403606));
#5480=CARTESIAN_POINT('Ctrl Pts',(3.13664062991634,2.41502612011405,-1.92672004521561));
#5481=CARTESIAN_POINT('Ctrl Pts',(3.15340632251824,2.41460010933685,-1.92150425446618));
#5482=CARTESIAN_POINT('Ctrl Pts',(3.17039824259584,2.41420060195265,-1.91527184400359));
#5483=CARTESIAN_POINT('Ctrl Pts',(3.1874564021825,2.4138287470682,-1.90790187108282));
#5484=CARTESIAN_POINT('Ctrl Pts',(3.20405741313375,2.41346685767575,-1.90072940909787));
#5485=CARTESIAN_POINT('Ctrl Pts',(3.22072088406058,2.41313118713397,-1.89247862992462));
#5486=CARTESIAN_POINT('Ctrl Pts',(3.23725787529687,2.41282188080755,-1.88306388027818));
#5487=CARTESIAN_POINT('Ctrl Pts',(3.25325916847806,2.41252259412709,-1.8739541113264));
#5488=CARTESIAN_POINT('Ctrl Pts',(3.26914143625185,2.41224801329322,-1.86375381976308));
#5489=CARTESIAN_POINT('Ctrl Pts',(3.28470067604207,2.41199703546677,-1.85242189671126));
#5490=CARTESIAN_POINT('Ctrl Pts',(3.28812592328273,2.41194178462424,-1.84992726081079));
#5491=CARTESIAN_POINT('Ctrl Pts',(3.2915354077393,2.41188767206431,-1.84737795118533));
#5492=CARTESIAN_POINT('Ctrl Pts',(3.29492678289199,2.41183467609878,-1.84477383002246));
#5493=CARTESIAN_POINT('Ctrl Pts',(3.3099478991388,2.41159994578345,-1.83323962783393));
#5494=CARTESIAN_POINT('Ctrl Pts',(3.32463256394861,2.41138427650595,-1.82061560028846));
#5495=CARTESIAN_POINT('Ctrl Pts',(3.33880581724811,2.41117988388677,-1.80686016129459));
#5496=CARTESIAN_POINT('Ctrl Pts',(3.35249959078984,2.41098240584969,-1.79357006744185));
#5497=CARTESIAN_POINT('Ctrl Pts',(3.36571548351207,2.41079546650783,-1.77922293933253));
#5498=CARTESIAN_POINT('Ctrl Pts',(3.37826355364186,2.41061552516026,-1.76381578919271));
#5499=CARTESIAN_POINT('Ctrl Pts',(3.39027368422779,2.41044329795242,-1.74906914821745));
#5500=CARTESIAN_POINT('Ctrl Pts',(3.40167122587547,2.41027751499722,-1.73335086372354));
#5501=CARTESIAN_POINT('Ctrl Pts',(3.41226906810766,2.41011797401021,-1.71670072400951));
#5502=CARTESIAN_POINT('Ctrl Pts',(3.41904672552142,2.41001594247118,-1.70605242972465));
#5503=CARTESIAN_POINT('Ctrl Pts',(3.42549689499999,2.40991652228382,-1.69502389732606));
#5504=CARTESIAN_POINT('Ctrl Pts',(3.43156857595193,2.40982021284576,-1.68363664352636));
#5505=CARTESIAN_POINT('Ctrl Pts',(3.44050640394598,2.40967844037807,-1.66687401772439));
#5506=CARTESIAN_POINT('Ctrl Pts',(3.44861658240358,2.40954431927923,-1.64935122720819));
#5507=CARTESIAN_POINT('Ctrl Pts',(3.45576572591852,2.40941751797867,-1.63110191007961));
#5508=CARTESIAN_POINT('Ctrl Pts',(3.46265314049887,2.40929535885227,-1.61352069736366));
#5509=CARTESIAN_POINT('Ctrl Pts',(3.46864764186641,2.40918009362736,-1.59526448829235));
#5510=CARTESIAN_POINT('Ctrl Pts',(3.47361182399394,2.40907734208521,-1.57640610707495));
#5511=CARTESIAN_POINT('Ctrl Pts',(3.47843978897075,2.40897741004524,-1.5580651998121));
#5512=CARTESIAN_POINT('Ctrl Pts',(3.48229205770078,2.40888942560067,-1.53915440261076));
#5513=CARTESIAN_POINT('Ctrl Pts',(3.48504007032514,2.40882273772134,-1.51978926979057));
#5514=CARTESIAN_POINT('Ctrl Pts',(3.48770349561806,2.40875810257995,-1.50102022044318));
#5515=CARTESIAN_POINT('Ctrl Pts',(3.48932844826983,2.40871359519699,-1.48182458079685));
#5516=CARTESIAN_POINT('Ctrl Pts',(3.48981261972503,2.40870000510917,-1.46235447232736));
#5517=CARTESIAN_POINT('Ctrl Pts',(3.48991474201143,2.40869713866419,-1.45824780314632));
#5518=CARTESIAN_POINT('Ctrl Pts',(3.48996620209249,2.40869565217392,-1.45412908519167));
#5519=CARTESIAN_POINT('Ctrl Pts',(3.48996620209249,2.40869565217392,-1.45));
#5520=CARTESIAN_POINT('Origin',(1.5892310940749,2.42,-5.77842712474619));
#5521=CARTESIAN_POINT('',(1.5892310940749,2.5,-1.45));
#5522=CARTESIAN_POINT('Origin',(1.5892310940749,2.42,-1.45));
#5523=CARTESIAN_POINT('',(1.5892310940749,2.5,-5.77842712474619));
#5524=CARTESIAN_POINT('Origin',(2.37,1.6392310940749,-5.77842712474619));
#5525=CARTESIAN_POINT('',(2.45,1.6392310940749,-1.45));
#5526=CARTESIAN_POINT('Origin',(2.37,1.6392310940749,-1.45));
#5527=CARTESIAN_POINT('',(2.45,1.6392310940749,-5.77842712474619));
#5528=CARTESIAN_POINT('Ctrl Pts',(2.00501689895385,2.47934782608699,-1.95));
#5529=CARTESIAN_POINT('Ctrl Pts',(2.05801907860513,2.10801907860513,-1.95000000000001));
#5530=CARTESIAN_POINT('Ctrl Pts',(2.42934782608699,2.05501689895385,-1.95));
#5531=CARTESIAN_POINT('Ctrl Pts',(1.51003379790749,2.40869565217392,-1.95000000000011));
#5532=CARTESIAN_POINT('Ctrl Pts',(1.61603815721008,1.66603815721008,-1.95000000000012));
#5533=CARTESIAN_POINT('Ctrl Pts',(2.35869565217392,1.56003379790749,-1.9500000000001));
#5534=CARTESIAN_POINT('Ctrl Pts',(1.5100337979075,2.40869565217391,-1.44999999999999));
#5535=CARTESIAN_POINT('Ctrl Pts',(1.61603815721008,1.66603815721008,-1.45000000000001));
#5536=CARTESIAN_POINT('Ctrl Pts',(2.35869565217391,1.5600337979075,-1.44999999999999));
#5537=CARTESIAN_POINT('',(2.01719569181719,2.41999999999996,-1.95));
#5538=CARTESIAN_POINT('Ctrl Pts',(1.5100337979075,2.40869565217391,-1.45));
#5539=CARTESIAN_POINT('Ctrl Pts',(1.5100337979075,2.40869565217391,-1.5362287471252));
#5540=CARTESIAN_POINT('Ctrl Pts',(1.53268011207189,2.409253122975,-1.6165861403186));
#5541=CARTESIAN_POINT('Ctrl Pts',(1.60418273602438,2.41038730271652,-1.75068714673439));
#5542=CARTESIAN_POINT('Ctrl Pts',(1.65276477371721,2.41101726831034,-1.80460796269791));
#5543=CARTESIAN_POINT('Ctrl Pts',(1.80969010389008,2.41346949167565,-1.92510556467194));
#5544=CARTESIAN_POINT('Ctrl Pts',(1.92567251137909,2.41628337722835,-1.95));
#5545=CARTESIAN_POINT('Ctrl Pts',(2.01719569181719,2.41999999999996,-1.95));
#5546=CARTESIAN_POINT('',(2.37,2.06719569181707,-1.95));
#5547=CARTESIAN_POINT('Origin',(2.49999999999985,2.5499999999997,-1.95));
#5548=CARTESIAN_POINT('Ctrl Pts',(2.37,2.06719569181707,-1.95));
#5549=CARTESIAN_POINT('Ctrl Pts',(2.36933769960408,2.05088630494514,-1.95));
#5550=CARTESIAN_POINT('Ctrl Pts',(2.36870274087486,2.03396983428583,-1.94924121025589));
#5551=CARTESIAN_POINT('Ctrl Pts',(2.36809736860176,2.01650184634912,-1.9475375270427));
#5552=CARTESIAN_POINT('Ctrl Pts',(2.36751705531948,1.99975693439165,-1.94590436668607));
#5553=CARTESIAN_POINT('Ctrl Pts',(2.36696395552604,1.98250474862711,-1.94340217560333));
#5554=CARTESIAN_POINT('Ctrl Pts',(2.36644035442431,1.96484030130224,-1.9398553750964));
#5555=CARTESIAN_POINT('Ctrl Pts',(2.36594151592562,1.94801125653024,-1.93647631299325));
#5556=CARTESIAN_POINT('Ctrl Pts',(2.36546948058793,1.93080786156549,-1.93214825403606));
#5557=CARTESIAN_POINT('Ctrl Pts',(2.36502612011404,1.91335937008366,-1.92672004521561));
#5558=CARTESIAN_POINT('Ctrl Pts',(2.36460010933685,1.89659367748175,-1.92150425446617));
#5559=CARTESIAN_POINT('Ctrl Pts',(2.36420060195264,1.87960175740411,-1.91527184400357));
#5560=CARTESIAN_POINT('Ctrl Pts',(2.36382874706819,1.86254359781744,-1.90790187108278));
#5561=CARTESIAN_POINT('Ctrl Pts',(2.36346685767574,1.84594258686621,-1.90072940909785));
#5562=CARTESIAN_POINT('Ctrl Pts',(2.36313118713397,1.82927911593941,-1.89247862992461));
#5563=CARTESIAN_POINT('Ctrl Pts',(2.36282188080754,1.81274212470314,-1.88306388027818));
#5564=CARTESIAN_POINT('Ctrl Pts',(2.36252259412708,1.79674083152203,-1.87395411132645));
#5565=CARTESIAN_POINT('Ctrl Pts',(2.36224801329322,1.78085856374831,-1.86375381976319));
#5566=CARTESIAN_POINT('Ctrl Pts',(2.36199703546677,1.76529932395817,-1.85242189671143));
#5567=CARTESIAN_POINT('Ctrl Pts',(2.36194178462423,1.76187407671743,-1.8499272608109));
#5568=CARTESIAN_POINT('Ctrl Pts',(2.36188767206431,1.75846459226078,-1.84737795118539));
#5569=CARTESIAN_POINT('Ctrl Pts',(2.36183467609877,1.75507321710801,-1.84477383002246));
#5570=CARTESIAN_POINT('Ctrl Pts',(2.36159994578345,1.7400521008612,-1.83323962783393));
#5571=CARTESIAN_POINT('Ctrl Pts',(2.36138427650594,1.72536743605138,-1.82061560028846));
#5572=CARTESIAN_POINT('Ctrl Pts',(2.36117988388676,1.71119418275189,-1.80686016129459));
#5573=CARTESIAN_POINT('Ctrl Pts',(2.36098240584968,1.69750040921016,-1.79357006744185));
#5574=CARTESIAN_POINT('Ctrl Pts',(2.36079546650782,1.68428451648793,-1.77922293933253));
#5575=CARTESIAN_POINT('Ctrl Pts',(2.36061552516025,1.67173644635814,-1.76381578919271));
#5576=CARTESIAN_POINT('Ctrl Pts',(2.36044329795242,1.65972631577221,-1.74906914821745));
#5577=CARTESIAN_POINT('Ctrl Pts',(2.36027751499722,1.64832877412453,-1.73335086372355));
#5578=CARTESIAN_POINT('Ctrl Pts',(2.36011797401021,1.63773093189234,-1.71670072400952));
#5579=CARTESIAN_POINT('Ctrl Pts',(2.36001594247117,1.63095327447858,-1.70605242972466));
#5580=CARTESIAN_POINT('Ctrl Pts',(2.35991652228381,1.62450310500001,-1.69502389732606));
#5581=CARTESIAN_POINT('Ctrl Pts',(2.35982021284575,1.61843142404807,-1.68363664352636));
#5582=CARTESIAN_POINT('Ctrl Pts',(2.35967844037806,1.60949359605401,-1.66687401772439));
#5583=CARTESIAN_POINT('Ctrl Pts',(2.35954431927922,1.60138341759642,-1.64935122720819));
#5584=CARTESIAN_POINT('Ctrl Pts',(2.35941751797866,1.59423427408148,-1.63110191007961));
#5585=CARTESIAN_POINT('Ctrl Pts',(2.35929535885226,1.58734685950112,-1.61352069736366));
#5586=CARTESIAN_POINT('Ctrl Pts',(2.35918009362735,1.58135235813358,-1.59526448829235));
#5587=CARTESIAN_POINT('Ctrl Pts',(2.3590773420852,1.57638817600605,-1.57640610707495));
#5588=CARTESIAN_POINT('Ctrl Pts',(2.35897741004523,1.57156021102924,-1.5580651998121));
#5589=CARTESIAN_POINT('Ctrl Pts',(2.35888942560066,1.56770794229921,-1.53915440261075));
#5590=CARTESIAN_POINT('Ctrl Pts',(2.35882273772133,1.56495992967485,-1.51978926979057));
#5591=CARTESIAN_POINT('Ctrl Pts',(2.35875810257994,1.56229650438193,-1.50102022044317));
#5592=CARTESIAN_POINT('Ctrl Pts',(2.35871359519698,1.56067155173016,-1.48182458079684));
#5593=CARTESIAN_POINT('Ctrl Pts',(2.35870000510917,1.56018738027496,-1.46235447232735));
#5594=CARTESIAN_POINT('Ctrl Pts',(2.35869713866418,1.56008525798856,-1.45824780314631));
#5595=CARTESIAN_POINT('Ctrl Pts',(2.35869565217391,1.5600337979075,-1.45412908519167));
#5596=CARTESIAN_POINT('Ctrl Pts',(2.35869565217391,1.5600337979075,-1.45));
#5597=CARTESIAN_POINT('Origin',(2.37,3.4607689059251,-5.77842712474619));
#5598=CARTESIAN_POINT('',(2.45,3.4607689059251,-1.45));
#5599=CARTESIAN_POINT('Origin',(2.37,3.4607689059251,-1.45));
#5600=CARTESIAN_POINT('',(2.45,3.4607689059251,-5.77842712474619));
#5601=CARTESIAN_POINT('Origin',(1.5892310940749,2.68,-5.77842712474619));
#5602=CARTESIAN_POINT('',(1.5892310940749,2.6,-1.45));
#5603=CARTESIAN_POINT('Origin',(1.5892310940749,2.68,-1.45));
#5604=CARTESIAN_POINT('',(1.5892310940749,2.6,-5.77842712474619));
#5605=CARTESIAN_POINT('Ctrl Pts',(2.42934782608694,3.04498310104613,-1.95));
#5606=CARTESIAN_POINT('Ctrl Pts',(2.05801907860513,2.99198092139487,-1.94999999999999));
#5607=CARTESIAN_POINT('Ctrl Pts',(2.00501689895387,2.62065217391306,-1.95));
#5608=CARTESIAN_POINT('Ctrl Pts',(2.3586956521739,3.5399662020925,-1.95000000000011));
#5609=CARTESIAN_POINT('Ctrl Pts',(1.61603815721005,3.43396184278994,-1.95000000000009));
#5610=CARTESIAN_POINT('Ctrl Pts',(1.51003379790751,2.6913043478261,-1.95000000000011));
#5611=CARTESIAN_POINT('Ctrl Pts',(2.35869565217391,3.5399662020925,-1.44999999999999));
#5612=CARTESIAN_POINT('Ctrl Pts',(1.61603815721005,3.43396184278994,-1.44999999999998));
#5613=CARTESIAN_POINT('Ctrl Pts',(1.5100337979075,2.69130434782608,-1.45));
#5614=CARTESIAN_POINT('',(2.37,3.03280430818282,-1.95));
#5615=CARTESIAN_POINT('Ctrl Pts',(2.35869565217391,3.5399662020925,-1.45));
#5616=CARTESIAN_POINT('Ctrl Pts',(2.35869565217391,3.5399662020925,-1.53622874712513));
#5617=CARTESIAN_POINT('Ctrl Pts',(2.359253122975,3.51731988792815,-1.61658614031848));
#5618=CARTESIAN_POINT('Ctrl Pts',(2.36038730271651,3.44581726397572,-1.75068714673423));
#5619=CARTESIAN_POINT('Ctrl Pts',(2.36101726831033,3.39723522628293,-1.80460796269776));
#5620=CARTESIAN_POINT('Ctrl Pts',(2.36346949167565,3.24030989611012,-1.92510556467185));
#5621=CARTESIAN_POINT('Ctrl Pts',(2.36628337722836,3.12432748862106,-1.95));
#5622=CARTESIAN_POINT('Ctrl Pts',(2.37,3.03280430818282,-1.95));
#5623=CARTESIAN_POINT('',(2.01719569181706,2.68,-1.95));
#5624=CARTESIAN_POINT('Origin',(2.49999999999969,2.55000000000015,-1.95));
#5625=CARTESIAN_POINT('Ctrl Pts',(2.01719569181706,2.68,-1.95));
#5626=CARTESIAN_POINT('Ctrl Pts',(2.00088630494514,2.68066230039591,-1.95));
#5627=CARTESIAN_POINT('Ctrl Pts',(1.98396983428584,2.68129725912514,-1.9492412102559));
#5628=CARTESIAN_POINT('Ctrl Pts',(1.96650184634913,2.68190263139823,-1.94753752704271));
#5629=CARTESIAN_POINT('Ctrl Pts',(1.94975693439165,2.68248294468052,-1.94590436668608));
#5630=CARTESIAN_POINT('Ctrl Pts',(1.93250474862711,2.68303604447396,-1.94340217560333));
#5631=CARTESIAN_POINT('Ctrl Pts',(1.91484030130224,2.68355964557569,-1.9398553750964));
#5632=CARTESIAN_POINT('Ctrl Pts',(1.89801125653024,2.68405848407437,-1.93647631299325));
#5633=CARTESIAN_POINT('Ctrl Pts',(1.88080786156548,2.68453051941206,-1.93214825403606));
#5634=CARTESIAN_POINT('Ctrl Pts',(1.86335937008366,2.68497387988595,-1.92672004521561));
#5635=CARTESIAN_POINT('Ctrl Pts',(1.84659367748176,2.68539989066315,-1.92150425446618));
#5636=CARTESIAN_POINT('Ctrl Pts',(1.82960175740415,2.68579939804735,-1.91527184400359));
#5637=CARTESIAN_POINT('Ctrl Pts',(1.8125435978175,2.6861712529318,-1.90790187108282));
#5638=CARTESIAN_POINT('Ctrl Pts',(1.79594258686625,2.68653314232425,-1.90072940909788));
#5639=CARTESIAN_POINT('Ctrl Pts',(1.77927911593943,2.68686881286603,-1.89247862992462));
#5640=CARTESIAN_POINT('Ctrl Pts',(1.76274212470313,2.68717811919245,-1.88306388027818));
#5641=CARTESIAN_POINT('Ctrl Pts',(1.74674083152196,2.68747740587291,-1.87395411132641));
#5642=CARTESIAN_POINT('Ctrl Pts',(1.73085856374818,2.68775198670678,-1.86375381976311));
#5643=CARTESIAN_POINT('Ctrl Pts',(1.71529932395799,2.68800296453323,-1.8524218967113));
#5644=CARTESIAN_POINT('Ctrl Pts',(1.7118740767173,2.68805821537576,-1.84992726081082));
#5645=CARTESIAN_POINT('Ctrl Pts',(1.70846459226071,2.68811232793568,-1.84737795118534));
#5646=CARTESIAN_POINT('Ctrl Pts',(1.705073217108,2.68816532390122,-1.84477383002245));
#5647=CARTESIAN_POINT('Ctrl Pts',(1.6900521008612,2.68840005421655,-1.83323962783393));
#5648=CARTESIAN_POINT('Ctrl Pts',(1.67536743605139,2.68861572349405,-1.82061560028847));
#5649=CARTESIAN_POINT('Ctrl Pts',(1.66119418275189,2.68882011611323,-1.8068601612946));
#5650=CARTESIAN_POINT('Ctrl Pts',(1.64750040921017,2.68901759415031,-1.79357006744186));
#5651=CARTESIAN_POINT('Ctrl Pts',(1.63428451648794,2.68920453349217,-1.77922293933255));
#5652=CARTESIAN_POINT('Ctrl Pts',(1.62173644635816,2.68938447483974,-1.76381578919273));
#5653=CARTESIAN_POINT('Ctrl Pts',(1.60972631577222,2.68955670204758,-1.74906914821747));
#5654=CARTESIAN_POINT('Ctrl Pts',(1.59832877412454,2.68972248500278,-1.73335086372356));
#5655=CARTESIAN_POINT('Ctrl Pts',(1.58773093189235,2.68988202598979,-1.71670072400954));
#5656=CARTESIAN_POINT('Ctrl Pts',(1.58095327447858,2.68998405752883,-1.70605242972467));
#5657=CARTESIAN_POINT('Ctrl Pts',(1.57450310500001,2.69008347771618,-1.69502389732607));
#5658=CARTESIAN_POINT('Ctrl Pts',(1.56843142404807,2.69017978715424,-1.68363664352635));
#5659=CARTESIAN_POINT('Ctrl Pts',(1.55949359605401,2.69032155962193,-1.66687401772438));
#5660=CARTESIAN_POINT('Ctrl Pts',(1.55138341759642,2.69045568072077,-1.64935122720819));
#5661=CARTESIAN_POINT('Ctrl Pts',(1.54423427408148,2.69058248202133,-1.63110191007961));
#5662=CARTESIAN_POINT('Ctrl Pts',(1.53734685950112,2.69070464114773,-1.61352069736366));
#5663=CARTESIAN_POINT('Ctrl Pts',(1.53135235813358,2.69081990637264,-1.59526448829235));
#5664=CARTESIAN_POINT('Ctrl Pts',(1.52638817600605,2.69092265791479,-1.57640610707494));
#5665=CARTESIAN_POINT('Ctrl Pts',(1.52156021102924,2.69102258995476,-1.5580651998121));
#5666=CARTESIAN_POINT('Ctrl Pts',(1.51770794229922,2.69111057439933,-1.53915440261076));
#5667=CARTESIAN_POINT('Ctrl Pts',(1.51495992967485,2.69117726227866,-1.51978926979057));
#5668=CARTESIAN_POINT('Ctrl Pts',(1.51229650438194,2.69124189742005,-1.50102022044318));
#5669=CARTESIAN_POINT('Ctrl Pts',(1.51067155173016,2.69128640480301,-1.48182458079686));
#5670=CARTESIAN_POINT('Ctrl Pts',(1.51018738027497,2.69129999489082,-1.46235447232737));
#5671=CARTESIAN_POINT('Ctrl Pts',(1.51008525798857,2.69130286133581,-1.45824780314633));
#5672=CARTESIAN_POINT('Ctrl Pts',(1.51003379790751,2.69130434782608,-1.45412908519168));
#5673=CARTESIAN_POINT('Ctrl Pts',(1.51003379790751,2.69130434782608,-1.45));
#5674=CARTESIAN_POINT('Origin',(2.63,3.4607689059251,-5.77842712474619));
#5675=CARTESIAN_POINT('',(2.55,3.4607689059251,-1.45));
#5676=CARTESIAN_POINT('Origin',(2.63,3.4607689059251,-1.45));
#5677=CARTESIAN_POINT('',(2.55,3.4607689059251,-5.77842712474619));
#5678=CARTESIAN_POINT('Ctrl Pts',(2.99498310104614,2.62065217391303,-1.95));
#5679=CARTESIAN_POINT('Ctrl Pts',(2.94198092139486,2.99198092139487,-1.95));
#5680=CARTESIAN_POINT('Ctrl Pts',(2.57065217391302,3.04498310104614,-1.95));
#5681=CARTESIAN_POINT('Ctrl Pts',(3.4899662020925,2.69130434782609,-1.95000000000011));
#5682=CARTESIAN_POINT('Ctrl Pts',(3.38396184278991,3.43396184278992,-1.95000000000011));
#5683=CARTESIAN_POINT('Ctrl Pts',(2.64130434782608,3.5399662020925,-1.95000000000011));
#5684=CARTESIAN_POINT('Ctrl Pts',(3.48996620209249,2.69130434782609,-1.45));
#5685=CARTESIAN_POINT('Ctrl Pts',(3.38396184278991,3.43396184278992,-1.45));
#5686=CARTESIAN_POINT('Ctrl Pts',(2.64130434782608,3.5399662020925,-1.45));
#5687=CARTESIAN_POINT('',(2.98280430818281,2.68000000000004,-1.95));
#5688=CARTESIAN_POINT('',(2.63,3.03280430818293,-1.95));
#5689=CARTESIAN_POINT('Origin',(2.50000000000014,2.5500000000003,-1.95));
#5690=CARTESIAN_POINT('Ctrl Pts',(2.63,3.03280430818293,-1.95));
#5691=CARTESIAN_POINT('Ctrl Pts',(2.63066230039591,3.04911369505486,-1.95));
#5692=CARTESIAN_POINT('Ctrl Pts',(2.63129725912513,3.06603016571417,-1.94924121025589));
#5693=CARTESIAN_POINT('Ctrl Pts',(2.63190263139823,3.08349815365088,-1.9475375270427));
#5694=CARTESIAN_POINT('Ctrl Pts',(2.63248294468052,3.10024306560834,-1.94590436668607));
#5695=CARTESIAN_POINT('Ctrl Pts',(2.63303604447396,3.11749525137286,-1.94340217560333));
#5696=CARTESIAN_POINT('Ctrl Pts',(2.63355964557568,3.13515969869772,-1.9398553750964));
#5697=CARTESIAN_POINT('Ctrl Pts',(2.63405848407437,3.15198874346973,-1.93647631299326));
#5698=CARTESIAN_POINT('Ctrl Pts',(2.63453051941206,3.16919213843448,-1.93214825403607));
#5699=CARTESIAN_POINT('Ctrl Pts',(2.63497387988595,3.18664062991631,-1.92672004521562));
#5700=CARTESIAN_POINT('Ctrl Pts',(2.63539989066315,3.20340632251821,-1.92150425446619));
#5701=CARTESIAN_POINT('Ctrl Pts',(2.63579939804735,3.22039824259582,-1.9152718440036));
#5702=CARTESIAN_POINT('Ctrl Pts',(2.6361712529318,3.23745640218247,-1.90790187108283));
#5703=CARTESIAN_POINT('Ctrl Pts',(2.63653314232425,3.2540574131337,-1.9007294090979));
#5704=CARTESIAN_POINT('Ctrl Pts',(2.63686881286603,3.27072088406049,-1.89247862992466));
#5705=CARTESIAN_POINT('Ctrl Pts',(2.63717811919245,3.28725787529675,-1.88306388027824));
#5706=CARTESIAN_POINT('Ctrl Pts',(2.63747740587291,3.30325916847792,-1.87395411132648));
#5707=CARTESIAN_POINT('Ctrl Pts',(2.63775198670678,3.31914143625171,-1.86375381976318));
#5708=CARTESIAN_POINT('Ctrl Pts',(2.63800296453323,3.33470067604191,-1.85242189671138));
#5709=CARTESIAN_POINT('Ctrl Pts',(2.63805821537576,3.33812592328263,-1.84992726081087));
#5710=CARTESIAN_POINT('Ctrl Pts',(2.63811232793569,3.34153540773925,-1.84737795118537));
#5711=CARTESIAN_POINT('Ctrl Pts',(2.63816532390123,3.34492678289199,-1.84477383002245));
#5712=CARTESIAN_POINT('Ctrl Pts',(2.63840005421655,3.3599478991388,-1.83323962783393));
#5713=CARTESIAN_POINT('Ctrl Pts',(2.63861572349406,3.37463256394861,-1.82061560028847));
#5714=CARTESIAN_POINT('Ctrl Pts',(2.63882011611323,3.3888058172481,-1.80686016129461));
#5715=CARTESIAN_POINT('Ctrl Pts',(2.63901759415031,3.40249959078982,-1.79357006744187));
#5716=CARTESIAN_POINT('Ctrl Pts',(2.63920453349217,3.41571548351206,-1.77922293933255));
#5717=CARTESIAN_POINT('Ctrl Pts',(2.63938447483975,3.42826355364184,-1.76381578919273));
#5718=CARTESIAN_POINT('Ctrl Pts',(2.63955670204758,3.44027368422778,-1.74906914821747));
#5719=CARTESIAN_POINT('Ctrl Pts',(2.63972248500278,3.45167122587547,-1.73335086372356));
#5720=CARTESIAN_POINT('Ctrl Pts',(2.63988202598979,3.46226906810766,-1.71670072400953));
#5721=CARTESIAN_POINT('Ctrl Pts',(2.63998405752882,3.46904672552142,-1.70605242972466));
#5722=CARTESIAN_POINT('Ctrl Pts',(2.64008347771618,3.47549689499999,-1.69502389732607));
#5723=CARTESIAN_POINT('Ctrl Pts',(2.64017978715424,3.48156857595193,-1.68363664352636));
#5724=CARTESIAN_POINT('Ctrl Pts',(2.64032155962193,3.49050640394599,-1.66687401772439));
#5725=CARTESIAN_POINT('Ctrl Pts',(2.64045568072077,3.49861658240359,-1.64935122720819));
#5726=CARTESIAN_POINT('Ctrl Pts',(2.64058248202133,3.50576572591852,-1.63110191007961));
#5727=CARTESIAN_POINT('Ctrl Pts',(2.64070464114773,3.51265314049888,-1.61352069736366));
#5728=CARTESIAN_POINT('Ctrl Pts',(2.64081990637264,3.51864764186642,-1.59526448829235));
#5729=CARTESIAN_POINT('Ctrl Pts',(2.64092265791479,3.52361182399395,-1.57640610707495));
#5730=CARTESIAN_POINT('Ctrl Pts',(2.64102258995476,3.52843978897076,-1.5580651998121));
#5731=CARTESIAN_POINT('Ctrl Pts',(2.64111057439934,3.53229205770078,-1.53915440261076));
#5732=CARTESIAN_POINT('Ctrl Pts',(2.64117726227866,3.53504007032515,-1.51978926979058));
#5733=CARTESIAN_POINT('Ctrl Pts',(2.64124189742005,3.53770349561806,-1.5010202204432));
#5734=CARTESIAN_POINT('Ctrl Pts',(2.64128640480301,3.53932844826984,-1.48182458079688));
#5735=CARTESIAN_POINT('Ctrl Pts',(2.64129999489083,3.53981261972503,-1.4623544723274));
#5736=CARTESIAN_POINT('Ctrl Pts',(2.64130286133581,3.53991474201144,-1.45824780314635));
#5737=CARTESIAN_POINT('Ctrl Pts',(2.64130434782608,3.5399662020925,-1.45412908519169));
#5738=CARTESIAN_POINT('Ctrl Pts',(2.64130434782608,3.5399662020925,-1.45));
#5739=CARTESIAN_POINT('Ctrl Pts',(3.48996620209249,2.69130434782609,-1.45));
#5740=CARTESIAN_POINT('Ctrl Pts',(3.48996620209249,2.69130434782609,-1.5362287471252));
#5741=CARTESIAN_POINT('Ctrl Pts',(3.46731988792811,2.690746877025,-1.6165861403186));
#5742=CARTESIAN_POINT('Ctrl Pts',(3.39581726397561,2.68961269728348,-1.75068714673439));
#5743=CARTESIAN_POINT('Ctrl Pts',(3.34723522628278,2.68898273168967,-1.80460796269791));
#5744=CARTESIAN_POINT('Ctrl Pts',(3.19030989610991,2.68653050832435,-1.92510556467194));
#5745=CARTESIAN_POINT('Ctrl Pts',(3.0743274886209,2.68371662277165,-1.95));
#5746=CARTESIAN_POINT('Ctrl Pts',(2.98280430818281,2.68000000000004,-1.95));
#5747=CARTESIAN_POINT('Ctrl Pts',(2.55,1.6392310940749,-1.45));
#5748=CARTESIAN_POINT('Ctrl Pts',(2.55,1.54700133144958,-1.45));
#5749=CARTESIAN_POINT('Ctrl Pts',(2.64130434782608,1.5600337979075,-1.45));
#5750=CARTESIAN_POINT('Ctrl Pts',(2.55,1.63923120234268,-1.56109460246983));
#5751=CARTESIAN_POINT('Ctrl Pts',(2.55,1.54700146562906,-1.5857569575173));
#5752=CARTESIAN_POINT('Ctrl Pts',(2.64130436430322,1.56003380025939,-1.58225546936152));
#5753=CARTESIAN_POINT('Ctrl Pts',(2.55,1.68628945192981,-1.67154023085514));
#5754=CARTESIAN_POINT('Ctrl Pts',(2.55,1.60443943598139,-1.7195963177839));
#5755=CARTESIAN_POINT('Ctrl Pts',(2.64072225785617,1.61598347867212,-1.71373838474208));
#5756=CARTESIAN_POINT('Ctrl Pts',(2.55,1.84468146985448,-1.82595295625081));
#5757=CARTESIAN_POINT('Ctrl Pts',(2.55,1.79907615962077,-1.90448306154896));
#5758=CARTESIAN_POINT('Ctrl Pts',(2.63766282839132,1.80403846262053,-1.89756302847928));
#5759=CARTESIAN_POINT('Ctrl Pts',(2.55,1.95548227663216,-1.86999997176956));
#5760=CARTESIAN_POINT('Ctrl Pts',(2.55,1.93100159715806,-1.95553061580091));
#5761=CARTESIAN_POINT('Ctrl Pts',(2.6353452158423,1.93556679925919,-1.95000000000008));
#5762=CARTESIAN_POINT('Ctrl Pts',(2.55,2.06719569181735,-1.87));
#5763=CARTESIAN_POINT('Ctrl Pts',(2.55,2.0671956918174,-1.94999999999999));
#5764=CARTESIAN_POINT('Ctrl Pts',(2.62999999999998,2.0671956918174,-1.95));
#5765=CARTESIAN_POINT('',(2.55,2.06719569181731,-1.87));
#5766=CARTESIAN_POINT('Origin',(2.63,2.06719569181735,-1.87));
#5767=CARTESIAN_POINT('Ctrl Pts',(2.55,1.6392310940749,-1.45));
#5768=CARTESIAN_POINT('Ctrl Pts',(2.55,1.63923120234268,-1.56109460246983));
#5769=CARTESIAN_POINT('Ctrl Pts',(2.55,1.68628945192981,-1.67154023085514));
#5770=CARTESIAN_POINT('Ctrl Pts',(2.55,1.84468146985448,-1.82595295625081));
#5771=CARTESIAN_POINT('Ctrl Pts',(2.55,1.95548227663216,-1.86999997176956));
#5772=CARTESIAN_POINT('Ctrl Pts',(2.55,2.06719569181731,-1.87));
#5773=CARTESIAN_POINT('Origin',(2.55,1.3,-2.95));
#5774=CARTESIAN_POINT('',(2.55,2.5,-1.87));
#5775=CARTESIAN_POINT('',(2.55,2.5,-2.95));
#5776=CARTESIAN_POINT('',(2.55,1.3,-1.87));
#5777=CARTESIAN_POINT('Ctrl Pts',(2.98280430818293,2.5,-1.87));
#5778=CARTESIAN_POINT('Ctrl Pts',(2.98280430818293,2.5,-1.95));
#5779=CARTESIAN_POINT('Ctrl Pts',(2.98280430818293,2.42,-1.95));
#5780=CARTESIAN_POINT('Ctrl Pts',(3.09405468278093,2.5,-1.86999995653691));
#5781=CARTESIAN_POINT('Ctrl Pts',(3.11841614195965,2.4999999999999,-1.95550695128812));
#5782=CARTESIAN_POINT('Ctrl Pts',(3.11388554758988,2.41467702462228,-1.95));
#5783=CARTESIAN_POINT('Ctrl Pts',(3.20520103739962,2.5,-1.82598426672978));
#5784=CARTESIAN_POINT('Ctrl Pts',(3.25077989753438,2.5,-1.90451901605647));
#5785=CARTESIAN_POINT('Ctrl Pts',(3.2458222144996,2.41234004622361,-1.89760032338383));
#5786=CARTESIAN_POINT('Ctrl Pts',(3.36350331365673,2.5,-1.67182531876462));
#5787=CARTESIAN_POINT('Ctrl Pts',(3.44530385504798,2.5,-1.71994293451267));
#5788=CARTESIAN_POINT('Ctrl Pts',(3.43377030393091,2.40928114103334,-1.71407775458567));
#5789=CARTESIAN_POINT('Ctrl Pts',(3.41076882532364,2.5,-1.56188546984747));
#5790=CARTESIAN_POINT('Ctrl Pts',(3.50299856865257,2.50000000000015,-1.586720058661));
#5791=CARTESIAN_POINT('Ctrl Pts',(3.48996620034105,2.40869563990344,-1.58319699308337));
#5792=CARTESIAN_POINT('Ctrl Pts',(3.41076890592509,2.5,-1.45));
#5793=CARTESIAN_POINT('Ctrl Pts',(3.50299866855042,2.5,-1.45));
#5794=CARTESIAN_POINT('Ctrl Pts',(3.4899662020925,2.40869565217392,-1.45));
#5795=CARTESIAN_POINT('',(2.98280430818293,2.5,-1.87));
#5796=CARTESIAN_POINT('Origin',(2.98280430818293,2.42,-1.87));
#5797=CARTESIAN_POINT('Ctrl Pts',(2.98280430818293,2.5,-1.87));
#5798=CARTESIAN_POINT('Ctrl Pts',(3.09405468278093,2.5,-1.86999995653691));
#5799=CARTESIAN_POINT('Ctrl Pts',(3.20520103739962,2.5,-1.82598426672978));
#5800=CARTESIAN_POINT('Ctrl Pts',(3.36350331365673,2.5,-1.67182531876462));
#5801=CARTESIAN_POINT('Ctrl Pts',(3.41076882532364,2.5,-1.56188546984747));
#5802=CARTESIAN_POINT('Ctrl Pts',(3.41076890592509,2.5,-1.45));
#5803=CARTESIAN_POINT('Origin',(-4.95,5.,-1.95));
#5804=CARTESIAN_POINT('',(2.63,2.42,-1.95));
#5805=CARTESIAN_POINT('',(-4.95,2.42,-1.95));
#5806=CARTESIAN_POINT('',(2.63,5.,-1.95));
#5807=CARTESIAN_POINT('Ctrl Pts',(1.5892310940749,2.5,-1.45));
#5808=CARTESIAN_POINT('Ctrl Pts',(1.49700133144957,2.5,-1.45));
#5809=CARTESIAN_POINT('Ctrl Pts',(1.5100337979075,2.40869565217391,-1.45));
#5810=CARTESIAN_POINT('Ctrl Pts',(1.58923120234266,2.5,-1.56109460246983));
#5811=CARTESIAN_POINT('Ctrl Pts',(1.49700146562894,2.50000000000009,-1.58575695751732));
#5812=CARTESIAN_POINT('Ctrl Pts',(1.5100338002594,2.40869563569671,-1.58225546936151));
#5813=CARTESIAN_POINT('Ctrl Pts',(1.63628945192982,2.5,-1.67154023085514));
#5814=CARTESIAN_POINT('Ctrl Pts',(1.55443943598146,2.5,-1.71959631778391));
#5815=CARTESIAN_POINT('Ctrl Pts',(1.56598347867213,2.40927774214384,-1.71373838474209));
#5816=CARTESIAN_POINT('Ctrl Pts',(1.79468146985446,2.5,-1.82595295625081));
#5817=CARTESIAN_POINT('Ctrl Pts',(1.74907615962072,2.5,-1.90448306154897));
#5818=CARTESIAN_POINT('Ctrl Pts',(1.75403846262051,2.41233717160866,-1.89756302847927));
#5819=CARTESIAN_POINT('Ctrl Pts',(1.90548227663217,2.5,-1.86999997176957));
#5820=CARTESIAN_POINT('Ctrl Pts',(1.88100159715811,2.50000000000008,-1.95553061580091));
#5821=CARTESIAN_POINT('Ctrl Pts',(1.88556679925919,2.41465478415771,-1.95000000000008));
#5822=CARTESIAN_POINT('Ctrl Pts',(2.01719569181735,2.5,-1.87));
#5823=CARTESIAN_POINT('Ctrl Pts',(2.0171956918174,2.5,-1.94999999999999));
#5824=CARTESIAN_POINT('Ctrl Pts',(2.0171956918174,2.42000000000001,-1.95));
#5825=CARTESIAN_POINT('',(2.01719569181731,2.5,-1.87));
#5826=CARTESIAN_POINT('Origin',(2.01719569181735,2.42,-1.87));
#5827=CARTESIAN_POINT('Ctrl Pts',(1.5892310940749,2.5,-1.45));
#5828=CARTESIAN_POINT('Ctrl Pts',(1.58923120234266,2.5,-1.56109460246983));
#5829=CARTESIAN_POINT('Ctrl Pts',(1.63628945192982,2.5,-1.67154023085514));
#5830=CARTESIAN_POINT('Ctrl Pts',(1.79468146985446,2.5,-1.82595295625081));
#5831=CARTESIAN_POINT('Ctrl Pts',(1.90548227663217,2.5,-1.86999997176957));
#5832=CARTESIAN_POINT('Ctrl Pts',(2.01719569181731,2.5,-1.87));
#5833=CARTESIAN_POINT('Origin',(3.75,2.50000000000001,-1.97879467971285));
#5834=CARTESIAN_POINT('',(2.45,2.5,-1.87));
#5835=CARTESIAN_POINT('',(2.45,2.5,-1.97879467971285));
#5836=CARTESIAN_POINT('',(3.75,2.50000000000001,-1.87));
#5837=CARTESIAN_POINT('Origin',(2.45,1.3,-2.95));
#5838=CARTESIAN_POINT('',(2.45,2.06719569181707,-1.87));
#5839=CARTESIAN_POINT('',(2.45,1.3,-1.87));
#5840=CARTESIAN_POINT('Ctrl Pts',(2.45,1.6392310940749,-1.45));
#5841=CARTESIAN_POINT('Ctrl Pts',(2.45,1.6392310940749,-1.47756878556175));
#5842=CARTESIAN_POINT('Ctrl Pts',(2.45,1.64202498493825,-1.50490111621529));
#5843=CARTESIAN_POINT('Ctrl Pts',(2.45,1.65320054839166,-1.55909286770595));
#5844=CARTESIAN_POINT('Ctrl Pts',(2.45,1.6620338610123,-1.5870282071933));
#5845=CARTESIAN_POINT('Ctrl Pts',(2.45,1.68348170785795,-1.63812230175067));
#5846=CARTESIAN_POINT('Ctrl Pts',(2.45,1.69658450623909,-1.66225662024628));
#5847=CARTESIAN_POINT('Ctrl Pts',(2.45,1.72754785291799,-1.70769979967135));
#5848=CARTESIAN_POINT('Ctrl Pts',(2.45,1.74643800367399,-1.73002079945023));
#5849=CARTESIAN_POINT('Ctrl Pts',(2.45,1.8040674660675,-1.78667277934113));
#5850=CARTESIAN_POINT('Ctrl Pts',(2.45,1.85212131679803,-1.8172620016566));
#5851=CARTESIAN_POINT('Ctrl Pts',(2.45,1.95608691373949,-1.85945240033132));
#5852=CARTESIAN_POINT('Ctrl Pts',(2.45,2.01045077258892,-1.87));
#5853=CARTESIAN_POINT('Ctrl Pts',(2.45,2.06719569181707,-1.87));
#5854=CARTESIAN_POINT('Ctrl Pts',(2.44999996328782,2.06719569181707,-1.86992335832327));
#5855=CARTESIAN_POINT('Ctrl Pts',(2.45007667842409,2.06719569181707,-1.95));
#5856=CARTESIAN_POINT('Ctrl Pts',(2.37,2.06719569181707,-1.95));
#5857=CARTESIAN_POINT('Ctrl Pts',(2.44999996084633,1.95596789345356,-1.86992072032439));
#5858=CARTESIAN_POINT('Ctrl Pts',(2.450084549181,1.93157936853391,-1.95551240829682));
#5859=CARTESIAN_POINT('Ctrl Pts',(2.36467702462227,1.93611445241012,-1.95));
#5860=CARTESIAN_POINT('Ctrl Pts',(2.44999995977454,1.84484048670935,-1.82591271927289));
#5861=CARTESIAN_POINT('Ctrl Pts',(2.45008835613291,1.79921510540957,-1.90452598969604));
#5862=CARTESIAN_POINT('Ctrl Pts',(2.36234004622363,1.80417778550039,-1.89760032338383));
#5863=CARTESIAN_POINT('Ctrl Pts',(2.44999995837168,1.68656961643226,-1.67178241944592));
#5864=CARTESIAN_POINT('Ctrl Pts',(2.45009343796789,1.60468426570666,-1.71994897548917));
#5865=CARTESIAN_POINT('Ctrl Pts',(2.35928114103331,1.61622969606909,-1.71407775458567));
#5866=CARTESIAN_POINT('Ctrl Pts',(2.44999995810317,1.63931306238792,-1.56186342003838));
#5867=CARTESIAN_POINT('Ctrl Pts',(2.4500944321071,1.54698795253873,-1.58672370241359));
#5868=CARTESIAN_POINT('Ctrl Pts',(2.35869563990336,1.56003379965896,-1.58319699308337));
#5869=CARTESIAN_POINT('Ctrl Pts',(2.44999995810318,1.63931296891449,-1.45));
#5870=CARTESIAN_POINT('Ctrl Pts',(2.450094446956,1.54698785041811,-1.45));
#5871=CARTESIAN_POINT('Ctrl Pts',(2.35869565217391,1.5600337979075,-1.45));
#5872=CARTESIAN_POINT('Origin',(2.37,2.06719569181707,-1.87));
#5873=CARTESIAN_POINT('Origin',(-4.95,5.,-1.95));
#5874=CARTESIAN_POINT('',(2.37,2.42,-1.95));
#5875=CARTESIAN_POINT('',(2.37,5.,-1.95));
#5876=CARTESIAN_POINT('',(-4.95,2.42,-1.95));
#5877=CARTESIAN_POINT('Ctrl Pts',(2.45,3.4607689059251,-1.45));
#5878=CARTESIAN_POINT('Ctrl Pts',(2.45,3.55299866855043,-1.45));
#5879=CARTESIAN_POINT('Ctrl Pts',(2.35869565217391,3.5399662020925,-1.45));
#5880=CARTESIAN_POINT('Ctrl Pts',(2.45,3.46076879765727,-1.5610946024698));
#5881=CARTESIAN_POINT('Ctrl Pts',(2.44999999999997,3.55299853437094,-1.58575695751727));
#5882=CARTESIAN_POINT('Ctrl Pts',(2.35869563569678,3.53996619974061,-1.58225546936147));
#5883=CARTESIAN_POINT('Ctrl Pts',(2.45,3.41371054807019,-1.67154023085507));
#5884=CARTESIAN_POINT('Ctrl Pts',(2.45,3.49556056401857,-1.71959631778383));
#5885=CARTESIAN_POINT('Ctrl Pts',(2.35927774214384,3.48401652132791,-1.71373838474202));
#5886=CARTESIAN_POINT('Ctrl Pts',(2.45,3.25531853014567,-1.82595295625074));
#5887=CARTESIAN_POINT('Ctrl Pts',(2.45,3.30092384037942,-1.90448306154888));
#5888=CARTESIAN_POINT('Ctrl Pts',(2.36233717160865,3.29596153737962,-1.89756302847918));
#5889=CARTESIAN_POINT('Ctrl Pts',(2.45,3.14451772336815,-1.86999997176951));
#5890=CARTESIAN_POINT('Ctrl Pts',(2.45000000000007,3.1689984028423,-1.95553061580092));
#5891=CARTESIAN_POINT('Ctrl Pts',(2.36465478415765,3.16443320074119,-1.95000000000008));
#5892=CARTESIAN_POINT('Ctrl Pts',(2.45,3.03280430818265,-1.87));
#5893=CARTESIAN_POINT('Ctrl Pts',(2.45,3.0328043081826,-1.94999999999999));
#5894=CARTESIAN_POINT('Ctrl Pts',(2.37000000000001,3.0328043081826,-1.95));
#5895=CARTESIAN_POINT('',(2.45,3.03280430818279,-1.87));
#5896=CARTESIAN_POINT('Origin',(2.37,3.03280430818265,-1.87));
#5897=CARTESIAN_POINT('Ctrl Pts',(2.45,3.4607689059251,-1.45));
#5898=CARTESIAN_POINT('Ctrl Pts',(2.45,3.46076879765727,-1.5610946024698));
#5899=CARTESIAN_POINT('Ctrl Pts',(2.45,3.41371054807019,-1.67154023085507));
#5900=CARTESIAN_POINT('Ctrl Pts',(2.45,3.25531853014567,-1.82595295625074));
#5901=CARTESIAN_POINT('Ctrl Pts',(2.45,3.14451772336815,-1.86999997176951));
#5902=CARTESIAN_POINT('Ctrl Pts',(2.45,3.03280430818279,-1.87));
#5903=CARTESIAN_POINT('Origin',(2.45,1.3,-2.95));
#5904=CARTESIAN_POINT('',(2.45,2.6,-1.87));
#5905=CARTESIAN_POINT('',(2.45,2.6,-2.95));
#5906=CARTESIAN_POINT('',(2.45,1.3,-1.87));
#5907=CARTESIAN_POINT('Origin',(3.75,2.6,-1.97879467971285));
#5908=CARTESIAN_POINT('',(2.01719569181706,2.6,-1.87));
#5909=CARTESIAN_POINT('',(3.75,2.6,-1.87));
#5910=CARTESIAN_POINT('Ctrl Pts',(1.5892310940749,2.6,-1.45));
#5911=CARTESIAN_POINT('Ctrl Pts',(1.5892310940749,2.6,-1.47756878556175));
#5912=CARTESIAN_POINT('Ctrl Pts',(1.59202498493825,2.6,-1.5049011162153));
#5913=CARTESIAN_POINT('Ctrl Pts',(1.60320054839166,2.6,-1.55909286770596));
#5914=CARTESIAN_POINT('Ctrl Pts',(1.61203386101229,2.6,-1.5870282071933));
#5915=CARTESIAN_POINT('Ctrl Pts',(1.63348170785795,2.6,-1.63812230175067));
#5916=CARTESIAN_POINT('Ctrl Pts',(1.64658450623909,2.6,-1.66225662024628));
#5917=CARTESIAN_POINT('Ctrl Pts',(1.67754785291799,2.6,-1.70769979967135));
#5918=CARTESIAN_POINT('Ctrl Pts',(1.69643800367399,2.6,-1.73002079945023));
#5919=CARTESIAN_POINT('Ctrl Pts',(1.75406746606749,2.6,-1.78667277934112));
#5920=CARTESIAN_POINT('Ctrl Pts',(1.80212131679803,2.6,-1.81726200165661));
#5921=CARTESIAN_POINT('Ctrl Pts',(1.90608691373948,2.6,-1.85945240033132));
#5922=CARTESIAN_POINT('Ctrl Pts',(1.96045077258892,2.6,-1.87));
#5923=CARTESIAN_POINT('Ctrl Pts',(2.01719569181706,2.6,-1.87));
#5924=CARTESIAN_POINT('Ctrl Pts',(2.01719569181706,2.60000003671217,-1.86992335832327));
#5925=CARTESIAN_POINT('Ctrl Pts',(2.01719569181706,2.5999233215759,-1.95));
#5926=CARTESIAN_POINT('Ctrl Pts',(2.01719569181706,2.68,-1.95));
#5927=CARTESIAN_POINT('Ctrl Pts',(1.90596789345355,2.60000003915367,-1.86992072032439));
#5928=CARTESIAN_POINT('Ctrl Pts',(1.88157936853395,2.59991545081907,-1.95551240829682));
#5929=CARTESIAN_POINT('Ctrl Pts',(1.88611445241011,2.68532297537772,-1.95));
#5930=CARTESIAN_POINT('Ctrl Pts',(1.79484048670936,2.60000004022545,-1.82591271927289));
#5931=CARTESIAN_POINT('Ctrl Pts',(1.74921510540959,2.59991164386705,-1.90452598969613));
#5932=CARTESIAN_POINT('Ctrl Pts',(1.7541777855004,2.68765995377639,-1.89760032338384));
#5933=CARTESIAN_POINT('Ctrl Pts',(1.63656961643225,2.60000004162831,-1.67178241944591));
#5934=CARTESIAN_POINT('Ctrl Pts',(1.5546842657067,2.59990656203212,-1.71994897548915));
#5935=CARTESIAN_POINT('Ctrl Pts',(1.56622969606907,2.69071885896666,-1.71407775458566));
#5936=CARTESIAN_POINT('Ctrl Pts',(1.58931306238787,2.60000004189683,-1.56186342003838));
#5937=CARTESIAN_POINT('Ctrl Pts',(1.49698795253857,2.59990556789272,-1.58672370241368));
#5938=CARTESIAN_POINT('Ctrl Pts',(1.51003379965896,2.6913043600967,-1.58319699308338));
#5939=CARTESIAN_POINT('Ctrl Pts',(1.58931296891449,2.60000004189682,-1.45));
#5940=CARTESIAN_POINT('Ctrl Pts',(1.4969878504181,2.59990555304399,-1.45));
#5941=CARTESIAN_POINT('Ctrl Pts',(1.5100337979075,2.69130434782608,-1.45));
#5942=CARTESIAN_POINT('Origin',(2.01719569181706,2.68,-1.87));
#5943=CARTESIAN_POINT('Origin',(-4.95,5.,-1.95));
#5944=CARTESIAN_POINT('',(2.37,2.68,-1.95));
#5945=CARTESIAN_POINT('',(2.37,5.,-1.95));
#5946=CARTESIAN_POINT('',(-4.95,2.68,-1.95));
#5947=CARTESIAN_POINT('Origin',(2.55,1.3,-2.95));
#5948=CARTESIAN_POINT('',(2.55,3.03280430818293,-1.87));
#5949=CARTESIAN_POINT('Ctrl Pts',(2.55,3.4607689059251,-1.45));
#5950=CARTESIAN_POINT('Ctrl Pts',(2.55,3.4607689059251,-1.47756878556178));
#5951=CARTESIAN_POINT('Ctrl Pts',(2.55,3.45797501506175,-1.50490111621533));
#5952=CARTESIAN_POINT('Ctrl Pts',(2.55,3.44679945160834,-1.55909286770599));
#5953=CARTESIAN_POINT('Ctrl Pts',(2.55,3.43796613898772,-1.58702820719327));
#5954=CARTESIAN_POINT('Ctrl Pts',(2.55,3.41651829214203,-1.63812230175069));
#5955=CARTESIAN_POINT('Ctrl Pts',(2.55,3.40341549376088,-1.66225662024632));
#5956=CARTESIAN_POINT('Ctrl Pts',(2.55,3.37245214708198,-1.70769979967139));
#5957=CARTESIAN_POINT('Ctrl Pts',(2.55,3.35356199632601,-1.73002079945024));
#5958=CARTESIAN_POINT('Ctrl Pts',(2.55,3.2959325339325,-1.78667277934112));
#5959=CARTESIAN_POINT('Ctrl Pts',(2.55,3.24787868320195,-1.81726200165661));
#5960=CARTESIAN_POINT('Ctrl Pts',(2.55,3.14391308626054,-1.85945240033132));
#5961=CARTESIAN_POINT('Ctrl Pts',(2.55,3.0895492274111,-1.87));
#5962=CARTESIAN_POINT('Ctrl Pts',(2.55,3.03280430818293,-1.87));
#5963=CARTESIAN_POINT('',(2.55,2.6,-1.87));
#5964=CARTESIAN_POINT('',(2.55,1.3,-1.87));
#5965=CARTESIAN_POINT('',(2.55,2.6,-2.95));
#5966=CARTESIAN_POINT('Ctrl Pts',(2.55000003671217,3.03280430818293,-1.8699233583233));
#5967=CARTESIAN_POINT('Ctrl Pts',(2.54992332157593,3.03280430818293,-1.95));
#5968=CARTESIAN_POINT('Ctrl Pts',(2.63,3.03280430818293,-1.95));
#5969=CARTESIAN_POINT('Ctrl Pts',(2.55000003915367,3.14403210654645,-1.86992072032442));
#5970=CARTESIAN_POINT('Ctrl Pts',(2.5499154508191,3.16842063146609,-1.95551240829682));
#5971=CARTESIAN_POINT('Ctrl Pts',(2.63532297537772,3.16388554758988,-1.95));
#5972=CARTESIAN_POINT('Ctrl Pts',(2.55000004022545,3.25515951329066,-1.82591271927292));
#5973=CARTESIAN_POINT('Ctrl Pts',(2.54991164386711,3.30078489459043,-1.90452598969605));
#5974=CARTESIAN_POINT('Ctrl Pts',(2.63765995377637,3.29582221449961,-1.89760032338383));
#5975=CARTESIAN_POINT('Ctrl Pts',(2.55000004162831,3.41343038356776,-1.67178241944593));
#5976=CARTESIAN_POINT('Ctrl Pts',(2.54990656203213,3.49531573429333,-1.71994897548916));
#5977=CARTESIAN_POINT('Ctrl Pts',(2.64071885896669,3.48377030393091,-1.71407775458567));
#5978=CARTESIAN_POINT('Ctrl Pts',(2.55000004189683,3.46068693761214,-1.56186342003839));
#5979=CARTESIAN_POINT('Ctrl Pts',(2.54990556789293,3.55301204746124,-1.58672370241361));
#5980=CARTESIAN_POINT('Ctrl Pts',(2.64130436009662,3.53996620034104,-1.58319699308337));
#5981=CARTESIAN_POINT('Ctrl Pts',(2.55000004189682,3.46068703108554,-1.45));
#5982=CARTESIAN_POINT('Ctrl Pts',(2.54990555304403,3.55301214958189,-1.45));
#5983=CARTESIAN_POINT('Ctrl Pts',(2.64130434782608,3.5399662020925,-1.45));
#5984=CARTESIAN_POINT('Origin',(2.63,3.03280430818293,-1.87));
#5985=CARTESIAN_POINT('Origin',(-4.95,5.,-1.95));
#5986=CARTESIAN_POINT('',(2.63,2.68,-1.95));
#5987=CARTESIAN_POINT('',(2.63,5.,-1.95));
#5988=CARTESIAN_POINT('',(-4.95,2.68,-1.95));
#5989=CARTESIAN_POINT('Ctrl Pts',(3.41076890592509,2.6,-1.45));
#5990=CARTESIAN_POINT('Ctrl Pts',(3.50299866855042,2.6,-1.45));
#5991=CARTESIAN_POINT('Ctrl Pts',(3.48996620209249,2.69130434782609,-1.45));
#5992=CARTESIAN_POINT('Ctrl Pts',(3.41076879765737,2.6,-1.56109460246983));
#5993=CARTESIAN_POINT('Ctrl Pts',(3.50299853437117,2.60000000000015,-1.58575695751729));
#5994=CARTESIAN_POINT('Ctrl Pts',(3.48996619974059,2.69130436430336,-1.58225546936151));
#5995=CARTESIAN_POINT('Ctrl Pts',(3.36371054807016,2.6,-1.67154023085515));
#5996=CARTESIAN_POINT('Ctrl Pts',(3.44556056401855,2.59999999999998,-1.71959631778392));
#5997=CARTESIAN_POINT('Ctrl Pts',(3.43401652132787,2.69072225785616,-1.71373838474209));
#5998=CARTESIAN_POINT('Ctrl Pts',(3.20531853014554,2.6,-1.82595295625081));
#5999=CARTESIAN_POINT('Ctrl Pts',(3.25092384037929,2.60000000000003,-1.90448306154893));
#6000=CARTESIAN_POINT('Ctrl Pts',(3.24596153737948,2.68766282839135,-1.89756302847927));
#6001=CARTESIAN_POINT('Ctrl Pts',(3.09451772336782,2.6,-1.86999997176961));
#6002=CARTESIAN_POINT('Ctrl Pts',(3.11899840284189,2.6,-1.95553061580101));
#6003=CARTESIAN_POINT('Ctrl Pts',(3.1144332007408,2.6853452158423,-1.95000000000008));
#6004=CARTESIAN_POINT('Ctrl Pts',(2.98280430818264,2.6,-1.87));
#6005=CARTESIAN_POINT('Ctrl Pts',(2.98280430818259,2.6,-1.94999999999999));
#6006=CARTESIAN_POINT('Ctrl Pts',(2.98280430818259,2.67999999999999,-1.95));
#6007=CARTESIAN_POINT('',(2.98280430818268,2.6,-1.87));
#6008=CARTESIAN_POINT('Ctrl Pts',(3.41076890592509,2.6,-1.45));
#6009=CARTESIAN_POINT('Ctrl Pts',(3.41076879765737,2.6,-1.56109460246983));
#6010=CARTESIAN_POINT('Ctrl Pts',(3.36371054807016,2.6,-1.67154023085515));
#6011=CARTESIAN_POINT('Ctrl Pts',(3.20531853014554,2.6,-1.82595295625081));
#6012=CARTESIAN_POINT('Ctrl Pts',(3.09451772336782,2.6,-1.86999997176961));
#6013=CARTESIAN_POINT('Ctrl Pts',(2.98280430818268,2.6,-1.87));
#6014=CARTESIAN_POINT('Origin',(2.98280430818264,2.68,-1.87));
#6015=CARTESIAN_POINT('Origin',(2.63,1.3,-1.87));
#6016=CARTESIAN_POINT('Origin',(2.63000000000002,2.41999999999997,-1.86999999999998));
#6017=CARTESIAN_POINT('Origin',(3.75,2.50000000000001,-1.97879467971285));
#6018=CARTESIAN_POINT('',(3.75,2.50000000000001,-1.87));
#6019=CARTESIAN_POINT('Origin',(3.75,2.42000000000001,-1.87));
#6020=CARTESIAN_POINT('Origin',(3.75,2.42000000000001,-1.87));
#6021=CARTESIAN_POINT('Origin',(2.36999999999998,2.41999999999998,-1.86999999999998));
#6022=CARTESIAN_POINT('Origin',(2.37,1.3,-1.87));
#6023=CARTESIAN_POINT('Origin',(2.37,1.3,-1.87));
#6024=CARTESIAN_POINT('Origin',(2.37,2.68,-1.87));
#6025=CARTESIAN_POINT('Origin',(3.75,2.68000000000001,-1.87));
#6026=CARTESIAN_POINT('Origin',(3.75,2.6,-1.97879467971285));
#6027=CARTESIAN_POINT('',(3.75,2.6,-1.87));
#6028=CARTESIAN_POINT('Origin',(2.63,1.3,-1.87));
#6029=CARTESIAN_POINT('Origin',(2.63000000000002,2.68000000000003,-1.86999999999998));
#6030=CARTESIAN_POINT('Origin',(3.75,2.68000000000001,-1.87));
#6031=CARTESIAN_POINT('Origin',(-5.5,3.45,6.49437101318817E-16));
#6032=CARTESIAN_POINT('',(-5.5,3.45,0.45));
#6033=CARTESIAN_POINT('',(-5.5,3.45,-0.45));
#6034=CARTESIAN_POINT('Origin',(-5.5,3.45,-2.02125473277756E-16));
#6035=CARTESIAN_POINT('',(-5.5,3.5,0.4));
#6036=CARTESIAN_POINT('Origin',(-5.5,3.45,0.400000000000002));
#6037=CARTESIAN_POINT('Origin',(-5.5,3.5,-6.93889390390723E-17));
#6038=CARTESIAN_POINT('Origin',(-5.5,3.45,-2.02125473277756E-16));
#6039=CARTESIAN_POINT('Origin',(-5.5,-5.27279220613579,1.73472347597681E-15));
#6040=CARTESIAN_POINT('',(-5.5,-1.69999999999998,-0.449999999999999));
#6041=CARTESIAN_POINT('',(-5.5,-5.27279220613579,-0.449999999999998));
#6042=CARTESIAN_POINT('',(-5.05000000001883,-1.69999999999494,1.62540426139321E-15));
#6043=CARTESIAN_POINT('Origin',(-5.5,-1.69999999999998,9.41404242086152E-16));
#6044=CARTESIAN_POINT('Origin',(-5.5,-1.69999999999998,9.41404242086152E-16));
#6045=CARTESIAN_POINT('Origin',(-5.5,-1.70000000002801,1.68051336735253E-15));
#6046=CARTESIAN_POINT('',(-5.13038475775079,-2.00000000000955,1.63524855501887E-15));
#6047=CARTESIAN_POINT('',(-5.05000000002769,-1.70000000002801,1.62540426139429E-15));
#6048=CARTESIAN_POINT('Origin',(-5.5,-2.00000000000955,1.68051336735253E-15));
#6049=CARTESIAN_POINT('Origin',(-5.5,3.5,0.));
#6050=CARTESIAN_POINT('Origin',(-3.46944695195361E-15,-2.,4.025));
#6051=CARTESIAN_POINT('Origin',(-2.5,2.55,2.05));
#6052=CARTESIAN_POINT('',(-3.75,2.55,3.05));
#6053=CARTESIAN_POINT('Origin',(-2.5,2.55,3.05));
#6054=CARTESIAN_POINT('',(-3.75,2.55,2.3));
#6055=CARTESIAN_POINT('',(-3.75,2.55,2.05));
#6056=CARTESIAN_POINT('Origin',(-2.5,2.55,2.3));
#6057=CARTESIAN_POINT('Origin',(-2.5,2.55,2.2999999998774));
#6058=CARTESIAN_POINT('',(-3.49999999994566,2.55,2.04999999996858));
#6059=CARTESIAN_POINT('',(-3.74999999985448,2.55,2.2999999998774));
#6060=CARTESIAN_POINT('',(-3.4899662020925,2.40869565217392,2.04999999999967));
#6061=CARTESIAN_POINT('Origin',(-2.5,2.55,2.04999999999928));
#6062=CARTESIAN_POINT('',(-2.64130434782426,1.56003379792033,2.04999999999863));
#6063=CARTESIAN_POINT('Origin',(-2.5,2.55,2.05));
#6064=CARTESIAN_POINT('',(-2.35869565217392,1.5600337979075,2.04999999997268));
#6065=CARTESIAN_POINT('Origin',(-2.5,2.55,2.049999999997));
#6066=CARTESIAN_POINT('',(-1.51003379792034,2.40869565217574,2.04999999997268));
#6067=CARTESIAN_POINT('Origin',(-2.5,2.55,2.04999999994016));
#6068=CARTESIAN_POINT('',(-1.51003379790751,2.69130434782608,2.04999999997268));
#6069=CARTESIAN_POINT('Origin',(-2.5,2.55,2.049999999997));
#6070=CARTESIAN_POINT('',(-2.35869565217575,3.53996620207967,2.04999999997268));
#6071=CARTESIAN_POINT('Origin',(-2.5,2.55,2.04999999994016));
#6072=CARTESIAN_POINT('',(-2.64130434782609,3.5399662020925,2.04999999997268));
#6073=CARTESIAN_POINT('Origin',(-2.5,2.55,2.049999999997));
#6074=CARTESIAN_POINT('',(-3.48996620207967,2.69130434782426,2.04999999997268));
#6075=CARTESIAN_POINT('Origin',(-2.5,2.55,2.04999999994016));
#6076=CARTESIAN_POINT('Origin',(-2.5,2.55,2.04999999999928));
#6077=CARTESIAN_POINT('Origin',(-1.58923109407491,2.42,-5.77842712474619));
#6078=CARTESIAN_POINT('',(-1.51003379790751,2.40869565217391,-1.45));
#6079=CARTESIAN_POINT('',(-1.50923109407491,2.42,-1.45));
#6080=CARTESIAN_POINT('Origin',(-1.58923109407491,2.42,-1.45));
#6081=CARTESIAN_POINT('',(-1.58923109407491,2.5,-1.45));
#6082=CARTESIAN_POINT('Origin',(-1.58923109407491,2.42,-1.45));
#6083=CARTESIAN_POINT('',(-1.58923109407491,2.5,2.05));
#6084=CARTESIAN_POINT('',(-1.58923109407491,2.5,-5.77842712474619));
#6085=CARTESIAN_POINT('Origin',(-1.58923109407491,2.42,2.05));
#6086=CARTESIAN_POINT('',(-1.51003379790751,2.40869565217391,-5.77842712474619));
#6087=CARTESIAN_POINT('Origin',(-1.58923109407491,2.68,-5.77842712474619));
#6088=CARTESIAN_POINT('',(-1.58923109407491,2.6,-1.45));
#6089=CARTESIAN_POINT('',(-1.50923109407491,2.68,-1.45));
#6090=CARTESIAN_POINT('Origin',(-1.58923109407491,2.68,-1.45));
#6091=CARTESIAN_POINT('',(-1.51003379790751,2.69130434782608,-1.45));
#6092=CARTESIAN_POINT('Origin',(-1.58923109407491,2.68,-1.45));
#6093=CARTESIAN_POINT('',(-1.51003379790751,2.69130434782608,-5.77842712474619));
#6094=CARTESIAN_POINT('',(-1.58923109407491,2.6,2.05));
#6095=CARTESIAN_POINT('Origin',(-1.58923109407491,2.68,2.05));
#6096=CARTESIAN_POINT('',(-1.58923109407491,2.6,-5.77842712474619));
#6097=CARTESIAN_POINT('Origin',(-2.5,2.55,3.05));
#6098=CARTESIAN_POINT('Origin',(-2.5,2.55,-5.77842712474619));
#6099=CARTESIAN_POINT('',(-2.35869565217392,1.5600337979075,-1.45));
#6100=CARTESIAN_POINT('',(-2.35869565217392,1.5600337979075,-5.77842712474619));
#6101=CARTESIAN_POINT('Origin',(-2.5,2.55,-1.45));
#6102=CARTESIAN_POINT('Origin',(-2.5,2.55,2.05));
#6103=CARTESIAN_POINT('',(-2.55,3.4607689059251,2.05));
#6104=CARTESIAN_POINT('Origin',(-2.63,3.4607689059251,2.05));
#6105=CARTESIAN_POINT('',(-2.45,3.4607689059251,2.05));
#6106=CARTESIAN_POINT('Origin',(-2.37,3.4607689059251,2.05));
#6107=CARTESIAN_POINT('',(-2.45,2.6,2.05));
#6108=CARTESIAN_POINT('',(-2.45,1.3,2.05));
#6109=CARTESIAN_POINT('',(-3.75,2.60000000000001,2.05));
#6110=CARTESIAN_POINT('',(-2.45,2.5,2.05));
#6111=CARTESIAN_POINT('',(-3.75,2.50000000000001,2.05));
#6112=CARTESIAN_POINT('',(-2.45,1.6392310940749,2.05));
#6113=CARTESIAN_POINT('',(-2.45,1.3,2.05));
#6114=CARTESIAN_POINT('Origin',(-2.37,1.6392310940749,2.05));
#6115=CARTESIAN_POINT('',(-2.55,1.6392310940749,2.05));
#6116=CARTESIAN_POINT('Origin',(-2.63,1.6392310940749,2.05));
#6117=CARTESIAN_POINT('',(-2.55,2.5,2.05));
#6118=CARTESIAN_POINT('',(-2.55,1.3,2.05));
#6119=CARTESIAN_POINT('',(-3.4107689059251,2.5,2.05));
#6120=CARTESIAN_POINT('',(-3.75,2.50000000000001,2.05));
#6121=CARTESIAN_POINT('Origin',(-3.4107689059251,2.42,2.05));
#6122=CARTESIAN_POINT('',(-3.4107689059251,2.6,2.05));
#6123=CARTESIAN_POINT('Origin',(-3.4107689059251,2.68,2.05));
#6124=CARTESIAN_POINT('',(-2.55,2.6,2.05));
#6125=CARTESIAN_POINT('',(-3.75,2.60000000000001,2.05));
#6126=CARTESIAN_POINT('',(-2.55,1.3,2.05));
#6127=CARTESIAN_POINT('Origin',(-2.5,2.55,-5.77842712474619));
#6128=CARTESIAN_POINT('',(-2.64130434782609,3.5399662020925,-1.45));
#6129=CARTESIAN_POINT('',(-3.4899662020925,2.69130434782609,-1.45));
#6130=CARTESIAN_POINT('Origin',(-2.5,2.55,-1.45));
#6131=CARTESIAN_POINT('',(-3.4899662020925,2.69130434782609,-5.77842712474619));
#6132=CARTESIAN_POINT('',(-2.64130434782609,3.5399662020925,-5.77842712474619));
#6133=CARTESIAN_POINT('Origin',(-2.5,2.55,-5.77842712474619));
#6134=CARTESIAN_POINT('',(-2.35869565217392,3.5399662020925,-1.45));
#6135=CARTESIAN_POINT('Origin',(-2.5,2.55,-1.45));
#6136=CARTESIAN_POINT('',(-2.35869565217392,3.5399662020925,-5.77842712474619));
#6137=CARTESIAN_POINT('Origin',(-2.37,1.6392310940749,-5.77842712474619));
#6138=CARTESIAN_POINT('',(-2.45,1.6392310940749,-1.45));
#6139=CARTESIAN_POINT('Origin',(-2.37,1.6392310940749,-1.45));
#6140=CARTESIAN_POINT('',(-2.45,1.6392310940749,-5.77842712474619));
#6141=CARTESIAN_POINT('Ctrl Pts',(-2.42934782608696,2.05501689895386,-1.95));
#6142=CARTESIAN_POINT('Ctrl Pts',(-2.05801907860514,2.10801907860513,-1.94999999999999));
#6143=CARTESIAN_POINT('Ctrl Pts',(-2.00501689895387,2.47934782608695,-1.95));
#6144=CARTESIAN_POINT('Ctrl Pts',(-2.3586956521739,1.5600337979075,-1.95000000000011));
#6145=CARTESIAN_POINT('Ctrl Pts',(-1.61603815721007,1.66603815721007,-1.95000000000009));
#6146=CARTESIAN_POINT('Ctrl Pts',(-1.51003379790751,2.4086956521739,-1.95000000000011));
#6147=CARTESIAN_POINT('Ctrl Pts',(-2.35869565217392,1.5600337979075,-1.45));
#6148=CARTESIAN_POINT('Ctrl Pts',(-1.61603815721008,1.66603815721007,-1.44999999999997));
#6149=CARTESIAN_POINT('Ctrl Pts',(-1.51003379790751,2.40869565217391,-1.45));
#6150=CARTESIAN_POINT('',(-2.37,2.06719569181707,-1.95));
#6151=CARTESIAN_POINT('Ctrl Pts',(-2.35869565217392,1.5600337979075,-1.45));
#6152=CARTESIAN_POINT('Ctrl Pts',(-2.35869565217392,1.5600337979075,-1.46954394950258));
#6153=CARTESIAN_POINT('Ctrl Pts',(-2.35872888587198,1.56118899308954,-1.48885210724219));
#6154=CARTESIAN_POINT('Ctrl Pts',(-2.35878436050229,1.56340297731409,-1.50776352656663));
#6155=CARTESIAN_POINT('Ctrl Pts',(-2.35884207227912,1.56570624572295,-1.52743759389461));
#6156=CARTESIAN_POINT('Ctrl Pts',(-2.35892371527936,1.56915418694064,-1.54668186975479));
#6157=CARTESIAN_POINT('Ctrl Pts',(-2.3590190840131,1.57361744050892,-1.56536778459937));
#6158=CARTESIAN_POINT('Ctrl Pts',(-2.35911693674014,1.57819694488102,-1.58454039655574));
#6159=CARTESIAN_POINT('Ctrl Pts',(-2.35922911368071,1.58384403798199,-1.60312544485469));
#6160=CARTESIAN_POINT('Ctrl Pts',(-2.35934891256589,1.59041759344576,-1.62103944956294));
#6161=CARTESIAN_POINT('Ctrl Pts',(-2.35947407402418,1.59728540182913,-1.63975534119773));
#6162=CARTESIAN_POINT('Ctrl Pts',(-2.35960742774437,1.60516328687338,-1.65773942877146));
#6163=CARTESIAN_POINT('Ctrl Pts',(-2.35974801118445,1.61390863069927,-1.67494926031809));
#6164=CARTESIAN_POINT('Ctrl Pts',(-2.35977184754844,1.61539143122333,-1.67786724133111));
#6165=CARTESIAN_POINT('Ctrl Pts',(-2.3597959091247,1.61689923319291,-1.68076306596598));
#6166=CARTESIAN_POINT('Ctrl Pts',(-2.35982021284576,1.61843142404806,-1.68363664352636));
#6167=CARTESIAN_POINT('Ctrl Pts',(-2.35997151558024,1.62797007310883,-1.70152609104855));
#6168=CARTESIAN_POINT('Ctrl Pts',(-2.36013037117758,1.63844255075805,-1.71852745025049));
#6169=CARTESIAN_POINT('Ctrl Pts',(-2.3602952995761,1.64965220180164,-1.73456736078447));
#6170=CARTESIAN_POINT('Ctrl Pts',(-2.3604646955409,1.66116549890992,-1.75104175903735));
#6171=CARTESIAN_POINT('Ctrl Pts',(-2.3606404581122,1.67345541602946,-1.76650249566095));
#6172=CARTESIAN_POINT('Ctrl Pts',(-2.36082397492301,1.68632352788407,-1.78092485650623));
#6173=CARTESIAN_POINT('Ctrl Pts',(-2.36101688508723,1.69985029723098,-1.79608542946334));
#6174=CARTESIAN_POINT('Ctrl Pts',(-2.36121832661231,1.71401508266098,-1.81009937834226));
#6175=CARTESIAN_POINT('Ctrl Pts',(-2.36143380476117,1.7286188113946,-1.82298731317784));
#6176=CARTESIAN_POINT('Ctrl Pts',(-2.36156179525187,1.73729318704048,-1.83064253535449));
#6177=CARTESIAN_POINT('Ctrl Pts',(-2.36169481562251,1.74612311422323,-1.83790135166699));
#6178=CARTESIAN_POINT('Ctrl Pts',(-2.36183467609878,1.755073217108,-1.84477383002246));
#6179=CARTESIAN_POINT('Ctrl Pts',(-2.36207726592737,1.77059728782941,-1.85669423377592));
#6180=CARTESIAN_POINT('Ctrl Pts',(-2.36234337836247,1.78649870217162,-1.86746231652273));
#6181=CARTESIAN_POINT('Ctrl Pts',(-2.36263446617982,1.80256257498961,-1.87711036492838));
#6182=CARTESIAN_POINT('Ctrl Pts',(-2.3629334959203,1.8190647280639,-1.88702164681303));
#6183=CARTESIAN_POINT('Ctrl Pts',(-2.36325885804204,1.83573761956135,-1.89575177172055));
#6184=CARTESIAN_POINT('Ctrl Pts',(-2.3636106524712,1.85238326544618,-1.90337966579626));
#6185=CARTESIAN_POINT('Ctrl Pts',(-2.3639732293111,1.86953909618961,-1.91124135290633));
#6186=CARTESIAN_POINT('Ctrl Pts',(-2.36436385314788,1.88666558786454,-1.91793318458531));
#6187=CARTESIAN_POINT('Ctrl Pts',(-2.36478151661696,1.90359135169806,-1.92357347415386));
#6188=CARTESIAN_POINT('Ctrl Pts',(-2.36522114023286,1.92140704794427,-1.92951032206702));
#6189=CARTESIAN_POINT('Ctrl Pts',(-2.36569068875449,1.93900011838265,-1.93428316865873));
#6190=CARTESIAN_POINT('Ctrl Pts',(-2.36618826816458,1.95622555979868,-1.93804898694515));
#6191=CARTESIAN_POINT('Ctrl Pts',(-2.36670200092652,1.97401020565621,-1.94193705825609));
#6192=CARTESIAN_POINT('Ctrl Pts',(-2.36724557984368,1.99140325608285,-1.94475267711632));
#6193=CARTESIAN_POINT('Ctrl Pts',(-2.3678167101398,2.00830146272293,-1.94667199409595));
#6194=CARTESIAN_POINT('Ctrl Pts',(-2.36841633037262,2.02604260982806,-1.9486870531849));
#6195=CARTESIAN_POINT('Ctrl Pts',(-2.36904628849209,2.04323875789072,-1.9497150553347));
#6196=CARTESIAN_POINT('Ctrl Pts',(-2.36970421960827,2.05982593121902,-1.94994821737579));
#6197=CARTESIAN_POINT('Ctrl Pts',(-2.36980219404363,2.06229597542432,-1.94998293821322));
#6198=CARTESIAN_POINT('Ctrl Pts',(-2.36990078974466,2.06475260338464,-1.95));
#6199=CARTESIAN_POINT('Ctrl Pts',(-2.37,2.06719569181707,-1.95));
#6200=CARTESIAN_POINT('',(-2.01719569181719,2.41999999999996,-1.95));
#6201=CARTESIAN_POINT('Origin',(-2.49999999999986,2.5499999999997,-1.95));
#6202=CARTESIAN_POINT('Ctrl Pts',(-2.01719569181719,2.41999999999996,-1.95));
#6203=CARTESIAN_POINT('Ctrl Pts',(-1.92567251137909,2.41628337722835,-1.95));
#6204=CARTESIAN_POINT('Ctrl Pts',(-1.80969010389009,2.41346949167565,-1.92510556467194));
#6205=CARTESIAN_POINT('Ctrl Pts',(-1.65276477371722,2.41101726831034,-1.80460796269791));
#6206=CARTESIAN_POINT('Ctrl Pts',(-1.60418273602439,2.41038730271652,-1.75068714673439));
#6207=CARTESIAN_POINT('Ctrl Pts',(-1.53268011207189,2.409253122975,-1.6165861403186));
#6208=CARTESIAN_POINT('Ctrl Pts',(-1.51003379790751,2.40869565217391,-1.5362287471252));
#6209=CARTESIAN_POINT('Ctrl Pts',(-1.51003379790751,2.40869565217391,-1.45));
#6210=CARTESIAN_POINT('Origin',(-3.4107689059251,2.42,-5.77842712474619));
#6211=CARTESIAN_POINT('',(-3.4899662020925,2.40869565217392,-1.45));
#6212=CARTESIAN_POINT('',(-3.4899662020925,2.40869565217392,-5.77842712474619));
#6213=CARTESIAN_POINT('',(-3.4107689059251,2.5,-1.45));
#6214=CARTESIAN_POINT('',(-3.4107689059251,2.5,-5.77842712474619));
#6215=CARTESIAN_POINT('Origin',(-3.4107689059251,2.42,-1.45));
#6216=CARTESIAN_POINT('Origin',(-3.4107689059251,2.68,-5.77842712474619));
#6217=CARTESIAN_POINT('',(-3.4107689059251,2.6,-1.45));
#6218=CARTESIAN_POINT('Origin',(-3.4107689059251,2.68,-1.45));
#6219=CARTESIAN_POINT('',(-3.4107689059251,2.6,-5.77842712474619));
#6220=CARTESIAN_POINT('Ctrl Pts',(-2.57065217391302,3.04498310104614,-1.95));
#6221=CARTESIAN_POINT('Ctrl Pts',(-2.94198092139486,2.99198092139486,-1.95));
#6222=CARTESIAN_POINT('Ctrl Pts',(-2.99498310104615,2.62065217391301,-1.95));
#6223=CARTESIAN_POINT('Ctrl Pts',(-2.64130434782609,3.53996620209251,-1.95000000000011));
#6224=CARTESIAN_POINT('Ctrl Pts',(-3.38396184278992,3.43396184278992,-1.95000000000012));
#6225=CARTESIAN_POINT('Ctrl Pts',(-3.48996620209251,2.69130434782609,-1.95000000000011));
#6226=CARTESIAN_POINT('Ctrl Pts',(-2.64130434782609,3.5399662020925,-1.45));
#6227=CARTESIAN_POINT('Ctrl Pts',(-3.38396184278991,3.43396184278991,-1.45000000000001));
#6228=CARTESIAN_POINT('Ctrl Pts',(-3.48996620209251,2.69130434782609,-1.44999999999999));
#6229=CARTESIAN_POINT('',(-2.63,3.03280430818293,-1.95));
#6230=CARTESIAN_POINT('',(-2.98280430818281,2.68000000000004,-1.95));
#6231=CARTESIAN_POINT('Origin',(-2.50000000000015,2.5500000000003,-1.95));
#6232=CARTESIAN_POINT('Ctrl Pts',(-2.98280430818281,2.68000000000004,-1.95));
#6233=CARTESIAN_POINT('Ctrl Pts',(-3.07432748862091,2.68371662277165,-1.95));
#6234=CARTESIAN_POINT('Ctrl Pts',(-3.19030989610992,2.68653050832435,-1.92510556467194));
#6235=CARTESIAN_POINT('Ctrl Pts',(-3.34723522628279,2.68898273168967,-1.80460796269791));
#6236=CARTESIAN_POINT('Ctrl Pts',(-3.39581726397562,2.68961269728348,-1.75068714673439));
#6237=CARTESIAN_POINT('Ctrl Pts',(-3.46731988792811,2.690746877025,-1.6165861403186));
#6238=CARTESIAN_POINT('Ctrl Pts',(-3.4899662020925,2.69130434782609,-1.5362287471252));
#6239=CARTESIAN_POINT('Ctrl Pts',(-3.4899662020925,2.69130434782609,-1.45));
#6240=CARTESIAN_POINT('Ctrl Pts',(-2.64130434782609,3.5399662020925,-1.45));
#6241=CARTESIAN_POINT('Ctrl Pts',(-2.64130434782609,3.5399662020925,-1.46954394950258));
#6242=CARTESIAN_POINT('Ctrl Pts',(-2.64127111412803,3.53881100691046,-1.48885210724219));
#6243=CARTESIAN_POINT('Ctrl Pts',(-2.64121563949772,3.53659702268592,-1.50776352656663));
#6244=CARTESIAN_POINT('Ctrl Pts',(-2.64115792772088,3.53429375427706,-1.52743759389461));
#6245=CARTESIAN_POINT('Ctrl Pts',(-2.64107628472065,3.53084581305936,-1.54668186975479));
#6246=CARTESIAN_POINT('Ctrl Pts',(-2.64098091598691,3.52638255949108,-1.56536778459938));
#6247=CARTESIAN_POINT('Ctrl Pts',(-2.64088306325987,3.52180305511898,-1.58454039655575));
#6248=CARTESIAN_POINT('Ctrl Pts',(-2.6407708863193,3.51615596201801,-1.60312544485469));
#6249=CARTESIAN_POINT('Ctrl Pts',(-2.64065108743411,3.50958240655424,-1.62103944956295));
#6250=CARTESIAN_POINT('Ctrl Pts',(-2.64052592597583,3.50271459817087,-1.63975534119773));
#6251=CARTESIAN_POINT('Ctrl Pts',(-2.64039257225564,3.49483671312662,-1.65773942877146));
#6252=CARTESIAN_POINT('Ctrl Pts',(-2.64025198881556,3.48609136930073,-1.6749492603181));
#6253=CARTESIAN_POINT('Ctrl Pts',(-2.64022815245157,3.48460856877667,-1.67786724133112));
#6254=CARTESIAN_POINT('Ctrl Pts',(-2.64020409087531,3.48310076680709,-1.68076306596599));
#6255=CARTESIAN_POINT('Ctrl Pts',(-2.64017978715425,3.48156857595194,-1.68363664352636));
#6256=CARTESIAN_POINT('Ctrl Pts',(-2.64002848441977,3.47202992689117,-1.70152609104855));
#6257=CARTESIAN_POINT('Ctrl Pts',(-2.63986962882242,3.46155744924195,-1.7185274502505));
#6258=CARTESIAN_POINT('Ctrl Pts',(-2.63970470042391,3.45034779819836,-1.73456736078448));
#6259=CARTESIAN_POINT('Ctrl Pts',(-2.6395353044591,3.43883450109008,-1.75104175903735));
#6260=CARTESIAN_POINT('Ctrl Pts',(-2.6393595418878,3.42654458397054,-1.76650249566094));
#6261=CARTESIAN_POINT('Ctrl Pts',(-2.639176025077,3.41367647211593,-1.78092485650623));
#6262=CARTESIAN_POINT('Ctrl Pts',(-2.63898311491278,3.40014970276902,-1.79608542946335));
#6263=CARTESIAN_POINT('Ctrl Pts',(-2.63878167338769,3.38598491733901,-1.81009937834227));
#6264=CARTESIAN_POINT('Ctrl Pts',(-2.63856619523884,3.37138118860538,-1.82298731317786));
#6265=CARTESIAN_POINT('Ctrl Pts',(-2.63843820474814,3.36270681295951,-1.83064253535451));
#6266=CARTESIAN_POINT('Ctrl Pts',(-2.6383051843775,3.35387688577676,-1.837901351667));
#6267=CARTESIAN_POINT('Ctrl Pts',(-2.63816532390123,3.34492678289199,-1.84477383002246));
#6268=CARTESIAN_POINT('Ctrl Pts',(-2.63792273407264,3.32940271217059,-1.85669423377592));
#6269=CARTESIAN_POINT('Ctrl Pts',(-2.63765662163754,3.31350129782839,-1.86746231652272));
#6270=CARTESIAN_POINT('Ctrl Pts',(-2.63736553382019,3.29743742501041,-1.87711036492837));
#6271=CARTESIAN_POINT('Ctrl Pts',(-2.6370665040797,3.28093527193612,-1.88702164681301));
#6272=CARTESIAN_POINT('Ctrl Pts',(-2.63674114195797,3.26426238043869,-1.89575177172053));
#6273=CARTESIAN_POINT('Ctrl Pts',(-2.63638934752881,3.24761673455386,-1.90337966579624));
#6274=CARTESIAN_POINT('Ctrl Pts',(-2.63602677068891,3.23046090381039,-1.91124135290632));
#6275=CARTESIAN_POINT('Ctrl Pts',(-2.63563614685213,3.21333441213544,-1.91793318458532));
#6276=CARTESIAN_POINT('Ctrl Pts',(-2.63521848338305,3.19640864830188,-1.92357347415387));
#6277=CARTESIAN_POINT('Ctrl Pts',(-2.63477885976715,3.17859295205569,-1.92951032206703));
#6278=CARTESIAN_POINT('Ctrl Pts',(-2.63430931124552,3.16099988161733,-1.93428316865873));
#6279=CARTESIAN_POINT('Ctrl Pts',(-2.63381173183543,3.14377444020132,-1.93804898694515));
#6280=CARTESIAN_POINT('Ctrl Pts',(-2.63329799907349,3.12598979434378,-1.94193705825609));
#6281=CARTESIAN_POINT('Ctrl Pts',(-2.63275442015633,3.10859674391713,-1.94475267711632));
#6282=CARTESIAN_POINT('Ctrl Pts',(-2.6321832898602,3.09169853727704,-1.94667199409595));
#6283=CARTESIAN_POINT('Ctrl Pts',(-2.63158366962739,3.07395739017194,-1.94868705318489));
#6284=CARTESIAN_POINT('Ctrl Pts',(-2.63095371150792,3.0567612421093,-1.9497150553347));
#6285=CARTESIAN_POINT('Ctrl Pts',(-2.63029578039174,3.04017406878102,-1.94994821737579));
#6286=CARTESIAN_POINT('Ctrl Pts',(-2.63019780595638,3.03770402457571,-1.94998293821321));
#6287=CARTESIAN_POINT('Ctrl Pts',(-2.63009921025535,3.03524739661538,-1.95));
#6288=CARTESIAN_POINT('Ctrl Pts',(-2.63,3.03280430818293,-1.95));
#6289=CARTESIAN_POINT('Origin',(-2.63,3.4607689059251,-5.77842712474619));
#6290=CARTESIAN_POINT('',(-2.55,3.4607689059251,-1.45));
#6291=CARTESIAN_POINT('Origin',(-2.63,3.4607689059251,-1.45));
#6292=CARTESIAN_POINT('',(-2.55,3.4607689059251,-5.77842712474619));
#6293=CARTESIAN_POINT('Origin',(-2.37,3.4607689059251,-5.77842712474619));
#6294=CARTESIAN_POINT('',(-2.45,3.4607689059251,-1.45));
#6295=CARTESIAN_POINT('Origin',(-2.37,3.4607689059251,-1.45));
#6296=CARTESIAN_POINT('',(-2.45,3.4607689059251,-5.77842712474619));
#6297=CARTESIAN_POINT('Ctrl Pts',(-2.00501689895386,2.62065217391304,-1.95));
#6298=CARTESIAN_POINT('Ctrl Pts',(-2.05801907860514,2.99198092139487,-1.94999999999999));
#6299=CARTESIAN_POINT('Ctrl Pts',(-2.42934782608696,3.04498310104614,-1.95));
#6300=CARTESIAN_POINT('Ctrl Pts',(-1.51003379790751,2.69130434782609,-1.95000000000011));
#6301=CARTESIAN_POINT('Ctrl Pts',(-1.61603815721007,3.43396184278993,-1.95000000000009));
#6302=CARTESIAN_POINT('Ctrl Pts',(-2.35869565217391,3.5399662020925,-1.95000000000011));
#6303=CARTESIAN_POINT('Ctrl Pts',(-1.51003379790751,2.69130434782608,-1.45));
#6304=CARTESIAN_POINT('Ctrl Pts',(-1.61603815721008,3.43396184278993,-1.44999999999998));
#6305=CARTESIAN_POINT('Ctrl Pts',(-2.35869565217392,3.5399662020925,-1.45));
#6306=CARTESIAN_POINT('',(-2.01719569181707,2.68,-1.95));
#6307=CARTESIAN_POINT('Ctrl Pts',(-1.51003379790751,2.69130434782608,-1.45));
#6308=CARTESIAN_POINT('Ctrl Pts',(-1.51003379790751,2.69130434782608,-1.46954394950257));
#6309=CARTESIAN_POINT('Ctrl Pts',(-1.51118899308955,2.69127111412802,-1.48885210724218));
#6310=CARTESIAN_POINT('Ctrl Pts',(-1.51340297731409,2.69121563949771,-1.50776352656662));
#6311=CARTESIAN_POINT('Ctrl Pts',(-1.51570624572295,2.69115792772088,-1.5274375938946));
#6312=CARTESIAN_POINT('Ctrl Pts',(-1.51915418694065,2.69107628472064,-1.54668186975477));
#6313=CARTESIAN_POINT('Ctrl Pts',(-1.52361744050892,2.6909809159869,-1.56536778459936));
#6314=CARTESIAN_POINT('Ctrl Pts',(-1.52819694488102,2.69088306325986,-1.58454039655573));
#6315=CARTESIAN_POINT('Ctrl Pts',(-1.53384403798199,2.69077088631929,-1.60312544485467));
#6316=CARTESIAN_POINT('Ctrl Pts',(-1.54041759344575,2.69065108743411,-1.62103944956292));
#6317=CARTESIAN_POINT('Ctrl Pts',(-1.54728540182913,2.69052592597582,-1.63975534119771));
#6318=CARTESIAN_POINT('Ctrl Pts',(-1.55516328687337,2.69039257225563,-1.65773942877143));
#6319=CARTESIAN_POINT('Ctrl Pts',(-1.56390863069926,2.69025198881555,-1.67494926031805));
#6320=CARTESIAN_POINT('Ctrl Pts',(-1.56539143122332,2.69022815245157,-1.67786724133109));
#6321=CARTESIAN_POINT('Ctrl Pts',(-1.56689923319291,2.69020409087531,-1.68076306596597));
#6322=CARTESIAN_POINT('Ctrl Pts',(-1.56843142404807,2.69017978715424,-1.68363664352636));
#6323=CARTESIAN_POINT('Ctrl Pts',(-1.57797007310884,2.69002848441976,-1.70152609104855));
#6324=CARTESIAN_POINT('Ctrl Pts',(-1.58844255075806,2.68986962882242,-1.71852745025051));
#6325=CARTESIAN_POINT('Ctrl Pts',(-1.59965220180166,2.6897047004239,-1.73456736078449));
#6326=CARTESIAN_POINT('Ctrl Pts',(-1.61116549890994,2.6895353044591,-1.75104175903737));
#6327=CARTESIAN_POINT('Ctrl Pts',(-1.62345541602948,2.6893595418878,-1.76650249566097));
#6328=CARTESIAN_POINT('Ctrl Pts',(-1.63632352788409,2.68917602507699,-1.78092485650625));
#6329=CARTESIAN_POINT('Ctrl Pts',(-1.64985029723101,2.68898311491278,-1.79608542946337));
#6330=CARTESIAN_POINT('Ctrl Pts',(-1.66401508266102,2.68878167338769,-1.81009937834229));
#6331=CARTESIAN_POINT('Ctrl Pts',(-1.67861881139465,2.68856619523883,-1.82298731317788));
#6332=CARTESIAN_POINT('Ctrl Pts',(-1.68729318704051,2.68843820474814,-1.83064253535452));
#6333=CARTESIAN_POINT('Ctrl Pts',(-1.69612311422325,2.68830518437749,-1.837901351667));
#6334=CARTESIAN_POINT('Ctrl Pts',(-1.70507321710801,2.68816532390123,-1.84477383002245));
#6335=CARTESIAN_POINT('Ctrl Pts',(-1.72059728782941,2.68792273407264,-1.85669423377591));
#6336=CARTESIAN_POINT('Ctrl Pts',(-1.73649870217161,2.68765662163754,-1.86746231652272));
#6337=CARTESIAN_POINT('Ctrl Pts',(-1.7525625749896,2.68736553382019,-1.87711036492837));
#6338=CARTESIAN_POINT('Ctrl Pts',(-1.76906472806388,2.6870665040797,-1.88702164681302));
#6339=CARTESIAN_POINT('Ctrl Pts',(-1.78573761956132,2.68674114195796,-1.89575177172053));
#6340=CARTESIAN_POINT('Ctrl Pts',(-1.80238326544616,2.68638934752881,-1.90337966579624));
#6341=CARTESIAN_POINT('Ctrl Pts',(-1.81953909618961,2.6860267706889,-1.91124135290632));
#6342=CARTESIAN_POINT('Ctrl Pts',(-1.83666558786455,2.68563614685212,-1.91793318458532));
#6343=CARTESIAN_POINT('Ctrl Pts',(-1.8535913516981,2.68521848338304,-1.92357347415387));
#6344=CARTESIAN_POINT('Ctrl Pts',(-1.8714070479443,2.68477885976715,-1.92951032206703));
#6345=CARTESIAN_POINT('Ctrl Pts',(-1.88900011838268,2.68430931124551,-1.93428316865873));
#6346=CARTESIAN_POINT('Ctrl Pts',(-1.90622555979871,2.68381173183543,-1.93804898694516));
#6347=CARTESIAN_POINT('Ctrl Pts',(-1.92401020565626,2.68329799907348,-1.94193705825609));
#6348=CARTESIAN_POINT('Ctrl Pts',(-1.94140325608292,2.68275442015632,-1.94475267711633));
#6349=CARTESIAN_POINT('Ctrl Pts',(-1.95830146272302,2.6821832898602,-1.94667199409596));
#6350=CARTESIAN_POINT('Ctrl Pts',(-1.97604260982804,2.68158366962739,-1.94868705318489));
#6351=CARTESIAN_POINT('Ctrl Pts',(-1.9932387578906,2.68095371150792,-1.94971505533469));
#6352=CARTESIAN_POINT('Ctrl Pts',(-2.00982593121881,2.68029578039174,-1.94994821737579));
#6353=CARTESIAN_POINT('Ctrl Pts',(-2.01229597542418,2.68019780595638,-1.94998293821321));
#6354=CARTESIAN_POINT('Ctrl Pts',(-2.01475260338457,2.68009921025535,-1.95));
#6355=CARTESIAN_POINT('Ctrl Pts',(-2.01719569181707,2.68,-1.95));
#6356=CARTESIAN_POINT('',(-2.37000000000001,3.03280430818282,-1.95));
#6357=CARTESIAN_POINT('Origin',(-2.49999999999969,2.55000000000016,-1.95));
#6358=CARTESIAN_POINT('Ctrl Pts',(-2.37000000000001,3.03280430818282,-1.95));
#6359=CARTESIAN_POINT('Ctrl Pts',(-2.36628337722837,3.12432748862106,-1.95));
#6360=CARTESIAN_POINT('Ctrl Pts',(-2.36346949167566,3.24030989611012,-1.92510556467185));
#6361=CARTESIAN_POINT('Ctrl Pts',(-2.36101726831034,3.39723522628293,-1.80460796269776));
#6362=CARTESIAN_POINT('Ctrl Pts',(-2.36038730271652,3.44581726397572,-1.75068714673424));
#6363=CARTESIAN_POINT('Ctrl Pts',(-2.359253122975,3.51731988792815,-1.61658614031848));
#6364=CARTESIAN_POINT('Ctrl Pts',(-2.35869565217392,3.5399662020925,-1.53622874712513));
#6365=CARTESIAN_POINT('Ctrl Pts',(-2.35869565217392,3.5399662020925,-1.45));
#6366=CARTESIAN_POINT('Ctrl Pts',(-2.37,2.06719569181707,-1.95));
#6367=CARTESIAN_POINT('Ctrl Pts',(-2.45,2.06719569181707,-1.95));
#6368=CARTESIAN_POINT('Ctrl Pts',(-2.45,2.06719569181707,-1.87));
#6369=CARTESIAN_POINT('Ctrl Pts',(-2.36467702462228,1.93611445241012,-1.95));
#6370=CARTESIAN_POINT('Ctrl Pts',(-2.45000000000008,1.9315838580403,-1.9555069512881));
#6371=CARTESIAN_POINT('Ctrl Pts',(-2.45,1.95594531721907,-1.86999995653687));
#6372=CARTESIAN_POINT('Ctrl Pts',(-2.36234004622363,1.80417778550039,-1.89760032338383));
#6373=CARTESIAN_POINT('Ctrl Pts',(-2.44999999999998,1.79922010246559,-1.90451901605639));
#6374=CARTESIAN_POINT('Ctrl Pts',(-2.45,1.84479896260038,-1.82598426672978));
#6375=CARTESIAN_POINT('Ctrl Pts',(-2.35928114103331,1.61622969606909,-1.71407775458567));
#6376=CARTESIAN_POINT('Ctrl Pts',(-2.45000000000003,1.60469614495197,-1.71994293451269));
#6377=CARTESIAN_POINT('Ctrl Pts',(-2.45,1.68649668634327,-1.67182531876462));
#6378=CARTESIAN_POINT('Ctrl Pts',(-2.35869563990337,1.56003379965896,-1.58319699308337));
#6379=CARTESIAN_POINT('Ctrl Pts',(-2.45,1.5470014313474,-1.58672005866092));
#6380=CARTESIAN_POINT('Ctrl Pts',(-2.45,1.63923117467633,-1.56188546984747));
#6381=CARTESIAN_POINT('Ctrl Pts',(-2.35869565217392,1.5600337979075,-1.45));
#6382=CARTESIAN_POINT('Ctrl Pts',(-2.45,1.54700133144958,-1.45));
#6383=CARTESIAN_POINT('Ctrl Pts',(-2.45,1.6392310940749,-1.45));
#6384=CARTESIAN_POINT('',(-2.45,2.06719569181707,-1.87));
#6385=CARTESIAN_POINT('Ctrl Pts',(-2.45,1.6392310940749,-1.45));
#6386=CARTESIAN_POINT('Ctrl Pts',(-2.45,1.63923117467633,-1.56188546984747));
#6387=CARTESIAN_POINT('Ctrl Pts',(-2.45,1.68649668634327,-1.67182531876462));
#6388=CARTESIAN_POINT('Ctrl Pts',(-2.45,1.84479896260038,-1.82598426672978));
#6389=CARTESIAN_POINT('Ctrl Pts',(-2.45,1.95594531721907,-1.86999995653687));
#6390=CARTESIAN_POINT('Ctrl Pts',(-2.45,2.06719569181707,-1.87));
#6391=CARTESIAN_POINT('Origin',(-2.37,2.06719569181707,-1.87));
#6392=CARTESIAN_POINT('Origin',(-2.45,1.3,-2.95));
#6393=CARTESIAN_POINT('',(-2.45,2.5,-1.87));
#6394=CARTESIAN_POINT('',(-2.45,2.5,-2.95));
#6395=CARTESIAN_POINT('',(-2.45,1.3,-1.87));
#6396=CARTESIAN_POINT('Origin',(-3.75,2.50000000000001,-1.97879467971285));
#6397=CARTESIAN_POINT('',(-2.01719569181732,2.5,-1.87));
#6398=CARTESIAN_POINT('Ctrl Pts',(-1.58923109407491,2.5,-1.45));
#6399=CARTESIAN_POINT('Ctrl Pts',(-1.58923109407491,2.5,-1.46479288358415));
#6400=CARTESIAN_POINT('Ctrl Pts',(-1.59003830253498,2.50000000006598,-1.47951088639318));
#6401=CARTESIAN_POINT('Ctrl Pts',(-1.59164519668756,2.49999998692254,-1.49419718465531));
#6402=CARTESIAN_POINT('Ctrl Pts',(-1.59303378738615,2.49999997556469,-1.50688828638775));
#6403=CARTESIAN_POINT('Ctrl Pts',(-1.59502061002448,2.49999995435403,-1.51955592285564));
#6404=CARTESIAN_POINT('Ctrl Pts',(-1.59763015091462,2.49999994782362,-1.53221712102003));
#6405=CARTESIAN_POINT('Ctrl Pts',(-1.6010646315321,2.49999993922878,-1.54888083372668));
#6406=CARTESIAN_POINT('Ctrl Pts',(-1.60553648488436,2.49999992869113,-1.5654286751225));
#6407=CARTESIAN_POINT('Ctrl Pts',(-1.61096701316133,2.49999989082048,-1.5816379394555));
#6408=CARTESIAN_POINT('Ctrl Pts',(-1.61443746829968,2.49999986661871,-1.59199669680365));
#6409=CARTESIAN_POINT('Ctrl Pts',(-1.6182983646029,2.49999983123544,-1.60221738125573));
#6410=CARTESIAN_POINT('Ctrl Pts',(-1.62251896249494,2.49999976466959,-1.61224631223932));
#6411=CARTESIAN_POINT('Ctrl Pts',(-1.62843812288624,2.49999967131459,-1.62631134581125));
#6412=CARTESIAN_POINT('Ctrl Pts',(-1.6350758914947,2.49999965086512,-1.63991343545915));
#6413=CARTESIAN_POINT('Ctrl Pts',(-1.64240553862364,2.49999968604399,-1.6530932627415));
#6414=CARTESIAN_POINT('Ctrl Pts',(-1.64848032588969,2.49999971520012,-1.66401665994399));
#6415=CARTESIAN_POINT('Ctrl Pts',(-1.65503141772818,2.49999977338876,-1.67465021560978));
#6416=CARTESIAN_POINT('Ctrl Pts',(-1.6620692954511,2.49999982256445,-1.68500845296553));
#6417=CARTESIAN_POINT('Ctrl Pts',(-1.67022035262132,2.49999987951825,-1.6970050502628));
#6418=CARTESIAN_POINT('Ctrl Pts',(-1.6790298387506,2.49999992187636,-1.70862809092438));
#6419=CARTESIAN_POINT('Ctrl Pts',(-1.68837994885904,2.49999993699974,-1.71971781950321));
#6420=CARTESIAN_POINT('Ctrl Pts',(-1.69684385822117,2.49999995068973,-1.72975646679754));
#6421=CARTESIAN_POINT('Ctrl Pts',(-1.70575003522436,2.4999999524562,-1.73935815165114));
#6422=CARTESIAN_POINT('Ctrl Pts',(-1.71498852658276,2.49999990516175,-1.74843359670352));
#6423=CARTESIAN_POINT('Ctrl Pts',(-1.7151250821091,2.49999990446269,-1.74856774221796));
#6424=CARTESIAN_POINT('Ctrl Pts',(-1.71526174914724,2.49999990376426,-1.74870179914158));
#6425=CARTESIAN_POINT('Ctrl Pts',(-1.71539852759648,2.49999990306659,-1.74883576719051));
#6426=CARTESIAN_POINT('Ctrl Pts',(-1.72898620454371,2.49999983375998,-1.76214425679683));
#6427=CARTESIAN_POINT('Ctrl Pts',(-1.74366100246622,2.49999978641835,-1.77457509723595));
#6428=CARTESIAN_POINT('Ctrl Pts',(-1.75922170561324,2.49999978845677,-1.78597808155096));
#6429=CARTESIAN_POINT('Ctrl Pts',(-1.77530677378716,2.49999979056388,-1.79776532396283));
#6430=CARTESIAN_POINT('Ctrl Pts',(-1.79233754567479,2.49999983466308,-1.80845370935033));
#6431=CARTESIAN_POINT('Ctrl Pts',(-1.81005555440162,2.4999998758773,-1.81792050580094));
#6432=CARTESIAN_POINT('Ctrl Pts',(-1.82416133762942,2.49999990868905,-1.82545727704047));
#6433=CARTESIAN_POINT('Ctrl Pts',(-1.83870176159398,2.49999993862876,-1.83222060315602));
#6434=CARTESIAN_POINT('Ctrl Pts',(-1.85353723191169,2.499999957264,-1.83817026477672));
#6435=CARTESIAN_POINT('Ctrl Pts',(-1.87265722919301,2.49999998128115,-1.84583820597281));
#6436=CARTESIAN_POINT('Ctrl Pts',(-1.89226497704222,2.49999998992795,-1.85216139982301));
#6437=CARTESIAN_POINT('Ctrl Pts',(-1.91225277217305,2.49999999458393,-1.85710931188837));
#6438=CARTESIAN_POINT('Ctrl Pts',(-1.93174746567056,2.49999999912504,-1.8619351582879));
#6439=CARTESIAN_POINT('Ctrl Pts',(-1.95160480197667,2.49999999959124,-1.86545292390646));
#6440=CARTESIAN_POINT('Ctrl Pts',(-1.97173435241898,2.49999999985758,-1.86758702563663));
#6441=CARTESIAN_POINT('Ctrl Pts',(-1.98674952212069,2.50000000005625,-1.86917890915788));
#6442=CARTESIAN_POINT('Ctrl Pts',(-2.00191643768811,2.5,-1.87));
#6443=CARTESIAN_POINT('Ctrl Pts',(-2.01719569181732,2.5,-1.87));
#6444=CARTESIAN_POINT('',(-3.75,2.50000000000001,-1.87));
#6445=CARTESIAN_POINT('Ctrl Pts',(-1.51003379790751,2.40869565217391,-1.45));
#6446=CARTESIAN_POINT('Ctrl Pts',(-1.49700133144958,2.5,-1.45));
#6447=CARTESIAN_POINT('Ctrl Pts',(-1.58923109407491,2.5,-1.45));
#6448=CARTESIAN_POINT('Ctrl Pts',(-1.51003380025941,2.40869563569671,-1.58225546936151));
#6449=CARTESIAN_POINT('Ctrl Pts',(-1.49700146562895,2.50000000000009,-1.58575695751732));
#6450=CARTESIAN_POINT('Ctrl Pts',(-1.58923120234267,2.5,-1.56109460246983));
#6451=CARTESIAN_POINT('Ctrl Pts',(-1.56598347867213,2.40927774214384,-1.71373838474209));
#6452=CARTESIAN_POINT('Ctrl Pts',(-1.55443943598146,2.5,-1.71959631778391));
#6453=CARTESIAN_POINT('Ctrl Pts',(-1.63628945192983,2.5,-1.67154023085514));
#6454=CARTESIAN_POINT('Ctrl Pts',(-1.75403846262052,2.41233717160866,-1.89756302847927));
#6455=CARTESIAN_POINT('Ctrl Pts',(-1.74907615962073,2.5,-1.90448306154897));
#6456=CARTESIAN_POINT('Ctrl Pts',(-1.79468146985447,2.5,-1.82595295625081));
#6457=CARTESIAN_POINT('Ctrl Pts',(-1.8855667992592,2.41465478415771,-1.95000000000008));
#6458=CARTESIAN_POINT('Ctrl Pts',(-1.88100159715812,2.50000000000008,-1.95553061580091));
#6459=CARTESIAN_POINT('Ctrl Pts',(-1.90548227663217,2.5,-1.86999997176957));
#6460=CARTESIAN_POINT('Ctrl Pts',(-2.01719569181741,2.42000000000001,-1.95));
#6461=CARTESIAN_POINT('Ctrl Pts',(-2.01719569181741,2.5,-1.94999999999999));
#6462=CARTESIAN_POINT('Ctrl Pts',(-2.01719569181736,2.5,-1.87));
#6463=CARTESIAN_POINT('Origin',(-2.01719569181736,2.42,-1.87));
#6464=CARTESIAN_POINT('Origin',(4.94999999999999,5.,-1.95));
#6465=CARTESIAN_POINT('',(-2.36999999999997,2.41999999999997,-1.95));
#6466=CARTESIAN_POINT('',(-2.37,5.,-1.95));
#6467=CARTESIAN_POINT('',(4.94999999999999,2.41999999999994,-1.95));
#6468=CARTESIAN_POINT('Origin',(-2.5,2.55,-5.77842712474619));
#6469=CARTESIAN_POINT('',(-2.64130434782609,1.5600337979075,-1.45));
#6470=CARTESIAN_POINT('Origin',(-2.5,2.55,-1.45));
#6471=CARTESIAN_POINT('',(-2.64130434782609,1.5600337979075,-5.77842712474619));
#6472=CARTESIAN_POINT('Ctrl Pts',(-2.98280430818294,2.42,-1.95));
#6473=CARTESIAN_POINT('Ctrl Pts',(-2.98280430818294,2.5,-1.95));
#6474=CARTESIAN_POINT('Ctrl Pts',(-2.98280430818294,2.5,-1.87));
#6475=CARTESIAN_POINT('Ctrl Pts',(-3.11388554758989,2.41467702462228,-1.95));
#6476=CARTESIAN_POINT('Ctrl Pts',(-3.11841614195965,2.4999999999999,-1.95550695128812));
#6477=CARTESIAN_POINT('Ctrl Pts',(-3.09405468278094,2.5,-1.86999995653691));
#6478=CARTESIAN_POINT('Ctrl Pts',(-3.24582221449961,2.41234004622361,-1.89760032338383));
#6479=CARTESIAN_POINT('Ctrl Pts',(-3.25077989753439,2.5,-1.90451901605647));
#6480=CARTESIAN_POINT('Ctrl Pts',(-3.20520103739963,2.5,-1.82598426672978));
#6481=CARTESIAN_POINT('Ctrl Pts',(-3.43377030393092,2.40928114103334,-1.71407775458567));
#6482=CARTESIAN_POINT('Ctrl Pts',(-3.44530385504799,2.5,-1.71994293451267));
#6483=CARTESIAN_POINT('Ctrl Pts',(-3.36350331365673,2.5,-1.67182531876462));
#6484=CARTESIAN_POINT('Ctrl Pts',(-3.48996620034106,2.40869563990344,-1.58319699308337));
#6485=CARTESIAN_POINT('Ctrl Pts',(-3.50299856865258,2.50000000000015,-1.586720058661));
#6486=CARTESIAN_POINT('Ctrl Pts',(-3.41076882532364,2.5,-1.56188546984747));
#6487=CARTESIAN_POINT('Ctrl Pts',(-3.4899662020925,2.40869565217392,-1.45));
#6488=CARTESIAN_POINT('Ctrl Pts',(-3.50299866855043,2.5,-1.45));
#6489=CARTESIAN_POINT('Ctrl Pts',(-3.4107689059251,2.5,-1.45));
#6490=CARTESIAN_POINT('',(-2.98280430818294,2.5,-1.87));
#6491=CARTESIAN_POINT('Ctrl Pts',(-2.98280430818294,2.5,-1.87));
#6492=CARTESIAN_POINT('Ctrl Pts',(-3.02483235095716,2.5,-1.87002522201712));
#6493=CARTESIAN_POINT('Ctrl Pts',(-3.06684844502341,2.50000001415587,-1.86376941892662));
#6494=CARTESIAN_POINT('Ctrl Pts',(-3.1071469149767,2.49999990866277,-1.8518647159146));
#6495=CARTESIAN_POINT('Ctrl Pts',(-3.12026774044899,2.49999987431515,-1.84798864988279));
#6496=CARTESIAN_POINT('Ctrl Pts',(-3.13320689404445,2.49999982424666,-1.84351371855507));
#6497=CARTESIAN_POINT('Ctrl Pts',(-3.14590668468716,2.49999973809492,-1.83846140736732));
#6498=CARTESIAN_POINT('Ctrl Pts',(-3.17280027371756,2.49999955565652,-1.82776242936371));
#6499=CARTESIAN_POINT('Ctrl Pts',(-3.19853243606993,2.49999957030868,-1.81439207909829));
#6500=CARTESIAN_POINT('Ctrl Pts',(-3.22258097754286,2.49999968062518,-1.79860766137441));
#6501=CARTESIAN_POINT('Ctrl Pts',(-3.2447506519416,2.49999978232286,-1.78405645036204));
#6502=CARTESIAN_POINT('Ctrl Pts',(-3.26549103922874,2.49999990341875,-1.76745418512598));
#6503=CARTESIAN_POINT('Ctrl Pts',(-3.28441578716023,2.49999994804178,-1.7489701140598));
#6504=CARTESIAN_POINT('Ctrl Pts',(-3.28443035767532,2.49999994807613,-1.74895588283003));
#6505=CARTESIAN_POINT('Ctrl Pts',(-3.28444492711839,2.49999994811046,-1.74894165048975));
#6506=CARTESIAN_POINT('Ctrl Pts',(-3.28445949548939,2.49999994814475,-1.74892741703917));
#6507=CARTESIAN_POINT('Ctrl Pts',(-3.31120076817812,2.50000001109405,-1.72280091440025));
#6508=CARTESIAN_POINT('Ctrl Pts',(-3.33432916688869,2.49999999707612,-1.69292903065671));
#6509=CARTESIAN_POINT('Ctrl Pts',(-3.3532066592985,2.49999999793293,-1.66051244511727));
#6510=CARTESIAN_POINT('Ctrl Pts',(-3.36218669930293,2.49999999834051,-1.64509184641531));
#6511=CARTESIAN_POINT('Ctrl Pts',(-3.37020491620433,2.49999999822675,-1.62909618139401));
#6512=CARTESIAN_POINT('Ctrl Pts',(-3.37719433365832,2.49999999837383,-1.61265847417304));
#6513=CARTESIAN_POINT('Ctrl Pts',(-3.38696958112758,2.49999999857953,-1.58966905381434));
#6514=CARTESIAN_POINT('Ctrl Pts',(-3.39473681863514,2.49999999921031,-1.56581675737296));
#6515=CARTESIAN_POINT('Ctrl Pts',(-3.40033686190762,2.49999999956478,-1.54138285489711));
#6516=CARTESIAN_POINT('Ctrl Pts',(-3.40567668417069,2.49999999990279,-1.51808433914183));
#6517=CARTESIAN_POINT('Ctrl Pts',(-3.40904631884099,2.4999999999891,-1.49425582423557));
#6518=CARTESIAN_POINT('Ctrl Pts',(-3.41026104668365,2.49999999999804,-1.47013672140646));
#6519=CARTESIAN_POINT('Ctrl Pts',(-3.41059806287295,2.50000000000052,-1.46344507588765));
#6520=CARTESIAN_POINT('Ctrl Pts',(-3.4107689059251,2.5,-1.4567310917771));
#6521=CARTESIAN_POINT('Ctrl Pts',(-3.4107689059251,2.5,-1.45));
#6522=CARTESIAN_POINT('',(-2.98280430818294,2.42,-1.95));
#6523=CARTESIAN_POINT('Origin',(-2.98280430818294,2.42,-1.87));
#6524=CARTESIAN_POINT('Ctrl Pts',(-2.98280430818294,2.42,-1.95));
#6525=CARTESIAN_POINT('Ctrl Pts',(-3.00602587353041,2.4190570136418,-1.95));
#6526=CARTESIAN_POINT('Ctrl Pts',(-3.02932728127021,2.41826637767318,-1.9484541977121));
#6527=CARTESIAN_POINT('Ctrl Pts',(-3.05244793539482,2.41756774028919,-1.94534075156149));
#6528=CARTESIAN_POINT('Ctrl Pts',(-3.0756592972736,2.41686636198672,-1.94221509063068));
#6529=CARTESIAN_POINT('Ctrl Pts',(-3.09868789262695,2.41625703535232,-1.93750987462681));
#6530=CARTESIAN_POINT('Ctrl Pts',(-3.12128484417354,2.41569282201409,-1.93125133064547));
#6531=CARTESIAN_POINT('Ctrl Pts',(-3.14408881274501,2.41512343975888,-1.9249354503835));
#6532=CARTESIAN_POINT('Ctrl Pts',(-3.16645284678159,2.41459946936762,-1.91703812979088));
#6533=CARTESIAN_POINT('Ctrl Pts',(-3.18814333684345,2.41409622298429,-1.90762859648966));
#6534=CARTESIAN_POINT('Ctrl Pts',(-3.20999446525926,2.41358924959107,-1.89814937679885));
#6535=CARTESIAN_POINT('Ctrl Pts',(-3.23116192508696,2.41310299887875,-1.88713590325751));
#6536=CARTESIAN_POINT('Ctrl Pts',(-3.25143266806149,2.41264244415299,-1.87469453280403));
#6537=CARTESIAN_POINT('Ctrl Pts',(-3.27205922066214,2.41217380537206,-1.86203478064767));
#6538=CARTESIAN_POINT('Ctrl Pts',(-3.29175727383851,2.41173166101052,-1.84789679417407));
#6539=CARTESIAN_POINT('Ctrl Pts',(-3.31032997597047,2.41135577366431,-1.83242419763678));
#6540=CARTESIAN_POINT('Ctrl Pts',(-3.32049854595096,2.41114997502728,-1.82395293806714));
#6541=CARTESIAN_POINT('Ctrl Pts',(-3.33033026505298,2.41096465520347,-1.8150821420678));
#6542=CARTESIAN_POINT('Ctrl Pts',(-3.33979625921523,2.41081059362848,-1.80583903898471));
#6543=CARTESIAN_POINT('Ctrl Pts',(-3.36028854006955,2.41047707630221,-1.7858292797246));
#6544=CARTESIAN_POINT('Ctrl Pts',(-3.3790555739659,2.4102301549696,-1.76407335292654));
#6545=CARTESIAN_POINT('Ctrl Pts',(-3.39584005947571,2.41002020197128,-1.74083783728059));
#6546=CARTESIAN_POINT('Ctrl Pts',(-3.4108866227345,2.40983198821468,-1.72000820530807));
#6547=CARTESIAN_POINT('Ctrl Pts',(-3.42434003349366,2.40967377142361,-1.6979889952713));
#6548=CARTESIAN_POINT('Ctrl Pts',(-3.43602930254053,2.40952838158315,-1.67500644362232));
#6549=CARTESIAN_POINT('Ctrl Pts',(-3.44698757167071,2.40939208383911,-1.65346112840556));
#6550=CARTESIAN_POINT('Ctrl Pts',(-3.45639482927363,2.40926730136516,-1.631068936839));
#6551=CARTESIAN_POINT('Ctrl Pts',(-3.46412811305026,2.40915358569239,-1.60805370447445));
#6552=CARTESIAN_POINT('Ctrl Pts',(-3.47155959346564,2.40904430794964,-1.58593667715296));
#6553=CARTESIAN_POINT('Ctrl Pts',(-3.47744434155292,2.40894547644778,-1.56324441112089));
#6554=CARTESIAN_POINT('Ctrl Pts',(-3.48170130946893,2.40886647279136,-1.54021234568199));
#6555=CARTESIAN_POINT('Ctrl Pts',(-3.48578317010161,2.40879071889297,-1.51812768752643));
#6556=CARTESIAN_POINT('Ctrl Pts',(-3.48836769126346,2.40873342318818,-1.49573119940258));
#6557=CARTESIAN_POINT('Ctrl Pts',(-3.48942127793653,2.40870874991097,-1.47325966899387));
#6558=CARTESIAN_POINT('Ctrl Pts',(-3.48978454409622,2.40870024281147,-1.46551170979635));
#6559=CARTESIAN_POINT('Ctrl Pts',(-3.48996620199053,2.4086956514595,-1.45775504907025));
#6560=CARTESIAN_POINT('Ctrl Pts',(-3.4899662020925,2.40869565217392,-1.45));
#6561=CARTESIAN_POINT('Ctrl Pts',(-3.4899662020925,2.69130434782609,-1.45));
#6562=CARTESIAN_POINT('Ctrl Pts',(-3.50299866855043,2.6,-1.45));
#6563=CARTESIAN_POINT('Ctrl Pts',(-3.4107689059251,2.6,-1.45));
#6564=CARTESIAN_POINT('Ctrl Pts',(-3.48996619974059,2.69130436430336,-1.58225546936151));
#6565=CARTESIAN_POINT('Ctrl Pts',(-3.50299853437118,2.60000000000015,-1.58575695751729));
#6566=CARTESIAN_POINT('Ctrl Pts',(-3.41076879765737,2.6,-1.56109460246983));
#6567=CARTESIAN_POINT('Ctrl Pts',(-3.43401652132787,2.69072225785616,-1.71373838474209));
#6568=CARTESIAN_POINT('Ctrl Pts',(-3.44556056401856,2.59999999999998,-1.71959631778392));
#6569=CARTESIAN_POINT('Ctrl Pts',(-3.36371054807017,2.6,-1.67154023085515));
#6570=CARTESIAN_POINT('Ctrl Pts',(-3.24596153737949,2.68766282839135,-1.89756302847927));
#6571=CARTESIAN_POINT('Ctrl Pts',(-3.25092384037929,2.60000000000003,-1.90448306154893));
#6572=CARTESIAN_POINT('Ctrl Pts',(-3.20531853014555,2.6,-1.82595295625081));
#6573=CARTESIAN_POINT('Ctrl Pts',(-3.11443320074081,2.6853452158423,-1.95000000000008));
#6574=CARTESIAN_POINT('Ctrl Pts',(-3.1189984028419,2.6,-1.95553061580101));
#6575=CARTESIAN_POINT('Ctrl Pts',(-3.09451772336782,2.6,-1.86999997176961));
#6576=CARTESIAN_POINT('Ctrl Pts',(-2.9828043081826,2.67999999999999,-1.95));
#6577=CARTESIAN_POINT('Ctrl Pts',(-2.9828043081826,2.6,-1.94999999999999));
#6578=CARTESIAN_POINT('Ctrl Pts',(-2.98280430818265,2.6,-1.87));
#6579=CARTESIAN_POINT('',(-2.98280430818269,2.6,-1.87));
#6580=CARTESIAN_POINT('Origin',(-2.98280430818265,2.68,-1.87));
#6581=CARTESIAN_POINT('Ctrl Pts',(-2.98280430818269,2.6,-1.87));
#6582=CARTESIAN_POINT('Ctrl Pts',(-3.09451772336782,2.6,-1.86999997176961));
#6583=CARTESIAN_POINT('Ctrl Pts',(-3.20531853014555,2.6,-1.82595295625081));
#6584=CARTESIAN_POINT('Ctrl Pts',(-3.36371054807017,2.6,-1.67154023085515));
#6585=CARTESIAN_POINT('Ctrl Pts',(-3.41076879765737,2.6,-1.56109460246983));
#6586=CARTESIAN_POINT('Ctrl Pts',(-3.4107689059251,2.6,-1.45));
#6587=CARTESIAN_POINT('Origin',(4.94999999999999,5.,-1.95));
#6588=CARTESIAN_POINT('',(-2.63000000000003,2.68000000000003,-1.95));
#6589=CARTESIAN_POINT('',(-2.63,5.,-1.95));
#6590=CARTESIAN_POINT('',(4.94999999999999,2.68000000000006,-1.95));
#6591=CARTESIAN_POINT('Ctrl Pts',(-2.63,3.03280430818293,-1.95));
#6592=CARTESIAN_POINT('Ctrl Pts',(-2.55,3.03280430818293,-1.95));
#6593=CARTESIAN_POINT('Ctrl Pts',(-2.55,3.03280430818293,-1.87));
#6594=CARTESIAN_POINT('Ctrl Pts',(-2.63532297537773,3.16388554758988,-1.95));
#6595=CARTESIAN_POINT('Ctrl Pts',(-2.55,3.1684161419597,-1.9555069512881));
#6596=CARTESIAN_POINT('Ctrl Pts',(-2.55,3.14405468278094,-1.86999995653687));
#6597=CARTESIAN_POINT('Ctrl Pts',(-2.63765995377637,3.29582221449961,-1.89760032338383));
#6598=CARTESIAN_POINT('Ctrl Pts',(-2.55000000000003,3.30077989753439,-1.9045190160564));
#6599=CARTESIAN_POINT('Ctrl Pts',(-2.55,3.25520103739962,-1.82598426672978));
#6600=CARTESIAN_POINT('Ctrl Pts',(-2.64071885896669,3.48377030393091,-1.71407775458567));
#6601=CARTESIAN_POINT('Ctrl Pts',(-2.54999999999998,3.49530385504804,-1.71994293451268));
#6602=CARTESIAN_POINT('Ctrl Pts',(-2.55,3.41350331365673,-1.67182531876462));
#6603=CARTESIAN_POINT('Ctrl Pts',(-2.64130436009663,3.53996620034104,-1.58319699308337));
#6604=CARTESIAN_POINT('Ctrl Pts',(-2.55,3.55299856865258,-1.58672005866094));
#6605=CARTESIAN_POINT('Ctrl Pts',(-2.55,3.46076882532371,-1.56188546984747));
#6606=CARTESIAN_POINT('Ctrl Pts',(-2.64130434782609,3.5399662020925,-1.45));
#6607=CARTESIAN_POINT('Ctrl Pts',(-2.55,3.55299866855043,-1.45));
#6608=CARTESIAN_POINT('Ctrl Pts',(-2.55,3.4607689059251,-1.45));
#6609=CARTESIAN_POINT('',(-2.55000000000001,3.03280430818293,-1.87));
#6610=CARTESIAN_POINT('Origin',(-2.63,3.03280430818293,-1.87));
#6611=CARTESIAN_POINT('Ctrl Pts',(-2.55,3.4607689059251,-1.45));
#6612=CARTESIAN_POINT('Ctrl Pts',(-2.55,3.46076882532371,-1.56188546984747));
#6613=CARTESIAN_POINT('Ctrl Pts',(-2.55,3.41350331365673,-1.67182531876462));
#6614=CARTESIAN_POINT('Ctrl Pts',(-2.55000000000001,3.25520103739962,-1.82598426672978));
#6615=CARTESIAN_POINT('Ctrl Pts',(-2.55000000000001,3.14405468278094,-1.86999995653687));
#6616=CARTESIAN_POINT('Ctrl Pts',(-2.55000000000001,3.03280430818293,-1.87));
#6617=CARTESIAN_POINT('Origin',(-2.55,1.3,-2.95));
#6618=CARTESIAN_POINT('',(-2.55,2.6,-1.87));
#6619=CARTESIAN_POINT('',(-2.55,2.6,-2.95));
#6620=CARTESIAN_POINT('',(-2.55,1.3,-1.87));
#6621=CARTESIAN_POINT('Ctrl Pts',(-2.01719569181707,2.68,-1.95));
#6622=CARTESIAN_POINT('Ctrl Pts',(-2.01719569181707,2.6,-1.95));
#6623=CARTESIAN_POINT('Ctrl Pts',(-2.01719569181707,2.6,-1.87));
#6624=CARTESIAN_POINT('Ctrl Pts',(-1.88611445241012,2.68532297537772,-1.95));
#6625=CARTESIAN_POINT('Ctrl Pts',(-1.88158385804035,2.6,-1.95550695128809));
#6626=CARTESIAN_POINT('Ctrl Pts',(-1.90594531721906,2.6,-1.86999995653687));
#6627=CARTESIAN_POINT('Ctrl Pts',(-1.7541777855004,2.68765995377639,-1.89760032338384));
#6628=CARTESIAN_POINT('Ctrl Pts',(-1.74922010246562,2.6,-1.90451901605648));
#6629=CARTESIAN_POINT('Ctrl Pts',(-1.79479896260039,2.6,-1.82598426672978));
#6630=CARTESIAN_POINT('Ctrl Pts',(-1.56622969606908,2.69071885896666,-1.71407775458566));
#6631=CARTESIAN_POINT('Ctrl Pts',(-1.55469614495202,2.6,-1.71994293451266));
#6632=CARTESIAN_POINT('Ctrl Pts',(-1.63649668634326,2.6,-1.67182531876462));
#6633=CARTESIAN_POINT('Ctrl Pts',(-1.51003379965897,2.6913043600967,-1.58319699308338));
#6634=CARTESIAN_POINT('Ctrl Pts',(-1.49700143134725,2.59999999999983,-1.58672005866101));
#6635=CARTESIAN_POINT('Ctrl Pts',(-1.58923117467628,2.6,-1.56188546984747));
#6636=CARTESIAN_POINT('Ctrl Pts',(-1.51003379790751,2.69130434782608,-1.45));
#6637=CARTESIAN_POINT('Ctrl Pts',(-1.49700133144958,2.6,-1.45));
#6638=CARTESIAN_POINT('Ctrl Pts',(-1.58923109407491,2.6,-1.45));
#6639=CARTESIAN_POINT('',(-2.01719569181707,2.6,-1.87));
#6640=CARTESIAN_POINT('Ctrl Pts',(-1.58923109407491,2.6,-1.45));
#6641=CARTESIAN_POINT('Ctrl Pts',(-1.58923117467628,2.6,-1.56188546984747));
#6642=CARTESIAN_POINT('Ctrl Pts',(-1.63649668634326,2.6,-1.67182531876462));
#6643=CARTESIAN_POINT('Ctrl Pts',(-1.79479896260039,2.6,-1.82598426672978));
#6644=CARTESIAN_POINT('Ctrl Pts',(-1.90594531721906,2.6,-1.86999995653687));
#6645=CARTESIAN_POINT('Ctrl Pts',(-2.01719569181707,2.6,-1.87));
#6646=CARTESIAN_POINT('Origin',(-2.01719569181707,2.68,-1.87));
#6647=CARTESIAN_POINT('Origin',(-3.75,2.6,-1.97879467971285));
#6648=CARTESIAN_POINT('',(-2.45,2.6,-1.87));
#6649=CARTESIAN_POINT('',(-2.45,2.6,-1.97879467971285));
#6650=CARTESIAN_POINT('',(-3.75,2.6,-1.87));
#6651=CARTESIAN_POINT('Origin',(-2.45,1.3,-2.95));
#6652=CARTESIAN_POINT('',(-2.45,3.03280430818279,-1.87));
#6653=CARTESIAN_POINT('Ctrl Pts',(-2.45,3.4607689059251,-1.45));
#6654=CARTESIAN_POINT('Ctrl Pts',(-2.45,3.4607689059251,-1.46479288358416));
#6655=CARTESIAN_POINT('Ctrl Pts',(-2.45000000006599,3.45996169746502,-1.4795108863932));
#6656=CARTESIAN_POINT('Ctrl Pts',(-2.44999998692254,3.45835480331245,-1.49419718465533));
#6657=CARTESIAN_POINT('Ctrl Pts',(-2.44999997556469,3.45696621261385,-1.50688828638776));
#6658=CARTESIAN_POINT('Ctrl Pts',(-2.44999995435403,3.45497938997553,-1.51955592285563));
#6659=CARTESIAN_POINT('Ctrl Pts',(-2.44999994782362,3.45236984908538,-1.53221712102001));
#6660=CARTESIAN_POINT('Ctrl Pts',(-2.44999993922879,3.44893536846791,-1.54888083372664));
#6661=CARTESIAN_POINT('Ctrl Pts',(-2.44999992869114,3.44446351511565,-1.56542867512245));
#6662=CARTESIAN_POINT('Ctrl Pts',(-2.44999989082048,3.43903298683869,-1.58163793945544));
#6663=CARTESIAN_POINT('Ctrl Pts',(-2.44999986661871,3.43556253170035,-1.59199669680359));
#6664=CARTESIAN_POINT('Ctrl Pts',(-2.44999983123544,3.43170163539712,-1.60221738125568));
#6665=CARTESIAN_POINT('Ctrl Pts',(-2.4499997646696,3.42748103750509,-1.61224631223927));
#6666=CARTESIAN_POINT('Ctrl Pts',(-2.44999967131459,3.42156187711378,-1.62631134581121));
#6667=CARTESIAN_POINT('Ctrl Pts',(-2.44999965086513,3.41492410850532,-1.63991343545912));
#6668=CARTESIAN_POINT('Ctrl Pts',(-2.449999686044,3.40759446137637,-1.65309326274148));
#6669=CARTESIAN_POINT('Ctrl Pts',(-2.44999971520013,3.40151967411033,-1.66401665994396));
#6670=CARTESIAN_POINT('Ctrl Pts',(-2.44999977338876,3.39496858227186,-1.67465021560973));
#6671=CARTESIAN_POINT('Ctrl Pts',(-2.44999982256445,3.38793070454895,-1.68500845296547));
#6672=CARTESIAN_POINT('Ctrl Pts',(-2.44999987951826,3.37977964737874,-1.69700505026273));
#6673=CARTESIAN_POINT('Ctrl Pts',(-2.44999992187636,3.37097016124946,-1.7086280909243));
#6674=CARTESIAN_POINT('Ctrl Pts',(-2.44999993699975,3.36162005114103,-1.71971781950314));
#6675=CARTESIAN_POINT('Ctrl Pts',(-2.44999995068974,3.3531561417789,-1.72975646679747));
#6676=CARTESIAN_POINT('Ctrl Pts',(-2.44999995245621,3.34424996477572,-1.73935815165107));
#6677=CARTESIAN_POINT('Ctrl Pts',(-2.44999990516176,3.33501147341732,-1.74843359670345));
#6678=CARTESIAN_POINT('Ctrl Pts',(-2.44999990446269,3.33487491789098,-1.74856774221789));
#6679=CARTESIAN_POINT('Ctrl Pts',(-2.44999990376426,3.33473825085284,-1.74870179914151));
#6680=CARTESIAN_POINT('Ctrl Pts',(-2.4499999030666,3.3346014724036,-1.74883576719044));
#6681=CARTESIAN_POINT('Ctrl Pts',(-2.44999983375998,3.32101379545636,-1.76214425679677));
#6682=CARTESIAN_POINT('Ctrl Pts',(-2.44999978641835,3.30633899753386,-1.7745750972359));
#6683=CARTESIAN_POINT('Ctrl Pts',(-2.44999978845677,3.29077829438683,-1.78597808155092));
#6684=CARTESIAN_POINT('Ctrl Pts',(-2.44999979056389,3.27469322621293,-1.79776532396278));
#6685=CARTESIAN_POINT('Ctrl Pts',(-2.44999983466309,3.25766245432532,-1.80845370935027));
#6686=CARTESIAN_POINT('Ctrl Pts',(-2.4499998758773,3.23994444559851,-1.81792050580088));
#6687=CARTESIAN_POINT('Ctrl Pts',(-2.44999990868905,3.22583866237072,-1.82545727704041));
#6688=CARTESIAN_POINT('Ctrl Pts',(-2.44999993862877,3.21129823840617,-1.83222060315597));
#6689=CARTESIAN_POINT('Ctrl Pts',(-2.44999995726401,3.19646276808847,-1.83817026477668));
#6690=CARTESIAN_POINT('Ctrl Pts',(-2.44999998128116,3.17734277080674,-1.84583820597295));
#6691=CARTESIAN_POINT('Ctrl Pts',(-2.44999998992795,3.15773502295708,-1.85216139982326));
#6692=CARTESIAN_POINT('Ctrl Pts',(-2.44999999458393,3.1377472278258,-1.85710931188867));
#6693=CARTESIAN_POINT('Ctrl Pts',(-2.44999999912504,3.11825253432777,-1.86193515828828));
#6694=CARTESIAN_POINT('Ctrl Pts',(-2.44999999959124,3.09839519802113,-1.86545292390684));
#6695=CARTESIAN_POINT('Ctrl Pts',(-2.44999999985758,3.07826564757828,-1.86758702563693));
#6696=CARTESIAN_POINT('Ctrl Pts',(-2.45000000005625,3.0632504778775,-1.86917890915799));
#6697=CARTESIAN_POINT('Ctrl Pts',(-2.45,3.04808356231103,-1.87));
#6698=CARTESIAN_POINT('Ctrl Pts',(-2.45,3.03280430818279,-1.87));
#6699=CARTESIAN_POINT('',(-2.45,1.3,-1.87));
#6700=CARTESIAN_POINT('Ctrl Pts',(-2.35869565217392,3.5399662020925,-1.45));
#6701=CARTESIAN_POINT('Ctrl Pts',(-2.45,3.55299866855043,-1.45));
#6702=CARTESIAN_POINT('Ctrl Pts',(-2.45,3.4607689059251,-1.45));
#6703=CARTESIAN_POINT('Ctrl Pts',(-2.35869563569679,3.53996619974061,-1.58225546936147));
#6704=CARTESIAN_POINT('Ctrl Pts',(-2.44999999999998,3.55299853437094,-1.58575695751727));
#6705=CARTESIAN_POINT('Ctrl Pts',(-2.45,3.46076879765727,-1.5610946024698));
#6706=CARTESIAN_POINT('Ctrl Pts',(-2.35927774214385,3.48401652132791,-1.71373838474202));
#6707=CARTESIAN_POINT('Ctrl Pts',(-2.45,3.49556056401857,-1.71959631778383));
#6708=CARTESIAN_POINT('Ctrl Pts',(-2.45,3.41371054807019,-1.67154023085507));
#6709=CARTESIAN_POINT('Ctrl Pts',(-2.36233717160866,3.29596153737962,-1.89756302847918));
#6710=CARTESIAN_POINT('Ctrl Pts',(-2.45,3.30092384037942,-1.90448306154888));
#6711=CARTESIAN_POINT('Ctrl Pts',(-2.45,3.25531853014567,-1.82595295625074));
#6712=CARTESIAN_POINT('Ctrl Pts',(-2.36465478415766,3.16443320074119,-1.95000000000008));
#6713=CARTESIAN_POINT('Ctrl Pts',(-2.45000000000008,3.1689984028423,-1.95553061580092));
#6714=CARTESIAN_POINT('Ctrl Pts',(-2.45,3.14451772336815,-1.86999997176951));
#6715=CARTESIAN_POINT('Ctrl Pts',(-2.37000000000002,3.0328043081826,-1.95));
#6716=CARTESIAN_POINT('Ctrl Pts',(-2.45,3.0328043081826,-1.94999999999999));
#6717=CARTESIAN_POINT('Ctrl Pts',(-2.45,3.03280430818265,-1.87));
#6718=CARTESIAN_POINT('Origin',(-2.37,3.03280430818265,-1.87));
#6719=CARTESIAN_POINT('Origin',(4.94999999999999,5.,-1.95));
#6720=CARTESIAN_POINT('',(-2.37,2.68,-1.95));
#6721=CARTESIAN_POINT('',(4.94999999999999,2.68,-1.95));
#6722=CARTESIAN_POINT('',(-2.37,5.,-1.95));
#6723=CARTESIAN_POINT('Origin',(-2.37,1.3,-1.87));
#6724=CARTESIAN_POINT('Origin',(-2.36999999999997,2.41999999999997,-1.86999999999996));
#6725=CARTESIAN_POINT('Origin',(-3.75,2.42000000000001,-1.87));
#6726=CARTESIAN_POINT('Origin',(-2.63,1.6392310940749,-5.77842712474619));
#6727=CARTESIAN_POINT('',(-2.55,1.6392310940749,-1.45));
#6728=CARTESIAN_POINT('Origin',(-2.63,1.6392310940749,-1.45));
#6729=CARTESIAN_POINT('',(-2.55,1.6392310940749,-5.77842712474619));
#6730=CARTESIAN_POINT('Ctrl Pts',(-2.99498310104615,2.47934782608699,-1.95));
#6731=CARTESIAN_POINT('Ctrl Pts',(-2.94198092139487,2.10801907860514,-1.95000000000001));
#6732=CARTESIAN_POINT('Ctrl Pts',(-2.57065217391301,2.05501689895385,-1.95));
#6733=CARTESIAN_POINT('Ctrl Pts',(-3.48996620209251,2.40869565217393,-1.95000000000011));
#6734=CARTESIAN_POINT('Ctrl Pts',(-3.38396184278993,1.66603815721008,-1.95000000000013));
#6735=CARTESIAN_POINT('Ctrl Pts',(-2.64130434782608,1.56003379790749,-1.95000000000011));
#6736=CARTESIAN_POINT('Ctrl Pts',(-3.4899662020925,2.40869565217392,-1.44999999999999));
#6737=CARTESIAN_POINT('Ctrl Pts',(-3.38396184278992,1.66603815721009,-1.45000000000001));
#6738=CARTESIAN_POINT('Ctrl Pts',(-2.64130434782609,1.5600337979075,-1.44999999999999));
#6739=CARTESIAN_POINT('',(-2.63000000000004,2.06719569181719,-1.95));
#6740=CARTESIAN_POINT('Origin',(-2.5000000000003,2.54999999999986,-1.95));
#6741=CARTESIAN_POINT('Ctrl Pts',(-2.63000000000004,2.06719569181719,-1.95));
#6742=CARTESIAN_POINT('Ctrl Pts',(-2.63371662277165,1.97567251137909,-1.95));
#6743=CARTESIAN_POINT('Ctrl Pts',(-2.63653050832435,1.85969010389009,-1.92510556467194));
#6744=CARTESIAN_POINT('Ctrl Pts',(-2.63898273168967,1.70276477371722,-1.80460796269791));
#6745=CARTESIAN_POINT('Ctrl Pts',(-2.63961269728348,1.65418273602439,-1.75068714673439));
#6746=CARTESIAN_POINT('Ctrl Pts',(-2.640746877025,1.58268011207189,-1.6165861403186));
#6747=CARTESIAN_POINT('Ctrl Pts',(-2.64130434782609,1.5600337979075,-1.5362287471252));
#6748=CARTESIAN_POINT('Ctrl Pts',(-2.64130434782609,1.5600337979075,-1.45));
#6749=CARTESIAN_POINT('Origin',(-3.75,2.42000000000001,-1.87));
#6750=CARTESIAN_POINT('',(-2.55,2.5,-1.87));
#6751=CARTESIAN_POINT('',(-3.75,2.50000000000001,-1.87));
#6752=CARTESIAN_POINT('',(-2.63000000000003,2.41999999999997,-1.95));
#6753=CARTESIAN_POINT('Origin',(-2.63000000000003,2.41999999999998,-1.86999999999998));
#6754=CARTESIAN_POINT('',(-3.75,2.42000000000001,-1.95));
#6755=CARTESIAN_POINT('Origin',(-3.75,2.50000000000001,-1.97879467971285));
#6756=CARTESIAN_POINT('',(-2.55,2.5,-1.97879467971285));
#6757=CARTESIAN_POINT('Origin',(-3.75,2.6,-1.97879467971285));
#6758=CARTESIAN_POINT('',(-3.75,2.6,-1.87));
#6759=CARTESIAN_POINT('Origin',(-3.75,2.68000000000001,-1.87));
#6760=CARTESIAN_POINT('Origin',(-2.62999999999998,2.67999999999998,-1.87000000000002));
#6761=CARTESIAN_POINT('Origin',(-2.63,1.3,-1.87));
#6762=CARTESIAN_POINT('Origin',(-3.75,2.68000000000001,-1.87));
#6763=CARTESIAN_POINT('Origin',(-2.36999999999998,2.68000000000003,-1.86999999999997));
#6764=CARTESIAN_POINT('Origin',(-2.37,1.3,-1.87));
#6765=CARTESIAN_POINT('Origin',(-2.55,1.3,-2.95));
#6766=CARTESIAN_POINT('',(-2.55,2.06719569181731,-1.87));
#6767=CARTESIAN_POINT('Ctrl Pts',(-2.55,1.6392310940749,-1.45));
#6768=CARTESIAN_POINT('Ctrl Pts',(-2.55,1.6392310940749,-1.46479288358417));
#6769=CARTESIAN_POINT('Ctrl Pts',(-2.54999999993402,1.64003830253498,-1.47951088639321));
#6770=CARTESIAN_POINT('Ctrl Pts',(-2.55000001307746,1.64164519668756,-1.49419718465534));
#6771=CARTESIAN_POINT('Ctrl Pts',(-2.55000002443532,1.64303378738615,-1.50688828638778));
#6772=CARTESIAN_POINT('Ctrl Pts',(-2.55000004564597,1.64502061002448,-1.51955592285566));
#6773=CARTESIAN_POINT('Ctrl Pts',(-2.55000005217638,1.64763015091462,-1.53221712102004));
#6774=CARTESIAN_POINT('Ctrl Pts',(-2.55000006077122,1.65106463153211,-1.54888083372674));
#6775=CARTESIAN_POINT('Ctrl Pts',(-2.55000007130887,1.65553648488439,-1.56542867512262));
#6776=CARTESIAN_POINT('Ctrl Pts',(-2.55000010917953,1.66096701316138,-1.58163793945567));
#6777=CARTESIAN_POINT('Ctrl Pts',(-2.5500001333813,1.66443746829971,-1.59199669680376));
#6778=CARTESIAN_POINT('Ctrl Pts',(-2.55000016876457,1.66829836460292,-1.60221738125579));
#6779=CARTESIAN_POINT('Ctrl Pts',(-2.55000023533041,1.67251896249494,-1.61224631223932));
#6780=CARTESIAN_POINT('Ctrl Pts',(-2.55000032868541,1.67843812288625,-1.62631134581127));
#6781=CARTESIAN_POINT('Ctrl Pts',(-2.55000034913488,1.68507589149471,-1.63991343545918));
#6782=CARTESIAN_POINT('Ctrl Pts',(-2.55000031395601,1.69240553862367,-1.65309326274155));
#6783=CARTESIAN_POINT('Ctrl Pts',(-2.55000028479988,1.69848032588971,-1.66401665994403));
#6784=CARTESIAN_POINT('Ctrl Pts',(-2.55000022661125,1.70503141772819,-1.6746502156098));
#6785=CARTESIAN_POINT('Ctrl Pts',(-2.55000017743555,1.71206929545111,-1.68500845296554));
#6786=CARTESIAN_POINT('Ctrl Pts',(-2.55000012048175,1.72022035262133,-1.69700505026283));
#6787=CARTESIAN_POINT('Ctrl Pts',(-2.55000007812364,1.72902983875063,-1.70862809092442));
#6788=CARTESIAN_POINT('Ctrl Pts',(-2.55000006300026,1.73837994885909,-1.71971781950327));
#6789=CARTESIAN_POINT('Ctrl Pts',(-2.55000004931027,1.7468438582212,-1.72975646679758));
#6790=CARTESIAN_POINT('Ctrl Pts',(-2.5500000475438,1.75575003522437,-1.73935815165116));
#6791=CARTESIAN_POINT('Ctrl Pts',(-2.55000009483825,1.76498852658275,-1.74843359670352));
#6792=CARTESIAN_POINT('Ctrl Pts',(-2.55000009553731,1.76512508210909,-1.74856774221796));
#6793=CARTESIAN_POINT('Ctrl Pts',(-2.55000009623574,1.76526174914724,-1.74870179914158));
#6794=CARTESIAN_POINT('Ctrl Pts',(-2.55000009693341,1.76539852759647,-1.74883576719051));
#6795=CARTESIAN_POINT('Ctrl Pts',(-2.55000016624003,1.7789862045437,-1.76214425679682));
#6796=CARTESIAN_POINT('Ctrl Pts',(-2.55000021358166,1.7936610024662,-1.77457509723594));
#6797=CARTESIAN_POINT('Ctrl Pts',(-2.55000021154323,1.80922170561322,-1.78597808155095));
#6798=CARTESIAN_POINT('Ctrl Pts',(-2.55000020943612,1.82530677378713,-1.79776532396281));
#6799=CARTESIAN_POINT('Ctrl Pts',(-2.55000016533692,1.84233754567474,-1.8084537093503));
#6800=CARTESIAN_POINT('Ctrl Pts',(-2.5500001241227,1.86005555440156,-1.81792050580091));
#6801=CARTESIAN_POINT('Ctrl Pts',(-2.55000009131096,1.87416133762938,-1.82545727704045));
#6802=CARTESIAN_POINT('Ctrl Pts',(-2.55000006137124,1.88870176159395,-1.83222060315601));
#6803=CARTESIAN_POINT('Ctrl Pts',(-2.550000042736,1.90353723191168,-1.83817026477672));
#6804=CARTESIAN_POINT('Ctrl Pts',(-2.55000001871885,1.92265722919304,-1.84583820597283));
#6805=CARTESIAN_POINT('Ctrl Pts',(-2.55000001007206,1.94226497704228,-1.85216139982303));
#6806=CARTESIAN_POINT('Ctrl Pts',(-2.55000000541608,1.96225277217314,-1.85710931188839));
#6807=CARTESIAN_POINT('Ctrl Pts',(-2.55000000087496,1.98174746567069,-1.86193515828793));
#6808=CARTESIAN_POINT('Ctrl Pts',(-2.55000000040877,2.00160480197684,-1.86545292390649));
#6809=CARTESIAN_POINT('Ctrl Pts',(-2.55000000014243,2.02173435241919,-1.86758702563665));
#6810=CARTESIAN_POINT('Ctrl Pts',(-2.54999999994376,2.03674952212083,-1.86917890915789));
#6811=CARTESIAN_POINT('Ctrl Pts',(-2.55,2.05191643768818,-1.87));
#6812=CARTESIAN_POINT('Ctrl Pts',(-2.55,2.06719569181731,-1.87));
#6813=CARTESIAN_POINT('',(-2.55,1.3,-1.87));
#6814=CARTESIAN_POINT('Ctrl Pts',(-2.64130434782609,1.5600337979075,-1.45));
#6815=CARTESIAN_POINT('Ctrl Pts',(-2.55,1.54700133144958,-1.45));
#6816=CARTESIAN_POINT('Ctrl Pts',(-2.55,1.6392310940749,-1.45));
#6817=CARTESIAN_POINT('Ctrl Pts',(-2.64130436430323,1.56003380025939,-1.58225546936152));
#6818=CARTESIAN_POINT('Ctrl Pts',(-2.55000000000001,1.54700146562906,-1.5857569575173));
#6819=CARTESIAN_POINT('Ctrl Pts',(-2.55,1.63923120234268,-1.56109460246983));
#6820=CARTESIAN_POINT('Ctrl Pts',(-2.64072225785618,1.61598347867212,-1.71373838474208));
#6821=CARTESIAN_POINT('Ctrl Pts',(-2.55,1.60443943598139,-1.7195963177839));
#6822=CARTESIAN_POINT('Ctrl Pts',(-2.55,1.68628945192981,-1.67154023085514));
#6823=CARTESIAN_POINT('Ctrl Pts',(-2.63766282839133,1.80403846262053,-1.89756302847928));
#6824=CARTESIAN_POINT('Ctrl Pts',(-2.55,1.79907615962077,-1.90448306154896));
#6825=CARTESIAN_POINT('Ctrl Pts',(-2.55,1.84468146985448,-1.82595295625081));
#6826=CARTESIAN_POINT('Ctrl Pts',(-2.6353452158423,1.93556679925919,-1.95000000000008));
#6827=CARTESIAN_POINT('Ctrl Pts',(-2.55,1.93100159715806,-1.95553061580091));
#6828=CARTESIAN_POINT('Ctrl Pts',(-2.55,1.95548227663216,-1.86999997176956));
#6829=CARTESIAN_POINT('Ctrl Pts',(-2.62999999999999,2.0671956918174,-1.95));
#6830=CARTESIAN_POINT('Ctrl Pts',(-2.55,2.0671956918174,-1.94999999999999));
#6831=CARTESIAN_POINT('Ctrl Pts',(-2.55,2.06719569181735,-1.87));
#6832=CARTESIAN_POINT('Origin',(-2.63,2.06719569181735,-1.87));
#6833=CARTESIAN_POINT('Origin',(4.94999999999999,5.,-1.95));
#6834=CARTESIAN_POINT('',(-2.63000000000007,5.,-1.95));
#6835=CARTESIAN_POINT('Origin',(-2.63,1.3,-1.87));
#6836=CARTESIAN_POINT('Origin',(5.5,3.50000000008777,-9.40395480466246E-32));
#6837=CARTESIAN_POINT('',(5.5,3.44999999998663,-0.449999999943884));
#6838=CARTESIAN_POINT('Origin',(5.5,3.44999999998663,2.96825526735176E-27));
#6839=CARTESIAN_POINT('',(5.5,3.49999999997408,-0.499999999988177));
#6840=CARTESIAN_POINT('',(5.5,3.50000000008777,-0.500000000101863));
#6841=CARTESIAN_POINT('',(5.05000000093274,3.49999999998704,-0.217944947163733));
#6842=CARTESIAN_POINT('Origin',(5.5,3.49999999997408,4.93037124706687E-26));
#6843=CARTESIAN_POINT('',(5.04999999999217,3.49999999998704,0.217944947163481));
#6844=CARTESIAN_POINT('Ctrl Pts',(5.04999999998756,3.5,-0.217944947183693));
#6845=CARTESIAN_POINT('Ctrl Pts',(5.0457010098492,3.50000000000069,-0.209068643387855));
#6846=CARTESIAN_POINT('Ctrl Pts',(5.04164619373994,3.50000189016688,-0.200027786430236));
#6847=CARTESIAN_POINT('Ctrl Pts',(5.033853470463,3.50003262243632,-0.181244436512733));
#6848=CARTESIAN_POINT('Ctrl Pts',(5.03012505960958,3.50006249595682,-0.171433973466004));
#6849=CARTESIAN_POINT('Ctrl Pts',(5.02091039820702,3.50016867815696,-0.144764878044072));
#6850=CARTESIAN_POINT('Ctrl Pts',(5.01267912652286,3.50031888305097,-0.114692627219363));
#6851=CARTESIAN_POINT('Ctrl Pts',(5.00912816028373,3.50034012413216,-0.09687727477859));
#6852=CARTESIAN_POINT('Ctrl Pts',(5.00905820594127,3.50034051859721,-0.0965241885492907));
#6853=CARTESIAN_POINT('Ctrl Pts',(5.00870101232612,3.50034240652303,-0.0947103208375299));
#6854=CARTESIAN_POINT('Ctrl Pts',(5.0084203540957,3.50034346650805,-0.0932483384358807));
#6855=CARTESIAN_POINT('Ctrl Pts',(5.00756051187519,3.500345260511,-0.0886504318907458));
#6856=CARTESIAN_POINT('Ctrl Pts',(5.00700670964978,3.50034422881273,-0.0855110064985766));
#6857=CARTESIAN_POINT('Ctrl Pts',(5.00365864121439,3.50032203771375,-0.0653152413750126));
#6858=CARTESIAN_POINT('Ctrl Pts',(5.0018299102888,3.50021555948721,-0.0483755623184162));
#6859=CARTESIAN_POINT('Ctrl Pts',(5.00027080002326,3.50005275366071,-0.0207692145962547));
#6860=CARTESIAN_POINT('Ctrl Pts',(4.99999969716996,3.50000030382093,-0.0103740290322589));
#6861=CARTESIAN_POINT('Ctrl Pts',(5.00000000557753,3.49999999541007,0.00015671214596577));
#6862=CARTESIAN_POINT('Ctrl Pts',(5.00000007203801,3.50000000400825,0.000321000103688232));
#6863=CARTESIAN_POINT('Ctrl Pts',(5.00001684442578,3.50000242067882,0.0200930283192631));
#6864=CARTESIAN_POINT('Ctrl Pts',(5.00100922251262,3.50017902622171,0.0397303400569684));
#6865=CARTESIAN_POINT('Ctrl Pts',(5.00411549168165,3.50030092781149,0.0667418447216653));
#6866=CARTESIAN_POINT('Ctrl Pts',(5.00513288887584,3.50032345432182,0.0740606956702181));
#6867=CARTESIAN_POINT('Ctrl Pts',(5.00684710789398,3.50033665676002,0.0845417717510074));
#6868=CARTESIAN_POINT('Ctrl Pts',(5.00739822783205,3.50033822709876,0.0877049097321318));
#6869=CARTESIAN_POINT('Ctrl Pts',(5.00825481060982,3.50033719716864,0.0923375751645614));
#6870=CARTESIAN_POINT('Ctrl Pts',(5.00853452244773,3.50033637661014,0.0938105661720459));
#6871=CARTESIAN_POINT('Ctrl Pts',(5.00889066669077,3.50033477946175,0.0956380975806221));
#6872=CARTESIAN_POINT('Ctrl Pts',(5.00896042178575,3.50033444130964,0.095993839494244));
#6873=CARTESIAN_POINT('Ctrl Pts',(5.00910016527494,3.50033371459642,0.0967021584611155));
#6874=CARTESIAN_POINT('Ctrl Pts',(5.00917014626968,3.50033332648765,0.0970547345751519));
#6875=CARTESIAN_POINT('Ctrl Pts',(5.01272183288099,3.50031243836447,0.114841635997573));
#6876=CARTESIAN_POINT('Ctrl Pts',(5.02094537529585,3.50016530652756,0.144865738054534));
#6877=CARTESIAN_POINT('Ctrl Pts',(5.03014895636849,3.50006125429406,0.171494910562859));
#6878=CARTESIAN_POINT('Ctrl Pts',(5.03387242131172,3.50003197710831,0.181290515857727));
#6879=CARTESIAN_POINT('Ctrl Pts',(5.04165574143602,3.50000185125448,0.200049002266235));
#6880=CARTESIAN_POINT('Ctrl Pts',(5.04570590127422,3.50000000000069,0.209078742915863));
#6881=CARTESIAN_POINT('Ctrl Pts',(5.04999999998051,3.5,0.217944947169131));
#6882=CARTESIAN_POINT('Origin',(5.5,3.49999999997408,4.93037124706687E-26));
#6883=CARTESIAN_POINT('Origin',(5.5,5.68433078385056E-11,8.67361737988404E-16));
#6884=CARTESIAN_POINT('',(5.5,0.0500000000442922,-0.449999999943883));
#6885=CARTESIAN_POINT('',(5.5,0.0500000000158707,0.449999999915462));
#6886=CARTESIAN_POINT('Origin',(5.5,0.0500000000442923,8.56259507732317E-16));
#6887=CARTESIAN_POINT('Origin',(5.5,0.0500000000442923,8.56259507732317E-16));
#6888=CARTESIAN_POINT('',(5.5,5.68423980072495E-11,0.499999999931334));
#6889=CARTESIAN_POINT('',(5.5,5.6843418860808E-11,0.499999999931333));
#6890=CARTESIAN_POINT('Origin',(5.5,5.68424404767686E-11,8.67361737988404E-16));
#6891=CARTESIAN_POINT('Origin',(-5.5,5.68433078385056E-11,8.67361737988404E-16));
#6892=CARTESIAN_POINT('',(-5.5,0.0500000000442922,-0.449999999943883));
#6893=CARTESIAN_POINT('',(-5.5,0.0500000000158707,0.449999999915462));
#6894=CARTESIAN_POINT('Origin',(-5.5,0.0500000000442923,8.56259507732317E-16));
#6895=CARTESIAN_POINT('Origin',(-5.5,0.0500000000442923,8.56259507732317E-16));
#6896=CARTESIAN_POINT('',(-5.5,-1.02078893505979E-15,0.499999999988178));
#6897=CARTESIAN_POINT('',(-5.5,5.6843418860808E-11,0.499999999931333));
#6898=CARTESIAN_POINT('Origin',(-5.5,-9.78319415965818E-16,8.67361738001026E-16));
#6899=CARTESIAN_POINT('Origin',(-5.5,3.50000000008777,-9.40395480466246E-32));
#6900=CARTESIAN_POINT('',(-5.5,3.44999999998663,-0.449999999943884));
#6901=CARTESIAN_POINT('Origin',(-5.5,3.44999999998663,2.96825526735176E-27));
#6902=CARTESIAN_POINT('',(-5.5,3.49999999997408,-0.499999999988176));
#6903=CARTESIAN_POINT('',(-5.5,3.50000000008777,-0.500000000101863));
#6904=CARTESIAN_POINT('',(-5.05,3.49999999998704,0.217944947179649));
#6905=CARTESIAN_POINT('Origin',(-5.5,3.49999999997408,4.93038065102167E-26));
#6906=CARTESIAN_POINT('',(-5.04999999999217,3.49999999998704,-0.217944947163478));
#6907=CARTESIAN_POINT('Ctrl Pts',(-5.04999999998708,3.5,0.217944947182696));
#6908=CARTESIAN_POINT('Ctrl Pts',(-5.04570590128288,3.50000000000069,0.209078742934426));
#6909=CARTESIAN_POINT('Ctrl Pts',(-5.04165574144677,3.50000185125446,0.200049002290412));
#6910=CARTESIAN_POINT('Ctrl Pts',(-5.03387242132713,3.50003197710822,0.181290515896688));
#6911=CARTESIAN_POINT('Ctrl Pts',(-5.03014895638563,3.50006125429391,0.171494910608942));
#6912=CARTESIAN_POINT('Ctrl Pts',(-5.0180507629415,3.50019803192838,0.136490614171955));
#6913=CARTESIAN_POINT('Ctrl Pts',(-5.01272183290239,3.50031243836413,0.114841636084942));
#6914=CARTESIAN_POINT('Ctrl Pts',(-5.00917014628842,3.50033332648754,0.0970547346694146));
#6915=CARTESIAN_POINT('Ctrl Pts',(-5.0091001652943,3.50033371459631,0.0967021585588004));
#6916=CARTESIAN_POINT('Ctrl Pts',(-5.00896042180683,3.50033444130953,0.0959938396014705));
#6917=CARTESIAN_POINT('Ctrl Pts',(-5.00889066671123,3.50033477946165,0.0956380976851681));
#6918=CARTESIAN_POINT('Ctrl Pts',(-5.00853452246734,3.50033637661007,0.0938105662743792));
#6919=CARTESIAN_POINT('Ctrl Pts',(-5.00825481062935,3.50033719716859,0.0923375752682508));
#6920=CARTESIAN_POINT('Ctrl Pts',(-5.00739822785119,3.50033822709878,0.0877049098396632));
#6921=CARTESIAN_POINT('Ctrl Pts',(-5.00684710791271,3.5003366567601,0.0845417718606855));
#6922=CARTESIAN_POINT('Ctrl Pts',(-5.00513288889315,3.50032345432209,0.0740606957872466));
#6923=CARTESIAN_POINT('Ctrl Pts',(-5.00411549169773,3.50030092781193,0.06674184484381));
#6924=CARTESIAN_POINT('Ctrl Pts',(-5.00100922252324,3.50017902622264,0.0397303401963336));
#6925=CARTESIAN_POINT('Ctrl Pts',(-5.00001684443133,3.50000242067983,0.0200930284720762));
#6926=CARTESIAN_POINT('Ctrl Pts',(-5.0000000720381,3.50000000400826,0.000321000269616617));
#6927=CARTESIAN_POINT('Ctrl Pts',(-5.00000000557757,3.49999999541008,0.000156712314484415));
#6928=CARTESIAN_POINT('Ctrl Pts',(-4.99999975573877,3.50000024524872,-0.00837408586897175));
#6929=CARTESIAN_POINT('Ctrl Pts',(-5.0001188762314,3.50016054307576,-0.0330784183796574));
#6930=CARTESIAN_POINT('Ctrl Pts',(-5.00436886818647,3.50031434512634,-0.0686858741330968));
#6931=CARTESIAN_POINT('Ctrl Pts',(-5.00540319409485,3.50033451608072,-0.075908722146697));
#6932=CARTESIAN_POINT('Ctrl Pts',(-5.00713538920045,3.50034461198828,-0.0862511785780919));
#6933=CARTESIAN_POINT('Ctrl Pts',(-5.00769119760302,3.50034527399777,-0.0893727895070396));
#6934=CARTESIAN_POINT('Ctrl Pts',(-5.00841628880962,3.50034336310817,-0.0932174053152274));
#6935=CARTESIAN_POINT('Ctrl Pts',(-5.00855530933135,3.50034288135678,-0.0939450035455132));
#6936=CARTESIAN_POINT('Ctrl Pts',(-5.00876527080746,3.50034198896547,-0.0950298871157355));
#6937=CARTESIAN_POINT('Ctrl Pts',(-5.00883489807234,3.50034166665365,-0.0953874138825019));
#6938=CARTESIAN_POINT('Ctrl Pts',(-5.00904381097075,3.5003406226965,-0.0964535155594408));
#6939=CARTESIAN_POINT('Ctrl Pts',(-5.00918431782858,3.50033981984678,-0.0971618389430739));
#6940=CARTESIAN_POINT('Ctrl Pts',(-5.0136844867511,3.50031107146445,-0.11957660745692));
#6941=CARTESIAN_POINT('Ctrl Pts',(-5.01958631271696,3.50018344214207,-0.140972638422915));
#6942=CARTESIAN_POINT('Ctrl Pts',(-5.03021336870054,3.50006171636073,-0.171670306365278));
#6943=CARTESIAN_POINT('Ctrl Pts',(-5.03392691769038,3.50003220473294,-0.181429004926516));
#6944=CARTESIAN_POINT('Ctrl Pts',(-5.04168589842835,3.50000185614036,-0.200116279124713));
#6945=CARTESIAN_POINT('Ctrl Pts',(-5.04572202390957,3.50000000000069,-0.209112031991863));
#6946=CARTESIAN_POINT('Ctrl Pts',(-5.0499999999805,3.5,-0.217944947169129));
#6947=CARTESIAN_POINT('Origin',(-5.5,3.49999999997408,4.93038065102167E-26));
#6948=CARTESIAN_POINT('Origin',(5.5,0.,8.67361737988404E-16));
#6949=CARTESIAN_POINT('',(5.5,-9.99200722162642E-17,-0.449999999999999));
#6950=CARTESIAN_POINT('Origin',(-5.5,0.,8.67361737988404E-16));
#6951=CARTESIAN_POINT('',(-5.5,-9.99200722162642E-17,-0.449999999999999));
#6952=CARTESIAN_POINT('Origin',(1.18375534189118,4.25,2.85));
#6953=CARTESIAN_POINT('',(1.18375534189118,4.4,2.85));
#6954=CARTESIAN_POINT('',(1.27558636454993,4.13139534883721,2.85));
#6955=CARTESIAN_POINT('Origin',(1.18375534189118,4.25,2.85));
#6956=CARTESIAN_POINT('',(1.18375534189118,4.4,3.05));
#6957=CARTESIAN_POINT('',(1.18375534189118,4.4,2.85));
#6958=CARTESIAN_POINT('',(1.27558636454993,4.13139534883721,3.05));
#6959=CARTESIAN_POINT('Origin',(1.18375534189118,4.25,3.05));
#6960=CARTESIAN_POINT('',(1.27558636454993,4.13139534883721,2.85));
#6961=CARTESIAN_POINT('Origin',(1.18375534189118,0.85,2.85));
#6962=CARTESIAN_POINT('',(1.18375534189118,0.7,2.85));
#6963=CARTESIAN_POINT('',(1.27558636454993,0.968604651162791,2.85));
#6964=CARTESIAN_POINT('Origin',(1.18375534189118,0.85,2.85));
#6965=CARTESIAN_POINT('',(1.27558636454993,0.968604651162791,3.05));
#6966=CARTESIAN_POINT('',(1.27558636454993,0.968604651162791,2.85));
#6967=CARTESIAN_POINT('',(1.18375534189118,0.7,3.05));
#6968=CARTESIAN_POINT('Origin',(1.18375534189118,0.85,3.05));
#6969=CARTESIAN_POINT('',(1.18375534189118,0.7,2.85));
#6970=CARTESIAN_POINT('Origin',(-3.46944695195361E-15,0.1,4.025));
#6971=CARTESIAN_POINT('',(4.95,0.1,1.35));
#6972=CARTESIAN_POINT('',(4.95,0.1,5.95));
#6973=CARTESIAN_POINT('',(4.95,0.1,4.025));
#6974=CARTESIAN_POINT('',(4.85,0.1,6.05));
#6975=CARTESIAN_POINT('Origin',(4.85,0.1,5.95));
#6976=CARTESIAN_POINT('',(-4.85,0.1,6.05));
#6977=CARTESIAN_POINT('',(-3.46944695195361E-15,0.1,6.05));
#6978=CARTESIAN_POINT('',(-4.95,0.1,5.95));
#6979=CARTESIAN_POINT('Origin',(-4.85,0.1,5.95));
#6980=CARTESIAN_POINT('',(-4.95,0.1,1.35));
#6981=CARTESIAN_POINT('',(-4.95,0.1,4.025));
#6982=CARTESIAN_POINT('',(-5.05,0.0999999999999998,1.25));
#6983=CARTESIAN_POINT('Origin',(-5.05,0.0999999999999998,1.35));
#6984=CARTESIAN_POINT('',(-3.65,0.0999999999999999,1.25));
#6985=CARTESIAN_POINT('',(-3.65,0.0999999999999998,1.25));
#6986=CARTESIAN_POINT('',(-3.65,0.0999999999999999,-1.25));
#6987=CARTESIAN_POINT('',(-3.65,0.1,4.025));
#6988=CARTESIAN_POINT('',(-5.05,0.0999999999999998,-1.25));
#6989=CARTESIAN_POINT('',(-3.65,0.0999999999999998,-1.25));
#6990=CARTESIAN_POINT('',(-4.95,0.1,-1.35));
#6991=CARTESIAN_POINT('Origin',(-5.05,0.0999999999999998,-1.35));
#6992=CARTESIAN_POINT('',(-4.95,0.1,-2.85));
#6993=CARTESIAN_POINT('',(-4.95,0.1,-2.95));
#6994=CARTESIAN_POINT('',(-4.85,0.1,-2.95));
#6995=CARTESIAN_POINT('Origin',(-4.85,0.1,-2.85));
#6996=CARTESIAN_POINT('',(4.85,0.1,-2.95));
#6997=CARTESIAN_POINT('',(-3.46944695195361E-15,0.1,-2.95));
#6998=CARTESIAN_POINT('',(4.95,0.1,-2.85));
#6999=CARTESIAN_POINT('Origin',(4.85,0.1,-2.85));
#7000=CARTESIAN_POINT('',(4.95,0.1,-1.35));
#7001=CARTESIAN_POINT('',(4.95,0.1,4.025));
#7002=CARTESIAN_POINT('',(5.05,0.0999999999999998,-1.25));
#7003=CARTESIAN_POINT('Origin',(5.05,0.0999999999999998,-1.35));
#7004=CARTESIAN_POINT('',(3.65,0.0999999999999999,-1.25));
#7005=CARTESIAN_POINT('',(3.65,0.0999999999999998,-1.25));
#7006=CARTESIAN_POINT('',(3.65,0.0999999999999999,1.25));
#7007=CARTESIAN_POINT('',(3.65,0.1,4.025));
#7008=CARTESIAN_POINT('',(5.05,0.0999999999999998,1.25));
#7009=CARTESIAN_POINT('',(3.65,0.0999999999999998,1.25));
#7010=CARTESIAN_POINT('Origin',(5.05,0.0999999999999998,1.35));
#7011=CARTESIAN_POINT('Origin',(4.95,5.,-2.95));
#7012=CARTESIAN_POINT('',(4.95,3.4,-1.35));
#7013=CARTESIAN_POINT('',(4.95,5.,-1.35));
#7014=CARTESIAN_POINT('',(4.95,4.,-2.85));
#7015=CARTESIAN_POINT('',(4.95,5.,-2.85));
#7016=CARTESIAN_POINT('',(4.95,4.,5.95));
#7017=CARTESIAN_POINT('',(4.95,4.,-2.95));
#7018=CARTESIAN_POINT('',(4.95,5.,5.95));
#7019=CARTESIAN_POINT('',(4.95,3.4,1.35));
#7020=CARTESIAN_POINT('',(4.95,5.,1.35));
#7021=CARTESIAN_POINT('',(4.95,3.6,1.15));
#7022=CARTESIAN_POINT('Origin',(4.95,3.4,1.15));
#7023=CARTESIAN_POINT('',(4.95,3.6,0.217944947177046));
#7024=CARTESIAN_POINT('',(4.95,3.6,-2.95));
#7025=CARTESIAN_POINT('',(4.95,3.6,-0.217944947177357));
#7026=CARTESIAN_POINT('Ctrl Pts',(4.95,3.6,-0.217944947177357));
#7027=CARTESIAN_POINT('Ctrl Pts',(4.95,3.59999949038241,-0.145289360851262));
#7028=CARTESIAN_POINT('Ctrl Pts',(4.95,3.58659482109849,-0.0725684084485505));
#7029=CARTESIAN_POINT('Ctrl Pts',(4.95,3.5866102684689,0.0727341445135736));
#7030=CARTESIAN_POINT('Ctrl Pts',(4.95,3.59999951292565,0.145330092285651));
#7031=CARTESIAN_POINT('Ctrl Pts',(4.95,3.6,0.217944947177046));
#7032=CARTESIAN_POINT('',(4.95,3.6,-1.15));
#7033=CARTESIAN_POINT('',(4.95,3.6,-2.95));
#7034=CARTESIAN_POINT('Origin',(4.95,3.4,-1.15));
#7035=CARTESIAN_POINT('Origin',(3.65,3.5,-1.25));
#7036=CARTESIAN_POINT('',(3.65,0.,-1.25));
#7037=CARTESIAN_POINT('',(3.65,3.5,-1.25));
#7038=CARTESIAN_POINT('',(3.65,0.,1.25));
#7039=CARTESIAN_POINT('',(3.65,0.,-1.25));
#7040=CARTESIAN_POINT('',(3.65,3.5,1.25));
#7041=CARTESIAN_POINT('Origin',(-4.95,5.,-2.95));
#7042=CARTESIAN_POINT('',(4.85,4.,-2.95));
#7043=CARTESIAN_POINT('',(4.85,5.,-2.95));
#7044=CARTESIAN_POINT('',(-4.85,4.,-2.95));
#7045=CARTESIAN_POINT('',(-4.85,5.,-2.95));
#7046=CARTESIAN_POINT('',(-3.95,4.9,-2.95));
#7047=CARTESIAN_POINT('Origin',(-3.95,4.,-2.95));
#7048=CARTESIAN_POINT('',(3.95,4.9,-2.95));
#7049=CARTESIAN_POINT('',(-4.95,4.9,-2.95));
#7050=CARTESIAN_POINT('Origin',(3.95,4.,-2.95));
#7051=CARTESIAN_POINT('',(-3.95,4.64999999998341,-2.9499999999834));
#7052=CARTESIAN_POINT('',(3.51213203435596,4.65000000000001,-2.95));
#7053=CARTESIAN_POINT('',(-4.95,4.65000000000001,-2.95));
#7054=CARTESIAN_POINT('',(-4.59999999997081,4.,-2.94999999998302));
#7055=CARTESIAN_POINT('Origin',(-3.95,4.,-2.94999999996681));
#7056=CARTESIAN_POINT('',(-4.60000000001183,1.1,-2.95000000001182));
#7057=CARTESIAN_POINT('',(-4.60000000000001,5.,-2.95));
#7058=CARTESIAN_POINT('',(-3.95,0.449999999967892,-2.95000000002365));
#7059=CARTESIAN_POINT('Origin',(-3.95,1.1,-2.95000000002365));
#7060=CARTESIAN_POINT('',(3.51213203435596,0.449999999999995,-2.95));
#7061=CARTESIAN_POINT('',(-4.95,0.449999999999995,-2.95));
#7062=CARTESIAN_POINT('',(4.59999999999999,1.53786796564403,-2.95));
#7063=CARTESIAN_POINT('',(4.59999999999999,1.53786796564403,-2.95));
#7064=CARTESIAN_POINT('',(4.59999999999999,3.56213203435597,-2.95));
#7065=CARTESIAN_POINT('',(4.59999999999999,5.,-2.95));
#7066=CARTESIAN_POINT('',(3.51213203435596,4.65000000000001,-2.95));
#7067=CARTESIAN_POINT('Origin',(-3.65,3.5,-1.25));
#7068=CARTESIAN_POINT('',(-3.65,0.,1.25));
#7069=CARTESIAN_POINT('',(-3.65,3.5,1.25));
#7070=CARTESIAN_POINT('',(-3.65,0.,-1.25));
#7071=CARTESIAN_POINT('',(-3.65,0.,-1.25));
#7072=CARTESIAN_POINT('',(-3.65,3.5,-1.25));
#7073=CARTESIAN_POINT('Origin',(-4.95,5.,-2.95));
#7074=CARTESIAN_POINT('',(-4.95,3.4,-1.35));
#7075=CARTESIAN_POINT('',(-4.95,5.,-1.35));
#7076=CARTESIAN_POINT('',(-4.95,3.6,-1.15));
#7077=CARTESIAN_POINT('Origin',(-4.95,3.4,-1.15));
#7078=CARTESIAN_POINT('',(-4.95,3.6,-0.217944947177044));
#7079=CARTESIAN_POINT('',(-4.95,3.6,-2.95));
#7080=CARTESIAN_POINT('',(-4.95,3.6,0.217944947177046));
#7081=CARTESIAN_POINT('Ctrl Pts',(-4.95,3.6,0.217944947177046));
#7082=CARTESIAN_POINT('Ctrl Pts',(-4.95,3.59999951292565,0.145330092285756));
#7083=CARTESIAN_POINT('Ctrl Pts',(-4.95,3.58661026846893,0.0727341445137841));
#7084=CARTESIAN_POINT('Ctrl Pts',(-4.95,3.58659482109846,-0.0725684084481295));
#7085=CARTESIAN_POINT('Ctrl Pts',(-4.95,3.5999994903823,-0.145289360850734));
#7086=CARTESIAN_POINT('Ctrl Pts',(-4.95,3.6,-0.217944947177044));
#7087=CARTESIAN_POINT('',(-4.95,3.6,1.15));
#7088=CARTESIAN_POINT('',(-4.95,3.6,-2.95));
#7089=CARTESIAN_POINT('',(-4.95,3.4,1.35));
#7090=CARTESIAN_POINT('Origin',(-4.95,3.4,1.15));
#7091=CARTESIAN_POINT('',(-4.95,5.,1.35));
#7092=CARTESIAN_POINT('',(-4.95,4.,5.95));
#7093=CARTESIAN_POINT('',(-4.95,5.,5.95));
#7094=CARTESIAN_POINT('',(-4.95,4.,-2.85));
#7095=CARTESIAN_POINT('',(-4.95,4.,-2.95));
#7096=CARTESIAN_POINT('',(-4.95,5.,-2.85));
#7097=CARTESIAN_POINT('Origin',(-4.95,5.,6.05));
#7098=CARTESIAN_POINT('',(-4.85,4.,6.05));
#7099=CARTESIAN_POINT('',(-4.85,5.,6.05));
#7100=CARTESIAN_POINT('',(4.85,4.,6.05));
#7101=CARTESIAN_POINT('',(4.85,5.,6.05));
#7102=CARTESIAN_POINT('',(3.95,4.9,6.05));
#7103=CARTESIAN_POINT('Origin',(3.95,4.,6.05));
#7104=CARTESIAN_POINT('',(-3.95,4.9,6.05));
#7105=CARTESIAN_POINT('',(-4.95,4.9,6.05));
#7106=CARTESIAN_POINT('Origin',(-3.95,4.,6.05));
#7107=CARTESIAN_POINT('Origin',(5.05000000000001,3.40000000000001,-1.15000000000001));
#7108=CARTESIAN_POINT('',(5.05,3.4,-1.25));
#7109=CARTESIAN_POINT('',(5.05,3.5,-1.15));
#7110=CARTESIAN_POINT('Origin',(5.05,3.4,-1.15));
#7111=CARTESIAN_POINT('Origin',(5.05,3.4,-1.35));
#7112=CARTESIAN_POINT('Origin',(5.05,3.6,-1.15));
#7113=CARTESIAN_POINT('Origin',(5.05,3.5,-1.35));
#7114=CARTESIAN_POINT('',(5.05,3.5,-1.25));
#7115=CARTESIAN_POINT('Origin',(4.85,5.,-2.85));
#7116=CARTESIAN_POINT('Origin',(4.85,4.,-2.85));
#7117=CARTESIAN_POINT('Origin',(3.95,4.,4.025));
#7118=CARTESIAN_POINT('',(3.95,5.,-2.85));
#7119=CARTESIAN_POINT('Origin',(3.95,4.,-2.85));
#7120=CARTESIAN_POINT('',(3.95,5.,5.95));
#7121=CARTESIAN_POINT('',(3.95,5.,4.025));
#7122=CARTESIAN_POINT('Origin',(3.95,4.,5.95));
#7123=CARTESIAN_POINT('Origin',(4.85,5.,5.95));
#7124=CARTESIAN_POINT('Origin',(4.85,4.,5.95));
#7125=CARTESIAN_POINT('Origin',(5.05,3.5,1.35));
#7126=CARTESIAN_POINT('',(5.05,3.4,1.25));
#7127=CARTESIAN_POINT('',(5.05,3.5,1.25));
#7128=CARTESIAN_POINT('Origin',(5.05,3.4,1.35));
#7129=CARTESIAN_POINT('Origin',(5.05,3.4,1.15));
#7130=CARTESIAN_POINT('',(5.05,3.5,1.15));
#7131=CARTESIAN_POINT('Origin',(5.05,3.4,1.15));
#7132=CARTESIAN_POINT('Origin',(5.05,3.6,1.15));
#7133=CARTESIAN_POINT('Origin',(5.05,3.6,-2.95));
#7134=CARTESIAN_POINT('',(5.05,3.5,-2.95));
#7135=CARTESIAN_POINT('Origin',(5.05,3.6,0.217944947177046));
#7136=CARTESIAN_POINT('Ctrl Pts',(4.95,3.6,0.217944947177046));
#7137=CARTESIAN_POINT('Ctrl Pts',(4.95,3.49999996219473,0.217944947177046));
#7138=CARTESIAN_POINT('Ctrl Pts',(5.05000003780527,3.50000000000001,0.217944947177046));
#7139=CARTESIAN_POINT('Ctrl Pts',(4.95,3.59999951292565,0.145330092285651));
#7140=CARTESIAN_POINT('Ctrl Pts',(4.94999999999997,3.52532023995757,0.165663274852743));
#7141=CARTESIAN_POINT('Ctrl Pts',(5.0218127995561,3.4999999890616,0.159746107487294));
#7142=CARTESIAN_POINT('Ctrl Pts',(4.95,3.5866102684689,0.0727341445135736));
#7143=CARTESIAN_POINT('Ctrl Pts',(4.95,3.52886434667404,0.0781256368040275));
#7144=CARTESIAN_POINT('Ctrl Pts',(5.00001489642015,3.49999998694245,0.0808155139472994));
#7145=CARTESIAN_POINT('Ctrl Pts',(4.95,3.58659482109849,-0.0725684084485505));
#7146=CARTESIAN_POINT('Ctrl Pts',(4.95,3.52887064070044,-0.0779398911130839));
#7147=CARTESIAN_POINT('Ctrl Pts',(4.99998516683749,3.4999999863252,-0.0806313627679248));
#7148=CARTESIAN_POINT('Ctrl Pts',(4.95,3.59999949038241,-0.145289360851262));
#7149=CARTESIAN_POINT('Ctrl Pts',(4.94999999999992,3.52533113172539,-0.165640664367114));
#7150=CARTESIAN_POINT('Ctrl Pts',(5.02179784092663,3.49999998905557,-0.159715177878773));
#7151=CARTESIAN_POINT('Ctrl Pts',(4.95,3.6,-0.217944947177669));
#7152=CARTESIAN_POINT('Ctrl Pts',(4.95,3.49999996219448,-0.21794494717755));
#7153=CARTESIAN_POINT('Ctrl Pts',(5.05000003780551,3.50000000000001,-0.21794494717755));
#7154=CARTESIAN_POINT('Origin',(5.05,3.6,-0.217944947177669));
#7155=CARTESIAN_POINT('Origin',(5.05,3.6,-2.95));
#7156=CARTESIAN_POINT('',(5.05,3.5,-2.95));
#7157=CARTESIAN_POINT('Origin',(-3.46944695195361E-15,0.,4.025));
#7158=CARTESIAN_POINT('',(5.65,-1.05818132034585E-16,1.25));
#7159=CARTESIAN_POINT('',(6.65,-2.16840434497101E-16,0.250000000000001));
#7160=CARTESIAN_POINT('Origin',(5.65,-4.33680868994202E-16,0.250000000000001));
#7161=CARTESIAN_POINT('',(-3.46944695195361E-15,0.,1.25));
#7162=CARTESIAN_POINT('',(5.65,-3.27862736959617E-16,-1.25));
#7163=CARTESIAN_POINT('',(-3.46944695195361E-15,0.,-1.25));
#7164=CARTESIAN_POINT('',(6.65,0.,-0.25));
#7165=CARTESIAN_POINT('Origin',(5.65,0.,-0.25));
#7166=CARTESIAN_POINT('',(6.65,0.,-1.25));
#7167=CARTESIAN_POINT('Origin',(3.95,4.,-2.85));
#7168=CARTESIAN_POINT('Origin',(3.95,4.9,-2.85));
#7169=CARTESIAN_POINT('Origin',(-4.85,5.,-2.85));
#7170=CARTESIAN_POINT('Origin',(-4.85,4.,-2.85));
#7171=CARTESIAN_POINT('Origin',(-3.95000000000001,4.00000000000001,-2.84999999999998));
#7172=CARTESIAN_POINT('',(-3.95,5.,-2.85));
#7173=CARTESIAN_POINT('Origin',(-3.95,4.9,-2.85));
#7174=CARTESIAN_POINT('Origin',(-3.95,4.,-2.85));
#7175=CARTESIAN_POINT('Origin',(-4.67411603249306E-15,4.9,-2.85));
#7176=CARTESIAN_POINT('',(-4.67411603249306E-15,5.,-2.85));
#7177=CARTESIAN_POINT('Origin',(4.44999999999999,3.5,-2.8));
#7178=CARTESIAN_POINT('',(4.44999999999999,3.5,-2.8));
#7179=CARTESIAN_POINT('',(3.44999999999999,4.5,-2.8));
#7180=CARTESIAN_POINT('',(4.44999999999999,3.5,-2.8));
#7181=CARTESIAN_POINT('',(3.51213203435596,4.65000000000001,-2.95));
#7182=CARTESIAN_POINT('',(4.44999999999999,3.5,-2.8));
#7183=CARTESIAN_POINT('Origin',(3.44999999999999,4.5,-2.8));
#7184=CARTESIAN_POINT('',(-3.95,4.5,-2.8));
#7185=CARTESIAN_POINT('',(3.44999999999999,4.5,-2.8));
#7186=CARTESIAN_POINT('',(-3.95,4.5,-2.8));
#7187=CARTESIAN_POINT('Origin',(-3.95,4.,-2.94999999999845));
#7188=CARTESIAN_POINT('',(-4.45000000000496,4.,-2.80000000000902));
#7189=CARTESIAN_POINT('Origin',(-3.95,4.,-2.8));
#7190=CARTESIAN_POINT('',(-4.59999999997081,4.,-2.94999999998302));
#7191=CARTESIAN_POINT('Origin',(-4.45,4.5,-2.8));
#7192=CARTESIAN_POINT('',(-4.45,1.1,-2.8));
#7193=CARTESIAN_POINT('',(-4.45,4.5,-2.8));
#7194=CARTESIAN_POINT('',(-4.45,1.1,-2.8));
#7195=CARTESIAN_POINT('Origin',(-3.95,1.1,-2.94999999999845));
#7196=CARTESIAN_POINT('',(-3.95,0.599999999990768,-2.80000000000902));
#7197=CARTESIAN_POINT('Origin',(-3.95,1.1,-2.8));
#7198=CARTESIAN_POINT('',(-3.95,0.449999999967892,-2.95000000002365));
#7199=CARTESIAN_POINT('Origin',(3.44999999999999,0.6,-2.8));
#7200=CARTESIAN_POINT('',(3.44999999999999,0.599999999999999,-2.8));
#7201=CARTESIAN_POINT('',(3.44999999999999,0.6,-2.8));
#7202=CARTESIAN_POINT('',(3.51213203435596,0.449999999999995,-2.95));
#7203=CARTESIAN_POINT('Origin',(4.44999999999999,1.6,-2.8));
#7204=CARTESIAN_POINT('',(4.44999999999999,1.6,-2.8));
#7205=CARTESIAN_POINT('',(4.44999999999999,1.6,-2.8));
#7206=CARTESIAN_POINT('',(4.59999999999999,1.53786796564403,-2.95));
#7207=CARTESIAN_POINT('Origin',(4.44999999999999,3.5,-2.8));
#7208=CARTESIAN_POINT('',(4.44999999999999,3.5,-2.8));
#7209=CARTESIAN_POINT('Origin',(-3.46944695195361E-15,0.,4.025));
#7210=CARTESIAN_POINT('',(-5.65,3.27862736959617E-16,1.25));
#7211=CARTESIAN_POINT('',(-3.46944695195361E-15,0.,1.25));
#7212=CARTESIAN_POINT('',(-6.65,0.,0.250000000000001));
#7213=CARTESIAN_POINT('Origin',(-5.65,0.,0.250000000000001));
#7214=CARTESIAN_POINT('',(-6.65,2.16840434497101E-16,-0.250000000000001));
#7215=CARTESIAN_POINT('',(-6.65,0.,-1.25));
#7216=CARTESIAN_POINT('',(-5.65,1.05818132034585E-16,-1.25));
#7217=CARTESIAN_POINT('Origin',(-5.65,4.33680868994202E-16,-0.25));
#7218=CARTESIAN_POINT('',(-3.46944695195361E-15,0.,-1.25));
#7219=CARTESIAN_POINT('Origin',(-5.05,3.5,-1.35));
#7220=CARTESIAN_POINT('',(-5.05,3.4,-1.25));
#7221=CARTESIAN_POINT('',(-5.05,3.5,-1.25));
#7222=CARTESIAN_POINT('Origin',(-5.05,3.4,-1.35));
#7223=CARTESIAN_POINT('Origin',(-5.05,3.40000000000001,-1.15000000000001));
#7224=CARTESIAN_POINT('',(-5.05,3.5,-1.15));
#7225=CARTESIAN_POINT('Origin',(-5.05,3.4,-1.15));
#7226=CARTESIAN_POINT('Origin',(-5.05,3.6,-1.15));
#7227=CARTESIAN_POINT('Origin',(-5.05,3.6,4.025));
#7228=CARTESIAN_POINT('',(-5.05,3.5,4.025));
#7229=CARTESIAN_POINT('Origin',(-5.05,3.6,-0.217944947177046));
#7230=CARTESIAN_POINT('Ctrl Pts',(-5.05000003780529,3.50000000000001,0.217944947177046));
#7231=CARTESIAN_POINT('Ctrl Pts',(-4.95,3.49999996219471,0.217944947177046));
#7232=CARTESIAN_POINT('Ctrl Pts',(-4.95,3.6,0.217944947177046));
#7233=CARTESIAN_POINT('Ctrl Pts',(-5.02181279955616,3.49999998906159,0.159746107487359));
#7234=CARTESIAN_POINT('Ctrl Pts',(-4.94999999999997,3.52532023995752,0.165663274852797));
#7235=CARTESIAN_POINT('Ctrl Pts',(-4.95,3.59999951292565,0.145330092285756));
#7236=CARTESIAN_POINT('Ctrl Pts',(-5.00001489642023,3.49999998694243,0.0808155139475417));
#7237=CARTESIAN_POINT('Ctrl Pts',(-4.95,3.52886434667399,0.0781256368042792));
#7238=CARTESIAN_POINT('Ctrl Pts',(-4.95,3.58661026846893,0.0727341445137841));
#7239=CARTESIAN_POINT('Ctrl Pts',(-4.99998516683743,3.49999998632521,-0.0806313627674655));
#7240=CARTESIAN_POINT('Ctrl Pts',(-4.95,3.52887064070048,-0.0779398911126184));
#7241=CARTESIAN_POINT('Ctrl Pts',(-4.95,3.58659482109846,-0.0725684084481295));
#7242=CARTESIAN_POINT('Ctrl Pts',(-5.02179784092644,3.49999998905557,-0.159715177878259));
#7243=CARTESIAN_POINT('Ctrl Pts',(-4.94999999999997,3.52533113172547,-0.16564066436653));
#7244=CARTESIAN_POINT('Ctrl Pts',(-4.95,3.5999994903823,-0.145289360850734));
#7245=CARTESIAN_POINT('Ctrl Pts',(-5.05000003780528,3.50000000000001,-0.217944947177039));
#7246=CARTESIAN_POINT('Ctrl Pts',(-4.95,3.49999996219471,-0.217944947177039));
#7247=CARTESIAN_POINT('Ctrl Pts',(-4.95,3.6,-0.217944947177037));
#7248=CARTESIAN_POINT('Origin',(-5.05,3.6,0.217944947177046));
#7249=CARTESIAN_POINT('Origin',(-5.05,3.6,4.025));
#7250=CARTESIAN_POINT('',(-5.05,3.5,1.15));
#7251=CARTESIAN_POINT('',(-5.05,3.5,4.025));
#7252=CARTESIAN_POINT('Origin',(-5.05,3.6,1.15));
#7253=CARTESIAN_POINT('Origin',(-5.05000000000001,3.40000000000002,1.15000000000002));
#7254=CARTESIAN_POINT('',(-5.05,3.4,1.25));
#7255=CARTESIAN_POINT('Origin',(-5.05,3.4,1.15));
#7256=CARTESIAN_POINT('Origin',(-5.05,3.4,1.35));
#7257=CARTESIAN_POINT('Origin',(-5.05,3.5,1.35));
#7258=CARTESIAN_POINT('',(-5.05,3.5,1.25));
#7259=CARTESIAN_POINT('Origin',(-4.85,5.,5.95));
#7260=CARTESIAN_POINT('Origin',(-4.85,4.,5.95));
#7261=CARTESIAN_POINT('Origin',(-3.95,4.,4.025));
#7262=CARTESIAN_POINT('',(-3.95,5.,5.95));
#7263=CARTESIAN_POINT('',(-3.95,5.,4.025));
#7264=CARTESIAN_POINT('Origin',(-3.95,4.,5.95));
#7265=CARTESIAN_POINT('Origin',(-3.95000000000002,4.00000000000001,5.95000000000002));
#7266=CARTESIAN_POINT('Origin',(-3.95,4.9,5.95));
#7267=CARTESIAN_POINT('Origin',(3.95000000000002,4.00000000000002,5.95));
#7268=CARTESIAN_POINT('Origin',(3.95,4.9,5.95));
#7269=CARTESIAN_POINT('Origin',(-3.21646644504033E-15,4.9,5.95));
#7270=CARTESIAN_POINT('',(-3.21646644504033E-15,5.,5.95));
#7271=CARTESIAN_POINT('Origin',(-3.46944695195361E-15,3.4,-1.15));
#7272=CARTESIAN_POINT('',(5.65,3.5,-1.15));
#7273=CARTESIAN_POINT('',(-3.46944695195361E-15,3.5,-1.15));
#7274=CARTESIAN_POINT('',(5.65,3.4,-1.25));
#7275=CARTESIAN_POINT('Origin',(5.65,3.4,-1.15));
#7276=CARTESIAN_POINT('',(-3.46944695195361E-15,3.4,-1.25));
#7277=CARTESIAN_POINT('Origin',(3.65,3.5,-1.25));
#7278=CARTESIAN_POINT('',(5.65,3.5,-1.25));
#7279=CARTESIAN_POINT('Origin',(-3.46944695195361E-15,5.,4.025));
#7280=CARTESIAN_POINT('Origin',(3.65,3.5,1.25));
#7281=CARTESIAN_POINT('',(5.65,3.4,1.25));
#7282=CARTESIAN_POINT('',(3.65,3.4,1.25));
#7283=CARTESIAN_POINT('',(5.65,3.5,1.25));
#7284=CARTESIAN_POINT('Origin',(-3.88505778473973E-15,3.4,1.15));
#7285=CARTESIAN_POINT('',(5.65,3.5,1.15));
#7286=CARTESIAN_POINT('Origin',(5.65,3.4,1.15));
#7287=CARTESIAN_POINT('',(-3.88505778473973E-15,3.5,1.15));
#7288=CARTESIAN_POINT('Origin',(-3.46944695195361E-15,3.5,4.025));
#7289=CARTESIAN_POINT('',(6.55,3.5,0.25));
#7290=CARTESIAN_POINT('',(6.55,3.5,-0.250000000000001));
#7291=CARTESIAN_POINT('',(6.55,3.5,4.025));
#7292=CARTESIAN_POINT('Ctrl Pts',(6.55,3.5,-0.250000000000001));
#7293=CARTESIAN_POINT('Ctrl Pts',(6.55,3.5,-0.28115137872533));
#7294=CARTESIAN_POINT('Ctrl Pts',(6.54839548008181,3.50000000007781,-0.312012492563046));
#7295=CARTESIAN_POINT('Ctrl Pts',(6.54524258428128,3.49999999842962,-0.342588420456641));
#7296=CARTESIAN_POINT('Ctrl Pts',(6.54207100829201,3.49999999677166,-0.373345503751477));
#7297=CARTESIAN_POINT('Ctrl Pts',(6.53733254088585,3.49999999309528,-0.403815073992227));
#7298=CARTESIAN_POINT('Ctrl Pts',(6.53103164426024,3.49999999168724,-0.434001732114459));
#7299=CARTESIAN_POINT('Ctrl Pts',(6.52476939981434,3.49999999028783,-0.464003213395388));
#7300=CARTESIAN_POINT('Ctrl Pts',(6.51696352024401,3.49999999315817,-0.493726244692775));
#7301=CARTESIAN_POINT('Ctrl Pts',(6.5075698739402,3.49999999725988,-0.523159385207101));
#7302=CARTESIAN_POINT('Ctrl Pts',(6.50565365041411,3.49999999809659,-0.529163494205491));
#7303=CARTESIAN_POINT('Ctrl Pts',(6.50367120348122,3.4999999988888,-0.535155458053103));
#7304=CARTESIAN_POINT('Ctrl Pts',(6.50162192900323,3.49999999941193,-0.541135039314021));
#7305=CARTESIAN_POINT('Ctrl Pts',(6.49919801707607,3.50000000003071,-0.548207775784165));
#7306=CARTESIAN_POINT('Ctrl Pts',(6.49679237085508,3.49999999997043,-0.55496129760064));
#7307=CARTESIAN_POINT('Ctrl Pts',(6.49423806746482,3.49999999997346,-0.56187534832504));
#7308=CARTESIAN_POINT('Ctrl Pts',(6.49193718080166,3.49999999997618,-0.56810344447086));
#7309=CARTESIAN_POINT('Ctrl Pts',(6.48951527691153,3.49999999998373,-0.574461799831122));
#7310=CARTESIAN_POINT('Ctrl Pts',(6.48681681433825,3.49999999968812,-0.581288145783681));
#7311=CARTESIAN_POINT('Ctrl Pts',(6.47446991842384,3.49999999833554,-0.61252229510511));
#7312=CARTESIAN_POINT('Ctrl Pts',(6.46048168329717,3.49999999481196,-0.642779884818131));
#7313=CARTESIAN_POINT('Ctrl Pts',(6.44494164869763,3.4999999940622,-0.672054269199583));
#7314=CARTESIAN_POINT('Ctrl Pts',(6.42928201236209,3.49999999330667,-0.701553959848536));
#7315=CARTESIAN_POINT('Ctrl Pts',(6.41204614611666,3.4999999943806,-0.730056384950198));
#7316=CARTESIAN_POINT('Ctrl Pts',(6.39327399972104,3.49999999536893,-0.757541666284863));
#7317=CARTESIAN_POINT('Ctrl Pts',(6.37464829868802,3.49999999634956,-0.784812529304946));
#7318=CARTESIAN_POINT('Ctrl Pts',(6.35450949891512,3.49999999719231,-0.811083018408684));
#7319=CARTESIAN_POINT('Ctrl Pts',(6.33285472696832,3.49999999694218,-0.836305326715228));
#7320=CARTESIAN_POINT('Ctrl Pts',(6.3180858737652,3.49999999677159,-0.853507288931155));
#7321=CARTESIAN_POINT('Ctrl Pts',(6.30261099613927,3.49999999622697,-0.870221097561505));
#7322=CARTESIAN_POINT('Ctrl Pts',(6.28642056912611,3.49999999401412,-0.886420569126105));
#7323=CARTESIAN_POINT('Ctrl Pts',(6.26443482835089,3.49999999100919,-0.908418591922252));
#7324=CARTESIAN_POINT('Ctrl Pts',(6.24153229520427,3.49999998464038,-0.92906637410137));
#7325=CARTESIAN_POINT('Ctrl Pts',(6.21775292183844,3.49999997681785,-0.948411904811405));
#7326=CARTESIAN_POINT('Ctrl Pts',(6.19382293530576,3.49999996894577,-0.967879965732807));
#7327=CARTESIAN_POINT('Ctrl Pts',(6.16900414194576,3.49999996008165,-0.986029905840711));
#7328=CARTESIAN_POINT('Ctrl Pts',(6.1432991674768,3.49999995893239,-1.00287387445069));
#7329=CARTESIAN_POINT('Ctrl Pts',(6.11775794065043,3.49999995779046,-1.01961054242302));
#7330=CARTESIAN_POINT('Ctrl Pts',(6.0913408618274,3.49999996642224,-1.03505831276243));
#7331=CARTESIAN_POINT('Ctrl Pts',(6.06402619944503,3.49999998018731,-1.04918434530474));
#7332=CARTESIAN_POINT('Ctrl Pts',(6.05091329339773,3.49999998679548,-1.05596580703234));
#7333=CARTESIAN_POINT('Ctrl Pts',(6.0375932501662,3.49999999419767,-1.06244194393697));
#7334=CARTESIAN_POINT('Ctrl Pts',(6.02406263808705,3.49999999789633,-1.06860495016387));
#7335=CARTESIAN_POINT('Ctrl Pts',(6.01693186933288,3.49999999984556,-1.0718529164774));
#7336=CARTESIAN_POINT('Ctrl Pts',(6.00943996615037,3.49999999984413,-1.07515329976525));
#7337=CARTESIAN_POINT('Ctrl Pts',(6.00204823023386,3.49999999991743,-1.07829303893598));
#7338=CARTESIAN_POINT('Ctrl Pts',(5.99488795331068,3.49999999998844,-1.08133446278864));
#7339=CARTESIAN_POINT('Ctrl Pts',(5.98782206654891,3.49999999999578,-1.08422558059443));
#7340=CARTESIAN_POINT('Ctrl Pts',(5.98128792044481,3.49999999973459,-1.08681624514387));
#7341=CARTESIAN_POINT('Ctrl Pts',(5.9523642703587,3.49999999857842,-1.09828392182642));
#7342=CARTESIAN_POINT('Ctrl Pts',(5.92311479867112,3.49999999555588,-1.10814010063697));
#7343=CARTESIAN_POINT('Ctrl Pts',(5.89356193911691,3.4999999951413,-1.11644889852566));
#7344=CARTESIAN_POINT('Ctrl Pts',(5.8638480720973,3.49999999472445,-1.12480296372548));
#7345=CARTESIAN_POINT('Ctrl Pts',(5.8338264942534,3.4999999961159,-1.13159310116294));
#7346=CARTESIAN_POINT('Ctrl Pts',(5.80349661167057,3.49999999739619,-1.13683700145238));
#7347=CARTESIAN_POINT('Ctrl Pts',(5.77341763060638,3.49999999866588,-1.14203752199769));
#7348=CARTESIAN_POINT('Ctrl Pts',(5.74303439658826,3.49999999959563,-1.14571741599499));
#7349=CARTESIAN_POINT('Ctrl Pts',(5.71233862917101,3.49999999985411,-1.14784387195871));
#7350=CARTESIAN_POINT('Ctrl Pts',(5.69170082272008,3.50000000002789,-1.14927356048902));
#7351=CARTESIAN_POINT('Ctrl Pts',(5.67092159189227,3.5,-1.15));
#7352=CARTESIAN_POINT('Ctrl Pts',(5.65,3.5,-1.15));
#7353=CARTESIAN_POINT('Ctrl Pts',(5.65,3.5,1.15));
#7354=CARTESIAN_POINT('Ctrl Pts',(5.68115137872526,3.5,1.15));
#7355=CARTESIAN_POINT('Ctrl Pts',(5.71201249256295,3.5000000000778,1.1483954800818));
#7356=CARTESIAN_POINT('Ctrl Pts',(5.74258842045656,3.49999999842961,1.14524258428125));
#7357=CARTESIAN_POINT('Ctrl Pts',(5.77334550375135,3.49999999677166,1.14207100829197));
#7358=CARTESIAN_POINT('Ctrl Pts',(5.8038150739921,3.49999999309528,1.1373325408858));
#7359=CARTESIAN_POINT('Ctrl Pts',(5.83400173211438,3.49999999168724,1.13103164426018));
#7360=CARTESIAN_POINT('Ctrl Pts',(5.86400321339528,3.49999999028783,1.12476939981428));
#7361=CARTESIAN_POINT('Ctrl Pts',(5.89372624469269,3.49999999315817,1.11696352024395));
#7362=CARTESIAN_POINT('Ctrl Pts',(5.92315938520708,3.49999999725988,1.10756987394016));
#7363=CARTESIAN_POINT('Ctrl Pts',(5.92916349420541,3.49999999809659,1.10565365041409));
#7364=CARTESIAN_POINT('Ctrl Pts',(5.93515545805297,3.4999999988888,1.10367120348123));
#7365=CARTESIAN_POINT('Ctrl Pts',(5.94113503931384,3.49999999941193,1.10162192900327));
#7366=CARTESIAN_POINT('Ctrl Pts',(5.94820777578415,3.50000000003071,1.09919801707606));
#7367=CARTESIAN_POINT('Ctrl Pts',(5.9549612976008,3.49999999997043,1.09679237085502));
#7368=CARTESIAN_POINT('Ctrl Pts',(5.96187534832538,3.49999999997346,1.0942380674647));
#7369=CARTESIAN_POINT('Ctrl Pts',(5.96810344447111,3.49999999997618,1.09193718080158));
#7370=CARTESIAN_POINT('Ctrl Pts',(5.97446179983128,3.49999999998373,1.08951527691148));
#7371=CARTESIAN_POINT('Ctrl Pts',(5.98128814578369,3.49999999968812,1.08681681433828));
#7372=CARTESIAN_POINT('Ctrl Pts',(6.01252229510349,3.49999999833554,1.07446991842456));
#7373=CARTESIAN_POINT('Ctrl Pts',(6.04277988481497,3.49999999481196,1.06048168329874));
#7374=CARTESIAN_POINT('Ctrl Pts',(6.07205426919498,3.4999999940622,1.04494164870019));
#7375=CARTESIAN_POINT('Ctrl Pts',(6.10155395984243,3.49999999330667,1.02928201236567));
#7376=CARTESIAN_POINT('Ctrl Pts',(6.1300563849427,3.4999999943806,1.01204614612142));
#7377=CARTESIAN_POINT('Ctrl Pts',(6.15754166627611,3.49999999536894,0.993273999727108));
#7378=CARTESIAN_POINT('Ctrl Pts',(6.18481252929493,3.49999999634956,0.974648298695389));
#7379=CARTESIAN_POINT('Ctrl Pts',(6.21108301839755,3.49999999719231,0.954509498923922));
#7380=CARTESIAN_POINT('Ctrl Pts',(6.23630532670313,3.49999999694218,0.932854726978686));
#7381=CARTESIAN_POINT('Ctrl Pts',(6.25350728892328,3.49999999677159,0.918085873772437));
#7382=CARTESIAN_POINT('Ctrl Pts',(6.27022109755765,3.49999999622697,0.902610996143042));
#7383=CARTESIAN_POINT('Ctrl Pts',(6.28642056912606,3.49999999401412,0.886420569126059));
#7384=CARTESIAN_POINT('Ctrl Pts',(6.30841859192229,3.4999999910092,0.864434828350728));
#7385=CARTESIAN_POINT('Ctrl Pts',(6.32906637410148,3.49999998464038,0.841532295204029));
#7386=CARTESIAN_POINT('Ctrl Pts',(6.34841190481155,3.49999997681785,0.817752921838153));
#7387=CARTESIAN_POINT('Ctrl Pts',(6.36787996573303,3.49999996894577,0.793822935305382));
#7388=CARTESIAN_POINT('Ctrl Pts',(6.38602990584098,3.49999996008165,0.769004141945314));
#7389=CARTESIAN_POINT('Ctrl Pts',(6.40287387445098,3.49999995893239,0.743299167476327));
#7390=CARTESIAN_POINT('Ctrl Pts',(6.41961054242339,3.49999995779046,0.71775794064983));
#7391=CARTESIAN_POINT('Ctrl Pts',(6.43505831276285,3.49999996642224,0.691340861826709));
#7392=CARTESIAN_POINT('Ctrl Pts',(6.44918434530517,3.49999998018731,0.66402619944426));
#7393=CARTESIAN_POINT('Ctrl Pts',(6.45596580703266,3.49999998679548,0.65091329339715));
#7394=CARTESIAN_POINT('Ctrl Pts',(6.46244194393718,3.49999999419767,0.637593250165808));
#7395=CARTESIAN_POINT('Ctrl Pts',(6.46860495016398,3.49999999789633,0.624062638086867));
#7396=CARTESIAN_POINT('Ctrl Pts',(6.47185291647756,3.49999999984556,0.616931869332566));
#7397=CARTESIAN_POINT('Ctrl Pts',(6.47515329976545,3.49999999984413,0.609439966149935));
#7398=CARTESIAN_POINT('Ctrl Pts',(6.47829303893623,3.49999999991743,0.602048230233307));
#7399=CARTESIAN_POINT('Ctrl Pts',(6.48133446278878,3.49999999998844,0.594887953310334));
#7400=CARTESIAN_POINT('Ctrl Pts',(6.48422558059448,3.49999999999578,0.587822066548771));
#7401=CARTESIAN_POINT('Ctrl Pts',(6.48681624514386,3.49999999973459,0.581287920444809));
#7402=CARTESIAN_POINT('Ctrl Pts',(6.49828392182641,3.49999999857841,0.552364270358614));
#7403=CARTESIAN_POINT('Ctrl Pts',(6.50814010063697,3.49999999555588,0.523114798670972));
#7404=CARTESIAN_POINT('Ctrl Pts',(6.51644889852566,3.49999999514129,0.493561939116724));
#7405=CARTESIAN_POINT('Ctrl Pts',(6.5248029637255,3.49999999472445,0.463848072097033));
#7406=CARTESIAN_POINT('Ctrl Pts',(6.53159310116296,3.4999999961159,0.433826494253068));
#7407=CARTESIAN_POINT('Ctrl Pts',(6.53683700145241,3.49999999739618,0.403496611670193));
#7408=CARTESIAN_POINT('Ctrl Pts',(6.54203752199772,3.49999999866588,0.373417630605921));
#7409=CARTESIAN_POINT('Ctrl Pts',(6.54571741599503,3.49999999959563,0.343034396587729));
#7410=CARTESIAN_POINT('Ctrl Pts',(6.54784387195874,3.49999999985411,0.312338629170427));
#7411=CARTESIAN_POINT('Ctrl Pts',(6.54927356048903,3.50000000002789,0.291700822719678));
#7412=CARTESIAN_POINT('Ctrl Pts',(6.55,3.5,0.270921591892069));
#7413=CARTESIAN_POINT('Ctrl Pts',(6.55,3.5,0.25));
#7414=CARTESIAN_POINT('Origin',(3.44999999999999,4.5,3.05));
#7415=CARTESIAN_POINT('',(3.44999999999999,4.5,3.05));
#7416=CARTESIAN_POINT('',(3.44999999999999,4.5,3.05));
#7417=CARTESIAN_POINT('',(-3.95,4.5,3.05));
#7418=CARTESIAN_POINT('',(3.44999999999999,4.5,3.05));
#7419=CARTESIAN_POINT('',(-3.95,4.5,3.05));
#7420=CARTESIAN_POINT('Origin',(-4.45,4.5,3.05));
#7421=CARTESIAN_POINT('',(-4.45,4.,3.05));
#7422=CARTESIAN_POINT('',(-4.45,4.,3.05));
#7423=CARTESIAN_POINT('',(-4.45,1.1,3.05));
#7424=CARTESIAN_POINT('',(-4.45,4.5,3.05));
#7425=CARTESIAN_POINT('',(-4.45,1.1,3.05));
#7426=CARTESIAN_POINT('Origin',(3.44999999999999,0.6,3.05));
#7427=CARTESIAN_POINT('',(-3.95,0.6,3.05));
#7428=CARTESIAN_POINT('',(-3.95,0.6,3.05));
#7429=CARTESIAN_POINT('',(3.44999999999999,0.6,3.05));
#7430=CARTESIAN_POINT('',(3.44999999999999,0.6,3.05));
#7431=CARTESIAN_POINT('',(3.44999999999999,0.6,3.05));
#7432=CARTESIAN_POINT('Origin',(4.44999999999999,3.5,3.05));
#7433=CARTESIAN_POINT('',(4.44999999999999,1.6,3.05));
#7434=CARTESIAN_POINT('',(4.44999999999999,1.6,3.05));
#7435=CARTESIAN_POINT('',(4.44999999999999,3.5,3.05));
#7436=CARTESIAN_POINT('',(4.44999999999999,3.5,3.05));
#7437=CARTESIAN_POINT('',(4.44999999999999,3.5,3.05));
#7438=CARTESIAN_POINT('Origin',(-3.65,3.5,1.25));
#7439=CARTESIAN_POINT('',(-5.65,3.4,1.25));
#7440=CARTESIAN_POINT('',(-3.65,3.4,1.25));
#7441=CARTESIAN_POINT('',(-5.65,3.5,1.25));
#7442=CARTESIAN_POINT('Origin',(-3.65,3.5,-1.25));
#7443=CARTESIAN_POINT('',(-5.65,3.4,-1.25));
#7444=CARTESIAN_POINT('',(-5.65,3.5,-1.25));
#7445=CARTESIAN_POINT('',(-3.65,3.4,-1.25));
#7446=CARTESIAN_POINT('Origin',(-3.46944695195361E-15,3.4,-1.15));
#7447=CARTESIAN_POINT('',(-5.65,3.5,-1.15));
#7448=CARTESIAN_POINT('Origin',(-5.65,3.4,-1.15));
#7449=CARTESIAN_POINT('',(-3.46944695195361E-15,3.5,-1.15));
#7450=CARTESIAN_POINT('Origin',(-3.46944695195361E-15,3.5,4.025));
#7451=CARTESIAN_POINT('',(-6.55,3.5,-0.250000000000001));
#7452=CARTESIAN_POINT('Origin',(-5.65,3.5,-0.249999999999999));
#7453=CARTESIAN_POINT('',(-6.55,3.5,0.25));
#7454=CARTESIAN_POINT('',(-6.55,3.5,4.025));
#7455=CARTESIAN_POINT('',(-5.65,3.5,1.15));
#7456=CARTESIAN_POINT('Origin',(-5.65,3.5,0.249999999999999));
#7457=CARTESIAN_POINT('',(-3.46944695195361E-15,3.5,1.15));
#7458=CARTESIAN_POINT('Origin',(-3.0538361191675E-15,3.4,1.15));
#7459=CARTESIAN_POINT('Origin',(-5.65,3.4,1.15));
#7460=CARTESIAN_POINT('Origin',(5.65,3.5,-0.250000000000001));
#7461=CARTESIAN_POINT('',(6.65,3.4,-0.250000000000001));
#7462=CARTESIAN_POINT('',(6.65,3.5,-0.250000000000001));
#7463=CARTESIAN_POINT('Origin',(5.65,3.4,-0.250000000000001));
#7464=CARTESIAN_POINT('Origin',(5.65,3.5,0.25));
#7465=CARTESIAN_POINT('',(6.65,3.4,0.25));
#7466=CARTESIAN_POINT('',(6.65,3.5,0.25));
#7467=CARTESIAN_POINT('Origin',(5.65,3.4,0.25));
#7468=CARTESIAN_POINT('Origin',(5.65,3.4,-0.250000000000001));
#7469=CARTESIAN_POINT('Origin',(6.55,3.4,-0.250000000000001));
#7470=CARTESIAN_POINT('Origin',(6.55,3.4,4.025));
#7471=CARTESIAN_POINT('Origin',(6.55,3.4,0.25));
#7472=CARTESIAN_POINT('',(6.65,3.4,4.025));
#7473=CARTESIAN_POINT('Origin',(5.64999999999999,3.39999999999999,0.249999999999993));
#7474=CARTESIAN_POINT('Origin',(-3.95,4.,3.05));
#7475=CARTESIAN_POINT('Origin',(-3.95,4.,3.05));
#7476=CARTESIAN_POINT('Origin',(4.44999999999999,3.5,3.05));
#7477=CARTESIAN_POINT('',(4.44999999999999,3.5,3.05));
#7478=CARTESIAN_POINT('Origin',(-3.46944695195361E-15,0.,3.05));
#7479=CARTESIAN_POINT('',(4.44999999999999,1.6,3.05));
#7480=CARTESIAN_POINT('Origin',(-3.95,1.1,3.05));
#7481=CARTESIAN_POINT('',(0.552337701306493,3.00454545454545,3.05));
#7482=CARTESIAN_POINT('Origin',(2.5,2.55,3.05));
#7483=CARTESIAN_POINT('',(-1.18375534189118,4.4,3.05));
#7484=CARTESIAN_POINT('',(-3.46944695195361E-15,4.4,3.05));
#7485=CARTESIAN_POINT('',(-1.27558636454994,4.13139534883721,3.05));
#7486=CARTESIAN_POINT('Origin',(-1.18375534189118,4.25,3.05));
#7487=CARTESIAN_POINT('',(-0.552337701306496,3.00454545454546,3.05));
#7488=CARTESIAN_POINT('Origin',(-2.5,2.55,3.05));
#7489=CARTESIAN_POINT('',(-0.357571471437146,2.85,3.05));
#7490=CARTESIAN_POINT('Origin',(-0.357571471437146,3.05,3.05));
#7491=CARTESIAN_POINT('',(0.357571471437142,2.85,3.05));
#7492=CARTESIAN_POINT('',(-3.46944695195361E-15,2.85,3.05));
#7493=CARTESIAN_POINT('Origin',(0.357571471437142,3.05,3.05));
#7494=CARTESIAN_POINT('',(-0.552337701306497,2.09545454545455,3.05));
#7495=CARTESIAN_POINT('',(-1.27558636454994,0.96860465116279,3.05));
#7496=CARTESIAN_POINT('Origin',(-2.5,2.55,3.05));
#7497=CARTESIAN_POINT('',(-1.18375534189119,0.699999999999999,3.05));
#7498=CARTESIAN_POINT('Origin',(-1.18375534189119,0.85,3.05));
#7499=CARTESIAN_POINT('',(-3.46944695195361E-15,0.699999999999999,3.05));
#7500=CARTESIAN_POINT('',(0.552337701306493,2.09545454545455,3.05));
#7501=CARTESIAN_POINT('Origin',(2.5,2.55,3.05));
#7502=CARTESIAN_POINT('',(0.357571471437142,2.25,3.05));
#7503=CARTESIAN_POINT('Origin',(0.357571471437142,2.05,3.05));
#7504=CARTESIAN_POINT('',(-0.357571471437146,2.25,3.05));
#7505=CARTESIAN_POINT('',(-3.46944695195361E-15,2.25,3.05));
#7506=CARTESIAN_POINT('Origin',(-0.357571471437146,2.05,3.05));
#7507=CARTESIAN_POINT('Origin',(-3.95,1.1,3.05));
#7508=CARTESIAN_POINT('Origin',(4.44999999999999,1.6,3.05));
#7509=CARTESIAN_POINT('Origin',(-5.65,3.5,0.25));
#7510=CARTESIAN_POINT('',(-6.65,3.4,0.25));
#7511=CARTESIAN_POINT('',(-6.65,3.5,0.25));
#7512=CARTESIAN_POINT('Origin',(-5.65,3.4,0.25));
#7513=CARTESIAN_POINT('Origin',(-5.65,3.5,-0.250000000000001));
#7514=CARTESIAN_POINT('',(-6.65,3.4,-0.250000000000001));
#7515=CARTESIAN_POINT('',(-6.65,3.5,-0.250000000000002));
#7516=CARTESIAN_POINT('Origin',(-5.65,3.4,-0.250000000000001));
#7517=CARTESIAN_POINT('Origin',(-5.65000000000001,3.40000000000001,-0.25000000000001));
#7518=CARTESIAN_POINT('Origin',(-6.55,3.4,-0.250000000000001));
#7519=CARTESIAN_POINT('Origin',(-6.55,3.4,4.025));
#7520=CARTESIAN_POINT('',(-6.65,3.4,4.025));
#7521=CARTESIAN_POINT('Origin',(-6.55,3.4,0.25));
#7522=CARTESIAN_POINT('Origin',(-5.65,3.39999999999998,0.249999999999997));
#7523=CARTESIAN_POINT('Origin',(6.65,3.5,-1.25));
#7524=CARTESIAN_POINT('Origin',(2.5,2.55,2.85));
#7525=CARTESIAN_POINT('',(0.552337701306493,3.00454545454545,2.85));
#7526=CARTESIAN_POINT('',(0.552337701306493,3.00454545454545,2.85));
#7527=CARTESIAN_POINT('Origin',(2.5,2.55,2.85));
#7528=CARTESIAN_POINT('Origin',(0.357571471437142,3.05,2.85));
#7529=CARTESIAN_POINT('',(0.357571471437142,2.85,2.85));
#7530=CARTESIAN_POINT('Origin',(0.357571471437142,3.05,2.85));
#7531=CARTESIAN_POINT('',(0.357571471437142,2.85,2.85));
#7532=CARTESIAN_POINT('Origin',(0.357571471437142,2.85,2.85));
#7533=CARTESIAN_POINT('',(-0.357571471437146,2.85,2.85));
#7534=CARTESIAN_POINT('',(-0.357571471437146,2.85,2.85));
#7535=CARTESIAN_POINT('',(-1.18375534189118,2.85,2.85));
#7536=CARTESIAN_POINT('Origin',(-0.357571471437146,3.05,2.85));
#7537=CARTESIAN_POINT('',(-0.552337701306496,3.00454545454546,2.85));
#7538=CARTESIAN_POINT('Origin',(-0.357571471437146,3.05,2.85));
#7539=CARTESIAN_POINT('',(-0.552337701306496,3.00454545454546,2.85));
#7540=CARTESIAN_POINT('Origin',(-2.5,2.55,2.85));
#7541=CARTESIAN_POINT('',(-1.27558636454993,4.13139534883721,2.85));
#7542=CARTESIAN_POINT('',(-1.27558636454993,4.13139534883721,2.85));
#7543=CARTESIAN_POINT('Origin',(-2.5,2.55,2.85));
#7544=CARTESIAN_POINT('Origin',(-1.18375534189118,4.25,2.85));
#7545=CARTESIAN_POINT('',(-1.18375534189118,4.4,2.85));
#7546=CARTESIAN_POINT('Origin',(-1.18375534189118,4.25,2.85));
#7547=CARTESIAN_POINT('',(-1.18375534189118,4.4,2.85));
#7548=CARTESIAN_POINT('Origin',(1.18375534189118,4.4,2.85));
#7549=CARTESIAN_POINT('',(1.18375534189118,4.4,2.85));
#7550=CARTESIAN_POINT('Origin',(-1.18375534189119,0.85,2.85));
#7551=CARTESIAN_POINT('',(-1.27558636454994,0.96860465116279,2.85));
#7552=CARTESIAN_POINT('',(-1.18375534189119,0.699999999999999,2.85));
#7553=CARTESIAN_POINT('Origin',(-1.18375534189119,0.85,2.85));
#7554=CARTESIAN_POINT('',(-1.18375534189119,0.699999999999999,2.85));
#7555=CARTESIAN_POINT('',(-1.27558636454994,0.96860465116279,2.85));
#7556=CARTESIAN_POINT('Origin',(-2.5,2.55,2.85));
#7557=CARTESIAN_POINT('',(-0.552337701306497,2.09545454545455,2.85));
#7558=CARTESIAN_POINT('',(-0.552337701306497,2.09545454545455,2.85));
#7559=CARTESIAN_POINT('Origin',(-2.5,2.55,2.85));
#7560=CARTESIAN_POINT('Origin',(-0.357571471437146,2.05,2.85));
#7561=CARTESIAN_POINT('',(-0.357571471437146,2.25,2.85));
#7562=CARTESIAN_POINT('Origin',(-0.357571471437146,2.05,2.85));
#7563=CARTESIAN_POINT('',(-0.357571471437146,2.25,2.85));
#7564=CARTESIAN_POINT('Origin',(0.357571471437142,2.25,2.85));
#7565=CARTESIAN_POINT('',(0.357571471437142,2.25,2.85));
#7566=CARTESIAN_POINT('',(0.357571471437142,2.25,2.85));
#7567=CARTESIAN_POINT('',(1.18375534189118,2.25,2.85));
#7568=CARTESIAN_POINT('Origin',(0.357571471437142,2.05,2.85));
#7569=CARTESIAN_POINT('',(0.552337701306493,2.09545454545455,2.85));
#7570=CARTESIAN_POINT('Origin',(0.357571471437142,2.05,2.85));
#7571=CARTESIAN_POINT('',(0.552337701306493,2.09545454545455,2.85));
#7572=CARTESIAN_POINT('Origin',(2.5,2.55,2.85));
#7573=CARTESIAN_POINT('Origin',(2.5,2.55,2.85));
#7574=CARTESIAN_POINT('Origin',(1.18375534189118,0.7,2.85));
#7575=CARTESIAN_POINT('',(1.18375534189118,0.7,2.85));
#7576=CARTESIAN_POINT('Origin',(-6.65,3.5,-1.25));
#7577=CARTESIAN_POINT('Origin',(-1.18375534189118,4.25,2.85));
#7578=CARTESIAN_POINT('Origin',(1.18375534189118,0.85,2.85));
#7579=CARTESIAN_POINT('Origin',(2.5,2.55,8.15));
#7580=CARTESIAN_POINT('',(3.5,2.55,8.15));
#7581=CARTESIAN_POINT('',(1.5,2.55,8.15));
#7582=CARTESIAN_POINT('Origin',(2.5,2.55,8.15));
#7583=CARTESIAN_POINT('Origin',(2.5,2.55,8.15));
#7584=CARTESIAN_POINT('',(1.4,2.55,8.05));
#7585=CARTESIAN_POINT('Origin',(1.4,2.55,8.15));
#7586=CARTESIAN_POINT('',(3.6,2.55,8.05));
#7587=CARTESIAN_POINT('Ctrl Pts',(3.6,2.55,8.05));
#7588=CARTESIAN_POINT('Ctrl Pts',(3.6,2.51385515193533,8.05));
#7589=CARTESIAN_POINT('Ctrl Pts',(3.59822283542695,2.47803287605221,8.05));
#7590=CARTESIAN_POINT('Ctrl Pts',(3.59473741807173,2.4425291431724,8.05));
#7591=CARTESIAN_POINT('Ctrl Pts',(3.59122938767565,2.40679506560781,8.05));
#7592=CARTESIAN_POINT('Ctrl Pts',(3.58599082230644,2.37138266747834,8.05));
#7593=CARTESIAN_POINT('Ctrl Pts',(3.57903920378688,2.33628431641977,8.05));
#7594=CARTESIAN_POINT('Ctrl Pts',(3.57211710251286,2.30133499635924,8.05));
#7595=CARTESIAN_POINT('Ctrl Pts',(3.56349623616917,2.26669609258865,8.05));
#7596=CARTESIAN_POINT('Ctrl Pts',(3.55314389327414,2.23237139771219,8.05));
#7597=CARTESIAN_POINT('Ctrl Pts',(3.54928916184641,2.2195904763856,8.05));
#7598=CARTESIAN_POINT('Ctrl Pts',(3.54519388534608,2.20685330594387,8.05));
#7599=CARTESIAN_POINT('Ctrl Pts',(3.54085470675212,2.19416090193248,8.05));
#7600=CARTESIAN_POINT('Ctrl Pts',(3.53804590134039,2.18594494762151,8.05));
#7601=CARTESIAN_POINT('Ctrl Pts',(3.53525285304184,2.17808671301031,8.05000000000284));
#7602=CARTESIAN_POINT('Ctrl Pts',(3.53230263066454,2.17007663569632,8.05000000009355));
#7603=CARTESIAN_POINT('Ctrl Pts',(3.52935240828724,2.16206655838233,8.05000000018426));
#7604=CARTESIAN_POINT('Ctrl Pts',(3.52624530260065,2.15390431108154,8.05000000035125));
#7605=CARTESIAN_POINT('Ctrl Pts',(3.52275978383502,2.14509872822434,8.05000000031222));
#7606=CARTESIAN_POINT('Ctrl Pts',(3.50861644748438,2.10936794365911,8.05000000015386));
#7607=CARTESIAN_POINT('Ctrl Pts',(3.49272573403543,2.07469660645843,8.05000000027709));
#7608=CARTESIAN_POINT('Ctrl Pts',(3.47517724220266,2.04108215696069,8.05000000105624));
#7609=CARTESIAN_POINT('Ctrl Pts',(3.45750211088,2.00722512725845,8.05000000184101));
#7610=CARTESIAN_POINT('Ctrl Pts',(3.43814476300162,1.97443925284627,8.05000000356449));
#7611=CARTESIAN_POINT('Ctrl Pts',(3.41714490603384,1.9427349591005,8.05000000571721));
#7612=CARTESIAN_POINT('Ctrl Pts',(3.39628484362414,1.91124171858905,8.0500000078556));
#7613=CARTESIAN_POINT('Ctrl Pts',(3.37380343343884,1.88081481140158,8.05000001026994));
#7614=CARTESIAN_POINT('Ctrl Pts',(3.34969672806231,1.85149168826374,8.05000001066609));
#7615=CARTESIAN_POINT('Ctrl Pts',(3.32716001615375,1.82407828738233,8.05000001103644));
#7616=CARTESIAN_POINT('Ctrl Pts',(3.30320195682405,1.79762926889854,8.0500000092412));
#7617=CARTESIAN_POINT('Ctrl Pts',(3.27779298063236,1.77220701936764,8.05000000599206));
#7618=CARTESIAN_POINT('Ctrl Pts',(3.25228644321546,1.74668715764672,8.05000000273044));
#7619=CARTESIAN_POINT('Ctrl Pts',(3.22576752071539,1.72266302362105,8.05000000155702));
#7620=CARTESIAN_POINT('Ctrl Pts',(3.19828602757194,1.70007808662576,8.05000000089082));
#7621=CARTESIAN_POINT('Ctrl Pts',(3.17061431236152,1.67733682066482,8.05000000022));
#7622=CARTESIAN_POINT('Ctrl Pts',(3.14196591609083,1.65605405668718,8.05000000011553));
#7623=CARTESIAN_POINT('Ctrl Pts',(3.11235075853414,1.63620602349654,8.05000000005233));
#7624=CARTESIAN_POINT('Ctrl Pts',(3.08286128170024,1.61644222133362,8.0499999999894));
#7625=CARTESIAN_POINT('Ctrl Pts',(3.05241239086938,1.59810047299135,8.05000000000085));
#7626=CARTESIAN_POINT('Ctrl Pts',(3.02098536452903,1.58119981471589,8.05000000000021));
#7627=CARTESIAN_POINT('Ctrl Pts',(3.00014216760814,1.56999087166436,8.04999999999979));
#7628=CARTESIAN_POINT('Ctrl Pts',(2.97886814829092,1.55941670898354,8.05));
#7629=CARTESIAN_POINT('Ctrl Pts',(2.95715370115679,1.54949488081337,8.05));
#7630=CARTESIAN_POINT('Ctrl Pts',(2.9485830194878,1.54557874008478,8.05));
#7631=CARTESIAN_POINT('Ctrl Pts',(2.93957984721651,1.54160600328,8.05000000000227));
#7632=CARTESIAN_POINT('Ctrl Pts',(2.93068639190818,1.53782389102433,8.05000000007921));
#7633=CARTESIAN_POINT('Ctrl Pts',(2.92179293659985,1.53404177876865,8.05000000015615));
#7634=CARTESIAN_POINT('Ctrl Pts',(2.91300958451966,1.53045004109104,8.05000000029795));
#7635=CARTESIAN_POINT('Ctrl Pts',(2.9049015015539,1.52723963575697,8.05000000026484));
#7636=CARTESIAN_POINT('Ctrl Pts',(2.86849403880994,1.51282405650267,8.05000000011619));
#7637=CARTESIAN_POINT('Ctrl Pts',(2.83160545410761,1.50046845704953,8.05000000024422));
#7638=CARTESIAN_POINT('Ctrl Pts',(2.79430368477644,1.4901166610018,8.0500000011012));
#7639=CARTESIAN_POINT('Ctrl Pts',(2.75675610527073,1.47969664897293,8.05000000196383));
#7640=CARTESIAN_POINT('Ctrl Pts',(2.71878878845701,1.47130652173308,8.0500000038779));
#7641=CARTESIAN_POINT('Ctrl Pts',(2.6804465341031,1.46493601529121,8.05000000584177));
#7642=CARTESIAN_POINT('Ctrl Pts',(2.64238864499158,1.45861275569591,8.05000000779107));
#7643=CARTESIAN_POINT('Ctrl Pts',(2.60396023181166,1.454279123651,8.05000000947117));
#7644=CARTESIAN_POINT('Ctrl Pts',(2.56519768859166,1.45197527685368,8.0500000085492));
#7645=CARTESIAN_POINT('Ctrl Pts',(2.54356677804114,1.4506896464524,8.05000000803471));
#7646=CARTESIAN_POINT('Ctrl Pts',(2.52183177886981,1.45003701654038,8.05000000669345));
#7647=CARTESIAN_POINT('Ctrl Pts',(2.5,1.45003140092932,8.0500000049301));
#7648=CARTESIAN_POINT('Ctrl Pts',(2.4639137405414,1.45002211875406,8.05000000201541));
#7649=CARTESIAN_POINT('Ctrl Pts',(2.42813853570957,1.45178702468402,8.05000000110769));
#7650=CARTESIAN_POINT('Ctrl Pts',(2.39266987781672,1.4552598023215,8.05000000060224));
#7651=CARTESIAN_POINT('Ctrl Pts',(2.35699410138014,1.45875285917702,8.05000000009383));
#7652=CARTESIAN_POINT('Ctrl Pts',(2.32162745213134,1.46397383667765,8.0500000000552));
#7653=CARTESIAN_POINT('Ctrl Pts',(2.28656216122865,1.47090796076947,8.05000000002244));
#7654=CARTESIAN_POINT('Ctrl Pts',(2.25167980218327,1.47780591028049,8.04999999998984));
#7655=CARTESIAN_POINT('Ctrl Pts',(2.21709469966502,1.48639940883144,8.05000000000006));
#7656=CARTESIAN_POINT('Ctrl Pts',(2.18281083249018,1.49672371298617,8.05000000000001));
#7657=CARTESIAN_POINT('Ctrl Pts',(2.16990319084725,1.50061074292834,8.04999999999999));
#7658=CARTESIAN_POINT('Ctrl Pts',(2.15703844106005,1.5047435979371,8.05));
#7659=CARTESIAN_POINT('Ctrl Pts',(2.14421765612879,1.50912588475382,8.05));
#7660=CARTESIAN_POINT('Ctrl Pts',(2.13597653047625,1.51194279311753,8.05));
#7661=CARTESIAN_POINT('Ctrl Pts',(2.12808855289396,1.51474623122067,8.0500000000028));
#7662=CARTESIAN_POINT('Ctrl Pts',(2.1200492157668,1.51770747083702,8.05000000009394));
#7663=CARTESIAN_POINT('Ctrl Pts',(2.11204291220628,1.52065654274544,8.05000000018471));
#7664=CARTESIAN_POINT('Ctrl Pts',(2.10388618280522,1.52376187312505,8.05000000035117));
#7665=CARTESIAN_POINT('Ctrl Pts',(2.09509872822433,1.52724021616498,8.05000000031222));
#7666=CARTESIAN_POINT('Ctrl Pts',(2.05936794366028,1.54138355251514,8.05000000015386));
#7667=CARTESIAN_POINT('Ctrl Pts',(2.02469660646075,1.5572742659635,8.05000000027709));
#7668=CARTESIAN_POINT('Ctrl Pts',(1.9910821569641,1.57482275779555,8.05000000105624));
#7669=CARTESIAN_POINT('Ctrl Pts',(1.95722512726297,1.59249788911747,8.05000000184101));
#7670=CARTESIAN_POINT('Ctrl Pts',(1.92443925285184,1.61185523699499,8.05000000356449));
#7671=CARTESIAN_POINT('Ctrl Pts',(1.89273495910705,1.63285509396179,8.05000000571721));
#7672=CARTESIAN_POINT('Ctrl Pts',(1.86124171859655,1.65371515637054,8.0500000078556));
#7673=CARTESIAN_POINT('Ctrl Pts',(1.83081481140995,1.67619656655477,8.05000001026994));
#7674=CARTESIAN_POINT('Ctrl Pts',(1.80149168827289,1.70030327193012,8.05000001066609));
#7675=CARTESIAN_POINT('Ctrl Pts',(1.77407828738823,1.72283998384086,8.05000001103644));
#7676=CARTESIAN_POINT('Ctrl Pts',(1.74762926890138,1.74679804317307,8.0500000092412));
#7677=CARTESIAN_POINT('Ctrl Pts',(1.72220701936762,1.77220701936762,8.05000000599206));
#7678=CARTESIAN_POINT('Ctrl Pts',(1.69668715764668,1.79771355678456,8.05000000273044));
#7679=CARTESIAN_POINT('Ctrl Pts',(1.67266302362099,1.82423247928465,8.05000000155702));
#7680=CARTESIAN_POINT('Ctrl Pts',(1.65007808662569,1.85171397242813,8.05000000089082));
#7681=CARTESIAN_POINT('Ctrl Pts',(1.62733682066474,1.87938568763857,8.05000000022));
#7682=CARTESIAN_POINT('Ctrl Pts',(1.60605405668709,1.90803408390928,8.05000000011553));
#7683=CARTESIAN_POINT('Ctrl Pts',(1.58620602349645,1.93764924146597,8.05000000005233));
#7684=CARTESIAN_POINT('Ctrl Pts',(1.56644222133352,1.96713871829991,8.0499999999894));
#7685=CARTESIAN_POINT('Ctrl Pts',(1.54810047299124,1.9975876091308,8.05000000000085));
#7686=CARTESIAN_POINT('Ctrl Pts',(1.53119981471578,2.02901463547118,8.05000000000021));
#7687=CARTESIAN_POINT('Ctrl Pts',(1.51999087166428,2.04985783239202,8.04999999999979));
#7688=CARTESIAN_POINT('Ctrl Pts',(1.50941670898349,2.07113185170918,8.05));
#7689=CARTESIAN_POINT('Ctrl Pts',(1.49949488081335,2.09284629884325,8.05));
#7690=CARTESIAN_POINT('Ctrl Pts',(1.49557874008476,2.10141698051224,8.05));
#7691=CARTESIAN_POINT('Ctrl Pts',(1.4916083202915,2.11041490736563,8.05000000000227));
#7692=CARTESIAN_POINT('Ctrl Pts',(1.48782726337907,2.11930569601803,8.05000000007942));
#7693=CARTESIAN_POINT('Ctrl Pts',(1.48404620646664,2.12819648467043,8.05000000015656));
#7694=CARTESIAN_POINT('Ctrl Pts',(1.48045427171454,2.13697975676894,8.05000000029873));
#7695=CARTESIAN_POINT('Ctrl Pts',(1.47723964465575,2.14509850196904,8.05000000026554));
#7696=CARTESIAN_POINT('Ctrl Pts',(1.46392328575645,2.17872981375718,8.05000000012804));
#7697=CARTESIAN_POINT('Ctrl Pts',(1.45238164881329,2.21271474623482,8.05000000007473));
#7698=CARTESIAN_POINT('Ctrl Pts',(1.44254844457252,2.24703187903718,8.05000000004399));
#7699=CARTESIAN_POINT('Ctrl Pts',(1.43266359492734,2.28152925036182,8.0500000000131));
#7700=CARTESIAN_POINT('Ctrl Pts',(1.42450484859124,2.31636328358296,8.05000000000684));
#7701=CARTESIAN_POINT('Ctrl Pts',(1.41805273624471,2.35153505048307,8.05000000000329));
#7702=CARTESIAN_POINT('Ctrl Pts',(1.41164929014585,2.38644152784281,8.04999999999976));
#7703=CARTESIAN_POINT('Ctrl Pts',(1.4069267141429,2.42168164248027,8.05000000000011));
#7704=CARTESIAN_POINT('Ctrl Pts',(1.40391609933271,2.45726432167431,8.05000000000004));
#7705=CARTESIAN_POINT('Ctrl Pts',(1.40132228823746,2.48792076692268,8.04999999999997));
#7706=CARTESIAN_POINT('Ctrl Pts',(1.4,2.5188319885076,8.05));
#7707=CARTESIAN_POINT('Ctrl Pts',(1.4,2.55,8.05));
#7708=CARTESIAN_POINT('Ctrl Pts',(1.4,2.55,8.05000000000001));
#7709=CARTESIAN_POINT('Ctrl Pts',(1.4,2.58614484806467,8.05000000000001));
#7710=CARTESIAN_POINT('Ctrl Pts',(1.40177716457304,2.62196712394777,8.05000000000001));
#7711=CARTESIAN_POINT('Ctrl Pts',(1.40526258192826,2.65747085682757,8.05000000000001));
#7712=CARTESIAN_POINT('Ctrl Pts',(1.40877061232434,2.69320493439216,8.05000000000001));
#7713=CARTESIAN_POINT('Ctrl Pts',(1.41400917769355,2.72861733252165,8.05000000000001));
#7714=CARTESIAN_POINT('Ctrl Pts',(1.42096079621311,2.76371568358022,8.05000000000001));
#7715=CARTESIAN_POINT('Ctrl Pts',(1.42788289748713,2.79866500364073,8.05000000000001));
#7716=CARTESIAN_POINT('Ctrl Pts',(1.43650376383081,2.8333039074113,8.05000000000001));
#7717=CARTESIAN_POINT('Ctrl Pts',(1.44685610672584,2.86762860228774,8.05000000000001));
#7718=CARTESIAN_POINT('Ctrl Pts',(1.45071083815357,2.88040952361436,8.05000000000001));
#7719=CARTESIAN_POINT('Ctrl Pts',(1.45480611465391,2.89314669405612,8.05000000000001));
#7720=CARTESIAN_POINT('Ctrl Pts',(1.45914529324788,2.90583909806754,8.05000000000001));
#7721=CARTESIAN_POINT('Ctrl Pts',(1.46195409865961,2.91405505237851,8.05000000000001));
#7722=CARTESIAN_POINT('Ctrl Pts',(1.46474714695815,2.9219132869897,8.05000000000284));
#7723=CARTESIAN_POINT('Ctrl Pts',(1.46769736933545,2.92992336430369,8.05000000009355));
#7724=CARTESIAN_POINT('Ctrl Pts',(1.47064759171275,2.93793344161768,8.05000000018426));
#7725=CARTESIAN_POINT('Ctrl Pts',(1.47375469739934,2.94609568891846,8.05000000035125));
#7726=CARTESIAN_POINT('Ctrl Pts',(1.47724021616498,2.95490127177567,8.05000000031223));
#7727=CARTESIAN_POINT('Ctrl Pts',(1.49138355251549,2.9906320563406,8.05000000015386));
#7728=CARTESIAN_POINT('Ctrl Pts',(1.5072742659643,3.02530339354099,8.05000000027709));
#7729=CARTESIAN_POINT('Ctrl Pts',(1.52482275779688,3.05891784303846,8.05000000105624));
#7730=CARTESIAN_POINT('Ctrl Pts',(1.54249788911936,3.09277487274043,8.05000000184101));
#7731=CARTESIAN_POINT('Ctrl Pts',(1.56185523699753,3.12556074715236,8.05000000356449));
#7732=CARTESIAN_POINT('Ctrl Pts',(1.58285509396507,3.15726504089789,8.05000000571721));
#7733=CARTESIAN_POINT('Ctrl Pts',(1.60371515637454,3.1887582814091,8.0500000078556));
#7734=CARTESIAN_POINT('Ctrl Pts',(1.62619656655957,3.21918518859636,8.05000001026995));
#7735=CARTESIAN_POINT('Ctrl Pts',(1.6503032719358,3.248508311734,8.0500000106661));
#7736=CARTESIAN_POINT('Ctrl Pts',(1.67283998384491,3.27592171261622,8.05000001103645));
#7737=CARTESIAN_POINT('Ctrl Pts',(1.69679804317523,3.30237073110076,8.0500000092412));
#7738=CARTESIAN_POINT('Ctrl Pts',(1.72220701936763,3.32779298063237,8.05000000599206));
#7739=CARTESIAN_POINT('Ctrl Pts',(1.74771355678455,3.35331284235331,8.05000000273045));
#7740=CARTESIAN_POINT('Ctrl Pts',(1.77423247928465,3.377336976379,8.05000000155702));
#7741=CARTESIAN_POINT('Ctrl Pts',(1.80171397242813,3.39992191337431,8.05000000089082));
#7742=CARTESIAN_POINT('Ctrl Pts',(1.82938568763858,3.42266317933526,8.05000000022));
#7743=CARTESIAN_POINT('Ctrl Pts',(1.8580340839093,3.44394594331293,8.05000000011553));
#7744=CARTESIAN_POINT('Ctrl Pts',(1.88764924146601,3.46379397650357,8.05000000005233));
#7745=CARTESIAN_POINT('Ctrl Pts',(1.91713871829994,3.4835577786665,8.0499999999894));
#7746=CARTESIAN_POINT('Ctrl Pts',(1.94758760913084,3.50189952700878,8.05000000000085));
#7747=CARTESIAN_POINT('Ctrl Pts',(1.97901463547121,3.51880018528424,8.05000000000022));
#7748=CARTESIAN_POINT('Ctrl Pts',(1.99985783239202,3.53000912833572,8.04999999999979));
#7749=CARTESIAN_POINT('Ctrl Pts',(2.02113185170916,3.5405832910165,8.05000000000001));
#7750=CARTESIAN_POINT('Ctrl Pts',(2.0428462988432,3.55050511918663,8.05000000000001));
#7751=CARTESIAN_POINT('Ctrl Pts',(2.05141698051219,3.55442125991522,8.05000000000001));
#7752=CARTESIAN_POINT('Ctrl Pts',(2.06042015278348,3.55839399672,8.05000000000227));
#7753=CARTESIAN_POINT('Ctrl Pts',(2.06931360809181,3.56217610897567,8.05000000007921));
#7754=CARTESIAN_POINT('Ctrl Pts',(2.07820706340015,3.56595822123135,8.05000000015615));
#7755=CARTESIAN_POINT('Ctrl Pts',(2.08699041548033,3.56954995890895,8.05000000029795));
#7756=CARTESIAN_POINT('Ctrl Pts',(2.09509849844609,3.57276036424303,8.05000000026485));
#7757=CARTESIAN_POINT('Ctrl Pts',(2.13150596118946,3.5871759434971,8.05000000011619));
#7758=CARTESIAN_POINT('Ctrl Pts',(2.16839454589117,3.59953154295006,8.05000000024422));
#7759=CARTESIAN_POINT('Ctrl Pts',(2.20569631522171,3.60988333899769,8.05000000110121));
#7760=CARTESIAN_POINT('Ctrl Pts',(2.24324389472676,3.62030335102646,8.05000000196383));
#7761=CARTESIAN_POINT('Ctrl Pts',(2.28121121153981,3.62869347826627,8.05000000387791));
#7762=CARTESIAN_POINT('Ctrl Pts',(2.31955346589304,3.63506398470816,8.05000000584177));
#7763=CARTESIAN_POINT('Ctrl Pts',(2.35761135500385,3.64138724430349,8.05000000779107));
#7764=CARTESIAN_POINT('Ctrl Pts',(2.39603976818306,3.64572087634849,8.05000000947117));
#7765=CARTESIAN_POINT('Ctrl Pts',(2.43480231140234,3.64802472314598,8.05000000854921));
#7766=CARTESIAN_POINT('Ctrl Pts',(2.45643322195483,3.6493103535475,8.05000000803472));
#7767=CARTESIAN_POINT('Ctrl Pts',(2.47816822112816,3.64996298345964,8.05000000669345));
#7768=CARTESIAN_POINT('Ctrl Pts',(2.5,3.6499685990707,8.0500000049301));
#7769=CARTESIAN_POINT('Ctrl Pts',(2.5360862594586,3.64997788124595,8.05000000201541));
#7770=CARTESIAN_POINT('Ctrl Pts',(2.57186146429042,3.64821297531599,8.05000000110769));
#7771=CARTESIAN_POINT('Ctrl Pts',(2.60733012218325,3.64474019767851,8.05000000060224));
#7772=CARTESIAN_POINT('Ctrl Pts',(2.64300589861981,3.64124714082299,8.05000000009383));
#7773=CARTESIAN_POINT('Ctrl Pts',(2.6783725478686,3.63602616332236,8.05000000005521));
#7774=CARTESIAN_POINT('Ctrl Pts',(2.71343783877126,3.62909203923055,8.05000000002244));
#7775=CARTESIAN_POINT('Ctrl Pts',(2.74832019781665,3.62219408971952,8.04999999998984));
#7776=CARTESIAN_POINT('Ctrl Pts',(2.7829053003349,3.61360059116858,8.05000000000006));
#7777=CARTESIAN_POINT('Ctrl Pts',(2.81718916750973,3.60327628701386,8.05000000000001));
#7778=CARTESIAN_POINT('Ctrl Pts',(2.83009680915271,3.59938925707168,8.04999999999999));
#7779=CARTESIAN_POINT('Ctrl Pts',(2.84296155893994,3.5952564020629,8.05));
#7780=CARTESIAN_POINT('Ctrl Pts',(2.85578234387124,3.59087411524617,8.05));
#7781=CARTESIAN_POINT('Ctrl Pts',(2.86402346952375,3.58805720688247,8.05));
#7782=CARTESIAN_POINT('Ctrl Pts',(2.871911447106,3.58525376877934,8.0500000000028));
#7783=CARTESIAN_POINT('Ctrl Pts',(2.87995078423313,3.582292529163,8.05000000009394));
#7784=CARTESIAN_POINT('Ctrl Pts',(2.88795708779367,3.57934345725458,8.05000000018471));
#7785=CARTESIAN_POINT('Ctrl Pts',(2.89611381719474,3.57623812687496,8.05000000035117));
#7786=CARTESIAN_POINT('Ctrl Pts',(2.90490127177566,3.57275978383502,8.05000000031222));
#7787=CARTESIAN_POINT('Ctrl Pts',(2.94063205633858,3.5586164474853,8.05000000015386));
#7788=CARTESIAN_POINT('Ctrl Pts',(2.97530339353704,3.54272573403751,8.05000000027709));
#7789=CARTESIAN_POINT('Ctrl Pts',(3.00891784303267,3.52517724220614,8.05000000105624));
#7790=CARTESIAN_POINT('Ctrl Pts',(3.04277487273276,3.5075021108849,8.05000000184101));
#7791=CARTESIAN_POINT('Ctrl Pts',(3.07556074714291,3.48814476300818,8.05000000356449));
#7792=CARTESIAN_POINT('Ctrl Pts',(3.1072650408868,3.46714490604227,8.05000000571721));
#7793=CARTESIAN_POINT('Ctrl Pts',(3.13875828139639,3.44628484363443,8.0500000078556));
#7794=CARTESIAN_POINT('Ctrl Pts',(3.16918518858216,3.42380343345122,8.05000001026994));
#7795=CARTESIAN_POINT('Ctrl Pts',(3.19850831171848,3.39969672807697,8.05000001066609));
#7796=CARTESIAN_POINT('Ctrl Pts',(3.2259217126062,3.37716001616418,8.05000001103644));
#7797=CARTESIAN_POINT('Ctrl Pts',(3.25237073109593,3.35320195682961,8.0500000092412));
#7798=CARTESIAN_POINT('Ctrl Pts',(3.27779298063238,3.32779298063238,8.05000000599206));
#7799=CARTESIAN_POINT('Ctrl Pts',(3.30331284235328,3.30228644321547,8.05000000273044));
#7800=CARTESIAN_POINT('Ctrl Pts',(3.32733697637894,3.27576752071542,8.05000000155702));
#7801=CARTESIAN_POINT('Ctrl Pts',(3.34992191337419,3.24828602757201,8.05000000089081));
#7802=CARTESIAN_POINT('Ctrl Pts',(3.37266317933513,3.22061431236159,8.05000000022));
#7803=CARTESIAN_POINT('Ctrl Pts',(3.39394594331275,3.19196591609093,8.05000000011553));
#7804=CARTESIAN_POINT('Ctrl Pts',(3.41379397650336,3.1623507585343,8.05000000005233));
#7805=CARTESIAN_POINT('Ctrl Pts',(3.43355777866629,3.13286128170038,8.0499999999894));
#7806=CARTESIAN_POINT('Ctrl Pts',(3.45189952700857,3.10241239086951,8.05000000000084));
#7807=CARTESIAN_POINT('Ctrl Pts',(3.46880018528402,3.07098536452918,8.05000000000021));
#7808=CARTESIAN_POINT('Ctrl Pts',(3.48000912833561,3.0501421676082,8.04999999999979));
#7809=CARTESIAN_POINT('Ctrl Pts',(3.49058329101648,3.02886814829088,8.05));
#7810=CARTESIAN_POINT('Ctrl Pts',(3.50050511918668,3.00715370115666,8.05));
#7811=CARTESIAN_POINT('Ctrl Pts',(3.50442125991527,2.99858301948769,8.05));
#7812=CARTESIAN_POINT('Ctrl Pts',(3.50839167970852,2.98958509263433,8.05000000000227));
#7813=CARTESIAN_POINT('Ctrl Pts',(3.51217273662094,2.98069430398195,8.05000000007942));
#7814=CARTESIAN_POINT('Ctrl Pts',(3.51595379353336,2.97180351532957,8.05000000015656));
#7815=CARTESIAN_POINT('Ctrl Pts',(3.51954572828546,2.96302024323108,8.05000000029873));
#7816=CARTESIAN_POINT('Ctrl Pts',(3.52276035534425,2.95490149803096,8.05000000026554));
#7817=CARTESIAN_POINT('Ctrl Pts',(3.53607671424358,2.92127018624274,8.05000000012804));
#7818=CARTESIAN_POINT('Ctrl Pts',(3.54761835118676,2.88728525376503,8.05000000007473));
#7819=CARTESIAN_POINT('Ctrl Pts',(3.55745155542754,2.85296812096263,8.05000000004399));
#7820=CARTESIAN_POINT('Ctrl Pts',(3.56733640507273,2.8184707496379,8.05000000001309));
#7821=CARTESIAN_POINT('Ctrl Pts',(3.57549515140884,2.78363671641669,8.05000000000683));
#7822=CARTESIAN_POINT('Ctrl Pts',(3.58194726375536,2.74846494951653,8.05000000000328));
#7823=CARTESIAN_POINT('Ctrl Pts',(3.58835070985423,2.71355847215666,8.04999999999976));
#7824=CARTESIAN_POINT('Ctrl Pts',(3.59307328585716,2.67831835751911,8.05000000000011));
#7825=CARTESIAN_POINT('Ctrl Pts',(3.59608390066734,2.64273567832499,8.05000000000003));
#7826=CARTESIAN_POINT('Ctrl Pts',(3.59867771176256,2.61207923307683,8.04999999999997));
#7827=CARTESIAN_POINT('Ctrl Pts',(3.6,2.58116801149215,8.05));
#7828=CARTESIAN_POINT('Ctrl Pts',(3.6,2.55,8.05));
#7829=CARTESIAN_POINT('Origin',(2.5,2.55,7.95000000000001));
#7830=CARTESIAN_POINT('',(1.35,2.55,8.05));
#7831=CARTESIAN_POINT('',(3.65,2.55,8.05));
#7832=CARTESIAN_POINT('Ctrl Pts',(1.35,2.55,8.05));
#7833=CARTESIAN_POINT('Ctrl Pts',(1.35,2.51255997522077,8.05));
#7834=CARTESIAN_POINT('Ctrl Pts',(1.35181323822153,2.47545122210622,8.05000000019756));
#7835=CARTESIAN_POINT('Ctrl Pts',(1.3553784373419,2.43866833192876,8.04999999731873));
#7836=CARTESIAN_POINT('Ctrl Pts',(1.35896480661172,2.4016670249796,8.04999999442281));
#7837=CARTESIAN_POINT('Ctrl Pts',(1.36432410891658,2.3649944622601,8.04999998778227));
#7838=CARTESIAN_POINT('Ctrl Pts',(1.37144681046384,2.32864497256608,8.04999998394118));
#7839=CARTESIAN_POINT('Ctrl Pts',(1.37853389573296,2.29247724445881,8.0499999801193));
#7840=CARTESIAN_POINT('Ctrl Pts',(1.38736707536677,2.25662841792563,8.04999998174854));
#7841=CARTESIAN_POINT('Ctrl Pts',(1.39798604799468,2.2211073004825,8.04999998954839));
#7842=CARTESIAN_POINT('Ctrl Pts',(1.40230020437158,2.20667618170091,8.04999999271722));
#7843=CARTESIAN_POINT('Ctrl Pts',(1.40690965474602,2.19229939793778,8.04999999659185));
#7844=CARTESIAN_POINT('Ctrl Pts',(1.41181920679914,2.17797877124475,8.0499999986897));
#7845=CARTESIAN_POINT('Ctrl Pts',(1.41476297855118,2.1693921108174,8.04999999994757));
#7846=CARTESIAN_POINT('Ctrl Pts',(1.41768424227238,2.16117834353282,8.04999999991071));
#7847=CARTESIAN_POINT('Ctrl Pts',(1.42076730619652,2.15280448456211,8.04999999994705));
#7848=CARTESIAN_POINT('Ctrl Pts',(1.42385037012066,2.1444306255914,8.04999999998339));
#7849=CARTESIAN_POINT('Ctrl Pts',(1.42709492894759,2.1358963352225,8.05000000000001));
#7850=CARTESIAN_POINT('Ctrl Pts',(1.43073610567143,2.12668817495538,8.04999999968772));
#7851=CARTESIAN_POINT('Ctrl Pts',(1.44531066760341,2.08983061151606,8.04999999843771));
#7852=CARTESIAN_POINT('Ctrl Pts',(1.4616655411313,2.05405359638229,8.04999999519322));
#7853=CARTESIAN_POINT('Ctrl Pts',(1.47970972032251,2.01935351943617,8.04999999425823));
#7854=CARTESIAN_POINT('Ctrl Pts',(1.49788424376621,1.98440278239946,8.04999999331648));
#7855=CARTESIAN_POINT('Ctrl Pts',(1.51777298022533,1.95054356848019,8.04999999400911));
#7856=CARTESIAN_POINT('Ctrl Pts',(1.53933493730649,1.91778481112972,8.04999999490686));
#7857=CARTESIAN_POINT('Ctrl Pts',(1.56076019667425,1.88523373656086,8.04999999579892));
#7858=CARTESIAN_POINT('Ctrl Pts',(1.583838146617,1.85376832033473,8.04999999676136));
#7859=CARTESIAN_POINT('Ctrl Pts',(1.60857182663303,1.82342403109087,8.04999999694781));
#7860=CARTESIAN_POINT('Ctrl Pts',(1.63301872608141,1.79343157596503,8.04999999713209));
#7861=CARTESIAN_POINT('Ctrl Pts',(1.6590839027739,1.76453365606028,8.04999999697333));
#7862=CARTESIAN_POINT('Ctrl Pts',(1.68680272049462,1.73680272049463,8.04999999400674));
#7863=CARTESIAN_POINT('Ctrl Pts',(1.71323837822728,1.71035550587653,8.04999999117748));
#7864=CARTESIAN_POINT('Ctrl Pts',(1.74070619616997,1.68543791656809,8.04999998389697));
#7865=CARTESIAN_POINT('Ctrl Pts',(1.76916242870142,1.66199764421612,8.04999997212425));
#7866=CARTESIAN_POINT('Ctrl Pts',(1.79780136684779,1.63840687164002,8.04999996027595));
#7867=CARTESIAN_POINT('Ctrl Pts',(1.8274422275443,1.61631180725584,8.04999994398445));
#7868=CARTESIAN_POINT('Ctrl Pts',(1.85807911806776,1.59569551652461,8.04999993637435));
#7869=CARTESIAN_POINT('Ctrl Pts',(1.8885628570634,1.57518228509117,8.04999992880229));
#7870=CARTESIAN_POINT('Ctrl Pts',(1.92003356088669,1.55613260863444,8.04999993272236));
#7871=CARTESIAN_POINT('Ctrl Pts',(1.95251122313105,1.53857390614882,8.04999995142688));
#7872=CARTESIAN_POINT('Ctrl Pts',(1.975198124155,1.52630847452991,8.04999996449271));
#7873=CARTESIAN_POINT('Ctrl Pts',(1.99837693510603,1.51477149187885,8.04999998501558));
#7874=CARTESIAN_POINT('Ctrl Pts',(2.02205848651397,1.50398690810702,8.04999999517101));
#7875=CARTESIAN_POINT('Ctrl Pts',(2.03055362456968,1.50011822034932,8.04999999881401));
#7876=CARTESIAN_POINT('Ctrl Pts',(2.03945093497637,1.49619092169118,8.04999999938676));
#7877=CARTESIAN_POINT('Ctrl Pts',(2.04827113261915,1.49242779888411,8.04999999969614));
#7878=CARTESIAN_POINT('Ctrl Pts',(2.05729096220148,1.48857950343861,8.05000000001251));
#7879=CARTESIAN_POINT('Ctrl Pts',(2.06622991764549,1.48490292017404,8.04999999998409));
#7880=CARTESIAN_POINT('Ctrl Pts',(2.07455405095064,1.48158502632333,8.04999999979265));
#7881=CARTESIAN_POINT('Ctrl Pts',(2.07527017899429,1.48129958677722,8.04999999977618));
#7882=CARTESIAN_POINT('Ctrl Pts',(2.0759817455475,1.4810167723989,8.04999999975719));
#7883=CARTESIAN_POINT('Ctrl Pts',(2.07668840475946,1.48073668614473,8.04999999973511));
#7884=CARTESIAN_POINT('Ctrl Pts',(2.1141946690369,1.46587097875514,8.04999999856299));
#7885=CARTESIAN_POINT('Ctrl Pts',(2.15218881666684,1.45310106438542,8.0499999955104));
#7886=CARTESIAN_POINT('Ctrl Pts',(2.19060315310371,1.44236879683572,8.04999999492303));
#7887=CARTESIAN_POINT('Ctrl Pts',(2.22927181153062,1.43156547634344,8.04999999433177));
#7888=CARTESIAN_POINT('Ctrl Pts',(2.26836731051908,1.42282645637529,8.04999999533087));
#7889=CARTESIAN_POINT('Ctrl Pts',(2.30784558429822,1.41613925620471,8.0499999961882));
#7890=CARTESIAN_POINT('Ctrl Pts',(2.34704547613298,1.40949921097804,8.04999999703948));
#7891=CARTESIAN_POINT('Ctrl Pts',(2.38662387290515,1.40488199397586,8.0499999977313));
#7892=CARTESIAN_POINT('Ctrl Pts',(2.4265458269537,1.40232550211669,8.04999999741782));
#7893=CARTESIAN_POINT('Ctrl Pts',(2.45090558817881,1.40076557017579,8.04999999722653));
#7894=CARTESIAN_POINT('Ctrl Pts',(2.4753933568069,1.39997389299348,8.04999999673242));
#7895=CARTESIAN_POINT('Ctrl Pts',(2.5,1.39996859593042,8.04999999506893));
#7896=CARTESIAN_POINT('Ctrl Pts',(2.53738194085905,1.39996054873371,8.04999999254178));
#7897=CARTESIAN_POINT('Ctrl Pts',(2.57444376115723,1.40176615068285,8.04999998701186));
#7898=CARTESIAN_POINT('Ctrl Pts',(2.61119069937665,1.405324766638,8.04999998019401));
#7899=CARTESIAN_POINT('Ctrl Pts',(2.6481378494366,1.40890277133912,8.04999997333901));
#7900=CARTESIAN_POINT('Ctrl Pts',(2.6847676786557,1.41425303607695,8.04999996565685));
#7901=CARTESIAN_POINT('Ctrl Pts',(2.72108607894076,1.42136669892909,8.04999996509313));
#7902=CARTESIAN_POINT('Ctrl Pts',(2.75719656283012,1.42843963732396,8.04999996453264));
#7903=CARTESIAN_POINT('Ctrl Pts',(2.79300012222658,1.43725611721371,8.04999997313877));
#7904=CARTESIAN_POINT('Ctrl Pts',(2.82848854622868,1.44785655259018,8.04999998525502));
#7905=CARTESIAN_POINT('Ctrl Pts',(2.84303461833055,1.45220148200402,8.04999999022126));
#7906=CARTESIAN_POINT('Ctrl Pts',(2.85752750283198,1.45684667270913,8.04999999542915));
#7907=CARTESIAN_POINT('Ctrl Pts',(2.87196538370444,1.46179712724835,8.04999999819182));
#7908=CARTESIAN_POINT('Ctrl Pts',(2.88056002199623,1.46474405322179,8.04999999983639));
#7909=CARTESIAN_POINT('Ctrl Pts',(2.88878781800609,1.46767065890533,8.04999999985526));
#7910=CARTESIAN_POINT('Ctrl Pts',(2.89717364542662,1.47075845203324,8.0499999999196));
#7911=CARTESIAN_POINT('Ctrl Pts',(2.90555947284714,1.47384624516115,8.04999999998393));
#7912=CARTESIAN_POINT('Ctrl Pts',(2.91410366477751,1.47709492894759,8.05000000000001));
#7913=CARTESIAN_POINT('Ctrl Pts',(2.92331182504462,1.48073610567142,8.04999999968772));
#7914=CARTESIAN_POINT('Ctrl Pts',(2.96016938848376,1.4953106676033,8.04999999843771));
#7915=CARTESIAN_POINT('Ctrl Pts',(2.99594640361738,1.5116655411311,8.04999999519322));
#7916=CARTESIAN_POINT('Ctrl Pts',(3.03064648056335,1.52970972032221,8.04999999425823));
#7917=CARTESIAN_POINT('Ctrl Pts',(3.0655972175999,1.5478842437658,8.04999999331648));
#7918=CARTESIAN_POINT('Ctrl Pts',(3.09945643151904,1.56777298022481,8.04999999400911));
#7919=CARTESIAN_POINT('Ctrl Pts',(3.13221518886939,1.58933493730585,8.04999999490686));
#7920=CARTESIAN_POINT('Ctrl Pts',(3.1647662634381,1.61076019667349,8.04999999579892));
#7921=CARTESIAN_POINT('Ctrl Pts',(3.19623167966411,1.6338381466161,8.04999999676136));
#7922=CARTESIAN_POINT('Ctrl Pts',(3.22657596890787,1.65857182663199,8.04999999694781));
#7923=CARTESIAN_POINT('Ctrl Pts',(3.25656842403414,1.68301872608067,8.04999999713209));
#7924=CARTESIAN_POINT('Ctrl Pts',(3.28546634393931,1.70908390277351,8.04999999697333));
#7925=CARTESIAN_POINT('Ctrl Pts',(3.31319727950536,1.73680272049464,8.04999999400674));
#7926=CARTESIAN_POINT('Ctrl Pts',(3.33964449412345,1.76323837822728,8.04999999117748));
#7927=CARTESIAN_POINT('Ctrl Pts',(3.36456208343187,1.79070619616995,8.04999998389697));
#7928=CARTESIAN_POINT('Ctrl Pts',(3.38800235578381,1.81916242870135,8.04999997212425));
#7929=CARTESIAN_POINT('Ctrl Pts',(3.4115931283599,1.84780136684769,8.04999996027595));
#7930=CARTESIAN_POINT('Ctrl Pts',(3.43368819274407,1.87744222754416,8.04999994398445));
#7931=CARTESIAN_POINT('Ctrl Pts',(3.45430448347528,1.90807911806757,8.04999993637435));
#7932=CARTESIAN_POINT('Ctrl Pts',(3.47481771490873,1.9385628570632,8.04999992880229));
#7933=CARTESIAN_POINT('Ctrl Pts',(3.49386739136546,1.97003356088646,8.04999993272236));
#7934=CARTESIAN_POINT('Ctrl Pts',(3.51142609385106,2.00251122313078,8.04999995142688));
#7935=CARTESIAN_POINT('Ctrl Pts',(3.52369152547005,2.02519812415485,8.04999996449271));
#7936=CARTESIAN_POINT('Ctrl Pts',(3.53522850812116,2.04837693510598,8.04999998501558));
#7937=CARTESIAN_POINT('Ctrl Pts',(3.54601309189303,2.07205848651404,8.04999999517102));
#7938=CARTESIAN_POINT('Ctrl Pts',(3.55009573938148,2.08102345247134,8.04999999901549));
#7939=CARTESIAN_POINT('Ctrl Pts',(3.55424084003681,2.09043128393082,8.04999999947279));
#7940=CARTESIAN_POINT('Ctrl Pts',(3.55819169567545,2.0997258281275,8.04999999974285));
#7941=CARTESIAN_POINT('Ctrl Pts',(3.5621425513141,2.10902037232418,8.05000000001291));
#7942=CARTESIAN_POINT('Ctrl Pts',(3.56589941389654,2.11820124119157,8.05000000000001));
#7943=CARTESIAN_POINT('Ctrl Pts',(3.56926332236655,2.12668840138993,8.04999999973444));
#7944=CARTESIAN_POINT('Ctrl Pts',(3.58304660467181,2.16146370102326,8.04999999864631));
#7945=CARTESIAN_POINT('Ctrl Pts',(3.59500747316339,2.19660429935488,8.0499999958053));
#7946=CARTESIAN_POINT('Ctrl Pts',(3.60521558855425,2.23208563365094,8.04999999522991));
#7947=CARTESIAN_POINT('Ctrl Pts',(3.61547967539421,2.26776151332789,8.04999999465137));
#7948=CARTESIAN_POINT('Ctrl Pts',(3.62397207762992,2.30378282353818,8.04999999572787));
#7949=CARTESIAN_POINT('Ctrl Pts',(3.63071631172815,2.3401487486282,8.04999999693722));
#7950=CARTESIAN_POINT('Ctrl Pts',(3.63741337230265,2.37626030697985,8.04999999813812));
#7951=CARTESIAN_POINT('Ctrl Pts',(3.64238677435694,2.41271264525445,8.04999999924762));
#7952=CARTESIAN_POINT('Ctrl Pts',(3.64560960768273,2.44951434260095,8.04999999966805));
#7953=CARTESIAN_POINT('Ctrl Pts',(3.64851782748827,2.48272345218915,8.05000000004744));
#7954=CARTESIAN_POINT('Ctrl Pts',(3.65,2.51621767290556,8.05));
#7955=CARTESIAN_POINT('Ctrl Pts',(3.65,2.55,8.05));
#7956=CARTESIAN_POINT('',(1.25,2.55,7.95));
#7957=CARTESIAN_POINT('Origin',(1.35,2.55,7.95));
#7958=CARTESIAN_POINT('',(3.75,2.55,7.95));
#7959=CARTESIAN_POINT('Origin',(2.5,2.55,7.95));
#7960=CARTESIAN_POINT('Origin',(2.5,2.55,7.95));
#7961=CARTESIAN_POINT('Ctrl Pts',(3.65,2.55,8.05));
#7962=CARTESIAN_POINT('Ctrl Pts',(3.65,2.5874400247792,8.05));
#7963=CARTESIAN_POINT('Ctrl Pts',(3.64818676177845,2.62454877789376,8.05000000019756));
#7964=CARTESIAN_POINT('Ctrl Pts',(3.64462156265806,2.66133166807127,8.04999999731873));
#7965=CARTESIAN_POINT('Ctrl Pts',(3.64103519338821,2.69833297502044,8.04999999442281));
#7966=CARTESIAN_POINT('Ctrl Pts',(3.63567589108332,2.73500553773999,8.04999998778227));
#7967=CARTESIAN_POINT('Ctrl Pts',(3.62855318953602,2.7713550274341,8.04999998394118));
#7968=CARTESIAN_POINT('Ctrl Pts',(3.62146610426688,2.80752275554136,8.0499999801193));
#7969=CARTESIAN_POINT('Ctrl Pts',(3.61263292463305,2.84337158207459,8.04999998174854));
#7970=CARTESIAN_POINT('Ctrl Pts',(3.60201395200511,2.8788926995178,8.04999998954838));
#7971=CARTESIAN_POINT('Ctrl Pts',(3.59769979562827,2.8933238182992,8.04999999271722));
#7972=CARTESIAN_POINT('Ctrl Pts',(3.5930903452539,2.90770060206216,8.04999999659185));
#7973=CARTESIAN_POINT('Ctrl Pts',(3.58818079320086,2.92202122875502,8.0499999986897));
#7974=CARTESIAN_POINT('Ctrl Pts',(3.58523702144882,2.9306078891824,8.04999999994757));
#7975=CARTESIAN_POINT('Ctrl Pts',(3.58231575772761,2.93882165646706,8.04999999991071));
#7976=CARTESIAN_POINT('Ctrl Pts',(3.57923269380346,2.94719551543783,8.04999999994705));
#7977=CARTESIAN_POINT('Ctrl Pts',(3.57614962987932,2.95556937440861,8.04999999998339));
#7978=CARTESIAN_POINT('Ctrl Pts',(3.5729050710524,2.96410366477756,8.05));
#7979=CARTESIAN_POINT('Ctrl Pts',(3.5692638943286,2.97331182504463,8.04999999968771));
#7980=CARTESIAN_POINT('Ctrl Pts',(3.55468933239565,3.01016938848657,8.0499999984377));
#7981=CARTESIAN_POINT('Ctrl Pts',(3.53833445886647,3.0459464036229,8.04999999519321));
#7982=CARTESIAN_POINT('Ctrl Pts',(3.52029027967367,3.08064648057145,8.04999999425822));
#7983=CARTESIAN_POINT('Ctrl Pts',(3.50211575622837,3.11559721761062,8.04999999331648));
#7984=CARTESIAN_POINT('Ctrl Pts',(3.48222701976735,3.14945643153225,8.0499999940091));
#7985=CARTESIAN_POINT('Ctrl Pts',(3.46066506268401,3.18221518888492,8.04999999490686));
#7986=CARTESIAN_POINT('Ctrl Pts',(3.43923980331413,3.21476626345589,8.04999999579892));
#7987=CARTESIAN_POINT('Ctrl Pts',(3.416161853369,3.24623167968398,8.04999999676136));
#7988=CARTESIAN_POINT('Ctrl Pts',(3.39142817335035,3.27657596892961,8.0499999969478));
#7989=CARTESIAN_POINT('Ctrl Pts',(3.36698127390675,3.30656842404814,8.04999999713209));
#7990=CARTESIAN_POINT('Ctrl Pts',(3.34091609721979,3.33546634394606,8.04999999697332));
#7991=CARTESIAN_POINT('Ctrl Pts',(3.31319727950539,3.3631972795054,8.04999999400674));
#7992=CARTESIAN_POINT('Ctrl Pts',(3.28676162177279,3.38964449412346,8.04999999117748));
#7993=CARTESIAN_POINT('Ctrl Pts',(3.25929380383014,3.41456208343187,8.04999998389697));
#7994=CARTESIAN_POINT('Ctrl Pts',(3.23083757129875,3.4380023557838,8.04999997212425));
#7995=CARTESIAN_POINT('Ctrl Pts',(3.20219863315244,3.46159312835986,8.04999996027594));
#7996=CARTESIAN_POINT('Ctrl Pts',(3.172557772456,3.48368819274402,8.04999994398445));
#7997=CARTESIAN_POINT('Ctrl Pts',(3.1419208819326,3.50430448347521,8.04999993637434));
#7998=CARTESIAN_POINT('Ctrl Pts',(3.11143714293701,3.52481771490863,8.04999992880228));
#7999=CARTESIAN_POINT('Ctrl Pts',(3.07996643911378,3.54386739136535,8.04999993272236));
#8000=CARTESIAN_POINT('Ctrl Pts',(3.04748877686948,3.56142609385094,8.04999995142687));
#8001=CARTESIAN_POINT('Ctrl Pts',(3.02480187584535,3.57369152546996,8.0499999644927));
#8002=CARTESIAN_POINT('Ctrl Pts',(3.00162306489415,3.5852285081211,8.04999998501558));
#8003=CARTESIAN_POINT('Ctrl Pts',(2.97794151348603,3.59601309189301,8.04999999517101));
#8004=CARTESIAN_POINT('Ctrl Pts',(2.96944637543032,3.5998817796507,8.04999999881401));
#8005=CARTESIAN_POINT('Ctrl Pts',(2.96054906502363,3.60380907830883,8.04999999938676));
#8006=CARTESIAN_POINT('Ctrl Pts',(2.95172886738084,3.6075722011159,8.04999999969613));
#8007=CARTESIAN_POINT('Ctrl Pts',(2.94270903779851,3.6114204965614,8.05000000001251));
#8008=CARTESIAN_POINT('Ctrl Pts',(2.9337700823545,3.61509707982596,8.04999999998408));
#8009=CARTESIAN_POINT('Ctrl Pts',(2.92544594904934,3.61841497367667,8.04999999979264));
#8010=CARTESIAN_POINT('Ctrl Pts',(2.9247298210057,3.61870041322278,8.04999999977617));
#8011=CARTESIAN_POINT('Ctrl Pts',(2.92401825445249,3.6189832276011,8.04999999975719));
#8012=CARTESIAN_POINT('Ctrl Pts',(2.92331159524053,3.61926331385526,8.0499999997351));
#8013=CARTESIAN_POINT('Ctrl Pts',(2.88580533096133,3.63412902124553,8.04999999856299));
#8014=CARTESIAN_POINT('Ctrl Pts',(2.84781118332956,3.64689893561575,8.0499999955104));
#8015=CARTESIAN_POINT('Ctrl Pts',(2.80939684689082,3.65763120316577,8.04999999492303));
#8016=CARTESIAN_POINT('Ctrl Pts',(2.77072818846199,3.66843452365838,8.04999999433177));
#8017=CARTESIAN_POINT('Ctrl Pts',(2.73163268947156,3.67717354362667,8.04999999533087));
#8018=CARTESIAN_POINT('Ctrl Pts',(2.69215441569045,3.68386074379719,8.04999999618819));
#8019=CARTESIAN_POINT('Ctrl Pts',(2.65295452385371,3.69050078902379,8.04999999703948));
#8020=CARTESIAN_POINT('Ctrl Pts',(2.61337612707957,3.69511800602572,8.04999999773129));
#8021=CARTESIAN_POINT('Ctrl Pts',(2.57345417302905,3.69767449788443,8.04999999741781));
#8022=CARTESIAN_POINT('Ctrl Pts',(2.54909441180961,3.6992344298246,8.04999999722653));
#8023=CARTESIAN_POINT('Ctrl Pts',(2.52460664318727,3.70002610700655,8.04999999673242));
#8024=CARTESIAN_POINT('Ctrl Pts',(2.5,3.70003140406961,8.04999999506892));
#8025=CARTESIAN_POINT('Ctrl Pts',(2.462618059141,3.70003945126633,8.04999999254177));
#8026=CARTESIAN_POINT('Ctrl Pts',(2.42555623884286,3.69823384931719,8.04999998701185));
#8027=CARTESIAN_POINT('Ctrl Pts',(2.38880930062344,3.69467523336203,8.049999980194));
#8028=CARTESIAN_POINT('Ctrl Pts',(2.35186215056354,3.69109722866091,8.049999973339));
#8029=CARTESIAN_POINT('Ctrl Pts',(2.31523232134445,3.68574696392308,8.04999996565684));
#8030=CARTESIAN_POINT('Ctrl Pts',(2.27891392105937,3.67863330107093,8.04999996509313));
#8031=CARTESIAN_POINT('Ctrl Pts',(2.24280343717006,3.67156036267606,8.04999996453264));
#8032=CARTESIAN_POINT('Ctrl Pts',(2.20699987777363,3.66274388278632,8.04999997313876));
#8033=CARTESIAN_POINT('Ctrl Pts',(2.17151145377152,3.65214344740985,8.04999998525502));
#8034=CARTESIAN_POINT('Ctrl Pts',(2.15696538166963,3.64779851799601,8.04999999022125));
#8035=CARTESIAN_POINT('Ctrl Pts',(2.14247249716818,3.6431533272909,8.04999999542914));
#8036=CARTESIAN_POINT('Ctrl Pts',(2.12803461629569,3.63820287275167,8.04999999819181));
#8037=CARTESIAN_POINT('Ctrl Pts',(2.11943997800387,3.63525594677822,8.04999999983638));
#8038=CARTESIAN_POINT('Ctrl Pts',(2.11121218199397,3.63232934109468,8.04999999985525));
#8039=CARTESIAN_POINT('Ctrl Pts',(2.10282635457341,3.62924154796676,8.04999999991959));
#8040=CARTESIAN_POINT('Ctrl Pts',(2.09444052715285,3.62615375483885,8.04999999998393));
#8041=CARTESIAN_POINT('Ctrl Pts',(2.08589633522246,3.62290507105241,8.05));
#8042=CARTESIAN_POINT('Ctrl Pts',(2.07668817495537,3.61926389432859,8.04999999968771));
#8043=CARTESIAN_POINT('Ctrl Pts',(2.03983061151416,3.60468933239591,8.0499999984377));
#8044=CARTESIAN_POINT('Ctrl Pts',(2.00405359637854,3.58833445886709,8.04999999519322));
#8045=CARTESIAN_POINT('Ctrl Pts',(1.96935351943067,3.57029027967474,8.04999999425823));
#8046=CARTESIAN_POINT('Ctrl Pts',(1.93440278239218,3.55211575622988,8.04999999331648));
#8047=CARTESIAN_POINT('Ctrl Pts',(1.90054356847121,3.53222701976939,8.04999999400911));
#8048=CARTESIAN_POINT('Ctrl Pts',(1.86778481111916,3.51066506268666,8.04999999490686));
#8049=CARTESIAN_POINT('Ctrl Pts',(1.83523373654878,3.48923980331737,8.04999999579892));
#8050=CARTESIAN_POINT('Ctrl Pts',(1.80376832032124,3.46616185337291,8.04999999676136));
#8051=CARTESIAN_POINT('Ctrl Pts',(1.77342403107611,3.44142817335499,8.04999999694781));
#8052=CARTESIAN_POINT('Ctrl Pts',(1.74343157595554,3.41698127391005,8.04999999713209));
#8053=CARTESIAN_POINT('Ctrl Pts',(1.71453365605571,3.39091609722155,8.04999999697333));
#8054=CARTESIAN_POINT('Ctrl Pts',(1.68680272049461,3.36319727950539,8.04999999400674));
#8055=CARTESIAN_POINT('Ctrl Pts',(1.66035550587654,3.33676162177278,8.04999999117748));
#8056=CARTESIAN_POINT('Ctrl Pts',(1.63543791656813,3.30929380383013,8.04999998389697));
#8057=CARTESIAN_POINT('Ctrl Pts',(1.6119976442162,3.28083757129873,8.04999997212425));
#8058=CARTESIAN_POINT('Ctrl Pts',(1.58840687164013,3.2521986331524,8.04999996027595));
#8059=CARTESIAN_POINT('Ctrl Pts',(1.56631180725596,3.22255777245594,8.04999994398446));
#8060=CARTESIAN_POINT('Ctrl Pts',(1.54569551652476,3.19192088193252,8.04999993637435));
#8061=CARTESIAN_POINT('Ctrl Pts',(1.52518228509133,3.16143714293692,8.04999992880229));
#8062=CARTESIAN_POINT('Ctrl Pts',(1.50613260863461,3.12996643911368,8.04999993272236));
#8063=CARTESIAN_POINT('Ctrl Pts',(1.48857390614901,3.09748877686936,8.04999995142688));
#8064=CARTESIAN_POINT('Ctrl Pts',(1.47630847453001,3.07480187584527,8.04999996449271));
#8065=CARTESIAN_POINT('Ctrl Pts',(1.46477149187889,3.05162306489411,8.04999998501558));
#8066=CARTESIAN_POINT('Ctrl Pts',(1.453986908107,3.02794151348603,8.04999999517102));
#8067=CARTESIAN_POINT('Ctrl Pts',(1.44990426061854,3.01897654752871,8.04999999901549));
#8068=CARTESIAN_POINT('Ctrl Pts',(1.44575915996321,3.00956871606922,8.04999999947279));
#8069=CARTESIAN_POINT('Ctrl Pts',(1.44180830432455,3.00027417187253,8.04999999974285));
#8070=CARTESIAN_POINT('Ctrl Pts',(1.4378574486859,2.99097962767583,8.05000000001291));
#8071=CARTESIAN_POINT('Ctrl Pts',(1.43410058610346,2.98179875880843,8.05000000000001));
#8072=CARTESIAN_POINT('Ctrl Pts',(1.43073667763344,2.97331159861007,8.04999999973444));
#8073=CARTESIAN_POINT('Ctrl Pts',(1.41695339532819,2.93853629897677,8.04999999864631));
#8074=CARTESIAN_POINT('Ctrl Pts',(1.40499252683661,2.90339570064518,8.0499999958053));
#8075=CARTESIAN_POINT('Ctrl Pts',(1.39478441144576,2.86791436634914,8.04999999522991));
#8076=CARTESIAN_POINT('Ctrl Pts',(1.38452032460579,2.8322384866722,8.04999999465137));
#8077=CARTESIAN_POINT('Ctrl Pts',(1.37602792237009,2.79621717646192,8.04999999572787));
#8078=CARTESIAN_POINT('Ctrl Pts',(1.36928368827185,2.7598512513719,8.04999999693723));
#8079=CARTESIAN_POINT('Ctrl Pts',(1.36258662769735,2.72373969302026,8.04999999813812));
#8080=CARTESIAN_POINT('Ctrl Pts',(1.35761322564307,2.68728735474567,8.04999999924762));
#8081=CARTESIAN_POINT('Ctrl Pts',(1.35439039231727,2.65048565739917,8.04999999966805));
#8082=CARTESIAN_POINT('Ctrl Pts',(1.35148217251173,2.61727654781093,8.05000000004744));
#8083=CARTESIAN_POINT('Ctrl Pts',(1.35,2.58378232709449,8.05000000000001));
#8084=CARTESIAN_POINT('Ctrl Pts',(1.35,2.55,8.05000000000001));
#8085=CARTESIAN_POINT('Origin',(2.5,1.45,8.9));
#8086=CARTESIAN_POINT('',(3.5,2.55,8.9));
#8087=CARTESIAN_POINT('',(2.5,1.55,8.9));
#8088=CARTESIAN_POINT('Origin',(2.5,2.55,8.9));
#8089=CARTESIAN_POINT('',(2.5,1.45,9.));
#8090=CARTESIAN_POINT('Origin',(2.5,1.45,8.9));
#8091=CARTESIAN_POINT('Origin',(2.5,1.45,10.));
#8092=CARTESIAN_POINT('Origin',(2.5,2.55,8.9));
#8093=CARTESIAN_POINT('Origin',(2.5,2.55,8.99999999999999));
#8094=CARTESIAN_POINT('',(3.5,2.55,8.99999999999999));
#8095=CARTESIAN_POINT('Origin',(2.5,2.55,8.05));
#8096=CARTESIAN_POINT('',(3.75,2.55,6.05));
#8097=CARTESIAN_POINT('Origin',(2.5,2.55,6.05));
#8098=CARTESIAN_POINT('',(3.75,2.55,8.05));
#8099=CARTESIAN_POINT('Origin',(2.5,0.,10.));
#8100=CARTESIAN_POINT('',(2.5,0.100000000000001,9.));
#8101=CARTESIAN_POINT('',(2.5,-2.22044604925032E-16,9.));
#8102=CARTESIAN_POINT('Origin',(2.5,0.100000000000002,10.));
#8103=CARTESIAN_POINT('Origin',(2.5,0.0999999999748981,10.));
#8104=CARTESIAN_POINT('',(2.5,-6.59404475467085E-11,9.10000000005539));
#8105=CARTESIAN_POINT('',(2.5,0.0999999999748979,9.00000000001455));
#8106=CARTESIAN_POINT('Origin',(2.5,-6.59401461385045E-11,10.));
#8107=CARTESIAN_POINT('Origin',(2.5,-4.12132034355964,10.));
#8108=CARTESIAN_POINT('',(2.5,0.,9.25));
#8109=CARTESIAN_POINT('Origin',(2.5,0.,10.));
#8110=CARTESIAN_POINT('',(2.5,-1.5,9.25));
#8111=CARTESIAN_POINT('',(2.5,-4.12132034355964,9.25));
#8112=CARTESIAN_POINT('Origin',(2.5,-1.5,10.));
#8113=CARTESIAN_POINT('Origin',(2.5,-1.50000000013506,10.));
#8114=CARTESIAN_POINT('',(2.5,-2.00000000000955,9.38397459620228));
#8115=CARTESIAN_POINT('',(2.5,-1.50000000013506,9.25000000003706));
#8116=CARTESIAN_POINT('Origin',(2.5,-2.00000000000955,10.));
#8117=CARTESIAN_POINT('Origin',(-3.46944695195361E-15,-2.,4.025));
#8118=CARTESIAN_POINT('Origin',(2.5,0.,10.));
#8119=CARTESIAN_POINT('Origin',(2.5,2.55,8.05));
#8120=CARTESIAN_POINT('Origin',(2.5,2.55,6.05));
#8121=CARTESIAN_POINT('Origin',(-2.5,2.55,8.15));
#8122=CARTESIAN_POINT('',(-3.5,2.55,8.15));
#8123=CARTESIAN_POINT('',(-1.5,2.55,8.15));
#8124=CARTESIAN_POINT('Origin',(-2.5,2.55,8.15));
#8125=CARTESIAN_POINT('',(-3.6,2.55,8.05));
#8126=CARTESIAN_POINT('Origin',(-3.6,2.55,8.15));
#8127=CARTESIAN_POINT('',(-1.4,2.55,8.05));
#8128=CARTESIAN_POINT('Ctrl Pts',(-1.4,2.55,8.05000000000001));
#8129=CARTESIAN_POINT('Ctrl Pts',(-1.4,2.51385515193535,8.05000000000001));
#8130=CARTESIAN_POINT('Ctrl Pts',(-1.40177716457304,2.47803287605228,8.05000000000001));
#8131=CARTESIAN_POINT('Ctrl Pts',(-1.40526258192826,2.44252914317251,8.05000000000001));
#8132=CARTESIAN_POINT('Ctrl Pts',(-1.40877061232433,2.40679506560795,8.05000000000001));
#8133=CARTESIAN_POINT('Ctrl Pts',(-1.41400917769353,2.3713826674785,8.05000000000001));
#8134=CARTESIAN_POINT('Ctrl Pts',(-1.42096079621308,2.33628431641998,8.05000000000001));
#8135=CARTESIAN_POINT('Ctrl Pts',(-1.42788289748709,2.30133499635947,8.05000000000001));
#8136=CARTESIAN_POINT('Ctrl Pts',(-1.43650376383076,2.26669609258891,8.05000000000001));
#8137=CARTESIAN_POINT('Ctrl Pts',(-1.44685610672577,2.23237139771248,8.05000000000001));
#8138=CARTESIAN_POINT('Ctrl Pts',(-1.45071083815352,2.21959047638578,8.05000000000001));
#8139=CARTESIAN_POINT('Ctrl Pts',(-1.45480611465389,2.20685330594393,8.05000000000001));
#8140=CARTESIAN_POINT('Ctrl Pts',(-1.45914529324789,2.19416090193243,8.05000000000001));
#8141=CARTESIAN_POINT('Ctrl Pts',(-1.46195409865962,2.18594494762146,8.05000000000001));
#8142=CARTESIAN_POINT('Ctrl Pts',(-1.46474714695816,2.17808671301029,8.05000000000284));
#8143=CARTESIAN_POINT('Ctrl Pts',(-1.46769736933545,2.17007663569631,8.05000000009355));
#8144=CARTESIAN_POINT('Ctrl Pts',(-1.47064759171275,2.16206655838232,8.05000000018426));
#8145=CARTESIAN_POINT('Ctrl Pts',(-1.47375469739934,2.15390431108155,8.05000000035126));
#8146=CARTESIAN_POINT('Ctrl Pts',(-1.47724021616498,2.14509872822433,8.05000000031223));
#8147=CARTESIAN_POINT('Ctrl Pts',(-1.49138355251519,2.10936794366017,8.05000000015386));
#8148=CARTESIAN_POINT('Ctrl Pts',(-1.50727426596361,2.07469660646053,8.05000000027709));
#8149=CARTESIAN_POINT('Ctrl Pts',(-1.52482275779572,2.04108215696377,8.05000000105624));
#8150=CARTESIAN_POINT('Ctrl Pts',(-1.54249788911772,2.00722512726253,8.05000000184101));
#8151=CARTESIAN_POINT('Ctrl Pts',(-1.56185523699533,1.9744392528513,8.0500000035645));
#8152=CARTESIAN_POINT('Ctrl Pts',(-1.58285509396223,1.94273495910641,8.05000000571721));
#8153=CARTESIAN_POINT('Ctrl Pts',(-1.60371515637108,1.91124171859581,8.0500000078556));
#8154=CARTESIAN_POINT('Ctrl Pts',(-1.62619656655542,1.88081481140911,8.05000001026995));
#8155=CARTESIAN_POINT('Ctrl Pts',(-1.65030327193089,1.85149168827198,8.0500000106661));
#8156=CARTESIAN_POINT('Ctrl Pts',(-1.67283998384142,1.82407828738764,8.05000001103645));
#8157=CARTESIAN_POINT('Ctrl Pts',(-1.69679804317338,1.7976292689011,8.0500000092412));
#8158=CARTESIAN_POINT('Ctrl Pts',(-1.72220701936763,1.77220701936763,8.05000000599206));
#8159=CARTESIAN_POINT('Ctrl Pts',(-1.74771355678455,1.7466871576467,8.05000000273045));
#8160=CARTESIAN_POINT('Ctrl Pts',(-1.77423247928463,1.72266302362102,8.05000000155703));
#8161=CARTESIAN_POINT('Ctrl Pts',(-1.80171397242809,1.70007808662573,8.05000000089082));
#8162=CARTESIAN_POINT('Ctrl Pts',(-1.82938568763852,1.67733682066479,8.05000000022));
#8163=CARTESIAN_POINT('Ctrl Pts',(-1.85803408390922,1.65605405668714,8.05000000011554));
#8164=CARTESIAN_POINT('Ctrl Pts',(-1.88764924146591,1.6362060234965,8.05000000005234));
#8165=CARTESIAN_POINT('Ctrl Pts',(-1.91713871829984,1.61644222133357,8.0499999999894));
#8166=CARTESIAN_POINT('Ctrl Pts',(-1.94758760913073,1.59810047299129,8.05000000000085));
#8167=CARTESIAN_POINT('Ctrl Pts',(-1.97901463547109,1.58119981471583,8.05000000000022));
#8168=CARTESIAN_POINT('Ctrl Pts',(-1.99985783239195,1.56999087166431,8.0499999999998));
#8169=CARTESIAN_POINT('Ctrl Pts',(-2.02113185170914,1.55941670898351,8.05000000000001));
#8170=CARTESIAN_POINT('Ctrl Pts',(-2.04284629884324,1.54949488081336,8.05000000000001));
#8171=CARTESIAN_POINT('Ctrl Pts',(-2.05141698051223,1.54557874008477,8.05000000000001));
#8172=CARTESIAN_POINT('Ctrl Pts',(-2.06042015278351,1.54160600327999,8.05000000000227));
#8173=CARTESIAN_POINT('Ctrl Pts',(-2.06931360809183,1.53782389102432,8.05000000007921));
#8174=CARTESIAN_POINT('Ctrl Pts',(-2.07820706340016,1.53404177876865,8.05000000015616));
#8175=CARTESIAN_POINT('Ctrl Pts',(-2.08699041548034,1.53045004109104,8.05000000029795));
#8176=CARTESIAN_POINT('Ctrl Pts',(-2.0950984984461,1.52723963575697,8.05000000026485));
#8177=CARTESIAN_POINT('Ctrl Pts',(-2.13150596119007,1.51282405650266,8.0500000001162));
#8178=CARTESIAN_POINT('Ctrl Pts',(-2.1683945458924,1.50046845704953,8.05000000024422));
#8179=CARTESIAN_POINT('Ctrl Pts',(-2.20569631522357,1.4901166610018,8.05000000110121));
#8180=CARTESIAN_POINT('Ctrl Pts',(-2.24324389472931,1.47969664897292,8.05000000196384));
#8181=CARTESIAN_POINT('Ctrl Pts',(-2.28121121154305,1.47130652173306,8.05000000387791));
#8182=CARTESIAN_POINT('Ctrl Pts',(-2.31955346589698,1.4649360152912,8.05000000584177));
#8183=CARTESIAN_POINT('Ctrl Pts',(-2.35761135500852,1.4586127556959,8.05000000779107));
#8184=CARTESIAN_POINT('Ctrl Pts',(-2.39603976818845,1.45427912365099,8.05000000947117));
#8185=CARTESIAN_POINT('Ctrl Pts',(-2.43480231140846,1.45197527685368,8.05000000854921));
#8186=CARTESIAN_POINT('Ctrl Pts',(-2.45643322195894,1.45068964645239,8.05000000803472));
#8187=CARTESIAN_POINT('Ctrl Pts',(-2.47816822113023,1.45003701654038,8.05000000669345));
#8188=CARTESIAN_POINT('Ctrl Pts',(-2.5,1.45003140092932,8.0500000049301));
#8189=CARTESIAN_POINT('Ctrl Pts',(-2.53608625945857,1.45002211875406,8.05000000201541));
#8190=CARTESIAN_POINT('Ctrl Pts',(-2.57186146429037,1.45178702468402,8.05000000110769));
#8191=CARTESIAN_POINT('Ctrl Pts',(-2.60733012218319,1.45525980232149,8.05000000060224));
#8192=CARTESIAN_POINT('Ctrl Pts',(-2.64300589861973,1.458752859177,8.05000000009383));
#8193=CARTESIAN_POINT('Ctrl Pts',(-2.6783725478685,1.46397383667763,8.05000000005521));
#8194=CARTESIAN_POINT('Ctrl Pts',(-2.71343783877116,1.47090796076943,8.05000000002244));
#8195=CARTESIAN_POINT('Ctrl Pts',(-2.7483201978165,1.47780591028044,8.04999999998984));
#8196=CARTESIAN_POINT('Ctrl Pts',(-2.78290530033472,1.48639940883137,8.05000000000006));
#8197=CARTESIAN_POINT('Ctrl Pts',(-2.81718916750952,1.49672371298608,8.05000000000001));
#8198=CARTESIAN_POINT('Ctrl Pts',(-2.83009680915255,1.50061074292827,8.05));
#8199=CARTESIAN_POINT('Ctrl Pts',(-2.84296155893984,1.50474359793706,8.05));
#8200=CARTESIAN_POINT('Ctrl Pts',(-2.85578234387119,1.50912588475382,8.05));
#8201=CARTESIAN_POINT('Ctrl Pts',(-2.86402346952374,1.51194279311752,8.05));
#8202=CARTESIAN_POINT('Ctrl Pts',(-2.87191144710602,1.51474623122067,8.0500000000028));
#8203=CARTESIAN_POINT('Ctrl Pts',(-2.87995078423318,1.51770747083702,8.05000000009394));
#8204=CARTESIAN_POINT('Ctrl Pts',(-2.88795708779371,1.52065654274544,8.05000000018472));
#8205=CARTESIAN_POINT('Ctrl Pts',(-2.89611381719477,1.52376187312506,8.05000000035117));
#8206=CARTESIAN_POINT('Ctrl Pts',(-2.90490127177567,1.52724021616498,8.05000000031223));
#8207=CARTESIAN_POINT('Ctrl Pts',(-2.94063205633929,1.54138355251498,8.05000000015386));
#8208=CARTESIAN_POINT('Ctrl Pts',(-2.97530339353841,1.55727426596312,8.05000000027709));
#8209=CARTESIAN_POINT('Ctrl Pts',(-3.00891784303468,1.5748227577949,8.05000000105624));
#8210=CARTESIAN_POINT('Ctrl Pts',(-3.04277487273543,1.59249788911657,8.05000000184101));
#8211=CARTESIAN_POINT('Ctrl Pts',(-3.0755607471462,1.61185523699379,8.05000000356449));
#8212=CARTESIAN_POINT('Ctrl Pts',(-3.10726504089066,1.63285509396025,8.05000000571721));
#8213=CARTESIAN_POINT('Ctrl Pts',(-3.1387582814008,1.65371515636865,8.0500000078556));
#8214=CARTESIAN_POINT('Ctrl Pts',(-3.16918518858708,1.67619656655248,8.05000001026994));
#8215=CARTESIAN_POINT('Ctrl Pts',(-3.19850831172383,1.70030327192739,8.05000001066609));
#8216=CARTESIAN_POINT('Ctrl Pts',(-3.22592171260967,1.72283998383892,8.05000001103644));
#8217=CARTESIAN_POINT('Ctrl Pts',(-3.25237073109762,1.74679804317203,8.0500000092412));
#8218=CARTESIAN_POINT('Ctrl Pts',(-3.2777929806324,1.77220701936761,8.05000000599206));
#8219=CARTESIAN_POINT('Ctrl Pts',(-3.30331284235335,1.79771355678457,8.05000000273044));
#8220=CARTESIAN_POINT('Ctrl Pts',(-3.32733697637906,1.82423247928469,8.05000000155702));
#8221=CARTESIAN_POINT('Ctrl Pts',(-3.34992191337437,1.85171397242819,8.05000000089082));
#8222=CARTESIAN_POINT('Ctrl Pts',(-3.37266317933533,1.87938568763866,8.05000000022));
#8223=CARTESIAN_POINT('Ctrl Pts',(-3.393945943313,1.90803408390939,8.05000000011553));
#8224=CARTESIAN_POINT('Ctrl Pts',(-3.41379397650364,1.9376492414661,8.05000000005233));
#8225=CARTESIAN_POINT('Ctrl Pts',(-3.43355777866658,1.96713871830007,8.0499999999894));
#8226=CARTESIAN_POINT('Ctrl Pts',(-3.45189952700887,1.99758760913098,8.05000000000085));
#8227=CARTESIAN_POINT('Ctrl Pts',(-3.46880018528433,2.02901463547137,8.05000000000021));
#8228=CARTESIAN_POINT('Ctrl Pts',(-3.48000912833579,2.04985783239216,8.04999999999979));
#8229=CARTESIAN_POINT('Ctrl Pts',(-3.49058329101655,2.07113185170927,8.05));
#8230=CARTESIAN_POINT('Ctrl Pts',(-3.50050511918666,2.09284629884328,8.05));
#8231=CARTESIAN_POINT('Ctrl Pts',(-3.50442125991525,2.10141698051226,8.05));
#8232=CARTESIAN_POINT('Ctrl Pts',(-3.50839167970851,2.11041490736565,8.05000000000227));
#8233=CARTESIAN_POINT('Ctrl Pts',(-3.51217273662093,2.11930569601804,8.05000000007942));
#8234=CARTESIAN_POINT('Ctrl Pts',(-3.51595379353336,2.12819648467044,8.05000000015656));
#8235=CARTESIAN_POINT('Ctrl Pts',(-3.51954572828546,2.13697975676894,8.05000000029873));
#8236=CARTESIAN_POINT('Ctrl Pts',(-3.52276035534425,2.14509850196904,8.05000000026554));
#8237=CARTESIAN_POINT('Ctrl Pts',(-3.53607671424354,2.17872981375715,8.05000000012804));
#8238=CARTESIAN_POINT('Ctrl Pts',(-3.54761835118669,2.21271474623476,8.05000000007473));
#8239=CARTESIAN_POINT('Ctrl Pts',(-3.55745155542746,2.24703187903709,8.05000000004399));
#8240=CARTESIAN_POINT('Ctrl Pts',(-3.56733640507263,2.2815292503617,8.05000000001309));
#8241=CARTESIAN_POINT('Ctrl Pts',(-3.57549515140873,2.31636328358281,8.05000000000684));
#8242=CARTESIAN_POINT('Ctrl Pts',(-3.58194726375526,2.35153505048289,8.05000000000328));
#8243=CARTESIAN_POINT('Ctrl Pts',(-3.58835070985412,2.38644152784262,8.04999999999976));
#8244=CARTESIAN_POINT('Ctrl Pts',(-3.59307328585707,2.42168164248005,8.05000000000011));
#8245=CARTESIAN_POINT('Ctrl Pts',(-3.59608390066727,2.45726432167407,8.05000000000003));
#8246=CARTESIAN_POINT('Ctrl Pts',(-3.59867771176254,2.48792076692252,8.04999999999997));
#8247=CARTESIAN_POINT('Ctrl Pts',(-3.6,2.51883198850752,8.05));
#8248=CARTESIAN_POINT('Ctrl Pts',(-3.6,2.55,8.05));
#8249=CARTESIAN_POINT('Ctrl Pts',(-3.6,2.55,8.05));
#8250=CARTESIAN_POINT('Ctrl Pts',(-3.6,2.58614484806474,8.05));
#8251=CARTESIAN_POINT('Ctrl Pts',(-3.59822283542695,2.62196712394791,8.05));
#8252=CARTESIAN_POINT('Ctrl Pts',(-3.59473741807172,2.65747085682776,8.05));
#8253=CARTESIAN_POINT('Ctrl Pts',(-3.59122938767563,2.6932049343924,8.05));
#8254=CARTESIAN_POINT('Ctrl Pts',(-3.58599082230641,2.72861733252192,8.05));
#8255=CARTESIAN_POINT('Ctrl Pts',(-3.57903920378683,2.76371568358051,8.05));
#8256=CARTESIAN_POINT('Ctrl Pts',(-3.57211710251279,2.79866500364108,8.05));
#8257=CARTESIAN_POINT('Ctrl Pts',(-3.56349623616908,2.83330390741171,8.05));
#8258=CARTESIAN_POINT('Ctrl Pts',(-3.55314389327403,2.86762860228819,8.05));
#8259=CARTESIAN_POINT('Ctrl Pts',(-3.54928916184634,2.88040952361467,8.05));
#8260=CARTESIAN_POINT('Ctrl Pts',(-3.54519388534604,2.89314669405629,8.05));
#8261=CARTESIAN_POINT('Ctrl Pts',(-3.54085470675212,2.90583909806758,8.05));
#8262=CARTESIAN_POINT('Ctrl Pts',(-3.53804590134039,2.91405505237854,8.05));
#8263=CARTESIAN_POINT('Ctrl Pts',(-3.53525285304185,2.92191328698971,8.05000000000284));
#8264=CARTESIAN_POINT('Ctrl Pts',(-3.53230263066455,2.92992336430369,8.05000000009355));
#8265=CARTESIAN_POINT('Ctrl Pts',(-3.52935240828726,2.93793344161767,8.05000000018426));
#8266=CARTESIAN_POINT('Ctrl Pts',(-3.52624530260067,2.94609568891844,8.05000000035125));
#8267=CARTESIAN_POINT('Ctrl Pts',(-3.52275978383503,2.95490127177567,8.05000000031222));
#8268=CARTESIAN_POINT('Ctrl Pts',(-3.50861644748566,2.99063205633771,8.05000000015386));
#8269=CARTESIAN_POINT('Ctrl Pts',(-3.49272573403831,3.02530339353532,8.05000000027709));
#8270=CARTESIAN_POINT('Ctrl Pts',(-3.47517724220747,3.05891784303014,8.05000000105624));
#8271=CARTESIAN_POINT('Ctrl Pts',(-3.45750211088679,3.09277487272939,8.05000000184101));
#8272=CARTESIAN_POINT('Ctrl Pts',(-3.43814476301072,3.12556074713874,8.05000000356449));
#8273=CARTESIAN_POINT('Ctrl Pts',(-3.41714490604555,3.1572650408819,8.05000000571721));
#8274=CARTESIAN_POINT('Ctrl Pts',(-3.39628484363843,3.18875828139078,8.0500000078556));
#8275=CARTESIAN_POINT('Ctrl Pts',(-3.37380343345601,3.2191851885759,8.05000001026994));
#8276=CARTESIAN_POINT('Ctrl Pts',(-3.34969672808263,3.24850831171164,8.05000001066609));
#8277=CARTESIAN_POINT('Ctrl Pts',(-3.32716001616821,3.2759217126018,8.05000001103644));
#8278=CARTESIAN_POINT('Ctrl Pts',(-3.30320195683177,3.30237073109382,8.0500000092412));
#8279=CARTESIAN_POINT('Ctrl Pts',(-3.2777929806324,3.32779298063239,8.05000000599206));
#8280=CARTESIAN_POINT('Ctrl Pts',(-3.25228644321547,3.35331284235332,8.05000000273044));
#8281=CARTESIAN_POINT('Ctrl Pts',(-3.22576752071539,3.37733697637898,8.05000000155702));
#8282=CARTESIAN_POINT('Ctrl Pts',(-3.19828602757197,3.39992191337424,8.05000000089082));
#8283=CARTESIAN_POINT('Ctrl Pts',(-3.17061431236153,3.42266317933519,8.05000000022));
#8284=CARTESIAN_POINT('Ctrl Pts',(-3.14196591609084,3.44394594331282,8.05000000011553));
#8285=CARTESIAN_POINT('Ctrl Pts',(-3.1123507585342,3.46379397650344,8.05000000005233));
#8286=CARTESIAN_POINT('Ctrl Pts',(-3.08286128170026,3.48355777866637,8.0499999999894));
#8287=CARTESIAN_POINT('Ctrl Pts',(-3.05241239086938,3.50189952700865,8.05000000000085));
#8288=CARTESIAN_POINT('Ctrl Pts',(-3.02098536452905,3.5188001852841,8.05000000000022));
#8289=CARTESIAN_POINT('Ctrl Pts',(-3.0001421676081,3.53000912833567,8.04999999999979));
#8290=CARTESIAN_POINT('Ctrl Pts',(-2.97886814829082,3.54058329101652,8.05));
#8291=CARTESIAN_POINT('Ctrl Pts',(-2.95715370115663,3.5505051191867,8.05));
#8292=CARTESIAN_POINT('Ctrl Pts',(-2.94858301948767,3.55442125991528,8.05));
#8293=CARTESIAN_POINT('Ctrl Pts',(-2.93957984721643,3.55839399672004,8.05000000000227));
#8294=CARTESIAN_POINT('Ctrl Pts',(-2.93068639190814,3.5621761089757,8.05000000007921));
#8295=CARTESIAN_POINT('Ctrl Pts',(-2.92179293659985,3.56595822123136,8.05000000015615));
#8296=CARTESIAN_POINT('Ctrl Pts',(-2.9130095845197,3.56954995890896,8.05000000029795));
#8297=CARTESIAN_POINT('Ctrl Pts',(-2.90490150155392,3.57276036424304,8.05000000026484));
#8298=CARTESIAN_POINT('Ctrl Pts',(-2.86849403881226,3.58717594349643,8.05000000011619));
#8299=CARTESIAN_POINT('Ctrl Pts',(-2.83160545411237,3.59953154294888,8.05000000024422));
#8300=CARTESIAN_POINT('Ctrl Pts',(-2.79430368478373,3.60988333899619,8.05000000110121));
#8301=CARTESIAN_POINT('Ctrl Pts',(-2.75675610528055,3.62030335102464,8.05000000196383));
#8302=CARTESIAN_POINT('Ctrl Pts',(-2.71878878846945,3.62869347826432,8.05000000387791));
#8303=CARTESIAN_POINT('Ctrl Pts',(-2.68044653411821,3.6350639847063,8.05000000584177));
#8304=CARTESIAN_POINT('Ctrl Pts',(-2.64238864500927,3.64138724430171,8.05000000779107));
#8305=CARTESIAN_POINT('Ctrl Pts',(-2.60396023183198,3.645720876347,8.05000000947117));
#8306=CARTESIAN_POINT('Ctrl Pts',(-2.56519768861462,3.64802472314497,8.05000000854921));
#8307=CARTESIAN_POINT('Ctrl Pts',(-2.54356677805653,3.64931035354716,8.05000000803472));
#8308=CARTESIAN_POINT('Ctrl Pts',(-2.52183177887755,3.64996298345964,8.05000000669345));
#8309=CARTESIAN_POINT('Ctrl Pts',(-2.5,3.6499685990707,8.0500000049301));
#8310=CARTESIAN_POINT('Ctrl Pts',(-2.46391374054139,3.64997788124595,8.05000000201541));
#8311=CARTESIAN_POINT('Ctrl Pts',(-2.42813853570956,3.64821297531599,8.05000000110769));
#8312=CARTESIAN_POINT('Ctrl Pts',(-2.39266987781671,3.6447401976785,8.05000000060224));
#8313=CARTESIAN_POINT('Ctrl Pts',(-2.35699410138012,3.64124714082298,8.05000000009383));
#8314=CARTESIAN_POINT('Ctrl Pts',(-2.3216274521313,3.63602616332234,8.05000000005521));
#8315=CARTESIAN_POINT('Ctrl Pts',(-2.28656216122861,3.62909203923052,8.05000000002244));
#8316=CARTESIAN_POINT('Ctrl Pts',(-2.25167980218321,3.62219408971949,8.04999999998984));
#8317=CARTESIAN_POINT('Ctrl Pts',(-2.21709469966495,3.61360059116854,8.05000000000007));
#8318=CARTESIAN_POINT('Ctrl Pts',(-2.18281083249011,3.60327628701381,8.05000000000002));
#8319=CARTESIAN_POINT('Ctrl Pts',(-2.16990319084719,3.59938925707164,8.05));
#8320=CARTESIAN_POINT('Ctrl Pts',(-2.15703844106001,3.59525640206288,8.05000000000001));
#8321=CARTESIAN_POINT('Ctrl Pts',(-2.14421765612877,3.59087411524617,8.05000000000001));
#8322=CARTESIAN_POINT('Ctrl Pts',(-2.13597653047622,3.58805720688246,8.05000000000001));
#8323=CARTESIAN_POINT('Ctrl Pts',(-2.12808855289392,3.58525376877931,8.0500000000028));
#8324=CARTESIAN_POINT('Ctrl Pts',(-2.12004921576675,3.58229252916295,8.05000000009395));
#8325=CARTESIAN_POINT('Ctrl Pts',(-2.11204291220624,3.57934345725455,8.05000000018472));
#8326=CARTESIAN_POINT('Ctrl Pts',(-2.1038861828052,3.57623812687494,8.05000000035118));
#8327=CARTESIAN_POINT('Ctrl Pts',(-2.09509872822434,3.57275978383502,8.05000000031223));
#8328=CARTESIAN_POINT('Ctrl Pts',(-2.05936794365884,3.55861644748428,8.05000000015386));
#8329=CARTESIAN_POINT('Ctrl Pts',(-2.02469660645791,3.54272573403519,8.05000000027709));
#8330=CARTESIAN_POINT('Ctrl Pts',(-1.99108215695994,3.52517724220227,8.05000000105624));
#8331=CARTESIAN_POINT('Ctrl Pts',(-1.95722512725744,3.50750211087944,8.05000000184101));
#8332=CARTESIAN_POINT('Ctrl Pts',(-1.92443925284502,3.48814476300086,8.0500000035645));
#8333=CARTESIAN_POINT('Ctrl Pts',(-1.89273495909903,3.46714490603286,8.05000000571721));
#8334=CARTESIAN_POINT('Ctrl Pts',(-1.86124171858737,3.44628484362293,8.0500000078556));
#8335=CARTESIAN_POINT('Ctrl Pts',(-1.8308148113997,3.4238034334374,8.05000001026994));
#8336=CARTESIAN_POINT('Ctrl Pts',(-1.80149168826169,3.39969672806061,8.05000001066609));
#8337=CARTESIAN_POINT('Ctrl Pts',(-1.77407828738102,3.37716001615254,8.05000001103645));
#8338=CARTESIAN_POINT('Ctrl Pts',(-1.74762926889791,3.3532019568234,8.0500000092412));
#8339=CARTESIAN_POINT('Ctrl Pts',(-1.72220701936765,3.32779298063236,8.05000000599206));
#8340=CARTESIAN_POINT('Ctrl Pts',(-1.69668715764673,3.30228644321545,8.05000000273045));
#8341=CARTESIAN_POINT('Ctrl Pts',(-1.67266302362104,3.27576752071538,8.05000000155702));
#8342=CARTESIAN_POINT('Ctrl Pts',(-1.65007808662575,3.24828602757192,8.05000000089082));
#8343=CARTESIAN_POINT('Ctrl Pts',(-1.62733682066481,3.2206143123615,8.05000000022));
#8344=CARTESIAN_POINT('Ctrl Pts',(-1.60605405668716,3.19196591609081,8.05000000011553));
#8345=CARTESIAN_POINT('Ctrl Pts',(-1.58620602349652,3.16235075853411,8.05000000005233));
#8346=CARTESIAN_POINT('Ctrl Pts',(-1.56644222133361,3.13286128170022,8.0499999999894));
#8347=CARTESIAN_POINT('Ctrl Pts',(-1.54810047299134,3.10241239086936,8.05000000000085));
#8348=CARTESIAN_POINT('Ctrl Pts',(-1.53119981471589,3.07098536452901,8.05000000000022));
#8349=CARTESIAN_POINT('Ctrl Pts',(-1.51999087166437,3.05014216760815,8.04999999999979));
#8350=CARTESIAN_POINT('Ctrl Pts',(-1.50941670898355,3.02886814829094,8.05));
#8351=CARTESIAN_POINT('Ctrl Pts',(-1.49949488081339,3.00715370115683,8.05));
#8352=CARTESIAN_POINT('Ctrl Pts',(-1.49557874008479,2.99858301948783,8.05));
#8353=CARTESIAN_POINT('Ctrl Pts',(-1.49160832029152,2.98958509263442,8.05000000000227));
#8354=CARTESIAN_POINT('Ctrl Pts',(-1.48782726337909,2.98069430398199,8.05000000007942));
#8355=CARTESIAN_POINT('Ctrl Pts',(-1.48404620646666,2.97180351532957,8.05000000015657));
#8356=CARTESIAN_POINT('Ctrl Pts',(-1.48045427171455,2.96302024323105,8.05000000029874));
#8357=CARTESIAN_POINT('Ctrl Pts',(-1.47723964465576,2.95490149803096,8.05000000026554));
#8358=CARTESIAN_POINT('Ctrl Pts',(-1.46392328575647,2.92127018624285,8.05000000012804));
#8359=CARTESIAN_POINT('Ctrl Pts',(-1.45238164881332,2.88728525376524,8.05000000007473));
#8360=CARTESIAN_POINT('Ctrl Pts',(-1.44254844457255,2.85296812096291,8.050000000044));
#8361=CARTESIAN_POINT('Ctrl Pts',(-1.43266359492739,2.81847074963832,8.0500000000131));
#8362=CARTESIAN_POINT('Ctrl Pts',(-1.42450484859128,2.78363671641722,8.05000000000684));
#8363=CARTESIAN_POINT('Ctrl Pts',(-1.41805273624476,2.74846494951714,8.05000000000329));
#8364=CARTESIAN_POINT('Ctrl Pts',(-1.4116492901459,2.71355847215745,8.04999999999976));
#8365=CARTESIAN_POINT('Ctrl Pts',(-1.40692671414295,2.67831835752004,8.05000000000011));
#8366=CARTESIAN_POINT('Ctrl Pts',(-1.40391609933275,2.64273567832604,8.05000000000003));
#8367=CARTESIAN_POINT('Ctrl Pts',(-1.40132228823747,2.61207923307756,8.04999999999997));
#8368=CARTESIAN_POINT('Ctrl Pts',(-1.4,2.58116801149253,8.05));
#8369=CARTESIAN_POINT('Ctrl Pts',(-1.4,2.55,8.05));
#8370=CARTESIAN_POINT('Origin',(-2.5,2.55,8.15));
#8371=CARTESIAN_POINT('Origin',(-2.5,2.55000000000002,7.95));
#8372=CARTESIAN_POINT('',(-1.35,2.55,8.05));
#8373=CARTESIAN_POINT('',(-3.65,2.55,8.05));
#8374=CARTESIAN_POINT('Ctrl Pts',(-1.35000000000001,2.55,8.05));
#8375=CARTESIAN_POINT('Ctrl Pts',(-1.35,2.58744002477924,8.05));
#8376=CARTESIAN_POINT('Ctrl Pts',(-1.35181323822154,2.6245487778938,8.05000000019756));
#8377=CARTESIAN_POINT('Ctrl Pts',(-1.35537843734193,2.6613316680713,8.04999999731873));
#8378=CARTESIAN_POINT('Ctrl Pts',(-1.35896480661177,2.6983329750205,8.04999999442281));
#8379=CARTESIAN_POINT('Ctrl Pts',(-1.36432410891665,2.73500553774005,8.04999998778227));
#8380=CARTESIAN_POINT('Ctrl Pts',(-1.37144681046393,2.77135502743413,8.04999998394118));
#8381=CARTESIAN_POINT('Ctrl Pts',(-1.37853389573307,2.80752275554142,8.0499999801193));
#8382=CARTESIAN_POINT('Ctrl Pts',(-1.3873670753669,2.84337158207465,8.04999998174854));
#8383=CARTESIAN_POINT('Ctrl Pts',(-1.39798604799484,2.87889269951783,8.04999998954838));
#8384=CARTESIAN_POINT('Ctrl Pts',(-1.40230020437169,2.89332381829927,8.04999999271721));
#8385=CARTESIAN_POINT('Ctrl Pts',(-1.40690965474609,2.90770060206226,8.04999999659185));
#8386=CARTESIAN_POINT('Ctrl Pts',(-1.41181920679914,2.92202122875515,8.0499999986897));
#8387=CARTESIAN_POINT('Ctrl Pts',(-1.41476297855118,2.93060788918251,8.04999999994757));
#8388=CARTESIAN_POINT('Ctrl Pts',(-1.41768424227239,2.93882165646713,8.04999999991071));
#8389=CARTESIAN_POINT('Ctrl Pts',(-1.42076730619653,2.94719551543786,8.04999999994705));
#8390=CARTESIAN_POINT('Ctrl Pts',(-1.42385037012067,2.9555693744086,8.04999999998339));
#8391=CARTESIAN_POINT('Ctrl Pts',(-1.4270949289476,2.96410366477753,8.05));
#8392=CARTESIAN_POINT('Ctrl Pts',(-1.43073610567142,2.97331182504462,8.04999999968771));
#8393=CARTESIAN_POINT('Ctrl Pts',(-1.44531066760389,3.01016938848525,8.0499999984377));
#8394=CARTESIAN_POINT('Ctrl Pts',(-1.46166554113243,3.04594640362031,8.04999999519321));
#8395=CARTESIAN_POINT('Ctrl Pts',(-1.47970972032443,3.08064648056763,8.04999999425822));
#8396=CARTESIAN_POINT('Ctrl Pts',(-1.49788424376893,3.11559721760558,8.04999999331648));
#8397=CARTESIAN_POINT('Ctrl Pts',(-1.517772980229,3.14945643152602,8.04999999400911));
#8398=CARTESIAN_POINT('Ctrl Pts',(-1.53933493731124,3.18221518887759,8.04999999490686));
#8399=CARTESIAN_POINT('Ctrl Pts',(-1.56076019668007,3.2147662634475,8.04999999579892));
#8400=CARTESIAN_POINT('Ctrl Pts',(-1.58383814662401,3.24623167967462,8.04999999676136));
#8401=CARTESIAN_POINT('Ctrl Pts',(-1.60857182664134,3.27657596891936,8.0499999969478));
#8402=CARTESIAN_POINT('Ctrl Pts',(-1.63301872608734,3.30656842404155,8.04999999713209));
#8403=CARTESIAN_POINT('Ctrl Pts',(-1.65908390277707,3.33546634394289,8.04999999697332));
#8404=CARTESIAN_POINT('Ctrl Pts',(-1.68680272049462,3.36319727950538,8.04999999400674));
#8405=CARTESIAN_POINT('Ctrl Pts',(-1.71323837822725,3.38964449412346,8.04999999117748));
#8406=CARTESIAN_POINT('Ctrl Pts',(-1.74070619616993,3.41456208343188,8.04999998389697));
#8407=CARTESIAN_POINT('Ctrl Pts',(-1.76916242870135,3.43800235578383,8.04999997212425));
#8408=CARTESIAN_POINT('Ctrl Pts',(-1.79780136684768,3.4615931283599,8.04999996027594));
#8409=CARTESIAN_POINT('Ctrl Pts',(-1.82744222754415,3.48368819274407,8.04999994398445));
#8410=CARTESIAN_POINT('Ctrl Pts',(-1.85807911806758,3.50430448347528,8.04999993637435));
#8411=CARTESIAN_POINT('Ctrl Pts',(-1.8885628570632,3.52481771490871,8.04999992880228));
#8412=CARTESIAN_POINT('Ctrl Pts',(-1.92003356088647,3.54386739136544,8.04999993272236));
#8413=CARTESIAN_POINT('Ctrl Pts',(-1.9525112231308,3.56142609385105,8.04999995142687));
#8414=CARTESIAN_POINT('Ctrl Pts',(-1.97519812415484,3.57369152547001,8.0499999644927));
#8415=CARTESIAN_POINT('Ctrl Pts',(-1.99837693510594,3.58522850812111,8.04999998501558));
#8416=CARTESIAN_POINT('Ctrl Pts',(-2.02205848651397,3.59601309189298,8.04999999517101));
#8417=CARTESIAN_POINT('Ctrl Pts',(-2.03055362456964,3.59988177965066,8.04999999881401));
#8418=CARTESIAN_POINT('Ctrl Pts',(-2.03945093497629,3.60380907830878,8.04999999938676));
#8419=CARTESIAN_POINT('Ctrl Pts',(-2.04827113261905,3.60757220111584,8.04999999969613));
#8420=CARTESIAN_POINT('Ctrl Pts',(-2.05729096220134,3.61142049656133,8.05000000001251));
#8421=CARTESIAN_POINT('Ctrl Pts',(-2.06622991764532,3.61509707982589,8.04999999998408));
#8422=CARTESIAN_POINT('Ctrl Pts',(-2.07455405095044,3.61841497367659,8.04999999979265));
#8423=CARTESIAN_POINT('Ctrl Pts',(-2.07527017899416,3.61870041322272,8.04999999977618));
#8424=CARTESIAN_POINT('Ctrl Pts',(-2.07598174554744,3.61898322760107,8.04999999975719));
#8425=CARTESIAN_POINT('Ctrl Pts',(-2.07668840475948,3.61926331385527,8.0499999997351));
#8426=CARTESIAN_POINT('Ctrl Pts',(-2.1141946690386,3.63412902124552,8.04999999856299));
#8427=CARTESIAN_POINT('Ctrl Pts',(-2.1521888166703,3.64689893561574,8.0499999955104));
#8428=CARTESIAN_POINT('Ctrl Pts',(-2.19060315310899,3.65763120316576,8.04999999492303));
#8429=CARTESIAN_POINT('Ctrl Pts',(-2.22927181153775,3.66843452365835,8.04999999433177));
#8430=CARTESIAN_POINT('Ctrl Pts',(-2.26836731052811,3.67717354362663,8.04999999533087));
#8431=CARTESIAN_POINT('Ctrl Pts',(-2.30784558430917,3.68386074379715,8.0499999961882));
#8432=CARTESIAN_POINT('Ctrl Pts',(-2.34704547614582,3.69050078902375,8.04999999703948));
#8433=CARTESIAN_POINT('Ctrl Pts',(-2.3866238729199,3.69511800602567,8.04999999773129));
#8434=CARTESIAN_POINT('Ctrl Pts',(-2.42654582697036,3.69767449788439,8.04999999741781));
#8435=CARTESIAN_POINT('Ctrl Pts',(-2.45090558818999,3.69923442982459,8.04999999722653));
#8436=CARTESIAN_POINT('Ctrl Pts',(-2.47539335681253,3.70002610700654,8.04999999673242));
#8437=CARTESIAN_POINT('Ctrl Pts',(-2.5,3.70003140406961,8.04999999506892));
#8438=CARTESIAN_POINT('Ctrl Pts',(-2.537381940859,3.70003945126633,8.04999999254178));
#8439=CARTESIAN_POINT('Ctrl Pts',(-2.57444376115714,3.69823384931719,8.04999998701185));
#8440=CARTESIAN_POINT('Ctrl Pts',(-2.61119069937654,3.69467523336204,8.049999980194));
#8441=CARTESIAN_POINT('Ctrl Pts',(-2.64813784943645,3.69109722866093,8.049999973339));
#8442=CARTESIAN_POINT('Ctrl Pts',(-2.68476767865553,3.6857469639231,8.04999996565684));
#8443=CARTESIAN_POINT('Ctrl Pts',(-2.72108607894059,3.67863330107096,8.04999996509313));
#8444=CARTESIAN_POINT('Ctrl Pts',(-2.75719656282992,3.67156036267609,8.04999996453264));
#8445=CARTESIAN_POINT('Ctrl Pts',(-2.79300012222636,3.66274388278635,8.04999997313876));
#8446=CARTESIAN_POINT('Ctrl Pts',(-2.82848854622846,3.65214344740988,8.04999998525502));
#8447=CARTESIAN_POINT('Ctrl Pts',(-2.84303461833038,3.64779851799603,8.04999999022126));
#8448=CARTESIAN_POINT('Ctrl Pts',(-2.85752750283186,3.64315332729091,8.04999999542914));
#8449=CARTESIAN_POINT('Ctrl Pts',(-2.87196538370438,3.63820287275167,8.04999999819181));
#8450=CARTESIAN_POINT('Ctrl Pts',(-2.88056002199618,3.63525594677822,8.04999999983638));
#8451=CARTESIAN_POINT('Ctrl Pts',(-2.88878781800606,3.63232934109468,8.04999999985526));
#8452=CARTESIAN_POINT('Ctrl Pts',(-2.89717364542661,3.62924154796676,8.04999999991959));
#8453=CARTESIAN_POINT('Ctrl Pts',(-2.90555947284715,3.62615375483885,8.04999999998393));
#8454=CARTESIAN_POINT('Ctrl Pts',(-2.91410366477754,3.6229050710524,8.05));
#8455=CARTESIAN_POINT('Ctrl Pts',(-2.92331182504463,3.61926389432858,8.04999999968771));
#8456=CARTESIAN_POINT('Ctrl Pts',(-2.96016938848612,3.60468933239577,8.0499999984377));
#8457=CARTESIAN_POINT('Ctrl Pts',(-2.99594640362201,3.58833445886681,8.04999999519322));
#8458=CARTESIAN_POINT('Ctrl Pts',(-3.03064648057014,3.57029027967428,8.04999999425823));
#8459=CARTESIAN_POINT('Ctrl Pts',(-3.06559721760889,3.55211575622925,8.04999999331648));
#8460=CARTESIAN_POINT('Ctrl Pts',(-3.09945643153011,3.53222701976856,8.04999999400911));
#8461=CARTESIAN_POINT('Ctrl Pts',(-3.13221518888239,3.51066506268561,8.04999999490686));
#8462=CARTESIAN_POINT('Ctrl Pts',(-3.16476626345301,3.48923980331609,8.04999999579892));
#8463=CARTESIAN_POINT('Ctrl Pts',(-3.19623167968076,3.46616185337138,8.04999999676136));
#8464=CARTESIAN_POINT('Ctrl Pts',(-3.22657596892608,3.4414281733532,8.0499999969478));
#8465=CARTESIAN_POINT('Ctrl Pts',(-3.25656842404588,3.41698127390878,8.04999999713209));
#8466=CARTESIAN_POINT('Ctrl Pts',(-3.28546634394498,3.39091609722087,8.04999999697332));
#8467=CARTESIAN_POINT('Ctrl Pts',(-3.3131972795054,3.3631972795054,8.04999999400674));
#8468=CARTESIAN_POINT('Ctrl Pts',(-3.33964449412347,3.33676162177279,8.04999999117748));
#8469=CARTESIAN_POINT('Ctrl Pts',(-3.36456208343188,3.30929380383013,8.04999998389697));
#8470=CARTESIAN_POINT('Ctrl Pts',(-3.38800235578382,3.28083757129872,8.04999997212425));
#8471=CARTESIAN_POINT('Ctrl Pts',(-3.41159312835987,3.25219863315241,8.04999996027594));
#8472=CARTESIAN_POINT('Ctrl Pts',(-3.43368819274403,3.22255777245595,8.04999994398445));
#8473=CARTESIAN_POINT('Ctrl Pts',(-3.45430448347523,3.19192088193253,8.04999993637435));
#8474=CARTESIAN_POINT('Ctrl Pts',(-3.47481771490865,3.16143714293692,8.04999992880228));
#8475=CARTESIAN_POINT('Ctrl Pts',(-3.49386739136537,3.12996643911366,8.04999993272236));
#8476=CARTESIAN_POINT('Ctrl Pts',(-3.51142609385099,3.09748877686933,8.04999995142688));
#8477=CARTESIAN_POINT('Ctrl Pts',(-3.52369152546996,3.07480187584527,8.0499999644927));
#8478=CARTESIAN_POINT('Ctrl Pts',(-3.53522850812107,3.05162306489414,8.04999998501558));
#8479=CARTESIAN_POINT('Ctrl Pts',(-3.54601309189296,3.02794151348608,8.04999999517101));
#8480=CARTESIAN_POINT('Ctrl Pts',(-3.55009573938142,3.01897654752876,8.04999999901549));
#8481=CARTESIAN_POINT('Ctrl Pts',(-3.55424084003677,3.00956871606925,8.04999999947279));
#8482=CARTESIAN_POINT('Ctrl Pts',(-3.55819169567543,3.00027417187254,8.04999999974284));
#8483=CARTESIAN_POINT('Ctrl Pts',(-3.5621425513141,2.99097962767584,8.0500000000129));
#8484=CARTESIAN_POINT('Ctrl Pts',(-3.56589941389655,2.98179875880842,8.05000000000001));
#8485=CARTESIAN_POINT('Ctrl Pts',(-3.56926332236657,2.97331159861008,8.04999999973444));
#8486=CARTESIAN_POINT('Ctrl Pts',(-3.58304660467183,2.93853629897678,8.0499999986463));
#8487=CARTESIAN_POINT('Ctrl Pts',(-3.59500747316342,2.90339570064519,8.04999999580529));
#8488=CARTESIAN_POINT('Ctrl Pts',(-3.60521558855427,2.86791436634914,8.04999999522991));
#8489=CARTESIAN_POINT('Ctrl Pts',(-3.61547967539423,2.83223848667225,8.04999999465136));
#8490=CARTESIAN_POINT('Ctrl Pts',(-3.62397207762992,2.796217176462,8.04999999572787));
#8491=CARTESIAN_POINT('Ctrl Pts',(-3.63071631172815,2.75985125137201,8.04999999693722));
#8492=CARTESIAN_POINT('Ctrl Pts',(-3.63741337230264,2.72373969302041,8.04999999813812));
#8493=CARTESIAN_POINT('Ctrl Pts',(-3.64238677435693,2.68728735474584,8.04999999924762));
#8494=CARTESIAN_POINT('Ctrl Pts',(-3.64560960768272,2.65048565739935,8.04999999966805));
#8495=CARTESIAN_POINT('Ctrl Pts',(-3.64851782748827,2.61727654781107,8.05000000004744));
#8496=CARTESIAN_POINT('Ctrl Pts',(-3.65,2.58378232709456,8.05));
#8497=CARTESIAN_POINT('Ctrl Pts',(-3.65,2.55,8.05));
#8498=CARTESIAN_POINT('Ctrl Pts',(-3.65,2.55,8.05));
#8499=CARTESIAN_POINT('Ctrl Pts',(-3.65,2.51255997522077,8.05));
#8500=CARTESIAN_POINT('Ctrl Pts',(-3.64818676177847,2.47545122210623,8.05000000019756));
#8501=CARTESIAN_POINT('Ctrl Pts',(-3.6446215626581,2.43866833192876,8.04999999731873));
#8502=CARTESIAN_POINT('Ctrl Pts',(-3.64103519338827,2.40166702497961,8.04999999442281));
#8503=CARTESIAN_POINT('Ctrl Pts',(-3.63567589108341,2.36499446226013,8.04999998778227));
#8504=CARTESIAN_POINT('Ctrl Pts',(-3.62855318953615,2.32864497256611,8.04999998394118));
#8505=CARTESIAN_POINT('Ctrl Pts',(-3.62146610426703,2.29247724445886,8.0499999801193));
#8506=CARTESIAN_POINT('Ctrl Pts',(-3.61263292463323,2.25662841792568,8.04999998174854));
#8507=CARTESIAN_POINT('Ctrl Pts',(-3.60201395200532,2.22110730048256,8.04999998954838));
#8508=CARTESIAN_POINT('Ctrl Pts',(-3.59769979562842,2.20667618170097,8.04999999271721));
#8509=CARTESIAN_POINT('Ctrl Pts',(-3.59309034525398,2.19229939793783,8.04999999659185));
#8510=CARTESIAN_POINT('Ctrl Pts',(-3.58818079320087,2.17797877124479,8.04999999868969));
#8511=CARTESIAN_POINT('Ctrl Pts',(-3.58523702144883,2.16939211081743,8.04999999994757));
#8512=CARTESIAN_POINT('Ctrl Pts',(-3.58231575772762,2.16117834353284,8.04999999991071));
#8513=CARTESIAN_POINT('Ctrl Pts',(-3.57923269380348,2.15280448456212,8.04999999994705));
#8514=CARTESIAN_POINT('Ctrl Pts',(-3.57614962987933,2.14443062559139,8.04999999998338));
#8515=CARTESIAN_POINT('Ctrl Pts',(-3.57290507105241,2.13589633522248,8.05));
#8516=CARTESIAN_POINT('Ctrl Pts',(-3.56926389432858,2.12668817495538,8.04999999968771));
#8517=CARTESIAN_POINT('Ctrl Pts',(-3.55468933239628,2.08983061151523,8.0499999984377));
#8518=CARTESIAN_POINT('Ctrl Pts',(-3.53833445886798,2.05405359638064,8.04999999519321));
#8519=CARTESIAN_POINT('Ctrl Pts',(-3.52029027967626,2.01935351943376,8.04999999425822));
#8520=CARTESIAN_POINT('Ctrl Pts',(-3.50211575623204,1.98440278239625,8.04999999331648));
#8521=CARTESIAN_POINT('Ctrl Pts',(-3.48222701977232,1.95054356847622,8.0499999940091));
#8522=CARTESIAN_POINT('Ctrl Pts',(-3.46066506269046,1.91778481112503,8.04999999490686));
#8523=CARTESIAN_POINT('Ctrl Pts',(-3.43923980332203,1.88523373655551,8.04999999579892));
#8524=CARTESIAN_POINT('Ctrl Pts',(-3.41616185337853,1.85376832032875,8.04999999676135));
#8525=CARTESIAN_POINT('Ctrl Pts',(-3.39142817336167,1.82342403108433,8.0499999969478));
#8526=CARTESIAN_POINT('Ctrl Pts',(-3.36698127391482,1.79343157596082,8.04999999713209));
#8527=CARTESIAN_POINT('Ctrl Pts',(-3.3409160972241,1.76453365605825,8.04999999697332));
#8528=CARTESIAN_POINT('Ctrl Pts',(-3.3131972795054,1.73680272049461,8.04999999400673));
#8529=CARTESIAN_POINT('Ctrl Pts',(-3.28676162177279,1.71035550587654,8.04999999117748));
#8530=CARTESIAN_POINT('Ctrl Pts',(-3.25929380383015,1.68543791656813,8.04999998389696));
#8531=CARTESIAN_POINT('Ctrl Pts',(-3.23083757129875,1.6619976442162,8.04999997212425));
#8532=CARTESIAN_POINT('Ctrl Pts',(-3.20219863315244,1.63840687164014,8.04999996027594));
#8533=CARTESIAN_POINT('Ctrl Pts',(-3.172557772456,1.61631180725598,8.04999994398445));
#8534=CARTESIAN_POINT('Ctrl Pts',(-3.1419208819326,1.59569551652479,8.04999993637434));
#8535=CARTESIAN_POINT('Ctrl Pts',(-3.11143714293702,1.57518228509137,8.04999992880228));
#8536=CARTESIAN_POINT('Ctrl Pts',(-3.07996643911379,1.55613260863466,8.04999993272235));
#8537=CARTESIAN_POINT('Ctrl Pts',(-3.0474887768695,1.53857390614907,8.04999995142687));
#8538=CARTESIAN_POINT('Ctrl Pts',(-3.02480187584537,1.52630847453005,8.0499999644927));
#8539=CARTESIAN_POINT('Ctrl Pts',(-3.00162306489417,1.51477149187891,8.04999998501557));
#8540=CARTESIAN_POINT('Ctrl Pts',(-2.97794151348604,1.503986908107,8.04999999517101));
#8541=CARTESIAN_POINT('Ctrl Pts',(-2.9694463754303,1.50011822034929,8.04999999881401));
#8542=CARTESIAN_POINT('Ctrl Pts',(-2.96054906502359,1.49619092169115,8.04999999938676));
#8543=CARTESIAN_POINT('Ctrl Pts',(-2.95172886738078,1.49242779888407,8.04999999969613));
#8544=CARTESIAN_POINT('Ctrl Pts',(-2.94270903779843,1.48857950343857,8.05000000001251));
#8545=CARTESIAN_POINT('Ctrl Pts',(-2.9337700823544,1.48490292017399,8.04999999998408));
#8546=CARTESIAN_POINT('Ctrl Pts',(-2.92544594904922,1.48158502632328,8.04999999979264));
#8547=CARTESIAN_POINT('Ctrl Pts',(-2.92472982100562,1.48129958677719,8.04999999977617));
#8548=CARTESIAN_POINT('Ctrl Pts',(-2.92401825445246,1.48101677239889,8.04999999975719));
#8549=CARTESIAN_POINT('Ctrl Pts',(-2.92331159524053,1.48073668614474,8.0499999997351));
#8550=CARTESIAN_POINT('Ctrl Pts',(-2.8858053309639,1.46587097875549,8.04999999856299));
#8551=CARTESIAN_POINT('Ctrl Pts',(-2.84781118333482,1.45310106438601,8.0499999955104));
#8552=CARTESIAN_POINT('Ctrl Pts',(-2.80939684689883,1.44236879683646,8.04999999492303));
#8553=CARTESIAN_POINT('Ctrl Pts',(-2.77072818847283,1.43156547634434,8.04999999433177));
#8554=CARTESIAN_POINT('Ctrl Pts',(-2.73163268948531,1.42282645637626,8.04999999533087));
#8555=CARTESIAN_POINT('Ctrl Pts',(-2.69215441570714,1.41613925620564,8.04999999618819));
#8556=CARTESIAN_POINT('Ctrl Pts',(-2.6529545238733,1.40949921097893,8.04999999703947));
#8557=CARTESIAN_POINT('Ctrl Pts',(-2.61337612710208,1.40488199397662,8.04999999773129));
#8558=CARTESIAN_POINT('Ctrl Pts',(-2.57345417305448,1.40232550211722,8.04999999741781));
#8559=CARTESIAN_POINT('Ctrl Pts',(-2.54909441182668,1.40076557017597,8.04999999722653));
#8560=CARTESIAN_POINT('Ctrl Pts',(-2.52460664319586,1.39997389299348,8.04999999673241));
#8561=CARTESIAN_POINT('Ctrl Pts',(-2.5,1.39996859593042,8.04999999506892));
#8562=CARTESIAN_POINT('Ctrl Pts',(-2.46261805914097,1.39996054873371,8.04999999254177));
#8563=CARTESIAN_POINT('Ctrl Pts',(-2.42555623884281,1.40176615068284,8.04999998701185));
#8564=CARTESIAN_POINT('Ctrl Pts',(-2.3888093006234,1.405324766638,8.049999980194));
#8565=CARTESIAN_POINT('Ctrl Pts',(-2.35186215056347,1.40890277133911,8.049999973339));
#8566=CARTESIAN_POINT('Ctrl Pts',(-2.31523232134438,1.41425303607694,8.04999996565684));
#8567=CARTESIAN_POINT('Ctrl Pts',(-2.27891392105933,1.42136669892907,8.04999996509313));
#8568=CARTESIAN_POINT('Ctrl Pts',(-2.24280343716997,1.42843963732394,8.04999996453264));
#8569=CARTESIAN_POINT('Ctrl Pts',(-2.20699987777353,1.43725611721368,8.04999997313876));
#8570=CARTESIAN_POINT('Ctrl Pts',(-2.17151145377143,1.44785655259015,8.04999998525502));
#8571=CARTESIAN_POINT('Ctrl Pts',(-2.15696538166953,1.452201482004,8.04999999022125));
#8572=CARTESIAN_POINT('Ctrl Pts',(-2.14247249716806,1.45684667270912,8.04999999542914));
#8573=CARTESIAN_POINT('Ctrl Pts',(-2.12803461629556,1.46179712724835,8.04999999819181));
#8574=CARTESIAN_POINT('Ctrl Pts',(-2.11943997800377,1.46474405322179,8.04999999983638));
#8575=CARTESIAN_POINT('Ctrl Pts',(-2.11121218199391,1.46767065890533,8.04999999985525));
#8576=CARTESIAN_POINT('Ctrl Pts',(-2.10282635457338,1.47075845203324,8.04999999991959));
#8577=CARTESIAN_POINT('Ctrl Pts',(-2.09444052715286,1.47384624516115,8.04999999998393));
#8578=CARTESIAN_POINT('Ctrl Pts',(-2.08589633522248,1.47709492894759,8.05));
#8579=CARTESIAN_POINT('Ctrl Pts',(-2.07668817495538,1.48073610567142,8.04999999968771));
#8580=CARTESIAN_POINT('Ctrl Pts',(-2.03983061151608,1.49531066760337,8.0499999984377));
#8581=CARTESIAN_POINT('Ctrl Pts',(-2.0040535963823,1.51166554113124,8.04999999519321));
#8582=CARTESIAN_POINT('Ctrl Pts',(-1.96935351943618,1.52970972032245,8.04999999425822));
#8583=CARTESIAN_POINT('Ctrl Pts',(-1.93440278239948,1.54788424376614,8.04999999331648));
#8584=CARTESIAN_POINT('Ctrl Pts',(-1.90054356848021,1.56777298022526,8.04999999400911));
#8585=CARTESIAN_POINT('Ctrl Pts',(-1.86778481112972,1.58933493730644,8.04999999490686));
#8586=CARTESIAN_POINT('Ctrl Pts',(-1.83523373656089,1.6107601966742,8.04999999579892));
#8587=CARTESIAN_POINT('Ctrl Pts',(-1.80376832033477,1.63383814661695,8.04999999676136));
#8588=CARTESIAN_POINT('Ctrl Pts',(-1.77342403109091,1.65857182663298,8.0499999969478));
#8589=CARTESIAN_POINT('Ctrl Pts',(-1.74343157596508,1.68301872608138,8.04999999713209));
#8590=CARTESIAN_POINT('Ctrl Pts',(-1.71453365606031,1.70908390277388,8.04999999697332));
#8591=CARTESIAN_POINT('Ctrl Pts',(-1.68680272049463,1.73680272049463,8.04999999400674));
#8592=CARTESIAN_POINT('Ctrl Pts',(-1.66035550587654,1.76323837822728,8.04999999117748));
#8593=CARTESIAN_POINT('Ctrl Pts',(-1.63543791656811,1.79070619616995,8.04999998389697));
#8594=CARTESIAN_POINT('Ctrl Pts',(-1.61199764421616,1.81916242870136,8.04999997212425));
#8595=CARTESIAN_POINT('Ctrl Pts',(-1.58840687164007,1.8478013668477,8.04999996027595));
#8596=CARTESIAN_POINT('Ctrl Pts',(-1.5663118072559,1.87744222754417,8.04999994398445));
#8597=CARTESIAN_POINT('Ctrl Pts',(-1.5456955165247,1.90807911806758,8.04999993637435));
#8598=CARTESIAN_POINT('Ctrl Pts',(-1.52518228509125,1.9385628570632,8.04999992880229));
#8599=CARTESIAN_POINT('Ctrl Pts',(-1.50613260863452,1.97003356088647,8.04999993272236));
#8600=CARTESIAN_POINT('Ctrl Pts',(-1.48857390614892,2.00251122313079,8.04999995142688));
#8601=CARTESIAN_POINT('Ctrl Pts',(-1.47630847452994,2.02519812415485,8.04999996449271));
#8602=CARTESIAN_POINT('Ctrl Pts',(-1.46477149187883,2.04837693510599,8.04999998501558));
#8603=CARTESIAN_POINT('Ctrl Pts',(-1.45398690810696,2.07205848651404,8.04999999517102));
#8604=CARTESIAN_POINT('Ctrl Pts',(-1.44990426061852,2.08102345247134,8.04999999901549));
#8605=CARTESIAN_POINT('Ctrl Pts',(-1.44575915996319,2.09043128393082,8.04999999947279));
#8606=CARTESIAN_POINT('Ctrl Pts',(-1.44180830432455,2.0997258281275,8.04999999974285));
#8607=CARTESIAN_POINT('Ctrl Pts',(-1.4378574486859,2.10902037232417,8.05000000001291));
#8608=CARTESIAN_POINT('Ctrl Pts',(-1.43410058610347,2.11820124119157,8.05000000000001));
#8609=CARTESIAN_POINT('Ctrl Pts',(-1.43073667763345,2.12668840138993,8.04999999973444));
#8610=CARTESIAN_POINT('Ctrl Pts',(-1.41695339532819,2.16146370102328,8.04999999864631));
#8611=CARTESIAN_POINT('Ctrl Pts',(-1.40499252683661,2.19660429935491,8.0499999958053));
#8612=CARTESIAN_POINT('Ctrl Pts',(-1.39478441144575,2.23208563365098,8.04999999522991));
#8613=CARTESIAN_POINT('Ctrl Pts',(-1.38452032460579,2.26776151332794,8.04999999465137));
#8614=CARTESIAN_POINT('Ctrl Pts',(-1.37602792237008,2.30378282353824,8.04999999572787));
#8615=CARTESIAN_POINT('Ctrl Pts',(-1.36928368827185,2.34014874862827,8.04999999693723));
#8616=CARTESIAN_POINT('Ctrl Pts',(-1.36258662769735,2.37626030697994,8.04999999813812));
#8617=CARTESIAN_POINT('Ctrl Pts',(-1.35761322564306,2.41271264525455,8.04999999924762));
#8618=CARTESIAN_POINT('Ctrl Pts',(-1.35439039231727,2.44951434260106,8.04999999966805));
#8619=CARTESIAN_POINT('Ctrl Pts',(-1.35148217251173,2.48272345218923,8.05000000004744));
#8620=CARTESIAN_POINT('Ctrl Pts',(-1.35,2.5162176729056,8.05000000000001));
#8621=CARTESIAN_POINT('Ctrl Pts',(-1.35,2.55,8.05000000000001));
#8622=CARTESIAN_POINT('',(-3.75,2.55,7.95));
#8623=CARTESIAN_POINT('Origin',(-3.64999999999999,2.55000000000002,7.95));
#8624=CARTESIAN_POINT('',(-1.25,2.55,7.95));
#8625=CARTESIAN_POINT('Origin',(-2.5,2.55,7.95));
#8626=CARTESIAN_POINT('Origin',(-2.5,2.55,7.95));
#8627=CARTESIAN_POINT('Origin',(-2.5,1.45,8.9));
#8628=CARTESIAN_POINT('',(-1.5,2.55,8.9));
#8629=CARTESIAN_POINT('',(-2.5,1.55,8.9));
#8630=CARTESIAN_POINT('Origin',(-2.5,2.55,8.9));
#8631=CARTESIAN_POINT('',(-2.5,1.45,9.));
#8632=CARTESIAN_POINT('Origin',(-2.5,1.45,8.9));
#8633=CARTESIAN_POINT('Origin',(-2.5,1.45,10.));
#8634=CARTESIAN_POINT('Origin',(-2.5,2.55,8.9));
#8635=CARTESIAN_POINT('Origin',(-2.5,2.55,8.99999999999999));
#8636=CARTESIAN_POINT('',(-1.5,2.55,8.99999999999999));
#8637=CARTESIAN_POINT('Origin',(-2.5,2.55,8.05));
#8638=CARTESIAN_POINT('',(-1.25,2.55,6.05));
#8639=CARTESIAN_POINT('Origin',(-2.5,2.55,6.05));
#8640=CARTESIAN_POINT('',(-1.25,2.55,8.05));
#8641=CARTESIAN_POINT('Origin',(-2.5,0.,10.));
#8642=CARTESIAN_POINT('',(-2.5,0.100000000000001,9.));
#8643=CARTESIAN_POINT('',(-2.5,-2.22044604925032E-16,9.));
#8644=CARTESIAN_POINT('Origin',(-2.5,0.100000000000002,10.));
#8645=CARTESIAN_POINT('Origin',(-2.5,0.0999999999748981,10.));
#8646=CARTESIAN_POINT('',(-2.5,-6.59404475467085E-11,9.10000000005539));
#8647=CARTESIAN_POINT('',(-2.5,0.0999999999748979,9.00000000001455));
#8648=CARTESIAN_POINT('Origin',(-2.5,-6.59401461385045E-11,10.));
#8649=CARTESIAN_POINT('Origin',(-2.5,-4.12132034355964,10.));
#8650=CARTESIAN_POINT('',(-2.5,0.,9.25));
#8651=CARTESIAN_POINT('Origin',(-2.5,0.,10.));
#8652=CARTESIAN_POINT('',(-2.5,-1.5,9.25));
#8653=CARTESIAN_POINT('',(-2.5,-4.12132034355964,9.25));
#8654=CARTESIAN_POINT('Origin',(-2.5,-1.5,10.));
#8655=CARTESIAN_POINT('Origin',(-2.5,-1.50000000013506,10.));
#8656=CARTESIAN_POINT('',(-2.5,-2.00000000000955,9.38397459620229));
#8657=CARTESIAN_POINT('',(-2.5,-1.50000000013506,9.25000000003706));
#8658=CARTESIAN_POINT('Origin',(-2.5,-2.00000000000955,10.));
#8659=CARTESIAN_POINT('Origin',(-3.46944695195361E-15,-2.,4.025));
#8660=CARTESIAN_POINT('Origin',(-2.5,0.,10.));
#8661=CARTESIAN_POINT('Origin',(-2.5,2.55,8.05));
#8662=CARTESIAN_POINT('Origin',(-2.5,2.55,6.05));
#8663=UNCERTAINTY_MEASURE_WITH_UNIT(LENGTH_MEASURE(0.01),#8667,
'DISTANCE_ACCURACY_VALUE',
'Maximum model space distance between geometric entities at asserted c
onnectivities');
#8664=UNCERTAINTY_MEASURE_WITH_UNIT(LENGTH_MEASURE(0.01),#8667,
'DISTANCE_ACCURACY_VALUE',
'Maximum model space distance between geometric entities at asserted c
onnectivities');
#8665=(
GEOMETRIC_REPRESENTATION_CONTEXT(3)
GLOBAL_UNCERTAINTY_ASSIGNED_CONTEXT((#8663))
GLOBAL_UNIT_ASSIGNED_CONTEXT((#8667,#8669,#8670))
REPRESENTATION_CONTEXT('','3D')
);
#8666=(
GEOMETRIC_REPRESENTATION_CONTEXT(3)
GLOBAL_UNCERTAINTY_ASSIGNED_CONTEXT((#8664))
GLOBAL_UNIT_ASSIGNED_CONTEXT((#8667,#8669,#8670))
REPRESENTATION_CONTEXT('','3D')
);
#8667=(
LENGTH_UNIT()
NAMED_UNIT(*)
SI_UNIT(.MILLI.,.METRE.)
);
#8668=(
LENGTH_UNIT()
NAMED_UNIT(*)
SI_UNIT($,.METRE.)
);
#8669=(
NAMED_UNIT(*)
PLANE_ANGLE_UNIT()
SI_UNIT($,.RADIAN.)
);
#8670=(
NAMED_UNIT(*)
SI_UNIT($,.STERADIAN.)
SOLID_ANGLE_UNIT()
);
#8671=SHAPE_DEFINITION_REPRESENTATION(#8672,#8673);
#8672=PRODUCT_DEFINITION_SHAPE('',$,#8675);
#8673=SHAPE_REPRESENTATION('',(#3729),#8665);
#8674=PRODUCT_DEFINITION_CONTEXT('part definition',#8679,'design');
#8675=PRODUCT_DEFINITION('2025-12-03-21-20-11-219','XT30-CAD',#8676,#8674);
#8676=PRODUCT_DEFINITION_FORMATION('',$,#8681);
#8677=PRODUCT_RELATED_PRODUCT_CATEGORY('XT30-CAD','XT30-CAD',(#8681));
#8678=APPLICATION_PROTOCOL_DEFINITION('international standard',
'automotive_design',2009,#8679);
#8679=APPLICATION_CONTEXT(
'Core Data for Automotive Mechanical Design Process');
#8680=PRODUCT_CONTEXT('part definition',#8679,'mechanical');
#8681=PRODUCT('2025-12-03-21-20-11-219','XT30-CAD','STEP AP214',(#8680));
#8682=PRESENTATION_STYLE_ASSIGNMENT((#8686));
#8683=PRESENTATION_STYLE_ASSIGNMENT((#8687));
#8684=PRESENTATION_STYLE_ASSIGNMENT((#8688));
#8685=PRESENTATION_STYLE_ASSIGNMENT((#8689));
#8686=SURFACE_STYLE_USAGE(.BOTH.,#8690);
#8687=SURFACE_STYLE_USAGE(.BOTH.,#8691);
#8688=SURFACE_STYLE_USAGE(.BOTH.,#8692);
#8689=SURFACE_STYLE_USAGE(.BOTH.,#8693);
#8690=SURFACE_SIDE_STYLE('',(#8694));
#8691=SURFACE_SIDE_STYLE('',(#8695));
#8692=SURFACE_SIDE_STYLE('',(#8696));
#8693=SURFACE_SIDE_STYLE('',(#8697));
#8694=SURFACE_STYLE_FILL_AREA(#8698);
#8695=SURFACE_STYLE_FILL_AREA(#8699);
#8696=SURFACE_STYLE_FILL_AREA(#8700);
#8697=SURFACE_STYLE_FILL_AREA(#8701);
#8698=FILL_AREA_STYLE('Steel - Satin',(#8702));
#8699=FILL_AREA_STYLE('Opaque(202,209,238)',(#8703));
#8700=FILL_AREA_STYLE('Opaque(255,207,128)',(#8704));
#8701=FILL_AREA_STYLE('Opaque(192,192,0)',(#8705));
#8702=FILL_AREA_STYLE_COLOUR('Steel - Satin',#8706);
#8703=FILL_AREA_STYLE_COLOUR('Opaque(202,209,238)',#8707);
#8704=FILL_AREA_STYLE_COLOUR('Opaque(255,207,128)',#8708);
#8705=FILL_AREA_STYLE_COLOUR('Opaque(192,192,0)',#8709);
#8706=COLOUR_RGB('Steel - Satin',0.627450980392157,0.627450980392157,0.627450980392157);
#8707=COLOUR_RGB('Opaque(202,209,238)',0.792156862745098,0.819607843137255,
0.933333333333333);
#8708=COLOUR_RGB('Opaque(255,207,128)',1.,0.811764705882353,0.501960784313725);
#8709=COLOUR_RGB('Opaque(192,192,0)',0.752941176470588,0.752941176470588,
0.);
ENDSEC;
END-ISO-10303-21;
