ISO-10303-21;
HEADER;
/* Generated by software containing ST-Developer
 * from STEP Tools, Inc. (www.steptools.com) 
 */

FILE_DESCRIPTION(
/* description */ ('STEP AP214'),
/* implementation_level */ '2;1');

FILE_NAME(
/* name */ 'XT60_Connector.step',
/* time_stamp */ '2026-10-08T19:56:27-04:00',
/* author */ (''),
/* organization */ (''),
/* preprocessor_version */ 'ST-DEVELOPER v20.2',
/* originating_system */ 'Autodesk Translation Framework v15.15.0.0',
/* authorisation */ '');

FILE_SCHEMA (('AUTOMOTIVE_DESIGN { 1 0 10303 214 3 1 1 }'));
ENDSEC;

DATA;
#10=MECHANICAL_DESIGN_GEOMETRIC_PRESENTATION_REPRESENTATION('',(#23,#24,
#25,#26,#27,#28,#29),#6192);
#11=SHAPE_REPRESENTATION_RELATIONSHIP('SRR','None',#6199,#12);
#12=ADVANCED_BREP_SHAPE_REPRESENTATION('',(#30,#31,#32,#33,#34,#35,#36),
#6191);
#13=CONICAL_SURFACE('',#3425,1.25,0.785398163397446);
#14=CONICAL_SURFACE('',#3432,1.25,0.785398163397446);
#15=TOROIDAL_SURFACE('',#3390,1.6,0.5);
#16=TOROIDAL_SURFACE('',#3408,1.6,0.5);
#17=TOROIDAL_SURFACE('',#3410,1.6,0.5);
#18=TOROIDAL_SURFACE('',#3412,1.6,0.5);
#19=TOROIDAL_SURFACE('',#3467,1.6,0.5);
#20=TOROIDAL_SURFACE('',#3485,1.6,0.5);
#21=TOROIDAL_SURFACE('',#3487,1.6,0.5);
#22=TOROIDAL_SURFACE('',#3489,1.6,0.5);
#23=STYLED_ITEM('',(#6209),#30);
#24=STYLED_ITEM('',(#6210),#31);
#25=STYLED_ITEM('',(#6210),#32);
#26=STYLED_ITEM('',(#6211),#33);
#27=STYLED_ITEM('',(#6211),#34);
#28=STYLED_ITEM('',(#6210),#35);
#29=STYLED_ITEM('',(#6210),#36);
#30=MANIFOLD_SOLID_BREP('Body1',#3225);
#31=MANIFOLD_SOLID_BREP('Body2',#3226);
#32=MANIFOLD_SOLID_BREP('Body3',#3227);
#33=MANIFOLD_SOLID_BREP('Body4',#3228);
#34=MANIFOLD_SOLID_BREP('Body5',#3229);
#35=MANIFOLD_SOLID_BREP('Body6',#3230);
#36=MANIFOLD_SOLID_BREP('Body7',#3231);
#37=CYLINDRICAL_SURFACE('',#3299,1.45);
#38=CYLINDRICAL_SURFACE('',#3305,1.45);
#39=CYLINDRICAL_SURFACE('',#3332,1.);
#40=CYLINDRICAL_SURFACE('',#3335,1.);
#41=CYLINDRICAL_SURFACE('',#3344,1.);
#42=CYLINDRICAL_SURFACE('',#3346,0.900000000000001);
#43=CYLINDRICAL_SURFACE('',#3352,0.900000000000001);
#44=CYLINDRICAL_SURFACE('',#3359,1.);
#45=CYLINDRICAL_SURFACE('',#3360,1.);
#46=CYLINDRICAL_SURFACE('',#3364,1.);
#47=CYLINDRICAL_SURFACE('',#3365,1.);
#48=CYLINDRICAL_SURFACE('',#3393,0.750000000000001);
#49=CYLINDRICAL_SURFACE('',#3400,2.1);
#50=CYLINDRICAL_SURFACE('',#3431,1.25);
#51=CYLINDRICAL_SURFACE('',#3438,1.25);
#52=CYLINDRICAL_SURFACE('',#3470,0.750000000000001);
#53=CYLINDRICAL_SURFACE('',#3477,2.1);
#54=ELLIPSE('',#3292,26.3831780651632,5.63427401257067);
#55=ELLIPSE('',#3293,26.3831780511693,5.63427401106844);
#56=ELLIPSE('',#3339,2.2526566400017,0.959986137223411);
#57=ELLIPSE('',#3340,27.9407078066737,5.79894802403223);
#58=ELLIPSE('',#3342,28.6944076735674,5.87712708112493);
#59=B_SPLINE_SURFACE_WITH_KNOTS('',3,1,((#4630,#4631),(#4632,#4633),(#4634,
#4635),(#4636,#4637),(#4638,#4639)),.UNSPECIFIED.,.F.,.F.,.F.,(4,1,4),(2,
2),(0.775851388589106,0.809705079601294,1.),(0.,0.0359999999999999),
 .UNSPECIFIED.);
#60=B_SPLINE_SURFACE_WITH_KNOTS('',3,1,((#4645,#4646),(#4647,#4648),(#4649,
#4650),(#4651,#4652),(#4653,#4654)),.UNSPECIFIED.,.F.,.F.,.F.,(4,1,4),(2,
2),(0.,0.190294920398705,0.224148611413606),(0.,0.036),.UNSPECIFIED.);
#61=B_SPLINE_SURFACE_WITH_KNOTS('',3,1,((#4843,#4844),(#4845,#4846),(#4847,
#4848),(#4849,#4850),(#4851,#4852)),.UNSPECIFIED.,.F.,.F.,.F.,(4,1,4),(2,
2),(0.,0.190294920398705,1.),(0.,0.828124300003039),.UNSPECIFIED.);
#62=B_SPLINE_SURFACE_WITH_KNOTS('',3,1,((#4928,#4929),(#4930,#4931),(#4932,
#4933),(#4934,#4935),(#4936,#4937)),.UNSPECIFIED.,.F.,.F.,.F.,(4,1,4),(2,
2),(0.,0.809705079601294,1.),(0.,0.828124300003038),.UNSPECIFIED.);
#63=B_SPLINE_SURFACE_WITH_KNOTS('',3,3,((#5077,#5078,#5079,#5080,#5081,
#5082,#5083,#5084,#5085,#5086,#5087,#5088,#5089,#5090,#5091,#5092,#5093,
#5094,#5095,#5096,#5097,#5098,#5099,#5100,#5101),(#5102,#5103,#5104,#5105,
#5106,#5107,#5108,#5109,#5110,#5111,#5112,#5113,#5114,#5115,#5116,#5117,
#5118,#5119,#5120,#5121,#5122,#5123,#5124,#5125,#5126),(#5127,#5128,#5129,
#5130,#5131,#5132,#5133,#5134,#5135,#5136,#5137,#5138,#5139,#5140,#5141,
#5142,#5143,#5144,#5145,#5146,#5147,#5148,#5149,#5150,#5151),(#5152,#5153,
#5154,#5155,#5156,#5157,#5158,#5159,#5160,#5161,#5162,#5163,#5164,#5165,
#5166,#5167,#5168,#5169,#5170,#5171,#5172,#5173,#5174,#5175,#5176),(#5177,
#5178,#5179,#5180,#5181,#5182,#5183,#5184,#5185,#5186,#5187,#5188,#5189,
#5190,#5191,#5192,#5193,#5194,#5195,#5196,#5197,#5198,#5199,#5200,#5201),
(#5202,#5203,#5204,#5205,#5206,#5207,#5208,#5209,#5210,#5211,#5212,#5213,
#5214,#5215,#5216,#5217,#5218,#5219,#5220,#5221,#5222,#5223,#5224,#5225,
#5226),(#5227,#5228,#5229,#5230,#5231,#5232,#5233,#5234,#5235,#5236,#5237,
#5238,#5239,#5240,#5241,#5242,#5243,#5244,#5245,#5246,#5247,#5248,#5249,
#5250,#5251),(#5252,#5253,#5254,#5255,#5256,#5257,#5258,#5259,#5260,#5261,
#5262,#5263,#5264,#5265,#5266,#5267,#5268,#5269,#5270,#5271,#5272,#5273,
#5274,#5275,#5276),(#5277,#5278,#5279,#5280,#5281,#5282,#5283,#5284,#5285,
#5286,#5287,#5288,#5289,#5290,#5291,#5292,#5293,#5294,#5295,#5296,#5297,
#5298,#5299,#5300,#5301)),.UNSPECIFIED.,.F.,.F.,.F.,(4,1,1,1,1,1,4),(4,
1,1,1,1,1,1,1,1,1,1,1,1,1,1,1,1,1,1,1,1,1,4),(-0.000138545357684375,0.125,
0.25,0.5,0.75,0.875,1.),(0.732607943204077,0.734834406619873,0.736922324677984,
0.741098160794206,0.749449833026651,0.757801505259096,0.766153177491541,
0.782856521956431,0.799559866421321,0.832966555351101,0.866373244280881,
0.899779933210661,0.91648327767555,0.93318662214044,0.941538294372885,0.943626212430996,
0.945714130489108,0.94988996660533,0.954065802721553,0.958241638837775,
0.96659331107022,0.98329665553511,1.),.UNSPECIFIED.);
#64=B_SPLINE_SURFACE_WITH_KNOTS('',3,3,((#5372,#5373,#5374,#5375,#5376,
#5377,#5378,#5379,#5380,#5381,#5382,#5383,#5384,#5385,#5386,#5387,#5388,
#5389,#5390,#5391,#5392,#5393,#5394,#5395,#5396),(#5397,#5398,#5399,#5400,
#5401,#5402,#5403,#5404,#5405,#5406,#5407,#5408,#5409,#5410,#5411,#5412,
#5413,#5414,#5415,#5416,#5417,#5418,#5419,#5420,#5421),(#5422,#5423,#5424,
#5425,#5426,#5427,#5428,#5429,#5430,#5431,#5432,#5433,#5434,#5435,#5436,
#5437,#5438,#5439,#5440,#5441,#5442,#5443,#5444,#5445,#5446),(#5447,#5448,
#5449,#5450,#5451,#5452,#5453,#5454,#5455,#5456,#5457,#5458,#5459,#5460,
#5461,#5462,#5463,#5464,#5465,#5466,#5467,#5468,#5469,#5470,#5471),(#5472,
#5473,#5474,#5475,#5476,#5477,#5478,#5479,#5480,#5481,#5482,#5483,#5484,
#5485,#5486,#5487,#5488,#5489,#5490,#5491,#5492,#5493,#5494,#5495,#5496),
(#5497,#5498,#5499,#5500,#5501,#5502,#5503,#5504,#5505,#5506,#5507,#5508,
#5509,#5510,#5511,#5512,#5513,#5514,#5515,#5516,#5517,#5518,#5519,#5520,
#5521),(#5522,#5523,#5524,#5525,#5526,#5527,#5528,#5529,#5530,#5531,#5532,
#5533,#5534,#5535,#5536,#5537,#5538,#5539,#5540,#5541,#5542,#5543,#5544,
#5545,#5546),(#5547,#5548,#5549,#5550,#5551,#5552,#5553,#5554,#5555,#5556,
#5557,#5558,#5559,#5560,#5561,#5562,#5563,#5564,#5565,#5566,#5567,#5568,
#5569,#5570,#5571),(#5572,#5573,#5574,#5575,#5576,#5577,#5578,#5579,#5580,
#5581,#5582,#5583,#5584,#5585,#5586,#5587,#5588,#5589,#5590,#5591,#5592,
#5593,#5594,#5595,#5596)),.UNSPECIFIED.,.F.,.F.,.F.,(4,1,1,1,1,1,4),(4,
1,1,1,1,1,1,1,1,1,1,1,1,1,1,1,1,1,1,1,1,1,4),(-0.000138548161535027,0.125,
0.25,0.5,0.75,0.875,1.00000082856899),(0.732607940400226,0.734834406619873,
0.736922324677984,0.741098160794206,0.749449833026651,0.757801505259096,
0.766153177491541,0.782856521956431,0.799559866421321,0.832966555351101,
0.866373244280881,0.899779933210661,0.91648327767555,0.93318662214044,0.941538294372885,
0.943626212430996,0.945714130489108,0.94988996660533,0.954065802721553,
0.958241638837775,0.96659331107022,0.98329665553511,1.),.UNSPECIFIED.);
#65=B_SPLINE_CURVE_WITH_KNOTS('',3,(#4612,#4613,#4614,#4615,#4616,#4617,
#4618),.UNSPECIFIED.,.F.,.F.,(4,3,4),(-0.107498933758014,-0.0162358163393973,
0.),.UNSPECIFIED.);
#66=B_SPLINE_CURVE_WITH_KNOTS('',3,(#4622,#4623,#4624,#4625,#4626,#4627,
#4628),.UNSPECIFIED.,.F.,.F.,(4,3,4),(-0.107555204735807,-0.0913108896585925,
0.),.UNSPECIFIED.);
#67=B_SPLINE_CURVE_WITH_KNOTS('',3,(#4819,#4820,#4821,#4822,#4823,#4824,
#4825,#4826,#4827,#4828),.UNSPECIFIED.,.F.,.F.,(4,2,2,2,4),(2.29035657355048E-6,
0.038584493108637,0.058303869662981,0.068646448318,0.0803310892940735),
 .UNSPECIFIED.);
#68=B_SPLINE_CURVE_WITH_KNOTS('',3,(#4832,#4833,#4834,#4835,#4836,#4837,
#4838,#4839,#4840,#4841),.UNSPECIFIED.,.F.,.F.,(4,2,2,2,4),(2.28954157469735E-6,
0.0385845958351642,0.0583040376404855,0.0686466505188603,0.0803313301591487),
 .UNSPECIFIED.);
#69=B_SPLINE_CURVE_WITH_KNOTS('',3,(#4853,#4854,#4855,#4856),
 .UNSPECIFIED.,.F.,.F.,(4,4),(-1.,-0.224148611410894),.UNSPECIFIED.);
#70=B_SPLINE_CURVE_WITH_KNOTS('',3,(#4858,#4859,#4860,#4861),
 .UNSPECIFIED.,.F.,.F.,(4,4),(2.92433103992026E-7,1.),.UNSPECIFIED.);
#71=B_SPLINE_CURVE_WITH_KNOTS('',3,(#4863,#4864,#4865,#4866),
 .UNSPECIFIED.,.F.,.F.,(4,4),(0.,1.),.UNSPECIFIED.);
#72=B_SPLINE_CURVE_WITH_KNOTS('',3,(#4870,#4871,#4872,#4873,#4874,#4875,
#4876,#4877,#4878,#4879,#4880,#4881,#4882,#4883,#4884,#4885,#4886,#4887,
#4888,#4889,#4890,#4891,#4892,#4893,#4894,#4895,#4896,#4897,#4898,#4899,
#4900,#4901,#4902,#4903,#4904,#4905,#4906,#4907,#4908,#4909,#4910,#4911,
#4912,#4913,#4914,#4915),.UNSPECIFIED.,.F.,.F.,(4,3,3,3,3,3,3,3,3,3,3,3,
3,3,3,4),(1.6458430011483E-8,0.0798530302729039,0.164926515136456,0.250000000000009,
0.352729369532345,0.375000000000011,0.437500000000013,0.468750000000013,
0.484375000000014,0.496712029231119,0.500000000000014,0.604753876886395,
0.717448477624051,0.835314865264639,0.961341096568372,1.),.UNSPECIFIED.);
#73=B_SPLINE_CURVE_WITH_KNOTS('',3,(#4917,#4918,#4919,#4920),
 .UNSPECIFIED.,.F.,.F.,(4,4),(0.,1.),.UNSPECIFIED.);
#74=B_SPLINE_CURVE_WITH_KNOTS('',3,(#4938,#4939,#4940,#4941),
 .UNSPECIFIED.,.F.,.F.,(4,4),(-0.775851388588947,0.),.UNSPECIFIED.);
#75=B_SPLINE_CURVE_WITH_KNOTS('',3,(#4945,#4946,#4947,#4948,#4949,#4950,
#4951,#4952,#4953,#4954,#4955,#4956,#4957,#4958,#4959,#4960,#4961),
 .UNSPECIFIED.,.F.,.F.,(4,2,2,2,2,1,2,2,4),(0.,0.0625000000000071,0.125000000000014,
0.187500000000021,0.250000000000028,0.375000000000038,0.43750000000004,
0.500000000000042,1.),.UNSPECIFIED.);
#76=B_SPLINE_CURVE_WITH_KNOTS('',3,(#4963,#4964,#4965,#4966,#4967,#4968,
#4969,#4970,#4971,#4972,#4973,#4974,#4975,#4976,#4977,#4978),
 .UNSPECIFIED.,.F.,.F.,(4,3,3,3,3,4),(0.,0.0540434533201713,0.401817191468478,
0.50534951841909,0.84279969900657,1.),.UNSPECIFIED.);
#77=B_SPLINE_CURVE_WITH_KNOTS('',3,(#4980,#4981,#4982,#4983),
 .UNSPECIFIED.,.F.,.F.,(4,4),(8.17266896505748E-8,1.),.UNSPECIFIED.);
#78=B_SPLINE_CURVE_WITH_KNOTS('',3,(#4985,#4986,#4987,#4988,#4989,#4990,
#4991,#4992,#4993,#4994,#4995,#4996,#4997,#4998,#4999,#5000,#5001,#5002,
#5003,#5004,#5005,#5006,#5007,#5008,#5009,#5010,#5011,#5012,#5013,#5014,
#5015,#5016,#5017,#5018,#5019,#5020,#5021,#5022,#5023,#5024),
 .UNSPECIFIED.,.F.,.F.,(4,3,3,3,3,3,3,3,3,3,3,3,3,4),(0.,0.0510221092138081,
0.107144345562082,0.164555933041003,0.224851520374317,0.288379800314383,
0.357336461344976,0.432598686696893,0.5,0.600887903142483,0.71394845896496,
0.829411419462506,0.936081972040229,1.),.UNSPECIFIED.);
#79=B_SPLINE_CURVE_WITH_KNOTS('',3,(#5025,#5026,#5027,#5028,#5029,#5030,
#5031,#5032,#5033,#5034,#5035,#5036,#5037,#5038,#5039,#5040,#5041,#5042,
#5043,#5044,#5045,#5046,#5047,#5048,#5049,#5050,#5051,#5052,#5053,#5054,
#5055,#5056,#5057,#5058,#5059,#5060,#5061,#5062,#5063,#5064,#5065,#5066,
#5067,#5068,#5069,#5070,#5071,#5072,#5073,#5074,#5075,#5076),
 .UNSPECIFIED.,.F.,.F.,(4,3,3,3,3,3,3,3,3,3,3,3,3,3,3,3,3,4),(1.20582114195773E-7,
0.025939529077552,0.0540872606084784,0.0838038615529065,0.11527010372539,
0.149729351303642,0.185874796565369,0.223919132344948,0.25,0.316867436181608,
0.386541318979809,0.460584257735824,0.5,0.603588464715489,0.714497575459873,
0.82995065064115,0.952331609955746,0.999999999907004),.UNSPECIFIED.);
#80=B_SPLINE_CURVE_WITH_KNOTS('',3,(#5303,#5304,#5305,#5306,#5307,#5308,
#5309,#5310,#5311),.UNSPECIFIED.,.F.,.F.,(4,1,1,1,1,1,4),(0.,0.125,0.25,
0.5,0.75,0.875,1.),.UNSPECIFIED.);
#81=B_SPLINE_CURVE_WITH_KNOTS('',3,(#5312,#5313,#5314,#5315,#5316,#5317,
#5318,#5319,#5320,#5321,#5322,#5323,#5324,#5325,#5326,#5327,#5328,#5329,
#5330,#5331,#5332,#5333,#5334,#5335,#5336,#5337,#5338,#5339,#5340,#5341,
#5342,#5343,#5344,#5345,#5346,#5347,#5348,#5349,#5350,#5351,#5352,#5353,
#5354),.UNSPECIFIED.,.F.,.F.,(4,3,3,3,3,3,3,3,3,3,3,3,3,3,4),(0.,0.0100876106646247,
0.0201752213292494,0.0403504426584983,0.0807008853169965,0.121051327975495,
0.161401770633993,0.242102655950991,0.322803541267988,0.484205311901981,
0.645607082535975,0.807008853169968,0.887709738486965,0.968410623803962,
0.988399632292572),.UNSPECIFIED.);
#82=B_SPLINE_CURVE_WITH_KNOTS('',3,(#5358,#5359,#5360,#5361,#5362,#5363,
#5364,#5365,#5366,#5367,#5368,#5369,#5370,#5371),.UNSPECIFIED.,.F.,.F.,
(4,2,2,2,2,2,4),(-0.0710475666019615,-0.0630838137446397,-0.058917727540721,
-0.0532541330556518,-0.0460712707259234,-0.0346178313591721,-1.70778236552316E-7),
 .UNSPECIFIED.);
#83=B_SPLINE_CURVE_WITH_KNOTS('',3,(#5597,#5598,#5599,#5600,#5601,#5602),
 .UNSPECIFIED.,.F.,.F.,(4,2,4),(0.,0.5,1.),.UNSPECIFIED.);
#84=B_SPLINE_CURVE_WITH_KNOTS('',3,(#5688,#5689,#5690,#5691,#5692,#5693,
#5694,#5695,#5696,#5697),.UNSPECIFIED.,.F.,.F.,(4,2,2,2,4),(-0.0741776902501695,
-0.055568786381873,-0.0370121374829566,-0.0184939459684716,0.),
 .UNSPECIFIED.);
#85=B_SPLINE_CURVE_WITH_KNOTS('',3,(#5702,#5703,#5704,#5705,#5706,#5707,
#5708,#5709,#5710,#5711),.UNSPECIFIED.,.F.,.F.,(4,2,2,2,4),(-0.296901422470018,
-0.278407476501547,-0.259889284987062,-0.241332636088145,-0.222723732219849),
 .UNSPECIFIED.);
#86=B_SPLINE_CURVE_WITH_KNOTS('',3,(#5731,#5732,#5733,#5734,#5735,#5736,
#5737,#5738,#5739,#5740),.UNSPECIFIED.,.F.,.F.,(4,2,2,2,4),(-0.0741776902501695,
-0.0555687863818729,-0.0370121374829566,-0.0184939459684717,0.),
 .UNSPECIFIED.);
#87=B_SPLINE_CURVE_WITH_KNOTS('',3,(#5745,#5746,#5747,#5748,#5749,#5750,
#5751,#5752,#5753,#5754),.UNSPECIFIED.,.F.,.F.,(4,2,2,2,4),(-0.296901422470018,
-0.278407476501547,-0.259889284987062,-0.241332636088145,-0.222723732219849),
 .UNSPECIFIED.);
#88=B_SPLINE_CURVE_WITH_KNOTS('',3,(#5774,#5775,#5776,#5777,#5778,#5779,
#5780,#5781,#5782,#5783),.UNSPECIFIED.,.F.,.F.,(4,2,2,2,4),(-0.0741776902501695,
-0.055568786381873,-0.0370121374829566,-0.0184939459684717,0.),
 .UNSPECIFIED.);
#89=B_SPLINE_CURVE_WITH_KNOTS('',3,(#5788,#5789,#5790,#5791,#5792,#5793,
#5794,#5795,#5796,#5797),.UNSPECIFIED.,.F.,.F.,(4,2,2,2,4),(-0.296901422470018,
-0.278407476501547,-0.259889284987062,-0.241332636088145,-0.222723732219849),
 .UNSPECIFIED.);
#90=B_SPLINE_CURVE_WITH_KNOTS('',3,(#5817,#5818,#5819,#5820,#5821,#5822,
#5823,#5824,#5825,#5826),.UNSPECIFIED.,.F.,.F.,(4,2,2,2,4),(-0.0741776902501696,
-0.0555687863818729,-0.0370121374829566,-0.0184939459684717,0.),
 .UNSPECIFIED.);
#91=B_SPLINE_CURVE_WITH_KNOTS('',3,(#5831,#5832,#5833,#5834,#5835,#5836,
#5837,#5838,#5839,#5840),.UNSPECIFIED.,.F.,.F.,(4,2,2,2,4),(-0.296901422470018,
-0.278407476501547,-0.259889284987062,-0.241332636088145,-0.222723732219849),
 .UNSPECIFIED.);
#92=B_SPLINE_CURVE_WITH_KNOTS('',3,(#5991,#5992,#5993,#5994,#5995,#5996,
#5997,#5998,#5999,#6000),.UNSPECIFIED.,.F.,.F.,(4,2,2,2,4),(0.222723732219848,
0.241332636088145,0.259889284987061,0.278407476501546,0.296901422470018),
 .UNSPECIFIED.);
#93=B_SPLINE_CURVE_WITH_KNOTS('',3,(#6007,#6008,#6009,#6010,#6011,#6012,
#6013,#6014,#6015,#6016),.UNSPECIFIED.,.F.,.F.,(4,2,2,2,4),(0.,0.0184939459684716,
0.0370121374829566,0.0555687863818729,0.0741776902501696),.UNSPECIFIED.);
#94=B_SPLINE_CURVE_WITH_KNOTS('',3,(#6034,#6035,#6036,#6037,#6038,#6039,
#6040,#6041,#6042,#6043),.UNSPECIFIED.,.F.,.F.,(4,2,2,2,4),(0.222723732219848,
0.241332636088145,0.259889284987061,0.278407476501546,0.296901422470018),
 .UNSPECIFIED.);
#95=B_SPLINE_CURVE_WITH_KNOTS('',3,(#6050,#6051,#6052,#6053,#6054,#6055,
#6056,#6057,#6058,#6059),.UNSPECIFIED.,.F.,.F.,(4,2,2,2,4),(0.,0.0184939459684717,
0.0370121374829566,0.055568786381873,0.0741776902501696),.UNSPECIFIED.);
#96=B_SPLINE_CURVE_WITH_KNOTS('',3,(#6077,#6078,#6079,#6080,#6081,#6082,
#6083,#6084,#6085,#6086),.UNSPECIFIED.,.F.,.F.,(4,2,2,2,4),(0.222723732219849,
0.241332636088145,0.259889284987061,0.278407476501546,0.296901422470018),
 .UNSPECIFIED.);
#97=B_SPLINE_CURVE_WITH_KNOTS('',3,(#6093,#6094,#6095,#6096,#6097,#6098,
#6099,#6100,#6101,#6102),.UNSPECIFIED.,.F.,.F.,(4,2,2,2,4),(0.,0.0184939459684717,
0.0370121374829566,0.055568786381873,0.0741776902501695),.UNSPECIFIED.);
#98=B_SPLINE_CURVE_WITH_KNOTS('',3,(#6120,#6121,#6122,#6123,#6124,#6125,
#6126,#6127,#6128,#6129),.UNSPECIFIED.,.F.,.F.,(4,2,2,2,4),(0.222723732219849,
0.241332636088145,0.259889284987062,0.278407476501547,0.296901422470018),
 .UNSPECIFIED.);
#99=B_SPLINE_CURVE_WITH_KNOTS('',3,(#6136,#6137,#6138,#6139,#6140,#6141,
#6142,#6143,#6144,#6145),.UNSPECIFIED.,.F.,.F.,(4,2,2,2,4),(0.,0.0184939459684717,
0.0370121374829566,0.055568786381873,0.0741776902501695),.UNSPECIFIED.);
#100=FACE_BOUND('',#388,.T.);
#101=FACE_BOUND('',#447,.T.);
#102=FACE_BOUND('',#449,.T.);
#103=FACE_BOUND('',#461,.T.);
#104=FACE_BOUND('',#478,.T.);
#105=FACE_BOUND('',#526,.T.);
#106=CIRCLE('',#3277,1.);
#107=CIRCLE('',#3278,1.);
#108=CIRCLE('',#3295,1.45);
#109=CIRCLE('',#3300,1.45);
#110=CIRCLE('',#3302,1.45);
#111=CIRCLE('',#3306,1.45);
#112=CIRCLE('',#3309,1.);
#113=CIRCLE('',#3312,1.);
#114=CIRCLE('',#3315,1.);
#115=CIRCLE('',#3317,1.);
#116=CIRCLE('',#3319,1.);
#117=CIRCLE('',#3321,1.);
#118=CIRCLE('',#3324,1.);
#119=CIRCLE('',#3327,1.);
#120=CIRCLE('',#3333,1.);
#121=CIRCLE('',#3334,1.);
#122=CIRCLE('',#3336,1.);
#123=CIRCLE('',#3337,1.);
#124=CIRCLE('',#3347,0.900000000000001);
#125=CIRCLE('',#3348,0.900000000000001);
#126=CIRCLE('',#3353,0.900000000000001);
#127=CIRCLE('',#3354,0.900000000000001);
#128=CIRCLE('',#3357,1.);
#129=CIRCLE('',#3358,1.);
#130=CIRCLE('',#3373,2.1);
#131=CIRCLE('',#3374,0.749999999999992);
#132=CIRCLE('',#3378,2.1);
#133=CIRCLE('',#3379,0.75);
#134=CIRCLE('',#3383,2.1);
#135=CIRCLE('',#3384,0.750000000000012);
#136=CIRCLE('',#3388,2.1);
#137=CIRCLE('',#3389,0.75);
#138=CIRCLE('',#3391,1.6);
#139=CIRCLE('',#3392,2.1);
#140=CIRCLE('',#3394,0.75);
#141=CIRCLE('',#3395,0.75);
#142=CIRCLE('',#3396,0.75);
#143=CIRCLE('',#3397,0.75);
#144=CIRCLE('',#3398,0.75);
#145=CIRCLE('',#3399,0.75);
#146=CIRCLE('',#3401,2.1);
#147=CIRCLE('',#3402,2.1);
#148=CIRCLE('',#3403,2.1);
#149=CIRCLE('',#3404,2.1);
#150=CIRCLE('',#3405,2.1);
#151=CIRCLE('',#3409,1.6);
#152=CIRCLE('',#3411,1.6);
#153=CIRCLE('',#3413,1.6);
#154=CIRCLE('',#3426,1.25);
#155=CIRCLE('',#3427,0.95);
#156=CIRCLE('',#3429,1.25);
#157=CIRCLE('',#3433,1.25);
#158=CIRCLE('',#3434,0.95);
#159=CIRCLE('',#3436,1.25);
#160=CIRCLE('',#3450,2.1);
#161=CIRCLE('',#3451,0.749999999999992);
#162=CIRCLE('',#3455,2.1);
#163=CIRCLE('',#3456,0.75);
#164=CIRCLE('',#3460,2.1);
#165=CIRCLE('',#3461,0.750000000000012);
#166=CIRCLE('',#3465,2.1);
#167=CIRCLE('',#3466,0.75);
#168=CIRCLE('',#3468,2.1);
#169=CIRCLE('',#3469,1.6);
#170=CIRCLE('',#3471,0.75);
#171=CIRCLE('',#3472,0.75);
#172=CIRCLE('',#3473,0.75);
#173=CIRCLE('',#3474,0.75);
#174=CIRCLE('',#3475,0.75);
#175=CIRCLE('',#3476,0.75);
#176=CIRCLE('',#3478,2.1);
#177=CIRCLE('',#3479,2.1);
#178=CIRCLE('',#3480,2.1);
#179=CIRCLE('',#3481,2.1);
#180=CIRCLE('',#3482,2.1);
#181=CIRCLE('',#3486,1.6);
#182=CIRCLE('',#3488,1.6);
#183=CIRCLE('',#3490,1.6);
#184=FACE_OUTER_BOUND('',#356,.T.);
#185=FACE_OUTER_BOUND('',#357,.T.);
#186=FACE_OUTER_BOUND('',#358,.T.);
#187=FACE_OUTER_BOUND('',#359,.T.);
#188=FACE_OUTER_BOUND('',#360,.T.);
#189=FACE_OUTER_BOUND('',#361,.T.);
#190=FACE_OUTER_BOUND('',#362,.T.);
#191=FACE_OUTER_BOUND('',#363,.T.);
#192=FACE_OUTER_BOUND('',#364,.T.);
#193=FACE_OUTER_BOUND('',#365,.T.);
#194=FACE_OUTER_BOUND('',#366,.T.);
#195=FACE_OUTER_BOUND('',#367,.T.);
#196=FACE_OUTER_BOUND('',#368,.T.);
#197=FACE_OUTER_BOUND('',#369,.T.);
#198=FACE_OUTER_BOUND('',#370,.T.);
#199=FACE_OUTER_BOUND('',#371,.T.);
#200=FACE_OUTER_BOUND('',#372,.T.);
#201=FACE_OUTER_BOUND('',#373,.T.);
#202=FACE_OUTER_BOUND('',#374,.T.);
#203=FACE_OUTER_BOUND('',#375,.T.);
#204=FACE_OUTER_BOUND('',#376,.T.);
#205=FACE_OUTER_BOUND('',#377,.T.);
#206=FACE_OUTER_BOUND('',#378,.T.);
#207=FACE_OUTER_BOUND('',#379,.T.);
#208=FACE_OUTER_BOUND('',#380,.T.);
#209=FACE_OUTER_BOUND('',#381,.T.);
#210=FACE_OUTER_BOUND('',#382,.T.);
#211=FACE_OUTER_BOUND('',#383,.T.);
#212=FACE_OUTER_BOUND('',#384,.T.);
#213=FACE_OUTER_BOUND('',#385,.T.);
#214=FACE_OUTER_BOUND('',#386,.T.);
#215=FACE_OUTER_BOUND('',#387,.T.);
#216=FACE_OUTER_BOUND('',#389,.T.);
#217=FACE_OUTER_BOUND('',#390,.T.);
#218=FACE_OUTER_BOUND('',#391,.T.);
#219=FACE_OUTER_BOUND('',#392,.T.);
#220=FACE_OUTER_BOUND('',#393,.T.);
#221=FACE_OUTER_BOUND('',#394,.T.);
#222=FACE_OUTER_BOUND('',#395,.T.);
#223=FACE_OUTER_BOUND('',#396,.T.);
#224=FACE_OUTER_BOUND('',#397,.T.);
#225=FACE_OUTER_BOUND('',#398,.T.);
#226=FACE_OUTER_BOUND('',#399,.T.);
#227=FACE_OUTER_BOUND('',#400,.T.);
#228=FACE_OUTER_BOUND('',#401,.T.);
#229=FACE_OUTER_BOUND('',#402,.T.);
#230=FACE_OUTER_BOUND('',#403,.T.);
#231=FACE_OUTER_BOUND('',#404,.T.);
#232=FACE_OUTER_BOUND('',#405,.T.);
#233=FACE_OUTER_BOUND('',#406,.T.);
#234=FACE_OUTER_BOUND('',#407,.T.);
#235=FACE_OUTER_BOUND('',#408,.T.);
#236=FACE_OUTER_BOUND('',#409,.T.);
#237=FACE_OUTER_BOUND('',#410,.T.);
#238=FACE_OUTER_BOUND('',#411,.T.);
#239=FACE_OUTER_BOUND('',#412,.T.);
#240=FACE_OUTER_BOUND('',#413,.T.);
#241=FACE_OUTER_BOUND('',#414,.T.);
#242=FACE_OUTER_BOUND('',#415,.T.);
#243=FACE_OUTER_BOUND('',#416,.T.);
#244=FACE_OUTER_BOUND('',#417,.T.);
#245=FACE_OUTER_BOUND('',#418,.T.);
#246=FACE_OUTER_BOUND('',#419,.T.);
#247=FACE_OUTER_BOUND('',#420,.T.);
#248=FACE_OUTER_BOUND('',#421,.T.);
#249=FACE_OUTER_BOUND('',#422,.T.);
#250=FACE_OUTER_BOUND('',#423,.T.);
#251=FACE_OUTER_BOUND('',#424,.T.);
#252=FACE_OUTER_BOUND('',#425,.T.);
#253=FACE_OUTER_BOUND('',#426,.T.);
#254=FACE_OUTER_BOUND('',#427,.T.);
#255=FACE_OUTER_BOUND('',#428,.T.);
#256=FACE_OUTER_BOUND('',#429,.T.);
#257=FACE_OUTER_BOUND('',#430,.T.);
#258=FACE_OUTER_BOUND('',#431,.T.);
#259=FACE_OUTER_BOUND('',#432,.T.);
#260=FACE_OUTER_BOUND('',#433,.T.);
#261=FACE_OUTER_BOUND('',#434,.T.);
#262=FACE_OUTER_BOUND('',#435,.T.);
#263=FACE_OUTER_BOUND('',#436,.T.);
#264=FACE_OUTER_BOUND('',#437,.T.);
#265=FACE_OUTER_BOUND('',#438,.T.);
#266=FACE_OUTER_BOUND('',#439,.T.);
#267=FACE_OUTER_BOUND('',#440,.T.);
#268=FACE_OUTER_BOUND('',#441,.T.);
#269=FACE_OUTER_BOUND('',#442,.T.);
#270=FACE_OUTER_BOUND('',#443,.T.);
#271=FACE_OUTER_BOUND('',#444,.T.);
#272=FACE_OUTER_BOUND('',#445,.T.);
#273=FACE_OUTER_BOUND('',#446,.T.);
#274=FACE_OUTER_BOUND('',#448,.T.);
#275=FACE_OUTER_BOUND('',#450,.T.);
#276=FACE_OUTER_BOUND('',#451,.T.);
#277=FACE_OUTER_BOUND('',#452,.T.);
#278=FACE_OUTER_BOUND('',#453,.T.);
#279=FACE_OUTER_BOUND('',#454,.T.);
#280=FACE_OUTER_BOUND('',#455,.T.);
#281=FACE_OUTER_BOUND('',#456,.T.);
#282=FACE_OUTER_BOUND('',#457,.T.);
#283=FACE_OUTER_BOUND('',#458,.T.);
#284=FACE_OUTER_BOUND('',#459,.T.);
#285=FACE_OUTER_BOUND('',#460,.T.);
#286=FACE_OUTER_BOUND('',#462,.T.);
#287=FACE_OUTER_BOUND('',#463,.T.);
#288=FACE_OUTER_BOUND('',#464,.T.);
#289=FACE_OUTER_BOUND('',#465,.T.);
#290=FACE_OUTER_BOUND('',#466,.T.);
#291=FACE_OUTER_BOUND('',#467,.T.);
#292=FACE_OUTER_BOUND('',#468,.T.);
#293=FACE_OUTER_BOUND('',#469,.T.);
#294=FACE_OUTER_BOUND('',#470,.T.);
#295=FACE_OUTER_BOUND('',#471,.T.);
#296=FACE_OUTER_BOUND('',#472,.T.);
#297=FACE_OUTER_BOUND('',#473,.T.);
#298=FACE_OUTER_BOUND('',#474,.T.);
#299=FACE_OUTER_BOUND('',#475,.T.);
#300=FACE_OUTER_BOUND('',#476,.T.);
#301=FACE_OUTER_BOUND('',#477,.T.);
#302=FACE_OUTER_BOUND('',#479,.T.);
#303=FACE_OUTER_BOUND('',#480,.T.);
#304=FACE_OUTER_BOUND('',#481,.T.);
#305=FACE_OUTER_BOUND('',#482,.T.);
#306=FACE_OUTER_BOUND('',#483,.T.);
#307=FACE_OUTER_BOUND('',#484,.T.);
#308=FACE_OUTER_BOUND('',#485,.T.);
#309=FACE_OUTER_BOUND('',#486,.T.);
#310=FACE_OUTER_BOUND('',#487,.T.);
#311=FACE_OUTER_BOUND('',#488,.T.);
#312=FACE_OUTER_BOUND('',#489,.T.);
#313=FACE_OUTER_BOUND('',#490,.T.);
#314=FACE_OUTER_BOUND('',#491,.T.);
#315=FACE_OUTER_BOUND('',#492,.T.);
#316=FACE_OUTER_BOUND('',#493,.T.);
#317=FACE_OUTER_BOUND('',#494,.T.);
#318=FACE_OUTER_BOUND('',#495,.T.);
#319=FACE_OUTER_BOUND('',#496,.T.);
#320=FACE_OUTER_BOUND('',#497,.T.);
#321=FACE_OUTER_BOUND('',#498,.T.);
#322=FACE_OUTER_BOUND('',#499,.T.);
#323=FACE_OUTER_BOUND('',#500,.T.);
#324=FACE_OUTER_BOUND('',#501,.T.);
#325=FACE_OUTER_BOUND('',#502,.T.);
#326=FACE_OUTER_BOUND('',#503,.T.);
#327=FACE_OUTER_BOUND('',#504,.T.);
#328=FACE_OUTER_BOUND('',#505,.T.);
#329=FACE_OUTER_BOUND('',#506,.T.);
#330=FACE_OUTER_BOUND('',#507,.T.);
#331=FACE_OUTER_BOUND('',#508,.T.);
#332=FACE_OUTER_BOUND('',#509,.T.);
#333=FACE_OUTER_BOUND('',#510,.T.);
#334=FACE_OUTER_BOUND('',#511,.T.);
#335=FACE_OUTER_BOUND('',#512,.T.);
#336=FACE_OUTER_BOUND('',#513,.T.);
#337=FACE_OUTER_BOUND('',#514,.T.);
#338=FACE_OUTER_BOUND('',#515,.T.);
#339=FACE_OUTER_BOUND('',#516,.T.);
#340=FACE_OUTER_BOUND('',#517,.T.);
#341=FACE_OUTER_BOUND('',#518,.T.);
#342=FACE_OUTER_BOUND('',#519,.T.);
#343=FACE_OUTER_BOUND('',#520,.T.);
#344=FACE_OUTER_BOUND('',#521,.T.);
#345=FACE_OUTER_BOUND('',#522,.T.);
#346=FACE_OUTER_BOUND('',#523,.T.);
#347=FACE_OUTER_BOUND('',#524,.T.);
#348=FACE_OUTER_BOUND('',#525,.T.);
#349=FACE_OUTER_BOUND('',#527,.T.);
#350=FACE_OUTER_BOUND('',#528,.T.);
#351=FACE_OUTER_BOUND('',#529,.T.);
#352=FACE_OUTER_BOUND('',#530,.T.);
#353=FACE_OUTER_BOUND('',#531,.T.);
#354=FACE_OUTER_BOUND('',#532,.T.);
#355=FACE_OUTER_BOUND('',#533,.T.);
#356=EDGE_LOOP('',(#1990,#1991,#1992,#1993));
#357=EDGE_LOOP('',(#1994,#1995,#1996,#1997));
#358=EDGE_LOOP('',(#1998,#1999,#2000));
#359=EDGE_LOOP('',(#2001,#2002,#2003));
#360=EDGE_LOOP('',(#2004,#2005,#2006,#2007));
#361=EDGE_LOOP('',(#2008,#2009,#2010,#2011));
#362=EDGE_LOOP('',(#2012,#2013,#2014,#2015));
#363=EDGE_LOOP('',(#2016,#2017,#2018,#2019));
#364=EDGE_LOOP('',(#2020,#2021,#2022,#2023));
#365=EDGE_LOOP('',(#2024,#2025,#2026,#2027));
#366=EDGE_LOOP('',(#2028,#2029,#2030,#2031));
#367=EDGE_LOOP('',(#2032,#2033,#2034,#2035));
#368=EDGE_LOOP('',(#2036,#2037,#2038,#2039));
#369=EDGE_LOOP('',(#2040,#2041,#2042,#2043));
#370=EDGE_LOOP('',(#2044,#2045,#2046,#2047));
#371=EDGE_LOOP('',(#2048,#2049,#2050,#2051));
#372=EDGE_LOOP('',(#2052,#2053,#2054,#2055));
#373=EDGE_LOOP('',(#2056,#2057,#2058,#2059));
#374=EDGE_LOOP('',(#2060,#2061,#2062,#2063));
#375=EDGE_LOOP('',(#2064,#2065,#2066,#2067));
#376=EDGE_LOOP('',(#2068,#2069,#2070,#2071,#2072,#2073,#2074,#2075,#2076,
#2077));
#377=EDGE_LOOP('',(#2078,#2079,#2080,#2081));
#378=EDGE_LOOP('',(#2082,#2083,#2084,#2085));
#379=EDGE_LOOP('',(#2086,#2087,#2088,#2089));
#380=EDGE_LOOP('',(#2090,#2091,#2092,#2093));
#381=EDGE_LOOP('',(#2094,#2095,#2096,#2097));
#382=EDGE_LOOP('',(#2098,#2099,#2100,#2101));
#383=EDGE_LOOP('',(#2102,#2103,#2104,#2105));
#384=EDGE_LOOP('',(#2106,#2107,#2108,#2109));
#385=EDGE_LOOP('',(#2110,#2111,#2112,#2113));
#386=EDGE_LOOP('',(#2114,#2115,#2116,#2117));
#387=EDGE_LOOP('',(#2118,#2119,#2120,#2121,#2122,#2123,#2124,#2125,#2126,
#2127));
#388=EDGE_LOOP('',(#2128,#2129,#2130,#2131,#2132,#2133,#2134,#2135,#2136,
#2137));
#389=EDGE_LOOP('',(#2138,#2139,#2140,#2141));
#390=EDGE_LOOP('',(#2142,#2143,#2144,#2145));
#391=EDGE_LOOP('',(#2146,#2147,#2148,#2149));
#392=EDGE_LOOP('',(#2150,#2151,#2152,#2153));
#393=EDGE_LOOP('',(#2154,#2155,#2156,#2157,#2158,#2159,#2160,#2161,#2162,
#2163,#2164,#2165));
#394=EDGE_LOOP('',(#2166,#2167,#2168,#2169));
#395=EDGE_LOOP('',(#2170,#2171,#2172,#2173));
#396=EDGE_LOOP('',(#2174,#2175,#2176,#2177));
#397=EDGE_LOOP('',(#2178,#2179,#2180,#2181,#2182,#2183,#2184,#2185,#2186,
#2187,#2188,#2189));
#398=EDGE_LOOP('',(#2190,#2191,#2192,#2193));
#399=EDGE_LOOP('',(#2194,#2195,#2196,#2197));
#400=EDGE_LOOP('',(#2198,#2199,#2200,#2201));
#401=EDGE_LOOP('',(#2202,#2203,#2204,#2205));
#402=EDGE_LOOP('',(#2206,#2207,#2208,#2209));
#403=EDGE_LOOP('',(#2210,#2211,#2212,#2213));
#404=EDGE_LOOP('',(#2214,#2215,#2216,#2217));
#405=EDGE_LOOP('',(#2218,#2219,#2220,#2221));
#406=EDGE_LOOP('',(#2222,#2223,#2224,#2225,#2226,#2227,#2228,#2229,#2230,
#2231,#2232,#2233));
#407=EDGE_LOOP('',(#2234,#2235,#2236,#2237));
#408=EDGE_LOOP('',(#2238,#2239,#2240,#2241));
#409=EDGE_LOOP('',(#2242,#2243,#2244,#2245));
#410=EDGE_LOOP('',(#2246,#2247,#2248,#2249));
#411=EDGE_LOOP('',(#2250,#2251,#2252,#2253));
#412=EDGE_LOOP('',(#2254,#2255,#2256,#2257));
#413=EDGE_LOOP('',(#2258,#2259,#2260,#2261));
#414=EDGE_LOOP('',(#2262,#2263,#2264,#2265,#2266));
#415=EDGE_LOOP('',(#2267,#2268,#2269,#2270));
#416=EDGE_LOOP('',(#2271,#2272,#2273,#2274,#2275));
#417=EDGE_LOOP('',(#2276,#2277,#2278,#2279));
#418=EDGE_LOOP('',(#2280,#2281,#2282,#2283));
#419=EDGE_LOOP('',(#2284,#2285,#2286,#2287));
#420=EDGE_LOOP('',(#2288,#2289,#2290,#2291));
#421=EDGE_LOOP('',(#2292,#2293,#2294,#2295));
#422=EDGE_LOOP('',(#2296,#2297,#2298,#2299));
#423=EDGE_LOOP('',(#2300,#2301,#2302,#2303,#2304));
#424=EDGE_LOOP('',(#2305,#2306,#2307,#2308));
#425=EDGE_LOOP('',(#2309,#2310,#2311,#2312,#2313));
#426=EDGE_LOOP('',(#2314,#2315,#2316,#2317));
#427=EDGE_LOOP('',(#2318,#2319,#2320,#2321));
#428=EDGE_LOOP('',(#2322,#2323,#2324,#2325));
#429=EDGE_LOOP('',(#2326,#2327,#2328,#2329));
#430=EDGE_LOOP('',(#2330,#2331,#2332,#2333));
#431=EDGE_LOOP('',(#2334,#2335,#2336,#2337));
#432=EDGE_LOOP('',(#2338,#2339,#2340,#2341,#2342,#2343,#2344,#2345,#2346,
#2347,#2348,#2349));
#433=EDGE_LOOP('',(#2350,#2351,#2352,#2353,#2354,#2355,#2356,#2357,#2358,
#2359));
#434=EDGE_LOOP('',(#2360,#2361,#2362,#2363,#2364,#2365));
#435=EDGE_LOOP('',(#2366,#2367,#2368,#2369,#2370,#2371,#2372,#2373,#2374,
#2375));
#436=EDGE_LOOP('',(#2376,#2377,#2378,#2379,#2380,#2381,#2382,#2383,#2384));
#437=EDGE_LOOP('',(#2385,#2386,#2387,#2388));
#438=EDGE_LOOP('',(#2389,#2390,#2391,#2392,#2393,#2394,#2395,#2396,#2397));
#439=EDGE_LOOP('',(#2398,#2399,#2400,#2401));
#440=EDGE_LOOP('',(#2402,#2403,#2404,#2405));
#441=EDGE_LOOP('',(#2406,#2407,#2408,#2409));
#442=EDGE_LOOP('',(#2410,#2411,#2412,#2413));
#443=EDGE_LOOP('',(#2414,#2415,#2416,#2417));
#444=EDGE_LOOP('',(#2418,#2419,#2420,#2421));
#445=EDGE_LOOP('',(#2422,#2423,#2424,#2425));
#446=EDGE_LOOP('',(#2426,#2427,#2428,#2429,#2430,#2431,#2432,#2433,#2434,
#2435));
#447=EDGE_LOOP('',(#2436,#2437,#2438,#2439,#2440,#2441));
#448=EDGE_LOOP('',(#2442,#2443,#2444,#2445,#2446,#2447));
#449=EDGE_LOOP('',(#2448,#2449,#2450,#2451,#2452,#2453));
#450=EDGE_LOOP('',(#2454,#2455,#2456,#2457,#2458,#2459));
#451=EDGE_LOOP('',(#2460,#2461,#2462,#2463,#2464,#2465));
#452=EDGE_LOOP('',(#2466,#2467,#2468,#2469,#2470,#2471));
#453=EDGE_LOOP('',(#2472,#2473,#2474,#2475,#2476,#2477,#2478,#2479));
#454=EDGE_LOOP('',(#2480,#2481,#2482,#2483,#2484,#2485,#2486,#2487,#2488,
#2489,#2490,#2491));
#455=EDGE_LOOP('',(#2492,#2493,#2494,#2495,#2496,#2497));
#456=EDGE_LOOP('',(#2498,#2499,#2500,#2501,#2502,#2503));
#457=EDGE_LOOP('',(#2504,#2505,#2506,#2507,#2508,#2509,#2510,#2511));
#458=EDGE_LOOP('',(#2512,#2513,#2514,#2515,#2516,#2517));
#459=EDGE_LOOP('',(#2518,#2519,#2520,#2521,#2522,#2523,#2524,#2525,#2526,
#2527,#2528,#2529,#2530,#2531,#2532,#2533,#2534,#2535,#2536,#2537));
#460=EDGE_LOOP('',(#2538,#2539,#2540,#2541,#2542,#2543,#2544,#2545,#2546,
#2547,#2548,#2549,#2550,#2551,#2552,#2553));
#461=EDGE_LOOP('',(#2554,#2555,#2556,#2557));
#462=EDGE_LOOP('',(#2558,#2559,#2560,#2561,#2562));
#463=EDGE_LOOP('',(#2563,#2564,#2565,#2566,#2567));
#464=EDGE_LOOP('',(#2568,#2569,#2570,#2571));
#465=EDGE_LOOP('',(#2572,#2573,#2574,#2575,#2576));
#466=EDGE_LOOP('',(#2577,#2578,#2579,#2580,#2581));
#467=EDGE_LOOP('',(#2582,#2583,#2584,#2585));
#468=EDGE_LOOP('',(#2586,#2587,#2588,#2589,#2590));
#469=EDGE_LOOP('',(#2591,#2592,#2593,#2594,#2595));
#470=EDGE_LOOP('',(#2596,#2597,#2598,#2599));
#471=EDGE_LOOP('',(#2600,#2601,#2602,#2603,#2604));
#472=EDGE_LOOP('',(#2605,#2606,#2607,#2608,#2609));
#473=EDGE_LOOP('',(#2610,#2611,#2612,#2613));
#474=EDGE_LOOP('',(#2614,#2615,#2616,#2617));
#475=EDGE_LOOP('',(#2618,#2619,#2620,#2621,#2622,#2623,#2624,#2625,#2626,
#2627,#2628,#2629,#2630,#2631,#2632,#2633,#2634,#2635,#2636,#2637));
#476=EDGE_LOOP('',(#2638,#2639,#2640,#2641,#2642,#2643,#2644,#2645,#2646,
#2647,#2648,#2649,#2650,#2651,#2652,#2653,#2654,#2655,#2656,#2657));
#477=EDGE_LOOP('',(#2658));
#478=EDGE_LOOP('',(#2659));
#479=EDGE_LOOP('',(#2660,#2661,#2662,#2663));
#480=EDGE_LOOP('',(#2664,#2665,#2666,#2667));
#481=EDGE_LOOP('',(#2668,#2669,#2670,#2671,#2672));
#482=EDGE_LOOP('',(#2673,#2674,#2675,#2676));
#483=EDGE_LOOP('',(#2677,#2678,#2679,#2680));
#484=EDGE_LOOP('',(#2681,#2682,#2683,#2684,#2685));
#485=EDGE_LOOP('',(#2686,#2687,#2688,#2689));
#486=EDGE_LOOP('',(#2690,#2691,#2692,#2693));
#487=EDGE_LOOP('',(#2694,#2695,#2696,#2697));
#488=EDGE_LOOP('',(#2698,#2699,#2700,#2701));
#489=EDGE_LOOP('',(#2702,#2703,#2704,#2705));
#490=EDGE_LOOP('',(#2706,#2707,#2708,#2709,#2710,#2711));
#491=EDGE_LOOP('',(#2712,#2713,#2714,#2715));
#492=EDGE_LOOP('',(#2716,#2717,#2718,#2719,#2720,#2721));
#493=EDGE_LOOP('',(#2722,#2723,#2724,#2725));
#494=EDGE_LOOP('',(#2726,#2727,#2728,#2729));
#495=EDGE_LOOP('',(#2730));
#496=EDGE_LOOP('',(#2731));
#497=EDGE_LOOP('',(#2732,#2733,#2734,#2735));
#498=EDGE_LOOP('',(#2736,#2737,#2738,#2739));
#499=EDGE_LOOP('',(#2740));
#500=EDGE_LOOP('',(#2741));
#501=EDGE_LOOP('',(#2742,#2743,#2744,#2745));
#502=EDGE_LOOP('',(#2746,#2747,#2748,#2749));
#503=EDGE_LOOP('',(#2750,#2751,#2752,#2753));
#504=EDGE_LOOP('',(#2754,#2755,#2756,#2757));
#505=EDGE_LOOP('',(#2758,#2759,#2760,#2761));
#506=EDGE_LOOP('',(#2762,#2763,#2764,#2765));
#507=EDGE_LOOP('',(#2766,#2767,#2768,#2769,#2770,#2771));
#508=EDGE_LOOP('',(#2772,#2773,#2774,#2775));
#509=EDGE_LOOP('',(#2776,#2777,#2778,#2779,#2780,#2781));
#510=EDGE_LOOP('',(#2782,#2783,#2784,#2785,#2786));
#511=EDGE_LOOP('',(#2787,#2788,#2789,#2790,#2791));
#512=EDGE_LOOP('',(#2792,#2793,#2794,#2795));
#513=EDGE_LOOP('',(#2796,#2797,#2798,#2799,#2800));
#514=EDGE_LOOP('',(#2801,#2802,#2803,#2804,#2805));
#515=EDGE_LOOP('',(#2806,#2807,#2808,#2809));
#516=EDGE_LOOP('',(#2810,#2811,#2812,#2813,#2814));
#517=EDGE_LOOP('',(#2815,#2816,#2817,#2818,#2819));
#518=EDGE_LOOP('',(#2820,#2821,#2822,#2823));
#519=EDGE_LOOP('',(#2824,#2825,#2826,#2827,#2828));
#520=EDGE_LOOP('',(#2829,#2830,#2831,#2832,#2833));
#521=EDGE_LOOP('',(#2834,#2835,#2836,#2837));
#522=EDGE_LOOP('',(#2838,#2839,#2840,#2841));
#523=EDGE_LOOP('',(#2842,#2843,#2844,#2845,#2846,#2847,#2848,#2849,#2850,
#2851,#2852,#2853,#2854,#2855,#2856,#2857,#2858,#2859,#2860,#2861));
#524=EDGE_LOOP('',(#2862,#2863,#2864,#2865,#2866,#2867,#2868,#2869,#2870,
#2871,#2872,#2873,#2874,#2875,#2876,#2877,#2878,#2879,#2880,#2881));
#525=EDGE_LOOP('',(#2882));
#526=EDGE_LOOP('',(#2883));
#527=EDGE_LOOP('',(#2884,#2885,#2886,#2887));
#528=EDGE_LOOP('',(#2888,#2889,#2890,#2891));
#529=EDGE_LOOP('',(#2892,#2893,#2894,#2895,#2896));
#530=EDGE_LOOP('',(#2897,#2898,#2899,#2900));
#531=EDGE_LOOP('',(#2901,#2902,#2903,#2904));
#532=EDGE_LOOP('',(#2905,#2906,#2907,#2908,#2909));
#533=EDGE_LOOP('',(#2910,#2911,#2912,#2913));
#534=LINE('',#4342,#878);
#535=LINE('',#4344,#879);
#536=LINE('',#4346,#880);
#537=LINE('',#4347,#881);
#538=LINE('',#4350,#882);
#539=LINE('',#4352,#883);
#540=LINE('',#4353,#884);
#541=LINE('',#4355,#885);
#542=LINE('',#4357,#886);
#543=LINE('',#4361,#887);
#544=LINE('',#4363,#888);
#545=LINE('',#4365,#889);
#546=LINE('',#4366,#890);
#547=LINE('',#4369,#891);
#548=LINE('',#4371,#892);
#549=LINE('',#4372,#893);
#550=LINE('',#4375,#894);
#551=LINE('',#4376,#895);
#552=LINE('',#4380,#896);
#553=LINE('',#4382,#897);
#554=LINE('',#4384,#898);
#555=LINE('',#4385,#899);
#556=LINE('',#4388,#900);
#557=LINE('',#4390,#901);
#558=LINE('',#4391,#902);
#559=LINE('',#4394,#903);
#560=LINE('',#4395,#904);
#561=LINE('',#4399,#905);
#562=LINE('',#4401,#906);
#563=LINE('',#4403,#907);
#564=LINE('',#4404,#908);
#565=LINE('',#4408,#909);
#566=LINE('',#4409,#910);
#567=LINE('',#4410,#911);
#568=LINE('',#4414,#912);
#569=LINE('',#4415,#913);
#570=LINE('',#4416,#914);
#571=LINE('',#4420,#915);
#572=LINE('',#4421,#916);
#573=LINE('',#4422,#917);
#574=LINE('',#4426,#918);
#575=LINE('',#4427,#919);
#576=LINE('',#4428,#920);
#577=LINE('',#4432,#921);
#578=LINE('',#4433,#922);
#579=LINE('',#4434,#923);
#580=LINE('',#4438,#924);
#581=LINE('',#4439,#925);
#582=LINE('',#4440,#926);
#583=LINE('',#4444,#927);
#584=LINE('',#4445,#928);
#585=LINE('',#4446,#929);
#586=LINE('',#4450,#930);
#587=LINE('',#4451,#931);
#588=LINE('',#4452,#932);
#589=LINE('',#4454,#933);
#590=LINE('',#4455,#934);
#591=LINE('',#4459,#935);
#592=LINE('',#4461,#936);
#593=LINE('',#4463,#937);
#594=LINE('',#4465,#938);
#595=LINE('',#4467,#939);
#596=LINE('',#4469,#940);
#597=LINE('',#4471,#941);
#598=LINE('',#4473,#942);
#599=LINE('',#4475,#943);
#600=LINE('',#4476,#944);
#601=LINE('',#4478,#945);
#602=LINE('',#4479,#946);
#603=LINE('',#4481,#947);
#604=LINE('',#4483,#948);
#605=LINE('',#4485,#949);
#606=LINE('',#4487,#950);
#607=LINE('',#4489,#951);
#608=LINE('',#4491,#952);
#609=LINE('',#4493,#953);
#610=LINE('',#4495,#954);
#611=LINE('',#4498,#955);
#612=LINE('',#4500,#956);
#613=LINE('',#4504,#957);
#614=LINE('',#4507,#958);
#615=LINE('',#4511,#959);
#616=LINE('',#4513,#960);
#617=LINE('',#4515,#961);
#618=LINE('',#4516,#962);
#619=LINE('',#4520,#963);
#620=LINE('',#4521,#964);
#621=LINE('',#4522,#965);
#622=LINE('',#4525,#966);
#623=LINE('',#4526,#967);
#624=LINE('',#4529,#968);
#625=LINE('',#4530,#969);
#626=LINE('',#4534,#970);
#627=LINE('',#4536,#971);
#628=LINE('',#4538,#972);
#629=LINE('',#4540,#973);
#630=LINE('',#4542,#974);
#631=LINE('',#4544,#975);
#632=LINE('',#4546,#976);
#633=LINE('',#4548,#977);
#634=LINE('',#4550,#978);
#635=LINE('',#4552,#979);
#636=LINE('',#4554,#980);
#637=LINE('',#4555,#981);
#638=LINE('',#4559,#982);
#639=LINE('',#4560,#983);
#640=LINE('',#4561,#984);
#641=LINE('',#4564,#985);
#642=LINE('',#4565,#986);
#643=LINE('',#4568,#987);
#644=LINE('',#4569,#988);
#645=LINE('',#4573,#989);
#646=LINE('',#4575,#990);
#647=LINE('',#4577,#991);
#648=LINE('',#4579,#992);
#649=LINE('',#4581,#993);
#650=LINE('',#4583,#994);
#651=LINE('',#4585,#995);
#652=LINE('',#4587,#996);
#653=LINE('',#4589,#997);
#654=LINE('',#4591,#998);
#655=LINE('',#4593,#999);
#656=LINE('',#4594,#1000);
#657=LINE('',#4598,#1001);
#658=LINE('',#4599,#1002);
#659=LINE('',#4600,#1003);
#660=LINE('',#4603,#1004);
#661=LINE('',#4604,#1005);
#662=LINE('',#4607,#1006);
#663=LINE('',#4608,#1007);
#664=LINE('',#4620,#1008);
#665=LINE('',#4629,#1009);
#666=LINE('',#4643,#1010);
#667=LINE('',#4644,#1011);
#668=LINE('',#4658,#1012);
#669=LINE('',#4659,#1013);
#670=LINE('',#4665,#1014);
#671=LINE('',#4667,#1015);
#672=LINE('',#4668,#1016);
#673=LINE('',#4672,#1017);
#674=LINE('',#4673,#1018);
#675=LINE('',#4674,#1019);
#676=LINE('',#4676,#1020);
#677=LINE('',#4678,#1021);
#678=LINE('',#4680,#1022);
#679=LINE('',#4682,#1023);
#680=LINE('',#4684,#1024);
#681=LINE('',#4686,#1025);
#682=LINE('',#4687,#1026);
#683=LINE('',#4690,#1027);
#684=LINE('',#4691,#1028);
#685=LINE('',#4698,#1029);
#686=LINE('',#4699,#1030);
#687=LINE('',#4702,#1031);
#688=LINE('',#4703,#1032);
#689=LINE('',#4706,#1033);
#690=LINE('',#4707,#1034);
#691=LINE('',#4713,#1035);
#692=LINE('',#4714,#1036);
#693=LINE('',#4715,#1037);
#694=LINE('',#4720,#1038);
#695=LINE('',#4721,#1039);
#696=LINE('',#4724,#1040);
#697=LINE('',#4725,#1041);
#698=LINE('',#4730,#1042);
#699=LINE('',#4731,#1043);
#700=LINE('',#4734,#1044);
#701=LINE('',#4735,#1045);
#702=LINE('',#4739,#1046);
#703=LINE('',#4743,#1047);
#704=LINE('',#4748,#1048);
#705=LINE('',#4749,#1049);
#706=LINE('',#4754,#1050);
#707=LINE('',#4755,#1051);
#708=LINE('',#4758,#1052);
#709=LINE('',#4759,#1053);
#710=LINE('',#4764,#1054);
#711=LINE('',#4765,#1055);
#712=LINE('',#4768,#1056);
#713=LINE('',#4769,#1057);
#714=LINE('',#4774,#1058);
#715=LINE('',#4775,#1059);
#716=LINE('',#4777,#1060);
#717=LINE('',#4781,#1061);
#718=LINE('',#4783,#1062);
#719=LINE('',#4785,#1063);
#720=LINE('',#4786,#1064);
#721=LINE('',#4790,#1065);
#722=LINE('',#4792,#1066);
#723=LINE('',#4794,#1067);
#724=LINE('',#4795,#1068);
#725=LINE('',#4799,#1069);
#726=LINE('',#4801,#1070);
#727=LINE('',#4803,#1071);
#728=LINE('',#4804,#1072);
#729=LINE('',#4813,#1073);
#730=LINE('',#4815,#1074);
#731=LINE('',#4817,#1075);
#732=LINE('',#4830,#1076);
#733=LINE('',#4842,#1077);
#734=LINE('',#4923,#1078);
#735=LINE('',#4926,#1079);
#736=LINE('',#4927,#1080);
#737=LINE('',#5357,#1081);
#738=LINE('',#5607,#1082);
#739=LINE('',#5609,#1083);
#740=LINE('',#5611,#1084);
#741=LINE('',#5612,#1085);
#742=LINE('',#5618,#1086);
#743=LINE('',#5621,#1087);
#744=LINE('',#5623,#1088);
#745=LINE('',#5624,#1089);
#746=LINE('',#5627,#1090);
#747=LINE('',#5629,#1091);
#748=LINE('',#5630,#1092);
#749=LINE('',#5633,#1093);
#750=LINE('',#5635,#1094);
#751=LINE('',#5636,#1095);
#752=LINE('',#5641,#1096);
#753=LINE('',#5642,#1097);
#754=LINE('',#5648,#1098);
#755=LINE('',#5652,#1099);
#756=LINE('',#5654,#1100);
#757=LINE('',#5655,#1101);
#758=LINE('',#5657,#1102);
#759=LINE('',#5658,#1103);
#760=LINE('',#5660,#1104);
#761=LINE('',#5661,#1105);
#762=LINE('',#5663,#1106);
#763=LINE('',#5664,#1107);
#764=LINE('',#5666,#1108);
#765=LINE('',#5668,#1109);
#766=LINE('',#5669,#1110);
#767=LINE('',#5671,#1111);
#768=LINE('',#5674,#1112);
#769=LINE('',#5676,#1113);
#770=LINE('',#5682,#1114);
#771=LINE('',#5684,#1115);
#772=LINE('',#5686,#1116);
#773=LINE('',#5698,#1117);
#774=LINE('',#5713,#1118);
#775=LINE('',#5715,#1119);
#776=LINE('',#5717,#1120);
#777=LINE('',#5718,#1121);
#778=LINE('',#5725,#1122);
#779=LINE('',#5727,#1123);
#780=LINE('',#5729,#1124);
#781=LINE('',#5741,#1125);
#782=LINE('',#5756,#1126);
#783=LINE('',#5758,#1127);
#784=LINE('',#5760,#1128);
#785=LINE('',#5761,#1129);
#786=LINE('',#5768,#1130);
#787=LINE('',#5770,#1131);
#788=LINE('',#5772,#1132);
#789=LINE('',#5784,#1133);
#790=LINE('',#5799,#1134);
#791=LINE('',#5801,#1135);
#792=LINE('',#5803,#1136);
#793=LINE('',#5804,#1137);
#794=LINE('',#5811,#1138);
#795=LINE('',#5813,#1139);
#796=LINE('',#5815,#1140);
#797=LINE('',#5827,#1141);
#798=LINE('',#5842,#1142);
#799=LINE('',#5844,#1143);
#800=LINE('',#5846,#1144);
#801=LINE('',#5847,#1145);
#802=LINE('',#5860,#1146);
#803=LINE('',#5868,#1147);
#804=LINE('',#5887,#1148);
#805=LINE('',#5889,#1149);
#806=LINE('',#5891,#1150);
#807=LINE('',#5892,#1151);
#808=LINE('',#5896,#1152);
#809=LINE('',#5898,#1153);
#810=LINE('',#5900,#1154);
#811=LINE('',#5901,#1155);
#812=LINE('',#5905,#1156);
#813=LINE('',#5907,#1157);
#814=LINE('',#5909,#1158);
#815=LINE('',#5910,#1159);
#816=LINE('',#5912,#1160);
#817=LINE('',#5913,#1161);
#818=LINE('',#5915,#1162);
#819=LINE('',#5916,#1163);
#820=LINE('',#5918,#1164);
#821=LINE('',#5920,#1165);
#822=LINE('',#5926,#1166);
#823=LINE('',#5933,#1167);
#824=LINE('',#5938,#1168);
#825=LINE('',#5945,#1169);
#826=LINE('',#5949,#1170);
#827=LINE('',#5951,#1171);
#828=LINE('',#5953,#1172);
#829=LINE('',#5954,#1173);
#830=LINE('',#5958,#1174);
#831=LINE('',#5960,#1175);
#832=LINE('',#5962,#1176);
#833=LINE('',#5963,#1177);
#834=LINE('',#5967,#1178);
#835=LINE('',#5969,#1179);
#836=LINE('',#5971,#1180);
#837=LINE('',#5972,#1181);
#838=LINE('',#5974,#1182);
#839=LINE('',#5975,#1183);
#840=LINE('',#5977,#1184);
#841=LINE('',#5978,#1185);
#842=LINE('',#5980,#1186);
#843=LINE('',#5982,#1187);
#844=LINE('',#5987,#1188);
#845=LINE('',#5989,#1189);
#846=LINE('',#6002,#1190);
#847=LINE('',#6003,#1191);
#848=LINE('',#6018,#1192);
#849=LINE('',#6020,#1193);
#850=LINE('',#6022,#1194);
#851=LINE('',#6023,#1195);
#852=LINE('',#6030,#1196);
#853=LINE('',#6032,#1197);
#854=LINE('',#6045,#1198);
#855=LINE('',#6046,#1199);
#856=LINE('',#6061,#1200);
#857=LINE('',#6063,#1201);
#858=LINE('',#6065,#1202);
#859=LINE('',#6066,#1203);
#860=LINE('',#6073,#1204);
#861=LINE('',#6075,#1205);
#862=LINE('',#6088,#1206);
#863=LINE('',#6089,#1207);
#864=LINE('',#6104,#1208);
#865=LINE('',#6106,#1209);
#866=LINE('',#6108,#1210);
#867=LINE('',#6109,#1211);
#868=LINE('',#6116,#1212);
#869=LINE('',#6118,#1213);
#870=LINE('',#6131,#1214);
#871=LINE('',#6132,#1215);
#872=LINE('',#6147,#1216);
#873=LINE('',#6149,#1217);
#874=LINE('',#6151,#1218);
#875=LINE('',#6152,#1219);
#876=LINE('',#6165,#1220);
#877=LINE('',#6173,#1221);
#878=VECTOR('',#3498,1000.);
#879=VECTOR('',#3499,1000.);
#880=VECTOR('',#3500,1000.);
#881=VECTOR('',#3501,1000.);
#882=VECTOR('',#3504,1000.);
#883=VECTOR('',#3505,1000.);
#884=VECTOR('',#3506,1000.);
#885=VECTOR('',#3509,1000.);
#886=VECTOR('',#3512,1000.);
#887=VECTOR('',#3515,1000.);
#888=VECTOR('',#3516,1000.);
#889=VECTOR('',#3517,1000.);
#890=VECTOR('',#3518,1000.);
#891=VECTOR('',#3521,1000.);
#892=VECTOR('',#3522,1000.);
#893=VECTOR('',#3523,1000.);
#894=VECTOR('',#3526,1000.);
#895=VECTOR('',#3527,1000.);
#896=VECTOR('',#3530,1000.);
#897=VECTOR('',#3531,1000.);
#898=VECTOR('',#3532,1000.);
#899=VECTOR('',#3533,1000.);
#900=VECTOR('',#3536,1000.);
#901=VECTOR('',#3537,1000.);
#902=VECTOR('',#3538,1000.);
#903=VECTOR('',#3541,1000.);
#904=VECTOR('',#3542,1000.);
#905=VECTOR('',#3545,1000.);
#906=VECTOR('',#3546,1000.);
#907=VECTOR('',#3547,1000.);
#908=VECTOR('',#3548,1000.);
#909=VECTOR('',#3551,1000.);
#910=VECTOR('',#3552,1000.);
#911=VECTOR('',#3553,1000.);
#912=VECTOR('',#3556,1000.);
#913=VECTOR('',#3557,1000.);
#914=VECTOR('',#3558,1000.);
#915=VECTOR('',#3561,1000.);
#916=VECTOR('',#3562,1000.);
#917=VECTOR('',#3563,1000.);
#918=VECTOR('',#3566,1000.);
#919=VECTOR('',#3567,1000.);
#920=VECTOR('',#3568,1000.);
#921=VECTOR('',#3571,1000.);
#922=VECTOR('',#3572,1000.);
#923=VECTOR('',#3573,1000.);
#924=VECTOR('',#3576,1000.);
#925=VECTOR('',#3577,1000.);
#926=VECTOR('',#3578,1000.);
#927=VECTOR('',#3581,1000.);
#928=VECTOR('',#3582,1000.);
#929=VECTOR('',#3583,1000.);
#930=VECTOR('',#3586,1000.);
#931=VECTOR('',#3587,1000.);
#932=VECTOR('',#3588,1000.);
#933=VECTOR('',#3591,1000.);
#934=VECTOR('',#3592,1000.);
#935=VECTOR('',#3595,1000.);
#936=VECTOR('',#3596,1000.);
#937=VECTOR('',#3597,1000.);
#938=VECTOR('',#3598,1000.);
#939=VECTOR('',#3599,1000.);
#940=VECTOR('',#3600,1000.);
#941=VECTOR('',#3601,1000.);
#942=VECTOR('',#3602,1000.);
#943=VECTOR('',#3603,1000.);
#944=VECTOR('',#3604,1000.);
#945=VECTOR('',#3607,1000.);
#946=VECTOR('',#3608,1000.);
#947=VECTOR('',#3611,1000.);
#948=VECTOR('',#3614,1000.);
#949=VECTOR('',#3617,1000.);
#950=VECTOR('',#3620,1000.);
#951=VECTOR('',#3623,1000.);
#952=VECTOR('',#3626,1000.);
#953=VECTOR('',#3629,1000.);
#954=VECTOR('',#3632,1000.);
#955=VECTOR('',#3637,1000.);
#956=VECTOR('',#3638,1000.);
#957=VECTOR('',#3641,1000.);
#958=VECTOR('',#3644,1000.);
#959=VECTOR('',#3647,1000.);
#960=VECTOR('',#3648,1000.);
#961=VECTOR('',#3649,1000.);
#962=VECTOR('',#3650,1000.);
#963=VECTOR('',#3653,1000.);
#964=VECTOR('',#3654,1000.);
#965=VECTOR('',#3655,1000.);
#966=VECTOR('',#3658,1000.);
#967=VECTOR('',#3659,1000.);
#968=VECTOR('',#3662,1000.);
#969=VECTOR('',#3663,1000.);
#970=VECTOR('',#3666,1000.);
#971=VECTOR('',#3667,1000.);
#972=VECTOR('',#3668,1000.);
#973=VECTOR('',#3669,1000.);
#974=VECTOR('',#3670,1000.);
#975=VECTOR('',#3671,1000.);
#976=VECTOR('',#3672,1000.);
#977=VECTOR('',#3673,1000.);
#978=VECTOR('',#3674,1000.);
#979=VECTOR('',#3675,1000.);
#980=VECTOR('',#3676,1000.);
#981=VECTOR('',#3677,1000.);
#982=VECTOR('',#3680,1000.);
#983=VECTOR('',#3681,1000.);
#984=VECTOR('',#3682,1000.);
#985=VECTOR('',#3685,1000.);
#986=VECTOR('',#3686,1000.);
#987=VECTOR('',#3689,1000.);
#988=VECTOR('',#3690,1000.);
#989=VECTOR('',#3693,1000.);
#990=VECTOR('',#3694,1000.);
#991=VECTOR('',#3695,1000.);
#992=VECTOR('',#3696,1000.);
#993=VECTOR('',#3697,1000.);
#994=VECTOR('',#3698,1000.);
#995=VECTOR('',#3699,1000.);
#996=VECTOR('',#3700,1000.);
#997=VECTOR('',#3701,1000.);
#998=VECTOR('',#3702,1000.);
#999=VECTOR('',#3703,1000.);
#1000=VECTOR('',#3704,1000.);
#1001=VECTOR('',#3707,1000.);
#1002=VECTOR('',#3708,1000.);
#1003=VECTOR('',#3709,1000.);
#1004=VECTOR('',#3712,1000.);
#1005=VECTOR('',#3713,1000.);
#1006=VECTOR('',#3716,1000.);
#1007=VECTOR('',#3717,1000.);
#1008=VECTOR('',#3720,1000.);
#1009=VECTOR('',#3721,1000.);
#1010=VECTOR('',#3724,1000.);
#1011=VECTOR('',#3725,1000.);
#1012=VECTOR('',#3728,1000.);
#1013=VECTOR('',#3729,1000.);
#1014=VECTOR('',#3734,1000.);
#1015=VECTOR('',#3735,1000.);
#1016=VECTOR('',#3736,1000.);
#1017=VECTOR('',#3739,1000.);
#1018=VECTOR('',#3740,1000.);
#1019=VECTOR('',#3741,1000.);
#1020=VECTOR('',#3744,1000.);
#1021=VECTOR('',#3745,1000.);
#1022=VECTOR('',#3746,1000.);
#1023=VECTOR('',#3747,1000.);
#1024=VECTOR('',#3748,1000.);
#1025=VECTOR('',#3749,1000.);
#1026=VECTOR('',#3750,1000.);
#1027=VECTOR('',#3753,1000.);
#1028=VECTOR('',#3754,1000.);
#1029=VECTOR('',#3763,1000.);
#1030=VECTOR('',#3764,1000.);
#1031=VECTOR('',#3767,1000.);
#1032=VECTOR('',#3768,1000.);
#1033=VECTOR('',#3771,1000.);
#1034=VECTOR('',#3772,1000.);
#1035=VECTOR('',#3779,1000.);
#1036=VECTOR('',#3780,1000.);
#1037=VECTOR('',#3781,1000.);
#1038=VECTOR('',#3786,1000.);
#1039=VECTOR('',#3787,1000.);
#1040=VECTOR('',#3790,1000.);
#1041=VECTOR('',#3791,1000.);
#1042=VECTOR('',#3796,1000.);
#1043=VECTOR('',#3797,1000.);
#1044=VECTOR('',#3800,1000.);
#1045=VECTOR('',#3801,1000.);
#1046=VECTOR('',#3806,1000.);
#1047=VECTOR('',#3811,1000.);
#1048=VECTOR('',#3816,1000.);
#1049=VECTOR('',#3817,1000.);
#1050=VECTOR('',#3822,1000.);
#1051=VECTOR('',#3823,1000.);
#1052=VECTOR('',#3826,1000.);
#1053=VECTOR('',#3827,1000.);
#1054=VECTOR('',#3832,1000.);
#1055=VECTOR('',#3833,1000.);
#1056=VECTOR('',#3836,1000.);
#1057=VECTOR('',#3837,1000.);
#1058=VECTOR('',#3842,1000.);
#1059=VECTOR('',#3843,1000.);
#1060=VECTOR('',#3846,1000.);
#1061=VECTOR('',#3849,1000.);
#1062=VECTOR('',#3850,1000.);
#1063=VECTOR('',#3851,1000.);
#1064=VECTOR('',#3852,1000.);
#1065=VECTOR('',#3855,1000.);
#1066=VECTOR('',#3856,1000.);
#1067=VECTOR('',#3857,1000.);
#1068=VECTOR('',#3858,1000.);
#1069=VECTOR('',#3861,1000.);
#1070=VECTOR('',#3862,1000.);
#1071=VECTOR('',#3863,1000.);
#1072=VECTOR('',#3864,1000.);
#1073=VECTOR('',#3879,1000.);
#1074=VECTOR('',#3880,1000.);
#1075=VECTOR('',#3881,1000.);
#1076=VECTOR('',#3882,1000.);
#1077=VECTOR('',#3883,1000.);
#1078=VECTOR('',#3888,1000.);
#1079=VECTOR('',#3891,1000.);
#1080=VECTOR('',#3892,1000.);
#1081=VECTOR('',#3897,1000.);
#1082=VECTOR('',#3902,1000.);
#1083=VECTOR('',#3903,1000.);
#1084=VECTOR('',#3904,1000.);
#1085=VECTOR('',#3905,1000.);
#1086=VECTOR('',#3912,1000.);
#1087=VECTOR('',#3915,1000.);
#1088=VECTOR('',#3916,1000.);
#1089=VECTOR('',#3917,1000.);
#1090=VECTOR('',#3920,1000.);
#1091=VECTOR('',#3921,1000.);
#1092=VECTOR('',#3922,1000.);
#1093=VECTOR('',#3925,1000.);
#1094=VECTOR('',#3926,1000.);
#1095=VECTOR('',#3927,1000.);
#1096=VECTOR('',#3936,1000.);
#1097=VECTOR('',#3937,1000.);
#1098=VECTOR('',#3942,1000.);
#1099=VECTOR('',#3945,1000.);
#1100=VECTOR('',#3946,1000.);
#1101=VECTOR('',#3947,1000.);
#1102=VECTOR('',#3950,1000.);
#1103=VECTOR('',#3951,1000.);
#1104=VECTOR('',#3954,1000.);
#1105=VECTOR('',#3955,1000.);
#1106=VECTOR('',#3958,1000.);
#1107=VECTOR('',#3959,1000.);
#1108=VECTOR('',#3962,1000.);
#1109=VECTOR('',#3965,1000.);
#1110=VECTOR('',#3966,1000.);
#1111=VECTOR('',#3969,1000.);
#1112=VECTOR('',#3974,1000.);
#1113=VECTOR('',#3977,1000.);
#1114=VECTOR('',#3984,1000.);
#1115=VECTOR('',#3985,1000.);
#1116=VECTOR('',#3986,1000.);
#1117=VECTOR('',#3987,1000.);
#1118=VECTOR('',#3990,1000.);
#1119=VECTOR('',#3991,1000.);
#1120=VECTOR('',#3992,1000.);
#1121=VECTOR('',#3993,1000.);
#1122=VECTOR('',#4002,1000.);
#1123=VECTOR('',#4003,1000.);
#1124=VECTOR('',#4004,1000.);
#1125=VECTOR('',#4005,1000.);
#1126=VECTOR('',#4008,1000.);
#1127=VECTOR('',#4009,1000.);
#1128=VECTOR('',#4010,1000.);
#1129=VECTOR('',#4011,1000.);
#1130=VECTOR('',#4020,1000.);
#1131=VECTOR('',#4021,1000.);
#1132=VECTOR('',#4022,1000.);
#1133=VECTOR('',#4023,1000.);
#1134=VECTOR('',#4026,1000.);
#1135=VECTOR('',#4027,1000.);
#1136=VECTOR('',#4028,1000.);
#1137=VECTOR('',#4029,1000.);
#1138=VECTOR('',#4038,1000.);
#1139=VECTOR('',#4039,1000.);
#1140=VECTOR('',#4040,1000.);
#1141=VECTOR('',#4041,1000.);
#1142=VECTOR('',#4044,1000.);
#1143=VECTOR('',#4045,1000.);
#1144=VECTOR('',#4046,1000.);
#1145=VECTOR('',#4047,1000.);
#1146=VECTOR('',#4068,0.750000000000001);
#1147=VECTOR('',#4079,2.1);
#1148=VECTOR('',#4112,1000.);
#1149=VECTOR('',#4113,1000.);
#1150=VECTOR('',#4114,1000.);
#1151=VECTOR('',#4115,1000.);
#1152=VECTOR('',#4118,1000.);
#1153=VECTOR('',#4119,1000.);
#1154=VECTOR('',#4120,1000.);
#1155=VECTOR('',#4121,1000.);
#1156=VECTOR('',#4124,1000.);
#1157=VECTOR('',#4125,1000.);
#1158=VECTOR('',#4126,1000.);
#1159=VECTOR('',#4127,1000.);
#1160=VECTOR('',#4130,1000.);
#1161=VECTOR('',#4131,1000.);
#1162=VECTOR('',#4134,1000.);
#1163=VECTOR('',#4135,1000.);
#1164=VECTOR('',#4138,1000.);
#1165=VECTOR('',#4141,1000.);
#1166=VECTOR('',#4148,1.25);
#1167=VECTOR('',#4159,1.25);
#1168=VECTOR('',#4164,1.25);
#1169=VECTOR('',#4175,1.25);
#1170=VECTOR('',#4178,1000.);
#1171=VECTOR('',#4179,1000.);
#1172=VECTOR('',#4180,1000.);
#1173=VECTOR('',#4181,1000.);
#1174=VECTOR('',#4184,1000.);
#1175=VECTOR('',#4185,1000.);
#1176=VECTOR('',#4186,1000.);
#1177=VECTOR('',#4187,1000.);
#1178=VECTOR('',#4190,1000.);
#1179=VECTOR('',#4191,1000.);
#1180=VECTOR('',#4192,1000.);
#1181=VECTOR('',#4193,1000.);
#1182=VECTOR('',#4196,1000.);
#1183=VECTOR('',#4197,1000.);
#1184=VECTOR('',#4200,1000.);
#1185=VECTOR('',#4201,1000.);
#1186=VECTOR('',#4204,1000.);
#1187=VECTOR('',#4207,1000.);
#1188=VECTOR('',#4212,1000.);
#1189=VECTOR('',#4213,1000.);
#1190=VECTOR('',#4214,1000.);
#1191=VECTOR('',#4215,1000.);
#1192=VECTOR('',#4218,1000.);
#1193=VECTOR('',#4219,1000.);
#1194=VECTOR('',#4220,1000.);
#1195=VECTOR('',#4221,1000.);
#1196=VECTOR('',#4230,1000.);
#1197=VECTOR('',#4231,1000.);
#1198=VECTOR('',#4232,1000.);
#1199=VECTOR('',#4233,1000.);
#1200=VECTOR('',#4236,1000.);
#1201=VECTOR('',#4237,1000.);
#1202=VECTOR('',#4238,1000.);
#1203=VECTOR('',#4239,1000.);
#1204=VECTOR('',#4248,1000.);
#1205=VECTOR('',#4249,1000.);
#1206=VECTOR('',#4250,1000.);
#1207=VECTOR('',#4251,1000.);
#1208=VECTOR('',#4254,1000.);
#1209=VECTOR('',#4255,1000.);
#1210=VECTOR('',#4256,1000.);
#1211=VECTOR('',#4257,1000.);
#1212=VECTOR('',#4266,1000.);
#1213=VECTOR('',#4267,1000.);
#1214=VECTOR('',#4268,1000.);
#1215=VECTOR('',#4269,1000.);
#1216=VECTOR('',#4272,1000.);
#1217=VECTOR('',#4273,1000.);
#1218=VECTOR('',#4274,1000.);
#1219=VECTOR('',#4275,1000.);
#1220=VECTOR('',#4296,0.750000000000001);
#1221=VECTOR('',#4307,2.1);
#1222=VERTEX_POINT('',#4340);
#1223=VERTEX_POINT('',#4341);
#1224=VERTEX_POINT('',#4343);
#1225=VERTEX_POINT('',#4345);
#1226=VERTEX_POINT('',#4349);
#1227=VERTEX_POINT('',#4351);
#1228=VERTEX_POINT('',#4359);
#1229=VERTEX_POINT('',#4360);
#1230=VERTEX_POINT('',#4362);
#1231=VERTEX_POINT('',#4364);
#1232=VERTEX_POINT('',#4368);
#1233=VERTEX_POINT('',#4370);
#1234=VERTEX_POINT('',#4374);
#1235=VERTEX_POINT('',#4378);
#1236=VERTEX_POINT('',#4379);
#1237=VERTEX_POINT('',#4381);
#1238=VERTEX_POINT('',#4383);
#1239=VERTEX_POINT('',#4387);
#1240=VERTEX_POINT('',#4389);
#1241=VERTEX_POINT('',#4393);
#1242=VERTEX_POINT('',#4397);
#1243=VERTEX_POINT('',#4398);
#1244=VERTEX_POINT('',#4400);
#1245=VERTEX_POINT('',#4402);
#1246=VERTEX_POINT('',#4406);
#1247=VERTEX_POINT('',#4407);
#1248=VERTEX_POINT('',#4412);
#1249=VERTEX_POINT('',#4413);
#1250=VERTEX_POINT('',#4418);
#1251=VERTEX_POINT('',#4419);
#1252=VERTEX_POINT('',#4424);
#1253=VERTEX_POINT('',#4425);
#1254=VERTEX_POINT('',#4430);
#1255=VERTEX_POINT('',#4431);
#1256=VERTEX_POINT('',#4436);
#1257=VERTEX_POINT('',#4437);
#1258=VERTEX_POINT('',#4442);
#1259=VERTEX_POINT('',#4443);
#1260=VERTEX_POINT('',#4448);
#1261=VERTEX_POINT('',#4449);
#1262=VERTEX_POINT('',#4457);
#1263=VERTEX_POINT('',#4458);
#1264=VERTEX_POINT('',#4460);
#1265=VERTEX_POINT('',#4462);
#1266=VERTEX_POINT('',#4464);
#1267=VERTEX_POINT('',#4466);
#1268=VERTEX_POINT('',#4468);
#1269=VERTEX_POINT('',#4470);
#1270=VERTEX_POINT('',#4472);
#1271=VERTEX_POINT('',#4474);
#1272=VERTEX_POINT('',#4499);
#1273=VERTEX_POINT('',#4501);
#1274=VERTEX_POINT('',#4503);
#1275=VERTEX_POINT('',#4505);
#1276=VERTEX_POINT('',#4509);
#1277=VERTEX_POINT('',#4510);
#1278=VERTEX_POINT('',#4512);
#1279=VERTEX_POINT('',#4514);
#1280=VERTEX_POINT('',#4518);
#1281=VERTEX_POINT('',#4519);
#1282=VERTEX_POINT('',#4524);
#1283=VERTEX_POINT('',#4528);
#1284=VERTEX_POINT('',#4532);
#1285=VERTEX_POINT('',#4533);
#1286=VERTEX_POINT('',#4535);
#1287=VERTEX_POINT('',#4537);
#1288=VERTEX_POINT('',#4539);
#1289=VERTEX_POINT('',#4541);
#1290=VERTEX_POINT('',#4543);
#1291=VERTEX_POINT('',#4545);
#1292=VERTEX_POINT('',#4547);
#1293=VERTEX_POINT('',#4549);
#1294=VERTEX_POINT('',#4551);
#1295=VERTEX_POINT('',#4553);
#1296=VERTEX_POINT('',#4557);
#1297=VERTEX_POINT('',#4558);
#1298=VERTEX_POINT('',#4563);
#1299=VERTEX_POINT('',#4567);
#1300=VERTEX_POINT('',#4571);
#1301=VERTEX_POINT('',#4572);
#1302=VERTEX_POINT('',#4574);
#1303=VERTEX_POINT('',#4576);
#1304=VERTEX_POINT('',#4578);
#1305=VERTEX_POINT('',#4580);
#1306=VERTEX_POINT('',#4582);
#1307=VERTEX_POINT('',#4584);
#1308=VERTEX_POINT('',#4586);
#1309=VERTEX_POINT('',#4588);
#1310=VERTEX_POINT('',#4590);
#1311=VERTEX_POINT('',#4592);
#1312=VERTEX_POINT('',#4596);
#1313=VERTEX_POINT('',#4597);
#1314=VERTEX_POINT('',#4602);
#1315=VERTEX_POINT('',#4606);
#1316=VERTEX_POINT('',#4610);
#1317=VERTEX_POINT('',#4611);
#1318=VERTEX_POINT('',#4619);
#1319=VERTEX_POINT('',#4621);
#1320=VERTEX_POINT('',#4640);
#1321=VERTEX_POINT('',#4641);
#1322=VERTEX_POINT('',#4655);
#1323=VERTEX_POINT('',#4656);
#1324=VERTEX_POINT('',#4661);
#1325=VERTEX_POINT('',#4662);
#1326=VERTEX_POINT('',#4664);
#1327=VERTEX_POINT('',#4666);
#1328=VERTEX_POINT('',#4670);
#1329=VERTEX_POINT('',#4671);
#1330=VERTEX_POINT('',#4677);
#1331=VERTEX_POINT('',#4679);
#1332=VERTEX_POINT('',#4681);
#1333=VERTEX_POINT('',#4683);
#1334=VERTEX_POINT('',#4685);
#1335=VERTEX_POINT('',#4689);
#1336=VERTEX_POINT('',#4695);
#1337=VERTEX_POINT('',#4696);
#1338=VERTEX_POINT('',#4701);
#1339=VERTEX_POINT('',#4705);
#1340=VERTEX_POINT('',#4711);
#1341=VERTEX_POINT('',#4712);
#1342=VERTEX_POINT('',#4717);
#1343=VERTEX_POINT('',#4719);
#1344=VERTEX_POINT('',#4723);
#1345=VERTEX_POINT('',#4727);
#1346=VERTEX_POINT('',#4728);
#1347=VERTEX_POINT('',#4733);
#1348=VERTEX_POINT('',#4737);
#1349=VERTEX_POINT('',#4741);
#1350=VERTEX_POINT('',#4745);
#1351=VERTEX_POINT('',#4746);
#1352=VERTEX_POINT('',#4751);
#1353=VERTEX_POINT('',#4752);
#1354=VERTEX_POINT('',#4757);
#1355=VERTEX_POINT('',#4761);
#1356=VERTEX_POINT('',#4763);
#1357=VERTEX_POINT('',#4767);
#1358=VERTEX_POINT('',#4771);
#1359=VERTEX_POINT('',#4772);
#1360=VERTEX_POINT('',#4779);
#1361=VERTEX_POINT('',#4780);
#1362=VERTEX_POINT('',#4782);
#1363=VERTEX_POINT('',#4784);
#1364=VERTEX_POINT('',#4788);
#1365=VERTEX_POINT('',#4789);
#1366=VERTEX_POINT('',#4791);
#1367=VERTEX_POINT('',#4793);
#1368=VERTEX_POINT('',#4797);
#1369=VERTEX_POINT('',#4798);
#1370=VERTEX_POINT('',#4800);
#1371=VERTEX_POINT('',#4802);
#1372=VERTEX_POINT('',#4812);
#1373=VERTEX_POINT('',#4814);
#1374=VERTEX_POINT('',#4816);
#1375=VERTEX_POINT('',#4818);
#1376=VERTEX_POINT('',#4829);
#1377=VERTEX_POINT('',#4831);
#1378=VERTEX_POINT('',#4857);
#1379=VERTEX_POINT('',#4862);
#1380=VERTEX_POINT('',#4867);
#1381=VERTEX_POINT('',#4869);
#1382=VERTEX_POINT('',#4916);
#1383=VERTEX_POINT('',#4921);
#1384=VERTEX_POINT('',#4925);
#1385=VERTEX_POINT('',#4942);
#1386=VERTEX_POINT('',#4944);
#1387=VERTEX_POINT('',#4962);
#1388=VERTEX_POINT('',#4979);
#1389=VERTEX_POINT('',#4984);
#1390=VERTEX_POINT('',#5302);
#1391=VERTEX_POINT('',#5356);
#1392=VERTEX_POINT('',#5605);
#1393=VERTEX_POINT('',#5606);
#1394=VERTEX_POINT('',#5608);
#1395=VERTEX_POINT('',#5610);
#1396=VERTEX_POINT('',#5614);
#1397=VERTEX_POINT('',#5616);
#1398=VERTEX_POINT('',#5620);
#1399=VERTEX_POINT('',#5622);
#1400=VERTEX_POINT('',#5626);
#1401=VERTEX_POINT('',#5628);
#1402=VERTEX_POINT('',#5632);
#1403=VERTEX_POINT('',#5634);
#1404=VERTEX_POINT('',#5644);
#1405=VERTEX_POINT('',#5645);
#1406=VERTEX_POINT('',#5647);
#1407=VERTEX_POINT('',#5649);
#1408=VERTEX_POINT('',#5651);
#1409=VERTEX_POINT('',#5653);
#1410=VERTEX_POINT('',#5680);
#1411=VERTEX_POINT('',#5681);
#1412=VERTEX_POINT('',#5683);
#1413=VERTEX_POINT('',#5685);
#1414=VERTEX_POINT('',#5687);
#1415=VERTEX_POINT('',#5700);
#1416=VERTEX_POINT('',#5701);
#1417=VERTEX_POINT('',#5712);
#1418=VERTEX_POINT('',#5714);
#1419=VERTEX_POINT('',#5716);
#1420=VERTEX_POINT('',#5723);
#1421=VERTEX_POINT('',#5724);
#1422=VERTEX_POINT('',#5726);
#1423=VERTEX_POINT('',#5728);
#1424=VERTEX_POINT('',#5730);
#1425=VERTEX_POINT('',#5743);
#1426=VERTEX_POINT('',#5744);
#1427=VERTEX_POINT('',#5755);
#1428=VERTEX_POINT('',#5757);
#1429=VERTEX_POINT('',#5759);
#1430=VERTEX_POINT('',#5766);
#1431=VERTEX_POINT('',#5767);
#1432=VERTEX_POINT('',#5769);
#1433=VERTEX_POINT('',#5771);
#1434=VERTEX_POINT('',#5773);
#1435=VERTEX_POINT('',#5786);
#1436=VERTEX_POINT('',#5787);
#1437=VERTEX_POINT('',#5798);
#1438=VERTEX_POINT('',#5800);
#1439=VERTEX_POINT('',#5802);
#1440=VERTEX_POINT('',#5809);
#1441=VERTEX_POINT('',#5810);
#1442=VERTEX_POINT('',#5812);
#1443=VERTEX_POINT('',#5814);
#1444=VERTEX_POINT('',#5816);
#1445=VERTEX_POINT('',#5829);
#1446=VERTEX_POINT('',#5830);
#1447=VERTEX_POINT('',#5841);
#1448=VERTEX_POINT('',#5843);
#1449=VERTEX_POINT('',#5845);
#1450=VERTEX_POINT('',#5857);
#1451=VERTEX_POINT('',#5859);
#1452=VERTEX_POINT('',#5865);
#1453=VERTEX_POINT('',#5867);
#1454=VERTEX_POINT('',#5885);
#1455=VERTEX_POINT('',#5886);
#1456=VERTEX_POINT('',#5888);
#1457=VERTEX_POINT('',#5890);
#1458=VERTEX_POINT('',#5894);
#1459=VERTEX_POINT('',#5895);
#1460=VERTEX_POINT('',#5897);
#1461=VERTEX_POINT('',#5899);
#1462=VERTEX_POINT('',#5903);
#1463=VERTEX_POINT('',#5904);
#1464=VERTEX_POINT('',#5906);
#1465=VERTEX_POINT('',#5908);
#1466=VERTEX_POINT('',#5923);
#1467=VERTEX_POINT('',#5925);
#1468=VERTEX_POINT('',#5929);
#1469=VERTEX_POINT('',#5935);
#1470=VERTEX_POINT('',#5937);
#1471=VERTEX_POINT('',#5941);
#1472=VERTEX_POINT('',#5947);
#1473=VERTEX_POINT('',#5948);
#1474=VERTEX_POINT('',#5950);
#1475=VERTEX_POINT('',#5952);
#1476=VERTEX_POINT('',#5956);
#1477=VERTEX_POINT('',#5957);
#1478=VERTEX_POINT('',#5959);
#1479=VERTEX_POINT('',#5961);
#1480=VERTEX_POINT('',#5965);
#1481=VERTEX_POINT('',#5966);
#1482=VERTEX_POINT('',#5968);
#1483=VERTEX_POINT('',#5970);
#1484=VERTEX_POINT('',#5985);
#1485=VERTEX_POINT('',#5986);
#1486=VERTEX_POINT('',#5988);
#1487=VERTEX_POINT('',#5990);
#1488=VERTEX_POINT('',#6001);
#1489=VERTEX_POINT('',#6005);
#1490=VERTEX_POINT('',#6006);
#1491=VERTEX_POINT('',#6017);
#1492=VERTEX_POINT('',#6019);
#1493=VERTEX_POINT('',#6021);
#1494=VERTEX_POINT('',#6028);
#1495=VERTEX_POINT('',#6029);
#1496=VERTEX_POINT('',#6031);
#1497=VERTEX_POINT('',#6033);
#1498=VERTEX_POINT('',#6044);
#1499=VERTEX_POINT('',#6048);
#1500=VERTEX_POINT('',#6049);
#1501=VERTEX_POINT('',#6060);
#1502=VERTEX_POINT('',#6062);
#1503=VERTEX_POINT('',#6064);
#1504=VERTEX_POINT('',#6071);
#1505=VERTEX_POINT('',#6072);
#1506=VERTEX_POINT('',#6074);
#1507=VERTEX_POINT('',#6076);
#1508=VERTEX_POINT('',#6087);
#1509=VERTEX_POINT('',#6091);
#1510=VERTEX_POINT('',#6092);
#1511=VERTEX_POINT('',#6103);
#1512=VERTEX_POINT('',#6105);
#1513=VERTEX_POINT('',#6107);
#1514=VERTEX_POINT('',#6114);
#1515=VERTEX_POINT('',#6115);
#1516=VERTEX_POINT('',#6117);
#1517=VERTEX_POINT('',#6119);
#1518=VERTEX_POINT('',#6130);
#1519=VERTEX_POINT('',#6134);
#1520=VERTEX_POINT('',#6135);
#1521=VERTEX_POINT('',#6146);
#1522=VERTEX_POINT('',#6148);
#1523=VERTEX_POINT('',#6150);
#1524=VERTEX_POINT('',#6162);
#1525=VERTEX_POINT('',#6164);
#1526=VERTEX_POINT('',#6170);
#1527=VERTEX_POINT('',#6172);
#1528=EDGE_CURVE('',#1222,#1223,#534,.T.);
#1529=EDGE_CURVE('',#1224,#1222,#535,.T.);
#1530=EDGE_CURVE('',#1224,#1225,#536,.T.);
#1531=EDGE_CURVE('',#1223,#1225,#537,.T.);
#1532=EDGE_CURVE('',#1223,#1226,#538,.T.);
#1533=EDGE_CURVE('',#1226,#1227,#539,.T.);
#1534=EDGE_CURVE('',#1222,#1227,#540,.T.);
#1535=EDGE_CURVE('',#1225,#1226,#541,.T.);
#1536=EDGE_CURVE('',#1227,#1224,#542,.T.);
#1537=EDGE_CURVE('',#1228,#1229,#543,.T.);
#1538=EDGE_CURVE('',#1230,#1228,#544,.T.);
#1539=EDGE_CURVE('',#1231,#1230,#545,.T.);
#1540=EDGE_CURVE('',#1229,#1231,#546,.T.);
#1541=EDGE_CURVE('',#1230,#1232,#547,.T.);
#1542=EDGE_CURVE('',#1228,#1233,#548,.T.);
#1543=EDGE_CURVE('',#1233,#1232,#549,.T.);
#1544=EDGE_CURVE('',#1231,#1234,#550,.T.);
#1545=EDGE_CURVE('',#1232,#1234,#551,.T.);
#1546=EDGE_CURVE('',#1235,#1236,#552,.T.);
#1547=EDGE_CURVE('',#1237,#1235,#553,.T.);
#1548=EDGE_CURVE('',#1238,#1237,#554,.T.);
#1549=EDGE_CURVE('',#1236,#1238,#555,.T.);
#1550=EDGE_CURVE('',#1237,#1239,#556,.T.);
#1551=EDGE_CURVE('',#1235,#1240,#557,.T.);
#1552=EDGE_CURVE('',#1240,#1239,#558,.T.);
#1553=EDGE_CURVE('',#1238,#1241,#559,.T.);
#1554=EDGE_CURVE('',#1239,#1241,#560,.T.);
#1555=EDGE_CURVE('',#1242,#1243,#561,.T.);
#1556=EDGE_CURVE('',#1244,#1243,#562,.T.);
#1557=EDGE_CURVE('',#1244,#1245,#563,.T.);
#1558=EDGE_CURVE('',#1242,#1245,#564,.T.);
#1559=EDGE_CURVE('',#1246,#1247,#565,.T.);
#1560=EDGE_CURVE('',#1245,#1247,#566,.T.);
#1561=EDGE_CURVE('',#1246,#1244,#567,.T.);
#1562=EDGE_CURVE('',#1248,#1249,#568,.T.);
#1563=EDGE_CURVE('',#1243,#1249,#569,.T.);
#1564=EDGE_CURVE('',#1248,#1242,#570,.T.);
#1565=EDGE_CURVE('',#1250,#1251,#571,.T.);
#1566=EDGE_CURVE('',#1247,#1251,#572,.T.);
#1567=EDGE_CURVE('',#1250,#1246,#573,.T.);
#1568=EDGE_CURVE('',#1252,#1253,#574,.T.);
#1569=EDGE_CURVE('',#1249,#1253,#575,.T.);
#1570=EDGE_CURVE('',#1252,#1248,#576,.T.);
#1571=EDGE_CURVE('',#1254,#1255,#577,.T.);
#1572=EDGE_CURVE('',#1251,#1255,#578,.T.);
#1573=EDGE_CURVE('',#1254,#1250,#579,.T.);
#1574=EDGE_CURVE('',#1256,#1257,#580,.T.);
#1575=EDGE_CURVE('',#1253,#1257,#581,.T.);
#1576=EDGE_CURVE('',#1256,#1252,#582,.T.);
#1577=EDGE_CURVE('',#1258,#1259,#583,.T.);
#1578=EDGE_CURVE('',#1255,#1259,#584,.T.);
#1579=EDGE_CURVE('',#1258,#1254,#585,.T.);
#1580=EDGE_CURVE('',#1260,#1261,#586,.T.);
#1581=EDGE_CURVE('',#1257,#1261,#587,.T.);
#1582=EDGE_CURVE('',#1260,#1256,#588,.T.);
#1583=EDGE_CURVE('',#1261,#1258,#589,.T.);
#1584=EDGE_CURVE('',#1259,#1260,#590,.T.);
#1585=EDGE_CURVE('',#1262,#1263,#591,.T.);
#1586=EDGE_CURVE('',#1263,#1264,#592,.T.);
#1587=EDGE_CURVE('',#1264,#1265,#593,.T.);
#1588=EDGE_CURVE('',#1265,#1266,#594,.T.);
#1589=EDGE_CURVE('',#1266,#1267,#595,.T.);
#1590=EDGE_CURVE('',#1267,#1268,#596,.T.);
#1591=EDGE_CURVE('',#1268,#1269,#597,.T.);
#1592=EDGE_CURVE('',#1269,#1270,#598,.T.);
#1593=EDGE_CURVE('',#1270,#1271,#599,.T.);
#1594=EDGE_CURVE('',#1271,#1262,#600,.T.);
#1595=EDGE_CURVE('',#1263,#1259,#601,.T.);
#1596=EDGE_CURVE('',#1264,#1260,#602,.T.);
#1597=EDGE_CURVE('',#1265,#1256,#603,.T.);
#1598=EDGE_CURVE('',#1266,#1252,#604,.T.);
#1599=EDGE_CURVE('',#1267,#1248,#605,.T.);
#1600=EDGE_CURVE('',#1268,#1242,#606,.T.);
#1601=EDGE_CURVE('',#1269,#1245,#607,.T.);
#1602=EDGE_CURVE('',#1270,#1247,#608,.T.);
#1603=EDGE_CURVE('',#1271,#1251,#609,.T.);
#1604=EDGE_CURVE('',#1262,#1255,#610,.T.);
#1605=EDGE_CURVE('',#1240,#1234,#611,.T.);
#1606=EDGE_CURVE('',#1272,#1236,#612,.T.);
#1607=EDGE_CURVE('',#1273,#1272,#106,.T.);
#1608=EDGE_CURVE('',#1274,#1273,#613,.T.);
#1609=EDGE_CURVE('',#1275,#1274,#107,.T.);
#1610=EDGE_CURVE('',#1229,#1275,#614,.T.);
#1611=EDGE_CURVE('',#1276,#1277,#615,.T.);
#1612=EDGE_CURVE('',#1277,#1278,#616,.T.);
#1613=EDGE_CURVE('',#1278,#1279,#617,.T.);
#1614=EDGE_CURVE('',#1279,#1276,#618,.T.);
#1615=EDGE_CURVE('',#1280,#1281,#619,.T.);
#1616=EDGE_CURVE('',#1279,#1281,#620,.T.);
#1617=EDGE_CURVE('',#1278,#1280,#621,.T.);
#1618=EDGE_CURVE('',#1282,#1280,#622,.T.);
#1619=EDGE_CURVE('',#1277,#1282,#623,.T.);
#1620=EDGE_CURVE('',#1283,#1282,#624,.T.);
#1621=EDGE_CURVE('',#1276,#1283,#625,.T.);
#1622=EDGE_CURVE('',#1284,#1285,#626,.T.);
#1623=EDGE_CURVE('',#1285,#1286,#627,.T.);
#1624=EDGE_CURVE('',#1286,#1287,#628,.T.);
#1625=EDGE_CURVE('',#1287,#1288,#629,.T.);
#1626=EDGE_CURVE('',#1288,#1289,#630,.T.);
#1627=EDGE_CURVE('',#1289,#1290,#631,.T.);
#1628=EDGE_CURVE('',#1290,#1291,#632,.T.);
#1629=EDGE_CURVE('',#1291,#1292,#633,.T.);
#1630=EDGE_CURVE('',#1292,#1293,#634,.T.);
#1631=EDGE_CURVE('',#1293,#1294,#635,.T.);
#1632=EDGE_CURVE('',#1294,#1295,#636,.T.);
#1633=EDGE_CURVE('',#1295,#1284,#637,.T.);
#1634=EDGE_CURVE('',#1296,#1297,#638,.T.);
#1635=EDGE_CURVE('',#1294,#1297,#639,.T.);
#1636=EDGE_CURVE('',#1293,#1296,#640,.T.);
#1637=EDGE_CURVE('',#1298,#1296,#641,.T.);
#1638=EDGE_CURVE('',#1292,#1298,#642,.T.);
#1639=EDGE_CURVE('',#1299,#1298,#643,.T.);
#1640=EDGE_CURVE('',#1291,#1299,#644,.T.);
#1641=EDGE_CURVE('',#1300,#1301,#645,.T.);
#1642=EDGE_CURVE('',#1301,#1302,#646,.T.);
#1643=EDGE_CURVE('',#1302,#1303,#647,.T.);
#1644=EDGE_CURVE('',#1303,#1304,#648,.T.);
#1645=EDGE_CURVE('',#1304,#1305,#649,.T.);
#1646=EDGE_CURVE('',#1305,#1306,#650,.T.);
#1647=EDGE_CURVE('',#1306,#1307,#651,.T.);
#1648=EDGE_CURVE('',#1307,#1308,#652,.T.);
#1649=EDGE_CURVE('',#1308,#1309,#653,.T.);
#1650=EDGE_CURVE('',#1309,#1310,#654,.T.);
#1651=EDGE_CURVE('',#1310,#1311,#655,.T.);
#1652=EDGE_CURVE('',#1311,#1300,#656,.T.);
#1653=EDGE_CURVE('',#1312,#1313,#657,.T.);
#1654=EDGE_CURVE('',#1308,#1313,#658,.T.);
#1655=EDGE_CURVE('',#1307,#1312,#659,.T.);
#1656=EDGE_CURVE('',#1314,#1312,#660,.T.);
#1657=EDGE_CURVE('',#1306,#1314,#661,.T.);
#1658=EDGE_CURVE('',#1315,#1314,#662,.T.);
#1659=EDGE_CURVE('',#1305,#1315,#663,.T.);
#1660=EDGE_CURVE('',#1316,#1317,#65,.T.);
#1661=EDGE_CURVE('',#1317,#1318,#664,.T.);
#1662=EDGE_CURVE('',#1318,#1319,#66,.T.);
#1663=EDGE_CURVE('',#1319,#1316,#665,.T.);
#1664=EDGE_CURVE('',#1320,#1321,#54,.T.);
#1665=EDGE_CURVE('',#1319,#1321,#666,.T.);
#1666=EDGE_CURVE('',#1318,#1320,#667,.T.);
#1667=EDGE_CURVE('',#1322,#1323,#55,.T.);
#1668=EDGE_CURVE('',#1317,#1323,#668,.T.);
#1669=EDGE_CURVE('',#1316,#1322,#669,.T.);
#1670=EDGE_CURVE('',#1324,#1325,#108,.T.);
#1671=EDGE_CURVE('',#1325,#1326,#670,.T.);
#1672=EDGE_CURVE('',#1326,#1327,#671,.T.);
#1673=EDGE_CURVE('',#1327,#1324,#672,.T.);
#1674=EDGE_CURVE('',#1328,#1329,#673,.T.);
#1675=EDGE_CURVE('',#1326,#1329,#674,.T.);
#1676=EDGE_CURVE('',#1325,#1328,#675,.T.);
#1677=EDGE_CURVE('',#1329,#1320,#676,.T.);
#1678=EDGE_CURVE('',#1323,#1330,#677,.T.);
#1679=EDGE_CURVE('',#1331,#1330,#678,.T.);
#1680=EDGE_CURVE('',#1332,#1331,#679,.T.);
#1681=EDGE_CURVE('',#1332,#1333,#680,.T.);
#1682=EDGE_CURVE('',#1333,#1334,#681,.T.);
#1683=EDGE_CURVE('',#1327,#1334,#682,.T.);
#1684=EDGE_CURVE('',#1334,#1335,#683,.T.);
#1685=EDGE_CURVE('',#1324,#1335,#684,.T.);
#1686=EDGE_CURVE('',#1335,#1328,#109,.T.);
#1687=EDGE_CURVE('',#1336,#1337,#110,.T.);
#1688=EDGE_CURVE('',#1337,#1332,#685,.T.);
#1689=EDGE_CURVE('',#1331,#1336,#686,.T.);
#1690=EDGE_CURVE('',#1338,#1333,#687,.T.);
#1691=EDGE_CURVE('',#1337,#1338,#688,.T.);
#1692=EDGE_CURVE('',#1330,#1339,#689,.T.);
#1693=EDGE_CURVE('',#1336,#1339,#690,.T.);
#1694=EDGE_CURVE('',#1339,#1338,#111,.T.);
#1695=EDGE_CURVE('',#1340,#1341,#691,.T.);
#1696=EDGE_CURVE('',#1311,#1341,#692,.T.);
#1697=EDGE_CURVE('',#1310,#1340,#693,.T.);
#1698=EDGE_CURVE('',#1341,#1342,#112,.T.);
#1699=EDGE_CURVE('',#1342,#1343,#694,.T.);
#1700=EDGE_CURVE('',#1300,#1343,#695,.T.);
#1701=EDGE_CURVE('',#1343,#1344,#696,.T.);
#1702=EDGE_CURVE('',#1301,#1344,#697,.T.);
#1703=EDGE_CURVE('',#1345,#1346,#113,.T.);
#1704=EDGE_CURVE('',#1302,#1346,#698,.T.);
#1705=EDGE_CURVE('',#1344,#1345,#699,.T.);
#1706=EDGE_CURVE('',#1346,#1347,#700,.T.);
#1707=EDGE_CURVE('',#1303,#1347,#701,.T.);
#1708=EDGE_CURVE('',#1347,#1348,#114,.T.);
#1709=EDGE_CURVE('',#1304,#1348,#702,.T.);
#1710=EDGE_CURVE('',#1349,#1340,#115,.T.);
#1711=EDGE_CURVE('',#1309,#1349,#703,.T.);
#1712=EDGE_CURVE('',#1350,#1351,#116,.T.);
#1713=EDGE_CURVE('',#1290,#1351,#704,.T.);
#1714=EDGE_CURVE('',#1289,#1350,#705,.T.);
#1715=EDGE_CURVE('',#1352,#1353,#117,.T.);
#1716=EDGE_CURVE('',#1284,#1353,#706,.T.);
#1717=EDGE_CURVE('',#1295,#1352,#707,.T.);
#1718=EDGE_CURVE('',#1353,#1354,#708,.T.);
#1719=EDGE_CURVE('',#1285,#1354,#709,.T.);
#1720=EDGE_CURVE('',#1354,#1355,#118,.T.);
#1721=EDGE_CURVE('',#1355,#1356,#710,.T.);
#1722=EDGE_CURVE('',#1286,#1356,#711,.T.);
#1723=EDGE_CURVE('',#1356,#1357,#712,.T.);
#1724=EDGE_CURVE('',#1287,#1357,#713,.T.);
#1725=EDGE_CURVE('',#1358,#1359,#119,.T.);
#1726=EDGE_CURVE('',#1288,#1359,#714,.T.);
#1727=EDGE_CURVE('',#1357,#1358,#715,.T.);
#1728=EDGE_CURVE('',#1359,#1350,#716,.T.);
#1729=EDGE_CURVE('',#1360,#1361,#717,.T.);
#1730=EDGE_CURVE('',#1361,#1362,#718,.T.);
#1731=EDGE_CURVE('',#1362,#1363,#719,.T.);
#1732=EDGE_CURVE('',#1363,#1360,#720,.T.);
#1733=EDGE_CURVE('',#1364,#1365,#721,.T.);
#1734=EDGE_CURVE('',#1366,#1365,#722,.T.);
#1735=EDGE_CURVE('',#1366,#1367,#723,.T.);
#1736=EDGE_CURVE('',#1367,#1364,#724,.T.);
#1737=EDGE_CURVE('',#1368,#1369,#725,.T.);
#1738=EDGE_CURVE('',#1369,#1370,#726,.T.);
#1739=EDGE_CURVE('',#1371,#1370,#727,.T.);
#1740=EDGE_CURVE('',#1368,#1371,#728,.T.);
#1741=EDGE_CURVE('',#1369,#1360,#120,.T.);
#1742=EDGE_CURVE('',#1370,#1363,#121,.T.);
#1743=EDGE_CURVE('',#1361,#1364,#122,.T.);
#1744=EDGE_CURVE('',#1362,#1367,#123,.T.);
#1745=EDGE_CURVE('',#1371,#1372,#729,.T.);
#1746=EDGE_CURVE('',#1373,#1366,#730,.T.);
#1747=EDGE_CURVE('',#1373,#1374,#731,.T.);
#1748=EDGE_CURVE('',#1374,#1375,#67,.T.);
#1749=EDGE_CURVE('',#1375,#1376,#732,.T.);
#1750=EDGE_CURVE('',#1377,#1376,#68,.T.);
#1751=EDGE_CURVE('',#1372,#1377,#733,.T.);
#1752=EDGE_CURVE('',#1372,#1320,#69,.T.);
#1753=EDGE_CURVE('',#1377,#1378,#70,.T.);
#1754=EDGE_CURVE('',#1378,#1379,#71,.T.);
#1755=EDGE_CURVE('',#1379,#1380,#56,.T.);
#1756=EDGE_CURVE('',#1381,#1380,#72,.T.);
#1757=EDGE_CURVE('',#1382,#1381,#73,.T.);
#1758=EDGE_CURVE('',#1383,#1382,#57,.T.);
#1759=EDGE_CURVE('',#1321,#1383,#734,.T.);
#1760=EDGE_CURVE('',#1322,#1384,#735,.T.);
#1761=EDGE_CURVE('',#1383,#1384,#736,.T.);
#1762=EDGE_CURVE('',#1323,#1373,#74,.T.);
#1763=EDGE_CURVE('',#1384,#1385,#58,.T.);
#1764=EDGE_CURVE('',#1385,#1386,#75,.T.);
#1765=EDGE_CURVE('',#1386,#1387,#76,.T.);
#1766=EDGE_CURVE('',#1388,#1387,#77,.T.);
#1767=EDGE_CURVE('',#1389,#1388,#78,.T.);
#1768=EDGE_CURVE('',#1374,#1389,#79,.T.);
#1769=EDGE_CURVE('',#1384,#1390,#80,.T.);
#1770=EDGE_CURVE('',#1390,#1375,#81,.T.);
#1771=EDGE_CURVE('',#1391,#1390,#737,.T.);
#1772=EDGE_CURVE('',#1391,#1376,#82,.T.);
#1773=EDGE_CURVE('',#1383,#1391,#83,.T.);
#1774=EDGE_CURVE('',#1392,#1393,#738,.T.);
#1775=EDGE_CURVE('',#1394,#1392,#739,.T.);
#1776=EDGE_CURVE('',#1394,#1395,#740,.T.);
#1777=EDGE_CURVE('',#1395,#1393,#741,.T.);
#1778=EDGE_CURVE('',#1393,#1396,#124,.T.);
#1779=EDGE_CURVE('',#1395,#1397,#125,.T.);
#1780=EDGE_CURVE('',#1397,#1396,#742,.T.);
#1781=EDGE_CURVE('',#1396,#1398,#743,.T.);
#1782=EDGE_CURVE('',#1397,#1399,#744,.T.);
#1783=EDGE_CURVE('',#1399,#1398,#745,.T.);
#1784=EDGE_CURVE('',#1398,#1400,#746,.T.);
#1785=EDGE_CURVE('',#1399,#1401,#747,.T.);
#1786=EDGE_CURVE('',#1401,#1400,#748,.T.);
#1787=EDGE_CURVE('',#1400,#1402,#749,.T.);
#1788=EDGE_CURVE('',#1401,#1403,#750,.T.);
#1789=EDGE_CURVE('',#1403,#1402,#751,.T.);
#1790=EDGE_CURVE('',#1402,#1392,#126,.T.);
#1791=EDGE_CURVE('',#1403,#1394,#127,.T.);
#1792=EDGE_CURVE('',#1283,#1368,#752,.T.);
#1793=EDGE_CURVE('',#1365,#1281,#753,.T.);
#1794=EDGE_CURVE('',#1404,#1405,#128,.T.);
#1795=EDGE_CURVE('',#1405,#1406,#754,.T.);
#1796=EDGE_CURVE('',#1406,#1407,#129,.T.);
#1797=EDGE_CURVE('',#1407,#1408,#755,.T.);
#1798=EDGE_CURVE('',#1408,#1409,#756,.T.);
#1799=EDGE_CURVE('',#1409,#1404,#757,.T.);
#1800=EDGE_CURVE('',#1273,#1358,#758,.T.);
#1801=EDGE_CURVE('',#1351,#1272,#759,.T.);
#1802=EDGE_CURVE('',#1275,#1349,#760,.T.);
#1803=EDGE_CURVE('',#1342,#1274,#761,.T.);
#1804=EDGE_CURVE('',#1348,#1404,#762,.T.);
#1805=EDGE_CURVE('',#1315,#1409,#763,.T.);
#1806=EDGE_CURVE('',#1299,#1241,#764,.T.);
#1807=EDGE_CURVE('',#1355,#1406,#765,.T.);
#1808=EDGE_CURVE('',#1405,#1345,#766,.T.);
#1809=EDGE_CURVE('',#1407,#1352,#767,.T.);
#1810=EDGE_CURVE('',#1233,#1313,#768,.T.);
#1811=EDGE_CURVE('',#1408,#1297,#769,.T.);
#1812=EDGE_CURVE('',#1410,#1411,#770,.T.);
#1813=EDGE_CURVE('',#1410,#1412,#771,.T.);
#1814=EDGE_CURVE('',#1412,#1413,#772,.T.);
#1815=EDGE_CURVE('',#1413,#1414,#84,.T.);
#1816=EDGE_CURVE('',#1411,#1414,#773,.T.);
#1817=EDGE_CURVE('',#1415,#1416,#85,.T.);
#1818=EDGE_CURVE('',#1416,#1417,#774,.T.);
#1819=EDGE_CURVE('',#1418,#1417,#775,.T.);
#1820=EDGE_CURVE('',#1419,#1418,#776,.T.);
#1821=EDGE_CURVE('',#1415,#1419,#777,.T.);
#1822=EDGE_CURVE('',#1411,#1419,#130,.T.);
#1823=EDGE_CURVE('',#1418,#1410,#131,.T.);
#1824=EDGE_CURVE('',#1420,#1421,#778,.T.);
#1825=EDGE_CURVE('',#1420,#1422,#779,.T.);
#1826=EDGE_CURVE('',#1422,#1423,#780,.T.);
#1827=EDGE_CURVE('',#1423,#1424,#86,.T.);
#1828=EDGE_CURVE('',#1421,#1424,#781,.T.);
#1829=EDGE_CURVE('',#1425,#1426,#87,.T.);
#1830=EDGE_CURVE('',#1426,#1427,#782,.T.);
#1831=EDGE_CURVE('',#1428,#1427,#783,.T.);
#1832=EDGE_CURVE('',#1429,#1428,#784,.T.);
#1833=EDGE_CURVE('',#1425,#1429,#785,.T.);
#1834=EDGE_CURVE('',#1421,#1429,#132,.T.);
#1835=EDGE_CURVE('',#1428,#1420,#133,.T.);
#1836=EDGE_CURVE('',#1430,#1431,#786,.T.);
#1837=EDGE_CURVE('',#1430,#1432,#787,.T.);
#1838=EDGE_CURVE('',#1432,#1433,#788,.T.);
#1839=EDGE_CURVE('',#1433,#1434,#88,.T.);
#1840=EDGE_CURVE('',#1431,#1434,#789,.T.);
#1841=EDGE_CURVE('',#1435,#1436,#89,.T.);
#1842=EDGE_CURVE('',#1436,#1437,#790,.T.);
#1843=EDGE_CURVE('',#1438,#1437,#791,.T.);
#1844=EDGE_CURVE('',#1439,#1438,#792,.T.);
#1845=EDGE_CURVE('',#1435,#1439,#793,.T.);
#1846=EDGE_CURVE('',#1431,#1439,#134,.T.);
#1847=EDGE_CURVE('',#1438,#1430,#135,.T.);
#1848=EDGE_CURVE('',#1440,#1441,#794,.T.);
#1849=EDGE_CURVE('',#1440,#1442,#795,.T.);
#1850=EDGE_CURVE('',#1442,#1443,#796,.T.);
#1851=EDGE_CURVE('',#1443,#1444,#90,.T.);
#1852=EDGE_CURVE('',#1441,#1444,#797,.T.);
#1853=EDGE_CURVE('',#1445,#1446,#91,.T.);
#1854=EDGE_CURVE('',#1446,#1447,#798,.T.);
#1855=EDGE_CURVE('',#1448,#1447,#799,.T.);
#1856=EDGE_CURVE('',#1449,#1448,#800,.T.);
#1857=EDGE_CURVE('',#1445,#1449,#801,.T.);
#1858=EDGE_CURVE('',#1441,#1449,#136,.T.);
#1859=EDGE_CURVE('',#1448,#1440,#137,.T.);
#1860=EDGE_CURVE('',#1446,#1413,#138,.T.);
#1861=EDGE_CURVE('',#1414,#1445,#139,.T.);
#1862=EDGE_CURVE('',#1447,#1412,#140,.T.);
#1863=EDGE_CURVE('',#1417,#1422,#141,.T.);
#1864=EDGE_CURVE('',#1427,#1450,#142,.T.);
#1865=EDGE_CURVE('',#1450,#1451,#802,.T.);
#1866=EDGE_CURVE('',#1451,#1451,#143,.T.);
#1867=EDGE_CURVE('',#1450,#1432,#144,.T.);
#1868=EDGE_CURVE('',#1437,#1442,#145,.T.);
#1869=EDGE_CURVE('',#1452,#1452,#146,.T.);
#1870=EDGE_CURVE('',#1452,#1453,#803,.T.);
#1871=EDGE_CURVE('',#1453,#1425,#147,.T.);
#1872=EDGE_CURVE('',#1424,#1415,#148,.T.);
#1873=EDGE_CURVE('',#1444,#1435,#149,.T.);
#1874=EDGE_CURVE('',#1434,#1453,#150,.T.);
#1875=EDGE_CURVE('',#1436,#1443,#151,.T.);
#1876=EDGE_CURVE('',#1426,#1433,#152,.T.);
#1877=EDGE_CURVE('',#1416,#1423,#153,.T.);
#1878=EDGE_CURVE('',#1454,#1455,#804,.T.);
#1879=EDGE_CURVE('',#1456,#1454,#805,.T.);
#1880=EDGE_CURVE('',#1457,#1456,#806,.T.);
#1881=EDGE_CURVE('',#1455,#1457,#807,.T.);
#1882=EDGE_CURVE('',#1458,#1459,#808,.T.);
#1883=EDGE_CURVE('',#1460,#1458,#809,.T.);
#1884=EDGE_CURVE('',#1461,#1460,#810,.T.);
#1885=EDGE_CURVE('',#1459,#1461,#811,.T.);
#1886=EDGE_CURVE('',#1462,#1463,#812,.T.);
#1887=EDGE_CURVE('',#1463,#1464,#813,.T.);
#1888=EDGE_CURVE('',#1464,#1465,#814,.T.);
#1889=EDGE_CURVE('',#1465,#1462,#815,.T.);
#1890=EDGE_CURVE('',#1457,#1459,#816,.T.);
#1891=EDGE_CURVE('',#1461,#1455,#817,.T.);
#1892=EDGE_CURVE('',#1460,#1465,#818,.T.);
#1893=EDGE_CURVE('',#1454,#1464,#819,.T.);
#1894=EDGE_CURVE('',#1458,#1462,#820,.T.);
#1895=EDGE_CURVE('',#1456,#1463,#821,.T.);
#1896=EDGE_CURVE('',#1466,#1466,#154,.T.);
#1897=EDGE_CURVE('',#1466,#1467,#822,.T.);
#1898=EDGE_CURVE('',#1467,#1467,#155,.T.);
#1899=EDGE_CURVE('',#1468,#1468,#156,.T.);
#1900=EDGE_CURVE('',#1468,#1466,#823,.T.);
#1901=EDGE_CURVE('',#1469,#1469,#157,.T.);
#1902=EDGE_CURVE('',#1469,#1470,#824,.T.);
#1903=EDGE_CURVE('',#1470,#1470,#158,.T.);
#1904=EDGE_CURVE('',#1471,#1471,#159,.T.);
#1905=EDGE_CURVE('',#1471,#1469,#825,.T.);
#1906=EDGE_CURVE('',#1472,#1473,#826,.T.);
#1907=EDGE_CURVE('',#1474,#1472,#827,.T.);
#1908=EDGE_CURVE('',#1475,#1474,#828,.T.);
#1909=EDGE_CURVE('',#1473,#1475,#829,.T.);
#1910=EDGE_CURVE('',#1476,#1477,#830,.T.);
#1911=EDGE_CURVE('',#1478,#1476,#831,.T.);
#1912=EDGE_CURVE('',#1479,#1478,#832,.T.);
#1913=EDGE_CURVE('',#1477,#1479,#833,.T.);
#1914=EDGE_CURVE('',#1480,#1481,#834,.T.);
#1915=EDGE_CURVE('',#1481,#1482,#835,.T.);
#1916=EDGE_CURVE('',#1482,#1483,#836,.T.);
#1917=EDGE_CURVE('',#1483,#1480,#837,.T.);
#1918=EDGE_CURVE('',#1475,#1477,#838,.T.);
#1919=EDGE_CURVE('',#1479,#1473,#839,.T.);
#1920=EDGE_CURVE('',#1478,#1482,#840,.T.);
#1921=EDGE_CURVE('',#1476,#1483,#841,.T.);
#1922=EDGE_CURVE('',#1474,#1480,#842,.T.);
#1923=EDGE_CURVE('',#1472,#1481,#843,.T.);
#1924=EDGE_CURVE('',#1484,#1485,#844,.T.);
#1925=EDGE_CURVE('',#1485,#1486,#845,.T.);
#1926=EDGE_CURVE('',#1487,#1486,#92,.T.);
#1927=EDGE_CURVE('',#1488,#1487,#846,.T.);
#1928=EDGE_CURVE('',#1484,#1488,#847,.T.);
#1929=EDGE_CURVE('',#1489,#1490,#93,.T.);
#1930=EDGE_CURVE('',#1489,#1491,#848,.T.);
#1931=EDGE_CURVE('',#1491,#1492,#849,.T.);
#1932=EDGE_CURVE('',#1492,#1493,#850,.T.);
#1933=EDGE_CURVE('',#1490,#1493,#851,.T.);
#1934=EDGE_CURVE('',#1485,#1491,#160,.T.);
#1935=EDGE_CURVE('',#1492,#1484,#161,.T.);
#1936=EDGE_CURVE('',#1494,#1495,#852,.T.);
#1937=EDGE_CURVE('',#1495,#1496,#853,.T.);
#1938=EDGE_CURVE('',#1497,#1496,#94,.T.);
#1939=EDGE_CURVE('',#1498,#1497,#854,.T.);
#1940=EDGE_CURVE('',#1494,#1498,#855,.T.);
#1941=EDGE_CURVE('',#1499,#1500,#95,.T.);
#1942=EDGE_CURVE('',#1499,#1501,#856,.T.);
#1943=EDGE_CURVE('',#1501,#1502,#857,.T.);
#1944=EDGE_CURVE('',#1502,#1503,#858,.T.);
#1945=EDGE_CURVE('',#1500,#1503,#859,.T.);
#1946=EDGE_CURVE('',#1495,#1501,#162,.T.);
#1947=EDGE_CURVE('',#1502,#1494,#163,.T.);
#1948=EDGE_CURVE('',#1504,#1505,#860,.T.);
#1949=EDGE_CURVE('',#1505,#1506,#861,.T.);
#1950=EDGE_CURVE('',#1507,#1506,#96,.T.);
#1951=EDGE_CURVE('',#1508,#1507,#862,.T.);
#1952=EDGE_CURVE('',#1504,#1508,#863,.T.);
#1953=EDGE_CURVE('',#1509,#1510,#97,.T.);
#1954=EDGE_CURVE('',#1509,#1511,#864,.T.);
#1955=EDGE_CURVE('',#1511,#1512,#865,.T.);
#1956=EDGE_CURVE('',#1512,#1513,#866,.T.);
#1957=EDGE_CURVE('',#1510,#1513,#867,.T.);
#1958=EDGE_CURVE('',#1505,#1511,#164,.T.);
#1959=EDGE_CURVE('',#1512,#1504,#165,.T.);
#1960=EDGE_CURVE('',#1514,#1515,#868,.T.);
#1961=EDGE_CURVE('',#1515,#1516,#869,.T.);
#1962=EDGE_CURVE('',#1517,#1516,#98,.T.);
#1963=EDGE_CURVE('',#1518,#1517,#870,.T.);
#1964=EDGE_CURVE('',#1514,#1518,#871,.T.);
#1965=EDGE_CURVE('',#1519,#1520,#99,.T.);
#1966=EDGE_CURVE('',#1519,#1521,#872,.T.);
#1967=EDGE_CURVE('',#1521,#1522,#873,.T.);
#1968=EDGE_CURVE('',#1522,#1523,#874,.T.);
#1969=EDGE_CURVE('',#1520,#1523,#875,.T.);
#1970=EDGE_CURVE('',#1515,#1521,#166,.T.);
#1971=EDGE_CURVE('',#1522,#1514,#167,.T.);
#1972=EDGE_CURVE('',#1486,#1519,#168,.T.);
#1973=EDGE_CURVE('',#1520,#1487,#169,.T.);
#1974=EDGE_CURVE('',#1523,#1488,#170,.T.);
#1975=EDGE_CURVE('',#1513,#1518,#171,.T.);
#1976=EDGE_CURVE('',#1524,#1508,#172,.T.);
#1977=EDGE_CURVE('',#1524,#1525,#876,.T.);
#1978=EDGE_CURVE('',#1525,#1525,#173,.T.);
#1979=EDGE_CURVE('',#1503,#1524,#174,.T.);
#1980=EDGE_CURVE('',#1493,#1498,#175,.T.);
#1981=EDGE_CURVE('',#1526,#1526,#176,.T.);
#1982=EDGE_CURVE('',#1526,#1527,#877,.T.);
#1983=EDGE_CURVE('',#1506,#1527,#177,.T.);
#1984=EDGE_CURVE('',#1516,#1509,#178,.T.);
#1985=EDGE_CURVE('',#1496,#1489,#179,.T.);
#1986=EDGE_CURVE('',#1527,#1499,#180,.T.);
#1987=EDGE_CURVE('',#1510,#1517,#181,.T.);
#1988=EDGE_CURVE('',#1500,#1507,#182,.T.);
#1989=EDGE_CURVE('',#1490,#1497,#183,.T.);
#1990=ORIENTED_EDGE('',*,*,#1528,.F.);
#1991=ORIENTED_EDGE('',*,*,#1529,.F.);
#1992=ORIENTED_EDGE('',*,*,#1530,.T.);
#1993=ORIENTED_EDGE('',*,*,#1531,.F.);
#1994=ORIENTED_EDGE('',*,*,#1528,.T.);
#1995=ORIENTED_EDGE('',*,*,#1532,.T.);
#1996=ORIENTED_EDGE('',*,*,#1533,.T.);
#1997=ORIENTED_EDGE('',*,*,#1534,.F.);
#1998=ORIENTED_EDGE('',*,*,#1531,.T.);
#1999=ORIENTED_EDGE('',*,*,#1535,.T.);
#2000=ORIENTED_EDGE('',*,*,#1532,.F.);
#2001=ORIENTED_EDGE('',*,*,#1529,.T.);
#2002=ORIENTED_EDGE('',*,*,#1534,.T.);
#2003=ORIENTED_EDGE('',*,*,#1536,.T.);
#2004=ORIENTED_EDGE('',*,*,#1537,.F.);
#2005=ORIENTED_EDGE('',*,*,#1538,.F.);
#2006=ORIENTED_EDGE('',*,*,#1539,.F.);
#2007=ORIENTED_EDGE('',*,*,#1540,.F.);
#2008=ORIENTED_EDGE('',*,*,#1541,.F.);
#2009=ORIENTED_EDGE('',*,*,#1538,.T.);
#2010=ORIENTED_EDGE('',*,*,#1542,.T.);
#2011=ORIENTED_EDGE('',*,*,#1543,.T.);
#2012=ORIENTED_EDGE('',*,*,#1544,.F.);
#2013=ORIENTED_EDGE('',*,*,#1539,.T.);
#2014=ORIENTED_EDGE('',*,*,#1541,.T.);
#2015=ORIENTED_EDGE('',*,*,#1545,.T.);
#2016=ORIENTED_EDGE('',*,*,#1546,.F.);
#2017=ORIENTED_EDGE('',*,*,#1547,.F.);
#2018=ORIENTED_EDGE('',*,*,#1548,.F.);
#2019=ORIENTED_EDGE('',*,*,#1549,.F.);
#2020=ORIENTED_EDGE('',*,*,#1550,.F.);
#2021=ORIENTED_EDGE('',*,*,#1547,.T.);
#2022=ORIENTED_EDGE('',*,*,#1551,.T.);
#2023=ORIENTED_EDGE('',*,*,#1552,.T.);
#2024=ORIENTED_EDGE('',*,*,#1553,.F.);
#2025=ORIENTED_EDGE('',*,*,#1548,.T.);
#2026=ORIENTED_EDGE('',*,*,#1550,.T.);
#2027=ORIENTED_EDGE('',*,*,#1554,.T.);
#2028=ORIENTED_EDGE('',*,*,#1555,.T.);
#2029=ORIENTED_EDGE('',*,*,#1556,.F.);
#2030=ORIENTED_EDGE('',*,*,#1557,.T.);
#2031=ORIENTED_EDGE('',*,*,#1558,.F.);
#2032=ORIENTED_EDGE('',*,*,#1559,.T.);
#2033=ORIENTED_EDGE('',*,*,#1560,.F.);
#2034=ORIENTED_EDGE('',*,*,#1557,.F.);
#2035=ORIENTED_EDGE('',*,*,#1561,.F.);
#2036=ORIENTED_EDGE('',*,*,#1562,.T.);
#2037=ORIENTED_EDGE('',*,*,#1563,.F.);
#2038=ORIENTED_EDGE('',*,*,#1555,.F.);
#2039=ORIENTED_EDGE('',*,*,#1564,.F.);
#2040=ORIENTED_EDGE('',*,*,#1565,.T.);
#2041=ORIENTED_EDGE('',*,*,#1566,.F.);
#2042=ORIENTED_EDGE('',*,*,#1559,.F.);
#2043=ORIENTED_EDGE('',*,*,#1567,.F.);
#2044=ORIENTED_EDGE('',*,*,#1568,.T.);
#2045=ORIENTED_EDGE('',*,*,#1569,.F.);
#2046=ORIENTED_EDGE('',*,*,#1562,.F.);
#2047=ORIENTED_EDGE('',*,*,#1570,.F.);
#2048=ORIENTED_EDGE('',*,*,#1571,.T.);
#2049=ORIENTED_EDGE('',*,*,#1572,.F.);
#2050=ORIENTED_EDGE('',*,*,#1565,.F.);
#2051=ORIENTED_EDGE('',*,*,#1573,.F.);
#2052=ORIENTED_EDGE('',*,*,#1574,.T.);
#2053=ORIENTED_EDGE('',*,*,#1575,.F.);
#2054=ORIENTED_EDGE('',*,*,#1568,.F.);
#2055=ORIENTED_EDGE('',*,*,#1576,.F.);
#2056=ORIENTED_EDGE('',*,*,#1577,.T.);
#2057=ORIENTED_EDGE('',*,*,#1578,.F.);
#2058=ORIENTED_EDGE('',*,*,#1571,.F.);
#2059=ORIENTED_EDGE('',*,*,#1579,.F.);
#2060=ORIENTED_EDGE('',*,*,#1580,.T.);
#2061=ORIENTED_EDGE('',*,*,#1581,.F.);
#2062=ORIENTED_EDGE('',*,*,#1574,.F.);
#2063=ORIENTED_EDGE('',*,*,#1582,.F.);
#2064=ORIENTED_EDGE('',*,*,#1577,.F.);
#2065=ORIENTED_EDGE('',*,*,#1583,.F.);
#2066=ORIENTED_EDGE('',*,*,#1580,.F.);
#2067=ORIENTED_EDGE('',*,*,#1584,.F.);
#2068=ORIENTED_EDGE('',*,*,#1585,.T.);
#2069=ORIENTED_EDGE('',*,*,#1586,.T.);
#2070=ORIENTED_EDGE('',*,*,#1587,.T.);
#2071=ORIENTED_EDGE('',*,*,#1588,.T.);
#2072=ORIENTED_EDGE('',*,*,#1589,.T.);
#2073=ORIENTED_EDGE('',*,*,#1590,.T.);
#2074=ORIENTED_EDGE('',*,*,#1591,.T.);
#2075=ORIENTED_EDGE('',*,*,#1592,.T.);
#2076=ORIENTED_EDGE('',*,*,#1593,.T.);
#2077=ORIENTED_EDGE('',*,*,#1594,.T.);
#2078=ORIENTED_EDGE('',*,*,#1595,.T.);
#2079=ORIENTED_EDGE('',*,*,#1584,.T.);
#2080=ORIENTED_EDGE('',*,*,#1596,.F.);
#2081=ORIENTED_EDGE('',*,*,#1586,.F.);
#2082=ORIENTED_EDGE('',*,*,#1596,.T.);
#2083=ORIENTED_EDGE('',*,*,#1582,.T.);
#2084=ORIENTED_EDGE('',*,*,#1597,.F.);
#2085=ORIENTED_EDGE('',*,*,#1587,.F.);
#2086=ORIENTED_EDGE('',*,*,#1597,.T.);
#2087=ORIENTED_EDGE('',*,*,#1576,.T.);
#2088=ORIENTED_EDGE('',*,*,#1598,.F.);
#2089=ORIENTED_EDGE('',*,*,#1588,.F.);
#2090=ORIENTED_EDGE('',*,*,#1598,.T.);
#2091=ORIENTED_EDGE('',*,*,#1570,.T.);
#2092=ORIENTED_EDGE('',*,*,#1599,.F.);
#2093=ORIENTED_EDGE('',*,*,#1589,.F.);
#2094=ORIENTED_EDGE('',*,*,#1599,.T.);
#2095=ORIENTED_EDGE('',*,*,#1564,.T.);
#2096=ORIENTED_EDGE('',*,*,#1600,.F.);
#2097=ORIENTED_EDGE('',*,*,#1590,.F.);
#2098=ORIENTED_EDGE('',*,*,#1600,.T.);
#2099=ORIENTED_EDGE('',*,*,#1558,.T.);
#2100=ORIENTED_EDGE('',*,*,#1601,.F.);
#2101=ORIENTED_EDGE('',*,*,#1591,.F.);
#2102=ORIENTED_EDGE('',*,*,#1601,.T.);
#2103=ORIENTED_EDGE('',*,*,#1560,.T.);
#2104=ORIENTED_EDGE('',*,*,#1602,.F.);
#2105=ORIENTED_EDGE('',*,*,#1592,.F.);
#2106=ORIENTED_EDGE('',*,*,#1602,.T.);
#2107=ORIENTED_EDGE('',*,*,#1566,.T.);
#2108=ORIENTED_EDGE('',*,*,#1603,.F.);
#2109=ORIENTED_EDGE('',*,*,#1593,.F.);
#2110=ORIENTED_EDGE('',*,*,#1603,.T.);
#2111=ORIENTED_EDGE('',*,*,#1572,.T.);
#2112=ORIENTED_EDGE('',*,*,#1604,.F.);
#2113=ORIENTED_EDGE('',*,*,#1594,.F.);
#2114=ORIENTED_EDGE('',*,*,#1604,.T.);
#2115=ORIENTED_EDGE('',*,*,#1578,.T.);
#2116=ORIENTED_EDGE('',*,*,#1595,.F.);
#2117=ORIENTED_EDGE('',*,*,#1585,.F.);
#2118=ORIENTED_EDGE('',*,*,#1605,.F.);
#2119=ORIENTED_EDGE('',*,*,#1551,.F.);
#2120=ORIENTED_EDGE('',*,*,#1546,.T.);
#2121=ORIENTED_EDGE('',*,*,#1606,.F.);
#2122=ORIENTED_EDGE('',*,*,#1607,.F.);
#2123=ORIENTED_EDGE('',*,*,#1608,.F.);
#2124=ORIENTED_EDGE('',*,*,#1609,.F.);
#2125=ORIENTED_EDGE('',*,*,#1610,.F.);
#2126=ORIENTED_EDGE('',*,*,#1540,.T.);
#2127=ORIENTED_EDGE('',*,*,#1544,.T.);
#2128=ORIENTED_EDGE('',*,*,#1561,.T.);
#2129=ORIENTED_EDGE('',*,*,#1556,.T.);
#2130=ORIENTED_EDGE('',*,*,#1563,.T.);
#2131=ORIENTED_EDGE('',*,*,#1569,.T.);
#2132=ORIENTED_EDGE('',*,*,#1575,.T.);
#2133=ORIENTED_EDGE('',*,*,#1581,.T.);
#2134=ORIENTED_EDGE('',*,*,#1583,.T.);
#2135=ORIENTED_EDGE('',*,*,#1579,.T.);
#2136=ORIENTED_EDGE('',*,*,#1573,.T.);
#2137=ORIENTED_EDGE('',*,*,#1567,.T.);
#2138=ORIENTED_EDGE('',*,*,#1611,.T.);
#2139=ORIENTED_EDGE('',*,*,#1612,.T.);
#2140=ORIENTED_EDGE('',*,*,#1613,.T.);
#2141=ORIENTED_EDGE('',*,*,#1614,.T.);
#2142=ORIENTED_EDGE('',*,*,#1615,.T.);
#2143=ORIENTED_EDGE('',*,*,#1616,.F.);
#2144=ORIENTED_EDGE('',*,*,#1613,.F.);
#2145=ORIENTED_EDGE('',*,*,#1617,.T.);
#2146=ORIENTED_EDGE('',*,*,#1618,.T.);
#2147=ORIENTED_EDGE('',*,*,#1617,.F.);
#2148=ORIENTED_EDGE('',*,*,#1612,.F.);
#2149=ORIENTED_EDGE('',*,*,#1619,.T.);
#2150=ORIENTED_EDGE('',*,*,#1620,.T.);
#2151=ORIENTED_EDGE('',*,*,#1619,.F.);
#2152=ORIENTED_EDGE('',*,*,#1611,.F.);
#2153=ORIENTED_EDGE('',*,*,#1621,.T.);
#2154=ORIENTED_EDGE('',*,*,#1622,.T.);
#2155=ORIENTED_EDGE('',*,*,#1623,.T.);
#2156=ORIENTED_EDGE('',*,*,#1624,.T.);
#2157=ORIENTED_EDGE('',*,*,#1625,.T.);
#2158=ORIENTED_EDGE('',*,*,#1626,.T.);
#2159=ORIENTED_EDGE('',*,*,#1627,.T.);
#2160=ORIENTED_EDGE('',*,*,#1628,.T.);
#2161=ORIENTED_EDGE('',*,*,#1629,.T.);
#2162=ORIENTED_EDGE('',*,*,#1630,.T.);
#2163=ORIENTED_EDGE('',*,*,#1631,.T.);
#2164=ORIENTED_EDGE('',*,*,#1632,.T.);
#2165=ORIENTED_EDGE('',*,*,#1633,.T.);
#2166=ORIENTED_EDGE('',*,*,#1634,.T.);
#2167=ORIENTED_EDGE('',*,*,#1635,.F.);
#2168=ORIENTED_EDGE('',*,*,#1631,.F.);
#2169=ORIENTED_EDGE('',*,*,#1636,.T.);
#2170=ORIENTED_EDGE('',*,*,#1637,.T.);
#2171=ORIENTED_EDGE('',*,*,#1636,.F.);
#2172=ORIENTED_EDGE('',*,*,#1630,.F.);
#2173=ORIENTED_EDGE('',*,*,#1638,.T.);
#2174=ORIENTED_EDGE('',*,*,#1639,.T.);
#2175=ORIENTED_EDGE('',*,*,#1638,.F.);
#2176=ORIENTED_EDGE('',*,*,#1629,.F.);
#2177=ORIENTED_EDGE('',*,*,#1640,.T.);
#2178=ORIENTED_EDGE('',*,*,#1641,.T.);
#2179=ORIENTED_EDGE('',*,*,#1642,.T.);
#2180=ORIENTED_EDGE('',*,*,#1643,.T.);
#2181=ORIENTED_EDGE('',*,*,#1644,.T.);
#2182=ORIENTED_EDGE('',*,*,#1645,.T.);
#2183=ORIENTED_EDGE('',*,*,#1646,.T.);
#2184=ORIENTED_EDGE('',*,*,#1647,.T.);
#2185=ORIENTED_EDGE('',*,*,#1648,.T.);
#2186=ORIENTED_EDGE('',*,*,#1649,.T.);
#2187=ORIENTED_EDGE('',*,*,#1650,.T.);
#2188=ORIENTED_EDGE('',*,*,#1651,.T.);
#2189=ORIENTED_EDGE('',*,*,#1652,.T.);
#2190=ORIENTED_EDGE('',*,*,#1653,.T.);
#2191=ORIENTED_EDGE('',*,*,#1654,.F.);
#2192=ORIENTED_EDGE('',*,*,#1648,.F.);
#2193=ORIENTED_EDGE('',*,*,#1655,.T.);
#2194=ORIENTED_EDGE('',*,*,#1656,.T.);
#2195=ORIENTED_EDGE('',*,*,#1655,.F.);
#2196=ORIENTED_EDGE('',*,*,#1647,.F.);
#2197=ORIENTED_EDGE('',*,*,#1657,.T.);
#2198=ORIENTED_EDGE('',*,*,#1658,.T.);
#2199=ORIENTED_EDGE('',*,*,#1657,.F.);
#2200=ORIENTED_EDGE('',*,*,#1646,.F.);
#2201=ORIENTED_EDGE('',*,*,#1659,.T.);
#2202=ORIENTED_EDGE('',*,*,#1660,.T.);
#2203=ORIENTED_EDGE('',*,*,#1661,.T.);
#2204=ORIENTED_EDGE('',*,*,#1662,.T.);
#2205=ORIENTED_EDGE('',*,*,#1663,.T.);
#2206=ORIENTED_EDGE('',*,*,#1664,.T.);
#2207=ORIENTED_EDGE('',*,*,#1665,.F.);
#2208=ORIENTED_EDGE('',*,*,#1662,.F.);
#2209=ORIENTED_EDGE('',*,*,#1666,.T.);
#2210=ORIENTED_EDGE('',*,*,#1667,.T.);
#2211=ORIENTED_EDGE('',*,*,#1668,.F.);
#2212=ORIENTED_EDGE('',*,*,#1660,.F.);
#2213=ORIENTED_EDGE('',*,*,#1669,.T.);
#2214=ORIENTED_EDGE('',*,*,#1670,.T.);
#2215=ORIENTED_EDGE('',*,*,#1671,.T.);
#2216=ORIENTED_EDGE('',*,*,#1672,.T.);
#2217=ORIENTED_EDGE('',*,*,#1673,.T.);
#2218=ORIENTED_EDGE('',*,*,#1674,.T.);
#2219=ORIENTED_EDGE('',*,*,#1675,.F.);
#2220=ORIENTED_EDGE('',*,*,#1671,.F.);
#2221=ORIENTED_EDGE('',*,*,#1676,.T.);
#2222=ORIENTED_EDGE('',*,*,#1675,.T.);
#2223=ORIENTED_EDGE('',*,*,#1677,.T.);
#2224=ORIENTED_EDGE('',*,*,#1666,.F.);
#2225=ORIENTED_EDGE('',*,*,#1661,.F.);
#2226=ORIENTED_EDGE('',*,*,#1668,.T.);
#2227=ORIENTED_EDGE('',*,*,#1678,.T.);
#2228=ORIENTED_EDGE('',*,*,#1679,.F.);
#2229=ORIENTED_EDGE('',*,*,#1680,.F.);
#2230=ORIENTED_EDGE('',*,*,#1681,.T.);
#2231=ORIENTED_EDGE('',*,*,#1682,.T.);
#2232=ORIENTED_EDGE('',*,*,#1683,.F.);
#2233=ORIENTED_EDGE('',*,*,#1672,.F.);
#2234=ORIENTED_EDGE('',*,*,#1684,.T.);
#2235=ORIENTED_EDGE('',*,*,#1685,.F.);
#2236=ORIENTED_EDGE('',*,*,#1673,.F.);
#2237=ORIENTED_EDGE('',*,*,#1683,.T.);
#2238=ORIENTED_EDGE('',*,*,#1686,.T.);
#2239=ORIENTED_EDGE('',*,*,#1676,.F.);
#2240=ORIENTED_EDGE('',*,*,#1670,.F.);
#2241=ORIENTED_EDGE('',*,*,#1685,.T.);
#2242=ORIENTED_EDGE('',*,*,#1687,.T.);
#2243=ORIENTED_EDGE('',*,*,#1688,.T.);
#2244=ORIENTED_EDGE('',*,*,#1680,.T.);
#2245=ORIENTED_EDGE('',*,*,#1689,.T.);
#2246=ORIENTED_EDGE('',*,*,#1690,.T.);
#2247=ORIENTED_EDGE('',*,*,#1681,.F.);
#2248=ORIENTED_EDGE('',*,*,#1688,.F.);
#2249=ORIENTED_EDGE('',*,*,#1691,.T.);
#2250=ORIENTED_EDGE('',*,*,#1692,.T.);
#2251=ORIENTED_EDGE('',*,*,#1693,.F.);
#2252=ORIENTED_EDGE('',*,*,#1689,.F.);
#2253=ORIENTED_EDGE('',*,*,#1679,.T.);
#2254=ORIENTED_EDGE('',*,*,#1694,.T.);
#2255=ORIENTED_EDGE('',*,*,#1691,.F.);
#2256=ORIENTED_EDGE('',*,*,#1687,.F.);
#2257=ORIENTED_EDGE('',*,*,#1693,.T.);
#2258=ORIENTED_EDGE('',*,*,#1695,.T.);
#2259=ORIENTED_EDGE('',*,*,#1696,.F.);
#2260=ORIENTED_EDGE('',*,*,#1651,.F.);
#2261=ORIENTED_EDGE('',*,*,#1697,.T.);
#2262=ORIENTED_EDGE('',*,*,#1698,.T.);
#2263=ORIENTED_EDGE('',*,*,#1699,.T.);
#2264=ORIENTED_EDGE('',*,*,#1700,.F.);
#2265=ORIENTED_EDGE('',*,*,#1652,.F.);
#2266=ORIENTED_EDGE('',*,*,#1696,.T.);
#2267=ORIENTED_EDGE('',*,*,#1700,.T.);
#2268=ORIENTED_EDGE('',*,*,#1701,.T.);
#2269=ORIENTED_EDGE('',*,*,#1702,.F.);
#2270=ORIENTED_EDGE('',*,*,#1641,.F.);
#2271=ORIENTED_EDGE('',*,*,#1703,.T.);
#2272=ORIENTED_EDGE('',*,*,#1704,.F.);
#2273=ORIENTED_EDGE('',*,*,#1642,.F.);
#2274=ORIENTED_EDGE('',*,*,#1702,.T.);
#2275=ORIENTED_EDGE('',*,*,#1705,.T.);
#2276=ORIENTED_EDGE('',*,*,#1706,.T.);
#2277=ORIENTED_EDGE('',*,*,#1707,.F.);
#2278=ORIENTED_EDGE('',*,*,#1643,.F.);
#2279=ORIENTED_EDGE('',*,*,#1704,.T.);
#2280=ORIENTED_EDGE('',*,*,#1708,.T.);
#2281=ORIENTED_EDGE('',*,*,#1709,.F.);
#2282=ORIENTED_EDGE('',*,*,#1644,.F.);
#2283=ORIENTED_EDGE('',*,*,#1707,.T.);
#2284=ORIENTED_EDGE('',*,*,#1710,.T.);
#2285=ORIENTED_EDGE('',*,*,#1697,.F.);
#2286=ORIENTED_EDGE('',*,*,#1650,.F.);
#2287=ORIENTED_EDGE('',*,*,#1711,.T.);
#2288=ORIENTED_EDGE('',*,*,#1712,.T.);
#2289=ORIENTED_EDGE('',*,*,#1713,.F.);
#2290=ORIENTED_EDGE('',*,*,#1627,.F.);
#2291=ORIENTED_EDGE('',*,*,#1714,.T.);
#2292=ORIENTED_EDGE('',*,*,#1715,.T.);
#2293=ORIENTED_EDGE('',*,*,#1716,.F.);
#2294=ORIENTED_EDGE('',*,*,#1633,.F.);
#2295=ORIENTED_EDGE('',*,*,#1717,.T.);
#2296=ORIENTED_EDGE('',*,*,#1718,.T.);
#2297=ORIENTED_EDGE('',*,*,#1719,.F.);
#2298=ORIENTED_EDGE('',*,*,#1622,.F.);
#2299=ORIENTED_EDGE('',*,*,#1716,.T.);
#2300=ORIENTED_EDGE('',*,*,#1720,.T.);
#2301=ORIENTED_EDGE('',*,*,#1721,.T.);
#2302=ORIENTED_EDGE('',*,*,#1722,.F.);
#2303=ORIENTED_EDGE('',*,*,#1623,.F.);
#2304=ORIENTED_EDGE('',*,*,#1719,.T.);
#2305=ORIENTED_EDGE('',*,*,#1722,.T.);
#2306=ORIENTED_EDGE('',*,*,#1723,.T.);
#2307=ORIENTED_EDGE('',*,*,#1724,.F.);
#2308=ORIENTED_EDGE('',*,*,#1624,.F.);
#2309=ORIENTED_EDGE('',*,*,#1725,.T.);
#2310=ORIENTED_EDGE('',*,*,#1726,.F.);
#2311=ORIENTED_EDGE('',*,*,#1625,.F.);
#2312=ORIENTED_EDGE('',*,*,#1724,.T.);
#2313=ORIENTED_EDGE('',*,*,#1727,.T.);
#2314=ORIENTED_EDGE('',*,*,#1728,.T.);
#2315=ORIENTED_EDGE('',*,*,#1714,.F.);
#2316=ORIENTED_EDGE('',*,*,#1626,.F.);
#2317=ORIENTED_EDGE('',*,*,#1726,.T.);
#2318=ORIENTED_EDGE('',*,*,#1729,.T.);
#2319=ORIENTED_EDGE('',*,*,#1730,.T.);
#2320=ORIENTED_EDGE('',*,*,#1731,.T.);
#2321=ORIENTED_EDGE('',*,*,#1732,.T.);
#2322=ORIENTED_EDGE('',*,*,#1733,.T.);
#2323=ORIENTED_EDGE('',*,*,#1734,.F.);
#2324=ORIENTED_EDGE('',*,*,#1735,.T.);
#2325=ORIENTED_EDGE('',*,*,#1736,.T.);
#2326=ORIENTED_EDGE('',*,*,#1737,.T.);
#2327=ORIENTED_EDGE('',*,*,#1738,.T.);
#2328=ORIENTED_EDGE('',*,*,#1739,.F.);
#2329=ORIENTED_EDGE('',*,*,#1740,.F.);
#2330=ORIENTED_EDGE('',*,*,#1741,.T.);
#2331=ORIENTED_EDGE('',*,*,#1732,.F.);
#2332=ORIENTED_EDGE('',*,*,#1742,.F.);
#2333=ORIENTED_EDGE('',*,*,#1738,.F.);
#2334=ORIENTED_EDGE('',*,*,#1743,.T.);
#2335=ORIENTED_EDGE('',*,*,#1736,.F.);
#2336=ORIENTED_EDGE('',*,*,#1744,.F.);
#2337=ORIENTED_EDGE('',*,*,#1730,.F.);
#2338=ORIENTED_EDGE('',*,*,#1745,.F.);
#2339=ORIENTED_EDGE('',*,*,#1739,.T.);
#2340=ORIENTED_EDGE('',*,*,#1742,.T.);
#2341=ORIENTED_EDGE('',*,*,#1731,.F.);
#2342=ORIENTED_EDGE('',*,*,#1744,.T.);
#2343=ORIENTED_EDGE('',*,*,#1735,.F.);
#2344=ORIENTED_EDGE('',*,*,#1746,.F.);
#2345=ORIENTED_EDGE('',*,*,#1747,.T.);
#2346=ORIENTED_EDGE('',*,*,#1748,.T.);
#2347=ORIENTED_EDGE('',*,*,#1749,.T.);
#2348=ORIENTED_EDGE('',*,*,#1750,.F.);
#2349=ORIENTED_EDGE('',*,*,#1751,.F.);
#2350=ORIENTED_EDGE('',*,*,#1752,.F.);
#2351=ORIENTED_EDGE('',*,*,#1751,.T.);
#2352=ORIENTED_EDGE('',*,*,#1753,.T.);
#2353=ORIENTED_EDGE('',*,*,#1754,.T.);
#2354=ORIENTED_EDGE('',*,*,#1755,.T.);
#2355=ORIENTED_EDGE('',*,*,#1756,.F.);
#2356=ORIENTED_EDGE('',*,*,#1757,.F.);
#2357=ORIENTED_EDGE('',*,*,#1758,.F.);
#2358=ORIENTED_EDGE('',*,*,#1759,.F.);
#2359=ORIENTED_EDGE('',*,*,#1664,.F.);
#2360=ORIENTED_EDGE('',*,*,#1760,.F.);
#2361=ORIENTED_EDGE('',*,*,#1669,.F.);
#2362=ORIENTED_EDGE('',*,*,#1663,.F.);
#2363=ORIENTED_EDGE('',*,*,#1665,.T.);
#2364=ORIENTED_EDGE('',*,*,#1759,.T.);
#2365=ORIENTED_EDGE('',*,*,#1761,.T.);
#2366=ORIENTED_EDGE('',*,*,#1747,.F.);
#2367=ORIENTED_EDGE('',*,*,#1762,.F.);
#2368=ORIENTED_EDGE('',*,*,#1667,.F.);
#2369=ORIENTED_EDGE('',*,*,#1760,.T.);
#2370=ORIENTED_EDGE('',*,*,#1763,.T.);
#2371=ORIENTED_EDGE('',*,*,#1764,.T.);
#2372=ORIENTED_EDGE('',*,*,#1765,.T.);
#2373=ORIENTED_EDGE('',*,*,#1766,.F.);
#2374=ORIENTED_EDGE('',*,*,#1767,.F.);
#2375=ORIENTED_EDGE('',*,*,#1768,.F.);
#2376=ORIENTED_EDGE('',*,*,#1748,.F.);
#2377=ORIENTED_EDGE('',*,*,#1768,.T.);
#2378=ORIENTED_EDGE('',*,*,#1767,.T.);
#2379=ORIENTED_EDGE('',*,*,#1766,.T.);
#2380=ORIENTED_EDGE('',*,*,#1765,.F.);
#2381=ORIENTED_EDGE('',*,*,#1764,.F.);
#2382=ORIENTED_EDGE('',*,*,#1763,.F.);
#2383=ORIENTED_EDGE('',*,*,#1769,.T.);
#2384=ORIENTED_EDGE('',*,*,#1770,.T.);
#2385=ORIENTED_EDGE('',*,*,#1771,.F.);
#2386=ORIENTED_EDGE('',*,*,#1772,.T.);
#2387=ORIENTED_EDGE('',*,*,#1749,.F.);
#2388=ORIENTED_EDGE('',*,*,#1770,.F.);
#2389=ORIENTED_EDGE('',*,*,#1750,.T.);
#2390=ORIENTED_EDGE('',*,*,#1772,.F.);
#2391=ORIENTED_EDGE('',*,*,#1773,.F.);
#2392=ORIENTED_EDGE('',*,*,#1758,.T.);
#2393=ORIENTED_EDGE('',*,*,#1757,.T.);
#2394=ORIENTED_EDGE('',*,*,#1756,.T.);
#2395=ORIENTED_EDGE('',*,*,#1755,.F.);
#2396=ORIENTED_EDGE('',*,*,#1754,.F.);
#2397=ORIENTED_EDGE('',*,*,#1753,.F.);
#2398=ORIENTED_EDGE('',*,*,#1761,.F.);
#2399=ORIENTED_EDGE('',*,*,#1773,.T.);
#2400=ORIENTED_EDGE('',*,*,#1771,.T.);
#2401=ORIENTED_EDGE('',*,*,#1769,.F.);
#2402=ORIENTED_EDGE('',*,*,#1774,.F.);
#2403=ORIENTED_EDGE('',*,*,#1775,.F.);
#2404=ORIENTED_EDGE('',*,*,#1776,.T.);
#2405=ORIENTED_EDGE('',*,*,#1777,.T.);
#2406=ORIENTED_EDGE('',*,*,#1778,.F.);
#2407=ORIENTED_EDGE('',*,*,#1777,.F.);
#2408=ORIENTED_EDGE('',*,*,#1779,.T.);
#2409=ORIENTED_EDGE('',*,*,#1780,.T.);
#2410=ORIENTED_EDGE('',*,*,#1781,.F.);
#2411=ORIENTED_EDGE('',*,*,#1780,.F.);
#2412=ORIENTED_EDGE('',*,*,#1782,.T.);
#2413=ORIENTED_EDGE('',*,*,#1783,.T.);
#2414=ORIENTED_EDGE('',*,*,#1784,.F.);
#2415=ORIENTED_EDGE('',*,*,#1783,.F.);
#2416=ORIENTED_EDGE('',*,*,#1785,.T.);
#2417=ORIENTED_EDGE('',*,*,#1786,.T.);
#2418=ORIENTED_EDGE('',*,*,#1787,.F.);
#2419=ORIENTED_EDGE('',*,*,#1786,.F.);
#2420=ORIENTED_EDGE('',*,*,#1788,.T.);
#2421=ORIENTED_EDGE('',*,*,#1789,.T.);
#2422=ORIENTED_EDGE('',*,*,#1790,.F.);
#2423=ORIENTED_EDGE('',*,*,#1789,.F.);
#2424=ORIENTED_EDGE('',*,*,#1791,.T.);
#2425=ORIENTED_EDGE('',*,*,#1775,.T.);
#2426=ORIENTED_EDGE('',*,*,#1741,.F.);
#2427=ORIENTED_EDGE('',*,*,#1737,.F.);
#2428=ORIENTED_EDGE('',*,*,#1792,.F.);
#2429=ORIENTED_EDGE('',*,*,#1621,.F.);
#2430=ORIENTED_EDGE('',*,*,#1614,.F.);
#2431=ORIENTED_EDGE('',*,*,#1616,.T.);
#2432=ORIENTED_EDGE('',*,*,#1793,.F.);
#2433=ORIENTED_EDGE('',*,*,#1733,.F.);
#2434=ORIENTED_EDGE('',*,*,#1743,.F.);
#2435=ORIENTED_EDGE('',*,*,#1729,.F.);
#2436=ORIENTED_EDGE('',*,*,#1790,.T.);
#2437=ORIENTED_EDGE('',*,*,#1774,.T.);
#2438=ORIENTED_EDGE('',*,*,#1778,.T.);
#2439=ORIENTED_EDGE('',*,*,#1781,.T.);
#2440=ORIENTED_EDGE('',*,*,#1784,.T.);
#2441=ORIENTED_EDGE('',*,*,#1787,.T.);
#2442=ORIENTED_EDGE('',*,*,#1794,.T.);
#2443=ORIENTED_EDGE('',*,*,#1795,.T.);
#2444=ORIENTED_EDGE('',*,*,#1796,.T.);
#2445=ORIENTED_EDGE('',*,*,#1797,.T.);
#2446=ORIENTED_EDGE('',*,*,#1798,.T.);
#2447=ORIENTED_EDGE('',*,*,#1799,.T.);
#2448=ORIENTED_EDGE('',*,*,#1788,.F.);
#2449=ORIENTED_EDGE('',*,*,#1785,.F.);
#2450=ORIENTED_EDGE('',*,*,#1782,.F.);
#2451=ORIENTED_EDGE('',*,*,#1779,.F.);
#2452=ORIENTED_EDGE('',*,*,#1776,.F.);
#2453=ORIENTED_EDGE('',*,*,#1791,.F.);
#2454=ORIENTED_EDGE('',*,*,#1725,.F.);
#2455=ORIENTED_EDGE('',*,*,#1800,.F.);
#2456=ORIENTED_EDGE('',*,*,#1607,.T.);
#2457=ORIENTED_EDGE('',*,*,#1801,.F.);
#2458=ORIENTED_EDGE('',*,*,#1712,.F.);
#2459=ORIENTED_EDGE('',*,*,#1728,.F.);
#2460=ORIENTED_EDGE('',*,*,#1710,.F.);
#2461=ORIENTED_EDGE('',*,*,#1802,.F.);
#2462=ORIENTED_EDGE('',*,*,#1609,.T.);
#2463=ORIENTED_EDGE('',*,*,#1803,.F.);
#2464=ORIENTED_EDGE('',*,*,#1698,.F.);
#2465=ORIENTED_EDGE('',*,*,#1695,.F.);
#2466=ORIENTED_EDGE('',*,*,#1709,.T.);
#2467=ORIENTED_EDGE('',*,*,#1804,.T.);
#2468=ORIENTED_EDGE('',*,*,#1799,.F.);
#2469=ORIENTED_EDGE('',*,*,#1805,.F.);
#2470=ORIENTED_EDGE('',*,*,#1659,.F.);
#2471=ORIENTED_EDGE('',*,*,#1645,.F.);
#2472=ORIENTED_EDGE('',*,*,#1713,.T.);
#2473=ORIENTED_EDGE('',*,*,#1801,.T.);
#2474=ORIENTED_EDGE('',*,*,#1606,.T.);
#2475=ORIENTED_EDGE('',*,*,#1549,.T.);
#2476=ORIENTED_EDGE('',*,*,#1553,.T.);
#2477=ORIENTED_EDGE('',*,*,#1806,.F.);
#2478=ORIENTED_EDGE('',*,*,#1640,.F.);
#2479=ORIENTED_EDGE('',*,*,#1628,.F.);
#2480=ORIENTED_EDGE('',*,*,#1705,.F.);
#2481=ORIENTED_EDGE('',*,*,#1701,.F.);
#2482=ORIENTED_EDGE('',*,*,#1699,.F.);
#2483=ORIENTED_EDGE('',*,*,#1803,.T.);
#2484=ORIENTED_EDGE('',*,*,#1608,.T.);
#2485=ORIENTED_EDGE('',*,*,#1800,.T.);
#2486=ORIENTED_EDGE('',*,*,#1727,.F.);
#2487=ORIENTED_EDGE('',*,*,#1723,.F.);
#2488=ORIENTED_EDGE('',*,*,#1721,.F.);
#2489=ORIENTED_EDGE('',*,*,#1807,.T.);
#2490=ORIENTED_EDGE('',*,*,#1795,.F.);
#2491=ORIENTED_EDGE('',*,*,#1808,.T.);
#2492=ORIENTED_EDGE('',*,*,#1720,.F.);
#2493=ORIENTED_EDGE('',*,*,#1718,.F.);
#2494=ORIENTED_EDGE('',*,*,#1715,.F.);
#2495=ORIENTED_EDGE('',*,*,#1809,.F.);
#2496=ORIENTED_EDGE('',*,*,#1796,.F.);
#2497=ORIENTED_EDGE('',*,*,#1807,.F.);
#2498=ORIENTED_EDGE('',*,*,#1708,.F.);
#2499=ORIENTED_EDGE('',*,*,#1706,.F.);
#2500=ORIENTED_EDGE('',*,*,#1703,.F.);
#2501=ORIENTED_EDGE('',*,*,#1808,.F.);
#2502=ORIENTED_EDGE('',*,*,#1794,.F.);
#2503=ORIENTED_EDGE('',*,*,#1804,.F.);
#2504=ORIENTED_EDGE('',*,*,#1711,.F.);
#2505=ORIENTED_EDGE('',*,*,#1649,.F.);
#2506=ORIENTED_EDGE('',*,*,#1654,.T.);
#2507=ORIENTED_EDGE('',*,*,#1810,.F.);
#2508=ORIENTED_EDGE('',*,*,#1542,.F.);
#2509=ORIENTED_EDGE('',*,*,#1537,.T.);
#2510=ORIENTED_EDGE('',*,*,#1610,.T.);
#2511=ORIENTED_EDGE('',*,*,#1802,.T.);
#2512=ORIENTED_EDGE('',*,*,#1717,.F.);
#2513=ORIENTED_EDGE('',*,*,#1632,.F.);
#2514=ORIENTED_EDGE('',*,*,#1635,.T.);
#2515=ORIENTED_EDGE('',*,*,#1811,.F.);
#2516=ORIENTED_EDGE('',*,*,#1797,.F.);
#2517=ORIENTED_EDGE('',*,*,#1809,.T.);
#2518=ORIENTED_EDGE('',*,*,#1620,.F.);
#2519=ORIENTED_EDGE('',*,*,#1792,.T.);
#2520=ORIENTED_EDGE('',*,*,#1740,.T.);
#2521=ORIENTED_EDGE('',*,*,#1745,.T.);
#2522=ORIENTED_EDGE('',*,*,#1752,.T.);
#2523=ORIENTED_EDGE('',*,*,#1677,.F.);
#2524=ORIENTED_EDGE('',*,*,#1674,.F.);
#2525=ORIENTED_EDGE('',*,*,#1686,.F.);
#2526=ORIENTED_EDGE('',*,*,#1684,.F.);
#2527=ORIENTED_EDGE('',*,*,#1682,.F.);
#2528=ORIENTED_EDGE('',*,*,#1690,.F.);
#2529=ORIENTED_EDGE('',*,*,#1694,.F.);
#2530=ORIENTED_EDGE('',*,*,#1692,.F.);
#2531=ORIENTED_EDGE('',*,*,#1678,.F.);
#2532=ORIENTED_EDGE('',*,*,#1762,.T.);
#2533=ORIENTED_EDGE('',*,*,#1746,.T.);
#2534=ORIENTED_EDGE('',*,*,#1734,.T.);
#2535=ORIENTED_EDGE('',*,*,#1793,.T.);
#2536=ORIENTED_EDGE('',*,*,#1615,.F.);
#2537=ORIENTED_EDGE('',*,*,#1618,.F.);
#2538=ORIENTED_EDGE('',*,*,#1545,.F.);
#2539=ORIENTED_EDGE('',*,*,#1543,.F.);
#2540=ORIENTED_EDGE('',*,*,#1810,.T.);
#2541=ORIENTED_EDGE('',*,*,#1653,.F.);
#2542=ORIENTED_EDGE('',*,*,#1656,.F.);
#2543=ORIENTED_EDGE('',*,*,#1658,.F.);
#2544=ORIENTED_EDGE('',*,*,#1805,.T.);
#2545=ORIENTED_EDGE('',*,*,#1798,.F.);
#2546=ORIENTED_EDGE('',*,*,#1811,.T.);
#2547=ORIENTED_EDGE('',*,*,#1634,.F.);
#2548=ORIENTED_EDGE('',*,*,#1637,.F.);
#2549=ORIENTED_EDGE('',*,*,#1639,.F.);
#2550=ORIENTED_EDGE('',*,*,#1806,.T.);
#2551=ORIENTED_EDGE('',*,*,#1554,.F.);
#2552=ORIENTED_EDGE('',*,*,#1552,.F.);
#2553=ORIENTED_EDGE('',*,*,#1605,.T.);
#2554=ORIENTED_EDGE('',*,*,#1536,.F.);
#2555=ORIENTED_EDGE('',*,*,#1533,.F.);
#2556=ORIENTED_EDGE('',*,*,#1535,.F.);
#2557=ORIENTED_EDGE('',*,*,#1530,.F.);
#2558=ORIENTED_EDGE('',*,*,#1812,.F.);
#2559=ORIENTED_EDGE('',*,*,#1813,.T.);
#2560=ORIENTED_EDGE('',*,*,#1814,.T.);
#2561=ORIENTED_EDGE('',*,*,#1815,.T.);
#2562=ORIENTED_EDGE('',*,*,#1816,.F.);
#2563=ORIENTED_EDGE('',*,*,#1817,.T.);
#2564=ORIENTED_EDGE('',*,*,#1818,.T.);
#2565=ORIENTED_EDGE('',*,*,#1819,.F.);
#2566=ORIENTED_EDGE('',*,*,#1820,.F.);
#2567=ORIENTED_EDGE('',*,*,#1821,.F.);
#2568=ORIENTED_EDGE('',*,*,#1822,.T.);
#2569=ORIENTED_EDGE('',*,*,#1820,.T.);
#2570=ORIENTED_EDGE('',*,*,#1823,.T.);
#2571=ORIENTED_EDGE('',*,*,#1812,.T.);
#2572=ORIENTED_EDGE('',*,*,#1824,.F.);
#2573=ORIENTED_EDGE('',*,*,#1825,.T.);
#2574=ORIENTED_EDGE('',*,*,#1826,.T.);
#2575=ORIENTED_EDGE('',*,*,#1827,.T.);
#2576=ORIENTED_EDGE('',*,*,#1828,.F.);
#2577=ORIENTED_EDGE('',*,*,#1829,.T.);
#2578=ORIENTED_EDGE('',*,*,#1830,.T.);
#2579=ORIENTED_EDGE('',*,*,#1831,.F.);
#2580=ORIENTED_EDGE('',*,*,#1832,.F.);
#2581=ORIENTED_EDGE('',*,*,#1833,.F.);
#2582=ORIENTED_EDGE('',*,*,#1834,.T.);
#2583=ORIENTED_EDGE('',*,*,#1832,.T.);
#2584=ORIENTED_EDGE('',*,*,#1835,.T.);
#2585=ORIENTED_EDGE('',*,*,#1824,.T.);
#2586=ORIENTED_EDGE('',*,*,#1836,.F.);
#2587=ORIENTED_EDGE('',*,*,#1837,.T.);
#2588=ORIENTED_EDGE('',*,*,#1838,.T.);
#2589=ORIENTED_EDGE('',*,*,#1839,.T.);
#2590=ORIENTED_EDGE('',*,*,#1840,.F.);
#2591=ORIENTED_EDGE('',*,*,#1841,.T.);
#2592=ORIENTED_EDGE('',*,*,#1842,.T.);
#2593=ORIENTED_EDGE('',*,*,#1843,.F.);
#2594=ORIENTED_EDGE('',*,*,#1844,.F.);
#2595=ORIENTED_EDGE('',*,*,#1845,.F.);
#2596=ORIENTED_EDGE('',*,*,#1846,.T.);
#2597=ORIENTED_EDGE('',*,*,#1844,.T.);
#2598=ORIENTED_EDGE('',*,*,#1847,.T.);
#2599=ORIENTED_EDGE('',*,*,#1836,.T.);
#2600=ORIENTED_EDGE('',*,*,#1848,.F.);
#2601=ORIENTED_EDGE('',*,*,#1849,.T.);
#2602=ORIENTED_EDGE('',*,*,#1850,.T.);
#2603=ORIENTED_EDGE('',*,*,#1851,.T.);
#2604=ORIENTED_EDGE('',*,*,#1852,.F.);
#2605=ORIENTED_EDGE('',*,*,#1853,.T.);
#2606=ORIENTED_EDGE('',*,*,#1854,.T.);
#2607=ORIENTED_EDGE('',*,*,#1855,.F.);
#2608=ORIENTED_EDGE('',*,*,#1856,.F.);
#2609=ORIENTED_EDGE('',*,*,#1857,.F.);
#2610=ORIENTED_EDGE('',*,*,#1858,.T.);
#2611=ORIENTED_EDGE('',*,*,#1856,.T.);
#2612=ORIENTED_EDGE('',*,*,#1859,.T.);
#2613=ORIENTED_EDGE('',*,*,#1848,.T.);
#2614=ORIENTED_EDGE('',*,*,#1815,.F.);
#2615=ORIENTED_EDGE('',*,*,#1860,.F.);
#2616=ORIENTED_EDGE('',*,*,#1853,.F.);
#2617=ORIENTED_EDGE('',*,*,#1861,.F.);
#2618=ORIENTED_EDGE('',*,*,#1862,.T.);
#2619=ORIENTED_EDGE('',*,*,#1813,.F.);
#2620=ORIENTED_EDGE('',*,*,#1823,.F.);
#2621=ORIENTED_EDGE('',*,*,#1819,.T.);
#2622=ORIENTED_EDGE('',*,*,#1863,.T.);
#2623=ORIENTED_EDGE('',*,*,#1825,.F.);
#2624=ORIENTED_EDGE('',*,*,#1835,.F.);
#2625=ORIENTED_EDGE('',*,*,#1831,.T.);
#2626=ORIENTED_EDGE('',*,*,#1864,.T.);
#2627=ORIENTED_EDGE('',*,*,#1865,.T.);
#2628=ORIENTED_EDGE('',*,*,#1866,.F.);
#2629=ORIENTED_EDGE('',*,*,#1865,.F.);
#2630=ORIENTED_EDGE('',*,*,#1867,.T.);
#2631=ORIENTED_EDGE('',*,*,#1837,.F.);
#2632=ORIENTED_EDGE('',*,*,#1847,.F.);
#2633=ORIENTED_EDGE('',*,*,#1843,.T.);
#2634=ORIENTED_EDGE('',*,*,#1868,.T.);
#2635=ORIENTED_EDGE('',*,*,#1849,.F.);
#2636=ORIENTED_EDGE('',*,*,#1859,.F.);
#2637=ORIENTED_EDGE('',*,*,#1855,.T.);
#2638=ORIENTED_EDGE('',*,*,#1869,.T.);
#2639=ORIENTED_EDGE('',*,*,#1870,.T.);
#2640=ORIENTED_EDGE('',*,*,#1871,.T.);
#2641=ORIENTED_EDGE('',*,*,#1833,.T.);
#2642=ORIENTED_EDGE('',*,*,#1834,.F.);
#2643=ORIENTED_EDGE('',*,*,#1828,.T.);
#2644=ORIENTED_EDGE('',*,*,#1872,.T.);
#2645=ORIENTED_EDGE('',*,*,#1821,.T.);
#2646=ORIENTED_EDGE('',*,*,#1822,.F.);
#2647=ORIENTED_EDGE('',*,*,#1816,.T.);
#2648=ORIENTED_EDGE('',*,*,#1861,.T.);
#2649=ORIENTED_EDGE('',*,*,#1857,.T.);
#2650=ORIENTED_EDGE('',*,*,#1858,.F.);
#2651=ORIENTED_EDGE('',*,*,#1852,.T.);
#2652=ORIENTED_EDGE('',*,*,#1873,.T.);
#2653=ORIENTED_EDGE('',*,*,#1845,.T.);
#2654=ORIENTED_EDGE('',*,*,#1846,.F.);
#2655=ORIENTED_EDGE('',*,*,#1840,.T.);
#2656=ORIENTED_EDGE('',*,*,#1874,.T.);
#2657=ORIENTED_EDGE('',*,*,#1870,.F.);
#2658=ORIENTED_EDGE('',*,*,#1869,.F.);
#2659=ORIENTED_EDGE('',*,*,#1866,.T.);
#2660=ORIENTED_EDGE('',*,*,#1814,.F.);
#2661=ORIENTED_EDGE('',*,*,#1862,.F.);
#2662=ORIENTED_EDGE('',*,*,#1854,.F.);
#2663=ORIENTED_EDGE('',*,*,#1860,.T.);
#2664=ORIENTED_EDGE('',*,*,#1841,.F.);
#2665=ORIENTED_EDGE('',*,*,#1873,.F.);
#2666=ORIENTED_EDGE('',*,*,#1851,.F.);
#2667=ORIENTED_EDGE('',*,*,#1875,.F.);
#2668=ORIENTED_EDGE('',*,*,#1874,.F.);
#2669=ORIENTED_EDGE('',*,*,#1839,.F.);
#2670=ORIENTED_EDGE('',*,*,#1876,.F.);
#2671=ORIENTED_EDGE('',*,*,#1829,.F.);
#2672=ORIENTED_EDGE('',*,*,#1871,.F.);
#2673=ORIENTED_EDGE('',*,*,#1817,.F.);
#2674=ORIENTED_EDGE('',*,*,#1872,.F.);
#2675=ORIENTED_EDGE('',*,*,#1827,.F.);
#2676=ORIENTED_EDGE('',*,*,#1877,.F.);
#2677=ORIENTED_EDGE('',*,*,#1842,.F.);
#2678=ORIENTED_EDGE('',*,*,#1875,.T.);
#2679=ORIENTED_EDGE('',*,*,#1850,.F.);
#2680=ORIENTED_EDGE('',*,*,#1868,.F.);
#2681=ORIENTED_EDGE('',*,*,#1830,.F.);
#2682=ORIENTED_EDGE('',*,*,#1876,.T.);
#2683=ORIENTED_EDGE('',*,*,#1838,.F.);
#2684=ORIENTED_EDGE('',*,*,#1867,.F.);
#2685=ORIENTED_EDGE('',*,*,#1864,.F.);
#2686=ORIENTED_EDGE('',*,*,#1818,.F.);
#2687=ORIENTED_EDGE('',*,*,#1877,.T.);
#2688=ORIENTED_EDGE('',*,*,#1826,.F.);
#2689=ORIENTED_EDGE('',*,*,#1863,.F.);
#2690=ORIENTED_EDGE('',*,*,#1878,.F.);
#2691=ORIENTED_EDGE('',*,*,#1879,.F.);
#2692=ORIENTED_EDGE('',*,*,#1880,.F.);
#2693=ORIENTED_EDGE('',*,*,#1881,.F.);
#2694=ORIENTED_EDGE('',*,*,#1882,.F.);
#2695=ORIENTED_EDGE('',*,*,#1883,.F.);
#2696=ORIENTED_EDGE('',*,*,#1884,.F.);
#2697=ORIENTED_EDGE('',*,*,#1885,.F.);
#2698=ORIENTED_EDGE('',*,*,#1886,.T.);
#2699=ORIENTED_EDGE('',*,*,#1887,.T.);
#2700=ORIENTED_EDGE('',*,*,#1888,.T.);
#2701=ORIENTED_EDGE('',*,*,#1889,.T.);
#2702=ORIENTED_EDGE('',*,*,#1890,.T.);
#2703=ORIENTED_EDGE('',*,*,#1885,.T.);
#2704=ORIENTED_EDGE('',*,*,#1891,.T.);
#2705=ORIENTED_EDGE('',*,*,#1881,.T.);
#2706=ORIENTED_EDGE('',*,*,#1891,.F.);
#2707=ORIENTED_EDGE('',*,*,#1884,.T.);
#2708=ORIENTED_EDGE('',*,*,#1892,.T.);
#2709=ORIENTED_EDGE('',*,*,#1888,.F.);
#2710=ORIENTED_EDGE('',*,*,#1893,.F.);
#2711=ORIENTED_EDGE('',*,*,#1878,.T.);
#2712=ORIENTED_EDGE('',*,*,#1892,.F.);
#2713=ORIENTED_EDGE('',*,*,#1883,.T.);
#2714=ORIENTED_EDGE('',*,*,#1894,.T.);
#2715=ORIENTED_EDGE('',*,*,#1889,.F.);
#2716=ORIENTED_EDGE('',*,*,#1894,.F.);
#2717=ORIENTED_EDGE('',*,*,#1882,.T.);
#2718=ORIENTED_EDGE('',*,*,#1890,.F.);
#2719=ORIENTED_EDGE('',*,*,#1880,.T.);
#2720=ORIENTED_EDGE('',*,*,#1895,.T.);
#2721=ORIENTED_EDGE('',*,*,#1886,.F.);
#2722=ORIENTED_EDGE('',*,*,#1895,.F.);
#2723=ORIENTED_EDGE('',*,*,#1879,.T.);
#2724=ORIENTED_EDGE('',*,*,#1893,.T.);
#2725=ORIENTED_EDGE('',*,*,#1887,.F.);
#2726=ORIENTED_EDGE('',*,*,#1896,.T.);
#2727=ORIENTED_EDGE('',*,*,#1897,.T.);
#2728=ORIENTED_EDGE('',*,*,#1898,.T.);
#2729=ORIENTED_EDGE('',*,*,#1897,.F.);
#2730=ORIENTED_EDGE('',*,*,#1899,.F.);
#2731=ORIENTED_EDGE('',*,*,#1898,.F.);
#2732=ORIENTED_EDGE('',*,*,#1899,.T.);
#2733=ORIENTED_EDGE('',*,*,#1900,.T.);
#2734=ORIENTED_EDGE('',*,*,#1896,.F.);
#2735=ORIENTED_EDGE('',*,*,#1900,.F.);
#2736=ORIENTED_EDGE('',*,*,#1901,.F.);
#2737=ORIENTED_EDGE('',*,*,#1902,.T.);
#2738=ORIENTED_EDGE('',*,*,#1903,.F.);
#2739=ORIENTED_EDGE('',*,*,#1902,.F.);
#2740=ORIENTED_EDGE('',*,*,#1904,.T.);
#2741=ORIENTED_EDGE('',*,*,#1903,.T.);
#2742=ORIENTED_EDGE('',*,*,#1904,.F.);
#2743=ORIENTED_EDGE('',*,*,#1905,.T.);
#2744=ORIENTED_EDGE('',*,*,#1901,.T.);
#2745=ORIENTED_EDGE('',*,*,#1905,.F.);
#2746=ORIENTED_EDGE('',*,*,#1906,.F.);
#2747=ORIENTED_EDGE('',*,*,#1907,.F.);
#2748=ORIENTED_EDGE('',*,*,#1908,.F.);
#2749=ORIENTED_EDGE('',*,*,#1909,.F.);
#2750=ORIENTED_EDGE('',*,*,#1910,.F.);
#2751=ORIENTED_EDGE('',*,*,#1911,.F.);
#2752=ORIENTED_EDGE('',*,*,#1912,.F.);
#2753=ORIENTED_EDGE('',*,*,#1913,.F.);
#2754=ORIENTED_EDGE('',*,*,#1914,.T.);
#2755=ORIENTED_EDGE('',*,*,#1915,.T.);
#2756=ORIENTED_EDGE('',*,*,#1916,.T.);
#2757=ORIENTED_EDGE('',*,*,#1917,.T.);
#2758=ORIENTED_EDGE('',*,*,#1918,.T.);
#2759=ORIENTED_EDGE('',*,*,#1913,.T.);
#2760=ORIENTED_EDGE('',*,*,#1919,.T.);
#2761=ORIENTED_EDGE('',*,*,#1909,.T.);
#2762=ORIENTED_EDGE('',*,*,#1920,.F.);
#2763=ORIENTED_EDGE('',*,*,#1911,.T.);
#2764=ORIENTED_EDGE('',*,*,#1921,.T.);
#2765=ORIENTED_EDGE('',*,*,#1916,.F.);
#2766=ORIENTED_EDGE('',*,*,#1921,.F.);
#2767=ORIENTED_EDGE('',*,*,#1910,.T.);
#2768=ORIENTED_EDGE('',*,*,#1918,.F.);
#2769=ORIENTED_EDGE('',*,*,#1908,.T.);
#2770=ORIENTED_EDGE('',*,*,#1922,.T.);
#2771=ORIENTED_EDGE('',*,*,#1917,.F.);
#2772=ORIENTED_EDGE('',*,*,#1922,.F.);
#2773=ORIENTED_EDGE('',*,*,#1907,.T.);
#2774=ORIENTED_EDGE('',*,*,#1923,.T.);
#2775=ORIENTED_EDGE('',*,*,#1914,.F.);
#2776=ORIENTED_EDGE('',*,*,#1919,.F.);
#2777=ORIENTED_EDGE('',*,*,#1912,.T.);
#2778=ORIENTED_EDGE('',*,*,#1920,.T.);
#2779=ORIENTED_EDGE('',*,*,#1915,.F.);
#2780=ORIENTED_EDGE('',*,*,#1923,.F.);
#2781=ORIENTED_EDGE('',*,*,#1906,.T.);
#2782=ORIENTED_EDGE('',*,*,#1924,.T.);
#2783=ORIENTED_EDGE('',*,*,#1925,.T.);
#2784=ORIENTED_EDGE('',*,*,#1926,.F.);
#2785=ORIENTED_EDGE('',*,*,#1927,.F.);
#2786=ORIENTED_EDGE('',*,*,#1928,.F.);
#2787=ORIENTED_EDGE('',*,*,#1929,.F.);
#2788=ORIENTED_EDGE('',*,*,#1930,.T.);
#2789=ORIENTED_EDGE('',*,*,#1931,.T.);
#2790=ORIENTED_EDGE('',*,*,#1932,.T.);
#2791=ORIENTED_EDGE('',*,*,#1933,.F.);
#2792=ORIENTED_EDGE('',*,*,#1934,.F.);
#2793=ORIENTED_EDGE('',*,*,#1924,.F.);
#2794=ORIENTED_EDGE('',*,*,#1935,.F.);
#2795=ORIENTED_EDGE('',*,*,#1931,.F.);
#2796=ORIENTED_EDGE('',*,*,#1936,.T.);
#2797=ORIENTED_EDGE('',*,*,#1937,.T.);
#2798=ORIENTED_EDGE('',*,*,#1938,.F.);
#2799=ORIENTED_EDGE('',*,*,#1939,.F.);
#2800=ORIENTED_EDGE('',*,*,#1940,.F.);
#2801=ORIENTED_EDGE('',*,*,#1941,.F.);
#2802=ORIENTED_EDGE('',*,*,#1942,.T.);
#2803=ORIENTED_EDGE('',*,*,#1943,.T.);
#2804=ORIENTED_EDGE('',*,*,#1944,.T.);
#2805=ORIENTED_EDGE('',*,*,#1945,.F.);
#2806=ORIENTED_EDGE('',*,*,#1946,.F.);
#2807=ORIENTED_EDGE('',*,*,#1936,.F.);
#2808=ORIENTED_EDGE('',*,*,#1947,.F.);
#2809=ORIENTED_EDGE('',*,*,#1943,.F.);
#2810=ORIENTED_EDGE('',*,*,#1948,.T.);
#2811=ORIENTED_EDGE('',*,*,#1949,.T.);
#2812=ORIENTED_EDGE('',*,*,#1950,.F.);
#2813=ORIENTED_EDGE('',*,*,#1951,.F.);
#2814=ORIENTED_EDGE('',*,*,#1952,.F.);
#2815=ORIENTED_EDGE('',*,*,#1953,.F.);
#2816=ORIENTED_EDGE('',*,*,#1954,.T.);
#2817=ORIENTED_EDGE('',*,*,#1955,.T.);
#2818=ORIENTED_EDGE('',*,*,#1956,.T.);
#2819=ORIENTED_EDGE('',*,*,#1957,.F.);
#2820=ORIENTED_EDGE('',*,*,#1958,.F.);
#2821=ORIENTED_EDGE('',*,*,#1948,.F.);
#2822=ORIENTED_EDGE('',*,*,#1959,.F.);
#2823=ORIENTED_EDGE('',*,*,#1955,.F.);
#2824=ORIENTED_EDGE('',*,*,#1960,.T.);
#2825=ORIENTED_EDGE('',*,*,#1961,.T.);
#2826=ORIENTED_EDGE('',*,*,#1962,.F.);
#2827=ORIENTED_EDGE('',*,*,#1963,.F.);
#2828=ORIENTED_EDGE('',*,*,#1964,.F.);
#2829=ORIENTED_EDGE('',*,*,#1965,.F.);
#2830=ORIENTED_EDGE('',*,*,#1966,.T.);
#2831=ORIENTED_EDGE('',*,*,#1967,.T.);
#2832=ORIENTED_EDGE('',*,*,#1968,.T.);
#2833=ORIENTED_EDGE('',*,*,#1969,.F.);
#2834=ORIENTED_EDGE('',*,*,#1970,.F.);
#2835=ORIENTED_EDGE('',*,*,#1960,.F.);
#2836=ORIENTED_EDGE('',*,*,#1971,.F.);
#2837=ORIENTED_EDGE('',*,*,#1967,.F.);
#2838=ORIENTED_EDGE('',*,*,#1926,.T.);
#2839=ORIENTED_EDGE('',*,*,#1972,.T.);
#2840=ORIENTED_EDGE('',*,*,#1965,.T.);
#2841=ORIENTED_EDGE('',*,*,#1973,.T.);
#2842=ORIENTED_EDGE('',*,*,#1974,.F.);
#2843=ORIENTED_EDGE('',*,*,#1968,.F.);
#2844=ORIENTED_EDGE('',*,*,#1971,.T.);
#2845=ORIENTED_EDGE('',*,*,#1964,.T.);
#2846=ORIENTED_EDGE('',*,*,#1975,.F.);
#2847=ORIENTED_EDGE('',*,*,#1956,.F.);
#2848=ORIENTED_EDGE('',*,*,#1959,.T.);
#2849=ORIENTED_EDGE('',*,*,#1952,.T.);
#2850=ORIENTED_EDGE('',*,*,#1976,.F.);
#2851=ORIENTED_EDGE('',*,*,#1977,.T.);
#2852=ORIENTED_EDGE('',*,*,#1978,.T.);
#2853=ORIENTED_EDGE('',*,*,#1977,.F.);
#2854=ORIENTED_EDGE('',*,*,#1979,.F.);
#2855=ORIENTED_EDGE('',*,*,#1944,.F.);
#2856=ORIENTED_EDGE('',*,*,#1947,.T.);
#2857=ORIENTED_EDGE('',*,*,#1940,.T.);
#2858=ORIENTED_EDGE('',*,*,#1980,.F.);
#2859=ORIENTED_EDGE('',*,*,#1932,.F.);
#2860=ORIENTED_EDGE('',*,*,#1935,.T.);
#2861=ORIENTED_EDGE('',*,*,#1928,.T.);
#2862=ORIENTED_EDGE('',*,*,#1981,.F.);
#2863=ORIENTED_EDGE('',*,*,#1982,.T.);
#2864=ORIENTED_EDGE('',*,*,#1983,.F.);
#2865=ORIENTED_EDGE('',*,*,#1949,.F.);
#2866=ORIENTED_EDGE('',*,*,#1958,.T.);
#2867=ORIENTED_EDGE('',*,*,#1954,.F.);
#2868=ORIENTED_EDGE('',*,*,#1984,.F.);
#2869=ORIENTED_EDGE('',*,*,#1961,.F.);
#2870=ORIENTED_EDGE('',*,*,#1970,.T.);
#2871=ORIENTED_EDGE('',*,*,#1966,.F.);
#2872=ORIENTED_EDGE('',*,*,#1972,.F.);
#2873=ORIENTED_EDGE('',*,*,#1925,.F.);
#2874=ORIENTED_EDGE('',*,*,#1934,.T.);
#2875=ORIENTED_EDGE('',*,*,#1930,.F.);
#2876=ORIENTED_EDGE('',*,*,#1985,.F.);
#2877=ORIENTED_EDGE('',*,*,#1937,.F.);
#2878=ORIENTED_EDGE('',*,*,#1946,.T.);
#2879=ORIENTED_EDGE('',*,*,#1942,.F.);
#2880=ORIENTED_EDGE('',*,*,#1986,.F.);
#2881=ORIENTED_EDGE('',*,*,#1982,.F.);
#2882=ORIENTED_EDGE('',*,*,#1981,.T.);
#2883=ORIENTED_EDGE('',*,*,#1978,.F.);
#2884=ORIENTED_EDGE('',*,*,#1927,.T.);
#2885=ORIENTED_EDGE('',*,*,#1973,.F.);
#2886=ORIENTED_EDGE('',*,*,#1969,.T.);
#2887=ORIENTED_EDGE('',*,*,#1974,.T.);
#2888=ORIENTED_EDGE('',*,*,#1953,.T.);
#2889=ORIENTED_EDGE('',*,*,#1987,.T.);
#2890=ORIENTED_EDGE('',*,*,#1962,.T.);
#2891=ORIENTED_EDGE('',*,*,#1984,.T.);
#2892=ORIENTED_EDGE('',*,*,#1983,.T.);
#2893=ORIENTED_EDGE('',*,*,#1986,.T.);
#2894=ORIENTED_EDGE('',*,*,#1941,.T.);
#2895=ORIENTED_EDGE('',*,*,#1988,.T.);
#2896=ORIENTED_EDGE('',*,*,#1950,.T.);
#2897=ORIENTED_EDGE('',*,*,#1929,.T.);
#2898=ORIENTED_EDGE('',*,*,#1989,.T.);
#2899=ORIENTED_EDGE('',*,*,#1938,.T.);
#2900=ORIENTED_EDGE('',*,*,#1985,.T.);
#2901=ORIENTED_EDGE('',*,*,#1957,.T.);
#2902=ORIENTED_EDGE('',*,*,#1975,.T.);
#2903=ORIENTED_EDGE('',*,*,#1963,.T.);
#2904=ORIENTED_EDGE('',*,*,#1987,.F.);
#2905=ORIENTED_EDGE('',*,*,#1945,.T.);
#2906=ORIENTED_EDGE('',*,*,#1979,.T.);
#2907=ORIENTED_EDGE('',*,*,#1976,.T.);
#2908=ORIENTED_EDGE('',*,*,#1951,.T.);
#2909=ORIENTED_EDGE('',*,*,#1988,.F.);
#2910=ORIENTED_EDGE('',*,*,#1933,.T.);
#2911=ORIENTED_EDGE('',*,*,#1980,.T.);
#2912=ORIENTED_EDGE('',*,*,#1939,.T.);
#2913=ORIENTED_EDGE('',*,*,#1989,.F.);
#2914=PLANE('',#3245);
#2915=PLANE('',#3246);
#2916=PLANE('',#3247);
#2917=PLANE('',#3248);
#2918=PLANE('',#3249);
#2919=PLANE('',#3250);
#2920=PLANE('',#3251);
#2921=PLANE('',#3252);
#2922=PLANE('',#3253);
#2923=PLANE('',#3254);
#2924=PLANE('',#3255);
#2925=PLANE('',#3256);
#2926=PLANE('',#3257);
#2927=PLANE('',#3258);
#2928=PLANE('',#3259);
#2929=PLANE('',#3260);
#2930=PLANE('',#3261);
#2931=PLANE('',#3262);
#2932=PLANE('',#3263);
#2933=PLANE('',#3264);
#2934=PLANE('',#3265);
#2935=PLANE('',#3266);
#2936=PLANE('',#3267);
#2937=PLANE('',#3268);
#2938=PLANE('',#3269);
#2939=PLANE('',#3270);
#2940=PLANE('',#3271);
#2941=PLANE('',#3272);
#2942=PLANE('',#3273);
#2943=PLANE('',#3274);
#2944=PLANE('',#3275);
#2945=PLANE('',#3276);
#2946=PLANE('',#3279);
#2947=PLANE('',#3280);
#2948=PLANE('',#3281);
#2949=PLANE('',#3282);
#2950=PLANE('',#3283);
#2951=PLANE('',#3284);
#2952=PLANE('',#3285);
#2953=PLANE('',#3286);
#2954=PLANE('',#3287);
#2955=PLANE('',#3288);
#2956=PLANE('',#3289);
#2957=PLANE('',#3290);
#2958=PLANE('',#3291);
#2959=PLANE('',#3294);
#2960=PLANE('',#3296);
#2961=PLANE('',#3297);
#2962=PLANE('',#3298);
#2963=PLANE('',#3301);
#2964=PLANE('',#3303);
#2965=PLANE('',#3304);
#2966=PLANE('',#3307);
#2967=PLANE('',#3308);
#2968=PLANE('',#3310);
#2969=PLANE('',#3311);
#2970=PLANE('',#3313);
#2971=PLANE('',#3314);
#2972=PLANE('',#3316);
#2973=PLANE('',#3318);
#2974=PLANE('',#3320);
#2975=PLANE('',#3322);
#2976=PLANE('',#3323);
#2977=PLANE('',#3325);
#2978=PLANE('',#3326);
#2979=PLANE('',#3328);
#2980=PLANE('',#3329);
#2981=PLANE('',#3330);
#2982=PLANE('',#3331);
#2983=PLANE('',#3338);
#2984=PLANE('',#3341);
#2985=PLANE('',#3343);
#2986=PLANE('',#3345);
#2987=PLANE('',#3349);
#2988=PLANE('',#3350);
#2989=PLANE('',#3351);
#2990=PLANE('',#3355);
#2991=PLANE('',#3356);
#2992=PLANE('',#3361);
#2993=PLANE('',#3362);
#2994=PLANE('',#3363);
#2995=PLANE('',#3366);
#2996=PLANE('',#3367);
#2997=PLANE('',#3368);
#2998=PLANE('',#3369);
#2999=PLANE('',#3370);
#3000=PLANE('',#3371);
#3001=PLANE('',#3372);
#3002=PLANE('',#3375);
#3003=PLANE('',#3376);
#3004=PLANE('',#3377);
#3005=PLANE('',#3380);
#3006=PLANE('',#3381);
#3007=PLANE('',#3382);
#3008=PLANE('',#3385);
#3009=PLANE('',#3386);
#3010=PLANE('',#3387);
#3011=PLANE('',#3406);
#3012=PLANE('',#3407);
#3013=PLANE('',#3414);
#3014=PLANE('',#3415);
#3015=PLANE('',#3416);
#3016=PLANE('',#3417);
#3017=PLANE('',#3418);
#3018=PLANE('',#3419);
#3019=PLANE('',#3420);
#3020=PLANE('',#3421);
#3021=PLANE('',#3422);
#3022=PLANE('',#3423);
#3023=PLANE('',#3424);
#3024=PLANE('',#3428);
#3025=PLANE('',#3430);
#3026=PLANE('',#3435);
#3027=PLANE('',#3437);
#3028=PLANE('',#3439);
#3029=PLANE('',#3440);
#3030=PLANE('',#3441);
#3031=PLANE('',#3442);
#3032=PLANE('',#3443);
#3033=PLANE('',#3444);
#3034=PLANE('',#3445);
#3035=PLANE('',#3446);
#3036=PLANE('',#3447);
#3037=PLANE('',#3448);
#3038=PLANE('',#3449);
#3039=PLANE('',#3452);
#3040=PLANE('',#3453);
#3041=PLANE('',#3454);
#3042=PLANE('',#3457);
#3043=PLANE('',#3458);
#3044=PLANE('',#3459);
#3045=PLANE('',#3462);
#3046=PLANE('',#3463);
#3047=PLANE('',#3464);
#3048=PLANE('',#3483);
#3049=PLANE('',#3484);
#3050=PLANE('',#3491);
#3051=PLANE('',#3492);
#3052=PLANE('',#3493);
#3053=ADVANCED_FACE('',(#184),#2914,.T.);
#3054=ADVANCED_FACE('',(#185),#2915,.F.);
#3055=ADVANCED_FACE('',(#186),#2916,.F.);
#3056=ADVANCED_FACE('',(#187),#2917,.F.);
#3057=ADVANCED_FACE('',(#188),#2918,.F.);
#3058=ADVANCED_FACE('',(#189),#2919,.F.);
#3059=ADVANCED_FACE('',(#190),#2920,.F.);
#3060=ADVANCED_FACE('',(#191),#2921,.F.);
#3061=ADVANCED_FACE('',(#192),#2922,.F.);
#3062=ADVANCED_FACE('',(#193),#2923,.F.);
#3063=ADVANCED_FACE('',(#194),#2924,.F.);
#3064=ADVANCED_FACE('',(#195),#2925,.F.);
#3065=ADVANCED_FACE('',(#196),#2926,.F.);
#3066=ADVANCED_FACE('',(#197),#2927,.F.);
#3067=ADVANCED_FACE('',(#198),#2928,.F.);
#3068=ADVANCED_FACE('',(#199),#2929,.F.);
#3069=ADVANCED_FACE('',(#200),#2930,.F.);
#3070=ADVANCED_FACE('',(#201),#2931,.F.);
#3071=ADVANCED_FACE('',(#202),#2932,.F.);
#3072=ADVANCED_FACE('',(#203),#2933,.F.);
#3073=ADVANCED_FACE('',(#204),#2934,.F.);
#3074=ADVANCED_FACE('',(#205),#2935,.F.);
#3075=ADVANCED_FACE('',(#206),#2936,.F.);
#3076=ADVANCED_FACE('',(#207),#2937,.F.);
#3077=ADVANCED_FACE('',(#208),#2938,.F.);
#3078=ADVANCED_FACE('',(#209),#2939,.F.);
#3079=ADVANCED_FACE('',(#210),#2940,.F.);
#3080=ADVANCED_FACE('',(#211),#2941,.F.);
#3081=ADVANCED_FACE('',(#212),#2942,.F.);
#3082=ADVANCED_FACE('',(#213),#2943,.F.);
#3083=ADVANCED_FACE('',(#214),#2944,.F.);
#3084=ADVANCED_FACE('',(#215,#100),#2945,.F.);
#3085=ADVANCED_FACE('',(#216),#2946,.T.);
#3086=ADVANCED_FACE('',(#217),#2947,.F.);
#3087=ADVANCED_FACE('',(#218),#2948,.F.);
#3088=ADVANCED_FACE('',(#219),#2949,.F.);
#3089=ADVANCED_FACE('',(#220),#2950,.F.);
#3090=ADVANCED_FACE('',(#221),#2951,.F.);
#3091=ADVANCED_FACE('',(#222),#2952,.F.);
#3092=ADVANCED_FACE('',(#223),#2953,.F.);
#3093=ADVANCED_FACE('',(#224),#2954,.F.);
#3094=ADVANCED_FACE('',(#225),#2955,.F.);
#3095=ADVANCED_FACE('',(#226),#2956,.F.);
#3096=ADVANCED_FACE('',(#227),#2957,.F.);
#3097=ADVANCED_FACE('',(#228),#2958,.F.);
#3098=ADVANCED_FACE('',(#229),#59,.F.);
#3099=ADVANCED_FACE('',(#230),#60,.F.);
#3100=ADVANCED_FACE('',(#231),#2959,.T.);
#3101=ADVANCED_FACE('',(#232),#2960,.F.);
#3102=ADVANCED_FACE('',(#233),#2961,.F.);
#3103=ADVANCED_FACE('',(#234),#2962,.F.);
#3104=ADVANCED_FACE('',(#235),#37,.F.);
#3105=ADVANCED_FACE('',(#236),#2963,.F.);
#3106=ADVANCED_FACE('',(#237),#2964,.F.);
#3107=ADVANCED_FACE('',(#238),#2965,.F.);
#3108=ADVANCED_FACE('',(#239),#38,.F.);
#3109=ADVANCED_FACE('',(#240),#2966,.F.);
#3110=ADVANCED_FACE('',(#241),#2967,.F.);
#3111=ADVANCED_FACE('',(#242),#2968,.F.);
#3112=ADVANCED_FACE('',(#243),#2969,.F.);
#3113=ADVANCED_FACE('',(#244),#2970,.F.);
#3114=ADVANCED_FACE('',(#245),#2971,.F.);
#3115=ADVANCED_FACE('',(#246),#2972,.F.);
#3116=ADVANCED_FACE('',(#247),#2973,.F.);
#3117=ADVANCED_FACE('',(#248),#2974,.F.);
#3118=ADVANCED_FACE('',(#249),#2975,.F.);
#3119=ADVANCED_FACE('',(#250),#2976,.F.);
#3120=ADVANCED_FACE('',(#251),#2977,.F.);
#3121=ADVANCED_FACE('',(#252),#2978,.F.);
#3122=ADVANCED_FACE('',(#253),#2979,.F.);
#3123=ADVANCED_FACE('',(#254),#2980,.T.);
#3124=ADVANCED_FACE('',(#255),#2981,.T.);
#3125=ADVANCED_FACE('',(#256),#2982,.T.);
#3126=ADVANCED_FACE('',(#257),#39,.T.);
#3127=ADVANCED_FACE('',(#258),#40,.T.);
#3128=ADVANCED_FACE('',(#259),#2983,.T.);
#3129=ADVANCED_FACE('',(#260),#61,.T.);
#3130=ADVANCED_FACE('',(#261),#2984,.T.);
#3131=ADVANCED_FACE('',(#262),#62,.T.);
#3132=ADVANCED_FACE('',(#263),#63,.T.);
#3133=ADVANCED_FACE('',(#264),#2985,.F.);
#3134=ADVANCED_FACE('',(#265),#64,.F.);
#3135=ADVANCED_FACE('',(#266),#41,.T.);
#3136=ADVANCED_FACE('',(#267),#2986,.T.);
#3137=ADVANCED_FACE('',(#268),#42,.T.);
#3138=ADVANCED_FACE('',(#269),#2987,.T.);
#3139=ADVANCED_FACE('',(#270),#2988,.T.);
#3140=ADVANCED_FACE('',(#271),#2989,.T.);
#3141=ADVANCED_FACE('',(#272),#43,.T.);
#3142=ADVANCED_FACE('',(#273,#101),#2990,.F.);
#3143=ADVANCED_FACE('',(#274,#102),#2991,.T.);
#3144=ADVANCED_FACE('',(#275),#44,.T.);
#3145=ADVANCED_FACE('',(#276),#45,.T.);
#3146=ADVANCED_FACE('',(#277),#2992,.T.);
#3147=ADVANCED_FACE('',(#278),#2993,.T.);
#3148=ADVANCED_FACE('',(#279),#2994,.T.);
#3149=ADVANCED_FACE('',(#280),#46,.T.);
#3150=ADVANCED_FACE('',(#281),#47,.T.);
#3151=ADVANCED_FACE('',(#282),#2995,.T.);
#3152=ADVANCED_FACE('',(#283),#2996,.T.);
#3153=ADVANCED_FACE('',(#284),#2997,.F.);
#3154=ADVANCED_FACE('',(#285,#103),#2998,.F.);
#3155=ADVANCED_FACE('',(#286),#2999,.F.);
#3156=ADVANCED_FACE('',(#287),#3000,.F.);
#3157=ADVANCED_FACE('',(#288),#3001,.T.);
#3158=ADVANCED_FACE('',(#289),#3002,.F.);
#3159=ADVANCED_FACE('',(#290),#3003,.F.);
#3160=ADVANCED_FACE('',(#291),#3004,.T.);
#3161=ADVANCED_FACE('',(#292),#3005,.F.);
#3162=ADVANCED_FACE('',(#293),#3006,.F.);
#3163=ADVANCED_FACE('',(#294),#3007,.T.);
#3164=ADVANCED_FACE('',(#295),#3008,.F.);
#3165=ADVANCED_FACE('',(#296),#3009,.F.);
#3166=ADVANCED_FACE('',(#297),#3010,.T.);
#3167=ADVANCED_FACE('',(#298),#15,.T.);
#3168=ADVANCED_FACE('',(#299),#48,.F.);
#3169=ADVANCED_FACE('',(#300),#49,.T.);
#3170=ADVANCED_FACE('',(#301,#104),#3011,.F.);
#3171=ADVANCED_FACE('',(#302),#3012,.T.);
#3172=ADVANCED_FACE('',(#303),#16,.T.);
#3173=ADVANCED_FACE('',(#304),#17,.T.);
#3174=ADVANCED_FACE('',(#305),#18,.T.);
#3175=ADVANCED_FACE('',(#306),#3013,.T.);
#3176=ADVANCED_FACE('',(#307),#3014,.T.);
#3177=ADVANCED_FACE('',(#308),#3015,.T.);
#3178=ADVANCED_FACE('',(#309),#3016,.T.);
#3179=ADVANCED_FACE('',(#310),#3017,.T.);
#3180=ADVANCED_FACE('',(#311),#3018,.T.);
#3181=ADVANCED_FACE('',(#312),#3019,.F.);
#3182=ADVANCED_FACE('',(#313),#3020,.T.);
#3183=ADVANCED_FACE('',(#314),#3021,.T.);
#3184=ADVANCED_FACE('',(#315),#3022,.T.);
#3185=ADVANCED_FACE('',(#316),#3023,.T.);
#3186=ADVANCED_FACE('',(#317),#13,.T.);
#3187=ADVANCED_FACE('',(#318),#3024,.F.);
#3188=ADVANCED_FACE('',(#319),#3025,.F.);
#3189=ADVANCED_FACE('',(#320),#50,.T.);
#3190=ADVANCED_FACE('',(#321),#14,.T.);
#3191=ADVANCED_FACE('',(#322),#3026,.F.);
#3192=ADVANCED_FACE('',(#323),#3027,.F.);
#3193=ADVANCED_FACE('',(#324),#51,.T.);
#3194=ADVANCED_FACE('',(#325),#3028,.T.);
#3195=ADVANCED_FACE('',(#326),#3029,.T.);
#3196=ADVANCED_FACE('',(#327),#3030,.T.);
#3197=ADVANCED_FACE('',(#328),#3031,.F.);
#3198=ADVANCED_FACE('',(#329),#3032,.T.);
#3199=ADVANCED_FACE('',(#330),#3033,.T.);
#3200=ADVANCED_FACE('',(#331),#3034,.T.);
#3201=ADVANCED_FACE('',(#332),#3035,.T.);
#3202=ADVANCED_FACE('',(#333),#3036,.F.);
#3203=ADVANCED_FACE('',(#334),#3037,.F.);
#3204=ADVANCED_FACE('',(#335),#3038,.T.);
#3205=ADVANCED_FACE('',(#336),#3039,.F.);
#3206=ADVANCED_FACE('',(#337),#3040,.F.);
#3207=ADVANCED_FACE('',(#338),#3041,.T.);
#3208=ADVANCED_FACE('',(#339),#3042,.F.);
#3209=ADVANCED_FACE('',(#340),#3043,.F.);
#3210=ADVANCED_FACE('',(#341),#3044,.T.);
#3211=ADVANCED_FACE('',(#342),#3045,.F.);
#3212=ADVANCED_FACE('',(#343),#3046,.F.);
#3213=ADVANCED_FACE('',(#344),#3047,.T.);
#3214=ADVANCED_FACE('',(#345),#19,.T.);
#3215=ADVANCED_FACE('',(#346),#52,.F.);
#3216=ADVANCED_FACE('',(#347),#53,.T.);
#3217=ADVANCED_FACE('',(#348,#105),#3048,.F.);
#3218=ADVANCED_FACE('',(#349),#3049,.T.);
#3219=ADVANCED_FACE('',(#350),#20,.T.);
#3220=ADVANCED_FACE('',(#351),#21,.T.);
#3221=ADVANCED_FACE('',(#352),#22,.T.);
#3222=ADVANCED_FACE('',(#353),#3050,.T.);
#3223=ADVANCED_FACE('',(#354),#3051,.T.);
#3224=ADVANCED_FACE('',(#355),#3052,.T.);
#3225=CLOSED_SHELL('',(#3053,#3054,#3055,#3056,#3057,#3058,#3059,#3060,
#3061,#3062,#3063,#3064,#3065,#3066,#3067,#3068,#3069,#3070,#3071,#3072,
#3073,#3074,#3075,#3076,#3077,#3078,#3079,#3080,#3081,#3082,#3083,#3084,
#3085,#3086,#3087,#3088,#3089,#3090,#3091,#3092,#3093,#3094,#3095,#3096,
#3097,#3098,#3099,#3100,#3101,#3102,#3103,#3104,#3105,#3106,#3107,#3108,
#3109,#3110,#3111,#3112,#3113,#3114,#3115,#3116,#3117,#3118,#3119,#3120,
#3121,#3122,#3123,#3124,#3125,#3126,#3127,#3128,#3129,#3130,#3131,#3132,
#3133,#3134,#3135,#3136,#3137,#3138,#3139,#3140,#3141,#3142,#3143,#3144,
#3145,#3146,#3147,#3148,#3149,#3150,#3151,#3152,#3153,#3154));
#3226=CLOSED_SHELL('',(#3155,#3156,#3157,#3158,#3159,#3160,#3161,#3162,
#3163,#3164,#3165,#3166,#3167,#3168,#3169,#3170,#3171,#3172,#3173,#3174,
#3175,#3176,#3177));
#3227=CLOSED_SHELL('',(#3178,#3179,#3180,#3181,#3182,#3183,#3184,#3185));
#3228=CLOSED_SHELL('',(#3186,#3187,#3188,#3189));
#3229=CLOSED_SHELL('',(#3190,#3191,#3192,#3193));
#3230=CLOSED_SHELL('',(#3194,#3195,#3196,#3197,#3198,#3199,#3200,#3201));
#3231=CLOSED_SHELL('',(#3202,#3203,#3204,#3205,#3206,#3207,#3208,#3209,
#3210,#3211,#3212,#3213,#3214,#3215,#3216,#3217,#3218,#3219,#3220,#3221,
#3222,#3223,#3224));
#3232=DERIVED_UNIT_ELEMENT(#3234,1.);
#3233=DERIVED_UNIT_ELEMENT(#6194,-3.);
#3234=(
MASS_UNIT()
NAMED_UNIT(*)
SI_UNIT(.KILO.,.GRAM.)
);
#3235=DERIVED_UNIT((#3232,#3233));
#3236=MEASURE_REPRESENTATION_ITEM('density measure',
POSITIVE_RATIO_MEASURE(7850.),#3235);
#3237=PROPERTY_DEFINITION_REPRESENTATION(#3242,#3239);
#3238=PROPERTY_DEFINITION_REPRESENTATION(#3243,#3240);
#3239=REPRESENTATION('material name',(#3241),#6191);
#3240=REPRESENTATION('density',(#3236),#6191);
#3241=DESCRIPTIVE_REPRESENTATION_ITEM('Steel','Steel');
#3242=PROPERTY_DEFINITION('material property','material name',#6201);
#3243=PROPERTY_DEFINITION('material property','density of part',#6201);
#3244=AXIS2_PLACEMENT_3D('',#4338,#3494,#3495);
#3245=AXIS2_PLACEMENT_3D('',#4339,#3496,#3497);
#3246=AXIS2_PLACEMENT_3D('',#4348,#3502,#3503);
#3247=AXIS2_PLACEMENT_3D('',#4354,#3507,#3508);
#3248=AXIS2_PLACEMENT_3D('',#4356,#3510,#3511);
#3249=AXIS2_PLACEMENT_3D('',#4358,#3513,#3514);
#3250=AXIS2_PLACEMENT_3D('',#4367,#3519,#3520);
#3251=AXIS2_PLACEMENT_3D('',#4373,#3524,#3525);
#3252=AXIS2_PLACEMENT_3D('',#4377,#3528,#3529);
#3253=AXIS2_PLACEMENT_3D('',#4386,#3534,#3535);
#3254=AXIS2_PLACEMENT_3D('',#4392,#3539,#3540);
#3255=AXIS2_PLACEMENT_3D('',#4396,#3543,#3544);
#3256=AXIS2_PLACEMENT_3D('',#4405,#3549,#3550);
#3257=AXIS2_PLACEMENT_3D('',#4411,#3554,#3555);
#3258=AXIS2_PLACEMENT_3D('',#4417,#3559,#3560);
#3259=AXIS2_PLACEMENT_3D('',#4423,#3564,#3565);
#3260=AXIS2_PLACEMENT_3D('',#4429,#3569,#3570);
#3261=AXIS2_PLACEMENT_3D('',#4435,#3574,#3575);
#3262=AXIS2_PLACEMENT_3D('',#4441,#3579,#3580);
#3263=AXIS2_PLACEMENT_3D('',#4447,#3584,#3585);
#3264=AXIS2_PLACEMENT_3D('',#4453,#3589,#3590);
#3265=AXIS2_PLACEMENT_3D('',#4456,#3593,#3594);
#3266=AXIS2_PLACEMENT_3D('',#4477,#3605,#3606);
#3267=AXIS2_PLACEMENT_3D('',#4480,#3609,#3610);
#3268=AXIS2_PLACEMENT_3D('',#4482,#3612,#3613);
#3269=AXIS2_PLACEMENT_3D('',#4484,#3615,#3616);
#3270=AXIS2_PLACEMENT_3D('',#4486,#3618,#3619);
#3271=AXIS2_PLACEMENT_3D('',#4488,#3621,#3622);
#3272=AXIS2_PLACEMENT_3D('',#4490,#3624,#3625);
#3273=AXIS2_PLACEMENT_3D('',#4492,#3627,#3628);
#3274=AXIS2_PLACEMENT_3D('',#4494,#3630,#3631);
#3275=AXIS2_PLACEMENT_3D('',#4496,#3633,#3634);
#3276=AXIS2_PLACEMENT_3D('',#4497,#3635,#3636);
#3277=AXIS2_PLACEMENT_3D('',#4502,#3639,#3640);
#3278=AXIS2_PLACEMENT_3D('',#4506,#3642,#3643);
#3279=AXIS2_PLACEMENT_3D('',#4508,#3645,#3646);
#3280=AXIS2_PLACEMENT_3D('',#4517,#3651,#3652);
#3281=AXIS2_PLACEMENT_3D('',#4523,#3656,#3657);
#3282=AXIS2_PLACEMENT_3D('',#4527,#3660,#3661);
#3283=AXIS2_PLACEMENT_3D('',#4531,#3664,#3665);
#3284=AXIS2_PLACEMENT_3D('',#4556,#3678,#3679);
#3285=AXIS2_PLACEMENT_3D('',#4562,#3683,#3684);
#3286=AXIS2_PLACEMENT_3D('',#4566,#3687,#3688);
#3287=AXIS2_PLACEMENT_3D('',#4570,#3691,#3692);
#3288=AXIS2_PLACEMENT_3D('',#4595,#3705,#3706);
#3289=AXIS2_PLACEMENT_3D('',#4601,#3710,#3711);
#3290=AXIS2_PLACEMENT_3D('',#4605,#3714,#3715);
#3291=AXIS2_PLACEMENT_3D('',#4609,#3718,#3719);
#3292=AXIS2_PLACEMENT_3D('',#4642,#3722,#3723);
#3293=AXIS2_PLACEMENT_3D('',#4657,#3726,#3727);
#3294=AXIS2_PLACEMENT_3D('',#4660,#3730,#3731);
#3295=AXIS2_PLACEMENT_3D('',#4663,#3732,#3733);
#3296=AXIS2_PLACEMENT_3D('',#4669,#3737,#3738);
#3297=AXIS2_PLACEMENT_3D('',#4675,#3742,#3743);
#3298=AXIS2_PLACEMENT_3D('',#4688,#3751,#3752);
#3299=AXIS2_PLACEMENT_3D('',#4692,#3755,#3756);
#3300=AXIS2_PLACEMENT_3D('',#4693,#3757,#3758);
#3301=AXIS2_PLACEMENT_3D('',#4694,#3759,#3760);
#3302=AXIS2_PLACEMENT_3D('',#4697,#3761,#3762);
#3303=AXIS2_PLACEMENT_3D('',#4700,#3765,#3766);
#3304=AXIS2_PLACEMENT_3D('',#4704,#3769,#3770);
#3305=AXIS2_PLACEMENT_3D('',#4708,#3773,#3774);
#3306=AXIS2_PLACEMENT_3D('',#4709,#3775,#3776);
#3307=AXIS2_PLACEMENT_3D('',#4710,#3777,#3778);
#3308=AXIS2_PLACEMENT_3D('',#4716,#3782,#3783);
#3309=AXIS2_PLACEMENT_3D('',#4718,#3784,#3785);
#3310=AXIS2_PLACEMENT_3D('',#4722,#3788,#3789);
#3311=AXIS2_PLACEMENT_3D('',#4726,#3792,#3793);
#3312=AXIS2_PLACEMENT_3D('',#4729,#3794,#3795);
#3313=AXIS2_PLACEMENT_3D('',#4732,#3798,#3799);
#3314=AXIS2_PLACEMENT_3D('',#4736,#3802,#3803);
#3315=AXIS2_PLACEMENT_3D('',#4738,#3804,#3805);
#3316=AXIS2_PLACEMENT_3D('',#4740,#3807,#3808);
#3317=AXIS2_PLACEMENT_3D('',#4742,#3809,#3810);
#3318=AXIS2_PLACEMENT_3D('',#4744,#3812,#3813);
#3319=AXIS2_PLACEMENT_3D('',#4747,#3814,#3815);
#3320=AXIS2_PLACEMENT_3D('',#4750,#3818,#3819);
#3321=AXIS2_PLACEMENT_3D('',#4753,#3820,#3821);
#3322=AXIS2_PLACEMENT_3D('',#4756,#3824,#3825);
#3323=AXIS2_PLACEMENT_3D('',#4760,#3828,#3829);
#3324=AXIS2_PLACEMENT_3D('',#4762,#3830,#3831);
#3325=AXIS2_PLACEMENT_3D('',#4766,#3834,#3835);
#3326=AXIS2_PLACEMENT_3D('',#4770,#3838,#3839);
#3327=AXIS2_PLACEMENT_3D('',#4773,#3840,#3841);
#3328=AXIS2_PLACEMENT_3D('',#4776,#3844,#3845);
#3329=AXIS2_PLACEMENT_3D('',#4778,#3847,#3848);
#3330=AXIS2_PLACEMENT_3D('',#4787,#3853,#3854);
#3331=AXIS2_PLACEMENT_3D('',#4796,#3859,#3860);
#3332=AXIS2_PLACEMENT_3D('',#4805,#3865,#3866);
#3333=AXIS2_PLACEMENT_3D('',#4806,#3867,#3868);
#3334=AXIS2_PLACEMENT_3D('',#4807,#3869,#3870);
#3335=AXIS2_PLACEMENT_3D('',#4808,#3871,#3872);
#3336=AXIS2_PLACEMENT_3D('',#4809,#3873,#3874);
#3337=AXIS2_PLACEMENT_3D('',#4810,#3875,#3876);
#3338=AXIS2_PLACEMENT_3D('',#4811,#3877,#3878);
#3339=AXIS2_PLACEMENT_3D('',#4868,#3884,#3885);
#3340=AXIS2_PLACEMENT_3D('',#4922,#3886,#3887);
#3341=AXIS2_PLACEMENT_3D('',#4924,#3889,#3890);
#3342=AXIS2_PLACEMENT_3D('',#4943,#3893,#3894);
#3343=AXIS2_PLACEMENT_3D('',#5355,#3895,#3896);
#3344=AXIS2_PLACEMENT_3D('',#5603,#3898,#3899);
#3345=AXIS2_PLACEMENT_3D('',#5604,#3900,#3901);
#3346=AXIS2_PLACEMENT_3D('',#5613,#3906,#3907);
#3347=AXIS2_PLACEMENT_3D('',#5615,#3908,#3909);
#3348=AXIS2_PLACEMENT_3D('',#5617,#3910,#3911);
#3349=AXIS2_PLACEMENT_3D('',#5619,#3913,#3914);
#3350=AXIS2_PLACEMENT_3D('',#5625,#3918,#3919);
#3351=AXIS2_PLACEMENT_3D('',#5631,#3923,#3924);
#3352=AXIS2_PLACEMENT_3D('',#5637,#3928,#3929);
#3353=AXIS2_PLACEMENT_3D('',#5638,#3930,#3931);
#3354=AXIS2_PLACEMENT_3D('',#5639,#3932,#3933);
#3355=AXIS2_PLACEMENT_3D('',#5640,#3934,#3935);
#3356=AXIS2_PLACEMENT_3D('',#5643,#3938,#3939);
#3357=AXIS2_PLACEMENT_3D('',#5646,#3940,#3941);
#3358=AXIS2_PLACEMENT_3D('',#5650,#3943,#3944);
#3359=AXIS2_PLACEMENT_3D('',#5656,#3948,#3949);
#3360=AXIS2_PLACEMENT_3D('',#5659,#3952,#3953);
#3361=AXIS2_PLACEMENT_3D('',#5662,#3956,#3957);
#3362=AXIS2_PLACEMENT_3D('',#5665,#3960,#3961);
#3363=AXIS2_PLACEMENT_3D('',#5667,#3963,#3964);
#3364=AXIS2_PLACEMENT_3D('',#5670,#3967,#3968);
#3365=AXIS2_PLACEMENT_3D('',#5672,#3970,#3971);
#3366=AXIS2_PLACEMENT_3D('',#5673,#3972,#3973);
#3367=AXIS2_PLACEMENT_3D('',#5675,#3975,#3976);
#3368=AXIS2_PLACEMENT_3D('',#5677,#3978,#3979);
#3369=AXIS2_PLACEMENT_3D('',#5678,#3980,#3981);
#3370=AXIS2_PLACEMENT_3D('',#5679,#3982,#3983);
#3371=AXIS2_PLACEMENT_3D('',#5699,#3988,#3989);
#3372=AXIS2_PLACEMENT_3D('',#5719,#3994,#3995);
#3373=AXIS2_PLACEMENT_3D('',#5720,#3996,#3997);
#3374=AXIS2_PLACEMENT_3D('',#5721,#3998,#3999);
#3375=AXIS2_PLACEMENT_3D('',#5722,#4000,#4001);
#3376=AXIS2_PLACEMENT_3D('',#5742,#4006,#4007);
#3377=AXIS2_PLACEMENT_3D('',#5762,#4012,#4013);
#3378=AXIS2_PLACEMENT_3D('',#5763,#4014,#4015);
#3379=AXIS2_PLACEMENT_3D('',#5764,#4016,#4017);
#3380=AXIS2_PLACEMENT_3D('',#5765,#4018,#4019);
#3381=AXIS2_PLACEMENT_3D('',#5785,#4024,#4025);
#3382=AXIS2_PLACEMENT_3D('',#5805,#4030,#4031);
#3383=AXIS2_PLACEMENT_3D('',#5806,#4032,#4033);
#3384=AXIS2_PLACEMENT_3D('',#5807,#4034,#4035);
#3385=AXIS2_PLACEMENT_3D('',#5808,#4036,#4037);
#3386=AXIS2_PLACEMENT_3D('',#5828,#4042,#4043);
#3387=AXIS2_PLACEMENT_3D('',#5848,#4048,#4049);
#3388=AXIS2_PLACEMENT_3D('',#5849,#4050,#4051);
#3389=AXIS2_PLACEMENT_3D('',#5850,#4052,#4053);
#3390=AXIS2_PLACEMENT_3D('',#5851,#4054,#4055);
#3391=AXIS2_PLACEMENT_3D('',#5852,#4056,#4057);
#3392=AXIS2_PLACEMENT_3D('',#5853,#4058,#4059);
#3393=AXIS2_PLACEMENT_3D('',#5854,#4060,#4061);
#3394=AXIS2_PLACEMENT_3D('',#5855,#4062,#4063);
#3395=AXIS2_PLACEMENT_3D('',#5856,#4064,#4065);
#3396=AXIS2_PLACEMENT_3D('',#5858,#4066,#4067);
#3397=AXIS2_PLACEMENT_3D('',#5861,#4069,#4070);
#3398=AXIS2_PLACEMENT_3D('',#5862,#4071,#4072);
#3399=AXIS2_PLACEMENT_3D('',#5863,#4073,#4074);
#3400=AXIS2_PLACEMENT_3D('',#5864,#4075,#4076);
#3401=AXIS2_PLACEMENT_3D('',#5866,#4077,#4078);
#3402=AXIS2_PLACEMENT_3D('',#5869,#4080,#4081);
#3403=AXIS2_PLACEMENT_3D('',#5870,#4082,#4083);
#3404=AXIS2_PLACEMENT_3D('',#5871,#4084,#4085);
#3405=AXIS2_PLACEMENT_3D('',#5872,#4086,#4087);
#3406=AXIS2_PLACEMENT_3D('',#5873,#4088,#4089);
#3407=AXIS2_PLACEMENT_3D('',#5874,#4090,#4091);
#3408=AXIS2_PLACEMENT_3D('',#5875,#4092,#4093);
#3409=AXIS2_PLACEMENT_3D('',#5876,#4094,#4095);
#3410=AXIS2_PLACEMENT_3D('',#5877,#4096,#4097);
#3411=AXIS2_PLACEMENT_3D('',#5878,#4098,#4099);
#3412=AXIS2_PLACEMENT_3D('',#5879,#4100,#4101);
#3413=AXIS2_PLACEMENT_3D('',#5880,#4102,#4103);
#3414=AXIS2_PLACEMENT_3D('',#5881,#4104,#4105);
#3415=AXIS2_PLACEMENT_3D('',#5882,#4106,#4107);
#3416=AXIS2_PLACEMENT_3D('',#5883,#4108,#4109);
#3417=AXIS2_PLACEMENT_3D('',#5884,#4110,#4111);
#3418=AXIS2_PLACEMENT_3D('',#5893,#4116,#4117);
#3419=AXIS2_PLACEMENT_3D('',#5902,#4122,#4123);
#3420=AXIS2_PLACEMENT_3D('',#5911,#4128,#4129);
#3421=AXIS2_PLACEMENT_3D('',#5914,#4132,#4133);
#3422=AXIS2_PLACEMENT_3D('',#5917,#4136,#4137);
#3423=AXIS2_PLACEMENT_3D('',#5919,#4139,#4140);
#3424=AXIS2_PLACEMENT_3D('',#5921,#4142,#4143);
#3425=AXIS2_PLACEMENT_3D('',#5922,#4144,#4145);
#3426=AXIS2_PLACEMENT_3D('',#5924,#4146,#4147);
#3427=AXIS2_PLACEMENT_3D('',#5927,#4149,#4150);
#3428=AXIS2_PLACEMENT_3D('',#5928,#4151,#4152);
#3429=AXIS2_PLACEMENT_3D('',#5930,#4153,#4154);
#3430=AXIS2_PLACEMENT_3D('',#5931,#4155,#4156);
#3431=AXIS2_PLACEMENT_3D('',#5932,#4157,#4158);
#3432=AXIS2_PLACEMENT_3D('',#5934,#4160,#4161);
#3433=AXIS2_PLACEMENT_3D('',#5936,#4162,#4163);
#3434=AXIS2_PLACEMENT_3D('',#5939,#4165,#4166);
#3435=AXIS2_PLACEMENT_3D('',#5940,#4167,#4168);
#3436=AXIS2_PLACEMENT_3D('',#5942,#4169,#4170);
#3437=AXIS2_PLACEMENT_3D('',#5943,#4171,#4172);
#3438=AXIS2_PLACEMENT_3D('',#5944,#4173,#4174);
#3439=AXIS2_PLACEMENT_3D('',#5946,#4176,#4177);
#3440=AXIS2_PLACEMENT_3D('',#5955,#4182,#4183);
#3441=AXIS2_PLACEMENT_3D('',#5964,#4188,#4189);
#3442=AXIS2_PLACEMENT_3D('',#5973,#4194,#4195);
#3443=AXIS2_PLACEMENT_3D('',#5976,#4198,#4199);
#3444=AXIS2_PLACEMENT_3D('',#5979,#4202,#4203);
#3445=AXIS2_PLACEMENT_3D('',#5981,#4205,#4206);
#3446=AXIS2_PLACEMENT_3D('',#5983,#4208,#4209);
#3447=AXIS2_PLACEMENT_3D('',#5984,#4210,#4211);
#3448=AXIS2_PLACEMENT_3D('',#6004,#4216,#4217);
#3449=AXIS2_PLACEMENT_3D('',#6024,#4222,#4223);
#3450=AXIS2_PLACEMENT_3D('',#6025,#4224,#4225);
#3451=AXIS2_PLACEMENT_3D('',#6026,#4226,#4227);
#3452=AXIS2_PLACEMENT_3D('',#6027,#4228,#4229);
#3453=AXIS2_PLACEMENT_3D('',#6047,#4234,#4235);
#3454=AXIS2_PLACEMENT_3D('',#6067,#4240,#4241);
#3455=AXIS2_PLACEMENT_3D('',#6068,#4242,#4243);
#3456=AXIS2_PLACEMENT_3D('',#6069,#4244,#4245);
#3457=AXIS2_PLACEMENT_3D('',#6070,#4246,#4247);
#3458=AXIS2_PLACEMENT_3D('',#6090,#4252,#4253);
#3459=AXIS2_PLACEMENT_3D('',#6110,#4258,#4259);
#3460=AXIS2_PLACEMENT_3D('',#6111,#4260,#4261);
#3461=AXIS2_PLACEMENT_3D('',#6112,#4262,#4263);
#3462=AXIS2_PLACEMENT_3D('',#6113,#4264,#4265);
#3463=AXIS2_PLACEMENT_3D('',#6133,#4270,#4271);
#3464=AXIS2_PLACEMENT_3D('',#6153,#4276,#4277);
#3465=AXIS2_PLACEMENT_3D('',#6154,#4278,#4279);
#3466=AXIS2_PLACEMENT_3D('',#6155,#4280,#4281);
#3467=AXIS2_PLACEMENT_3D('',#6156,#4282,#4283);
#3468=AXIS2_PLACEMENT_3D('',#6157,#4284,#4285);
#3469=AXIS2_PLACEMENT_3D('',#6158,#4286,#4287);
#3470=AXIS2_PLACEMENT_3D('',#6159,#4288,#4289);
#3471=AXIS2_PLACEMENT_3D('',#6160,#4290,#4291);
#3472=AXIS2_PLACEMENT_3D('',#6161,#4292,#4293);
#3473=AXIS2_PLACEMENT_3D('',#6163,#4294,#4295);
#3474=AXIS2_PLACEMENT_3D('',#6166,#4297,#4298);
#3475=AXIS2_PLACEMENT_3D('',#6167,#4299,#4300);
#3476=AXIS2_PLACEMENT_3D('',#6168,#4301,#4302);
#3477=AXIS2_PLACEMENT_3D('',#6169,#4303,#4304);
#3478=AXIS2_PLACEMENT_3D('',#6171,#4305,#4306);
#3479=AXIS2_PLACEMENT_3D('',#6174,#4308,#4309);
#3480=AXIS2_PLACEMENT_3D('',#6175,#4310,#4311);
#3481=AXIS2_PLACEMENT_3D('',#6176,#4312,#4313);
#3482=AXIS2_PLACEMENT_3D('',#6177,#4314,#4315);
#3483=AXIS2_PLACEMENT_3D('',#6178,#4316,#4317);
#3484=AXIS2_PLACEMENT_3D('',#6179,#4318,#4319);
#3485=AXIS2_PLACEMENT_3D('',#6180,#4320,#4321);
#3486=AXIS2_PLACEMENT_3D('',#6181,#4322,#4323);
#3487=AXIS2_PLACEMENT_3D('',#6182,#4324,#4325);
#3488=AXIS2_PLACEMENT_3D('',#6183,#4326,#4327);
#3489=AXIS2_PLACEMENT_3D('',#6184,#4328,#4329);
#3490=AXIS2_PLACEMENT_3D('',#6185,#4330,#4331);
#3491=AXIS2_PLACEMENT_3D('',#6186,#4332,#4333);
#3492=AXIS2_PLACEMENT_3D('',#6187,#4334,#4335);
#3493=AXIS2_PLACEMENT_3D('',#6188,#4336,#4337);
#3494=DIRECTION('axis',(0.,0.,1.));
#3495=DIRECTION('refdir',(1.,0.,0.));
#3496=DIRECTION('center_axis',(-0.660001667960938,-0.75126413350351,-4.06757432214877E-33));
#3497=DIRECTION('ref_axis',(-6.16297582203915E-33,0.,1.));
#3498=DIRECTION('',(-1.05134756119806E-16,9.23631400798325E-17,1.));
#3499=DIRECTION('',(-0.75126413350351,0.660001667960938,-2.51446688912762E-16));
#3500=DIRECTION('',(-6.16297582203915E-33,0.,1.));
#3501=DIRECTION('',(0.75126413350351,-0.660001667960938,1.8318726201531E-16));
#3502=DIRECTION('center_axis',(-1.,-1.11022302462516E-16,-1.05134756119806E-16));
#3503=DIRECTION('ref_axis',(1.05134756119806E-16,1.06918292670224E-32,-1.));
#3504=DIRECTION('',(3.33066907387547E-16,-1.,2.77555756156289E-16));
#3505=DIRECTION('',(1.05134756119806E-16,1.06918292670224E-32,-1.));
#3506=DIRECTION('',(3.33066907387547E-16,-1.,2.77555756156289E-16));
#3507=DIRECTION('center_axis',(-9.86076131526265E-32,2.77555756156289E-16,
1.));
#3508=DIRECTION('ref_axis',(3.33066907387547E-16,-1.,2.77555756156289E-16));
#3509=DIRECTION('',(-1.,-1.11022302462516E-16,-1.09476442525376E-47));
#3510=DIRECTION('center_axis',(9.08594246062632E-17,1.28926046564384E-32,
-1.));
#3511=DIRECTION('ref_axis',(-1.,-1.11022302462516E-16,-9.08594246062633E-17));
#3512=DIRECTION('',(1.,1.11022302462516E-16,9.08594246062633E-17));
#3513=DIRECTION('center_axis',(-1.11022302462516E-16,1.,-2.77555756156289E-16));
#3514=DIRECTION('ref_axis',(-1.,-1.11022302462516E-16,-1.09476442525376E-47));
#3515=DIRECTION('',(6.16297582203915E-33,0.,-1.));
#3516=DIRECTION('',(1.,1.11022302462516E-16,-2.168404344971E-16));
#3517=DIRECTION('',(-6.16297582203915E-33,0.,1.));
#3518=DIRECTION('',(-1.,-1.11022302462516E-16,-1.09476442525376E-47));
#3519=DIRECTION('center_axis',(-2.168404344971E-16,-3.55334074739444E-32,
-1.));
#3520=DIRECTION('ref_axis',(-1.,-1.11022302462516E-16,2.168404344971E-16));
#3521=DIRECTION('',(-3.33066907387547E-16,1.,-2.77555756156289E-16));
#3522=DIRECTION('',(-3.33066907387547E-16,1.,-2.77555756156289E-16));
#3523=DIRECTION('',(-1.,-1.11022302462516E-16,2.168404344971E-16));
#3524=DIRECTION('center_axis',(1.,1.11022302462516E-16,6.16297582203915E-33));
#3525=DIRECTION('ref_axis',(6.16297582203915E-33,0.,-1.));
#3526=DIRECTION('',(-3.33066907387547E-16,1.,-2.77555756156289E-16));
#3527=DIRECTION('',(6.16297582203915E-33,0.,-1.));
#3528=DIRECTION('center_axis',(-1.11022302462516E-16,1.,-2.77555756156289E-16));
#3529=DIRECTION('ref_axis',(-1.,-1.11022302462516E-16,-1.09476442525376E-47));
#3530=DIRECTION('',(-1.,-1.11022302462516E-16,-1.09476442525376E-47));
#3531=DIRECTION('',(6.16297582203915E-33,0.,-1.));
#3532=DIRECTION('',(1.,1.11022302462516E-16,2.168404344971E-16));
#3533=DIRECTION('',(-6.16297582203915E-33,0.,1.));
#3534=DIRECTION('center_axis',(-1.,-3.33066907387547E-16,6.16297582203916E-32));
#3535=DIRECTION('ref_axis',(-3.33066907387547E-16,1.,-2.77555756156289E-16));
#3536=DIRECTION('',(-3.33066907387547E-16,1.,-2.77555756156289E-16));
#3537=DIRECTION('',(-3.33066907387547E-16,1.,-2.77555756156289E-16));
#3538=DIRECTION('',(-6.16297582203915E-33,0.,1.));
#3539=DIRECTION('center_axis',(2.168404344971E-16,3.55334074739444E-32,
-1.));
#3540=DIRECTION('ref_axis',(-1.,-1.11022302462516E-16,-2.168404344971E-16));
#3541=DIRECTION('',(-3.33066907387547E-16,1.,-2.77555756156289E-16));
#3542=DIRECTION('',(-1.,-1.11022302462516E-16,-2.168404344971E-16));
#3543=DIRECTION('center_axis',(-0.466691655009614,0.53122396326257,0.707106781186544));
#3544=DIRECTION('ref_axis',(0.834608766562147,1.38777878078145E-16,0.550843178025844));
#3545=DIRECTION('',(-0.673462813820748,0.304787921022603,-0.673462813820748));
#3546=DIRECTION('',(-0.75126413350351,-0.660001667960938,1.8318726201531E-16));
#3547=DIRECTION('',(0.257501868124307,-0.683261585307008,0.683261585307009));
#3548=DIRECTION('',(0.75126413350351,0.660001667960938,-1.8318726201531E-16));
#3549=DIRECTION('center_axis',(-7.85046229341888E-17,0.707106781186548,
0.707106781186547));
#3550=DIRECTION('ref_axis',(1.,1.11022302462516E-16,0.));
#3551=DIRECTION('',(-0.577350269189626,-0.577350269189625,0.577350269189626));
#3552=DIRECTION('',(1.,1.11022302462516E-16,1.09476442525376E-47));
#3553=DIRECTION('',(-1.,-1.11022302462516E-16,-1.09476442525376E-47));
#3554=DIRECTION('center_axis',(-0.707106781186548,-3.92523114670943E-17,
0.707106781186547));
#3555=DIRECTION('ref_axis',(3.33066907387547E-16,-1.,2.77555756156289E-16));
#3556=DIRECTION('',(-0.673462813820747,-0.30478792102261,-0.673462813820747));
#3557=DIRECTION('',(3.33066907387547E-16,-1.,2.77555756156289E-16));
#3558=DIRECTION('',(-3.33066907387547E-16,1.,-2.77555756156289E-16));
#3559=DIRECTION('center_axis',(0.707106781186547,1.40750406104214E-16,0.707106781186548));
#3560=DIRECTION('ref_axis',(0.707106781186548,1.40750406104214E-16,-0.707106781186547));
#3561=DIRECTION('',(-0.577350269189626,0.577350269189626,0.577350269189626));
#3562=DIRECTION('',(3.33066907387547E-16,-1.,2.77555756156289E-16));
#3563=DIRECTION('',(-3.33066907387547E-16,1.,-2.77555756156289E-16));
#3564=DIRECTION('center_axis',(-0.466691655009612,-0.531223963262568,0.707106781186547));
#3565=DIRECTION('ref_axis',(2.77555756156289E-16,-0.799514605759917,-0.600646647519625));
#3566=DIRECTION('',(-0.257501868124312,-0.683261585307008,-0.683261585307007));
#3567=DIRECTION('',(0.75126413350351,-0.660001667960938,1.8318726201531E-16));
#3568=DIRECTION('',(-0.75126413350351,0.660001667960938,-1.8318726201531E-16));
#3569=DIRECTION('center_axis',(2.74766180269661E-16,-0.707106781186547,
0.707106781186548));
#3570=DIRECTION('ref_axis',(2.74766180269661E-16,-0.707106781186548,-0.707106781186547));
#3571=DIRECTION('',(0.577350269189627,0.577350269189625,0.577350269189625));
#3572=DIRECTION('',(-1.,-1.11022302462516E-16,-1.09476442525376E-47));
#3573=DIRECTION('',(1.,1.11022302462516E-16,1.09476442525376E-47));
#3574=DIRECTION('center_axis',(2.74766180269661E-16,-0.707106781186547,
0.707106781186548));
#3575=DIRECTION('ref_axis',(2.74766180269661E-16,-0.707106781186548,-0.707106781186547));
#3576=DIRECTION('',(0.577350269189626,-0.577350269189626,-0.577350269189626));
#3577=DIRECTION('',(1.,1.11022302462516E-16,1.09476442525376E-47));
#3578=DIRECTION('',(-1.,-1.11022302462516E-16,-1.09476442525376E-47));
#3579=DIRECTION('center_axis',(-0.707106781186547,1.20654858958815E-15,
0.707106781186548));
#3580=DIRECTION('ref_axis',(3.33066907387547E-16,-1.,2.03938428644523E-15));
#3581=DIRECTION('',(0.577350269189627,0.577350269189625,0.577350269189625));
#3582=DIRECTION('',(1.38777878078145E-15,1.,-2.77555756156289E-16));
#3583=DIRECTION('',(-1.38777878078145E-15,-1.,2.77555756156289E-16));
#3584=DIRECTION('center_axis',(0.707106781186547,-8.12941988208171E-17,
0.707106781186548));
#3585=DIRECTION('ref_axis',(0.707106781186548,1.40750406104214E-16,-0.707106781186547));
#3586=DIRECTION('',(0.577350269189626,-0.577350269189626,-0.577350269189626));
#3587=DIRECTION('',(-5.55111512312579E-17,1.,-2.77555756156289E-16));
#3588=DIRECTION('',(5.55111512312579E-17,-1.,2.77555756156289E-16));
#3589=DIRECTION('center_axis',(2.74766180269661E-16,-0.707106781186547,
0.707106781186548));
#3590=DIRECTION('ref_axis',(2.74766180269661E-16,-0.707106781186548,-0.707106781186547));
#3591=DIRECTION('',(1.,1.11022302462516E-16,1.09476442525376E-47));
#3592=DIRECTION('',(-1.,-1.11022302462516E-16,-1.09476442525376E-47));
#3593=DIRECTION('center_axis',(-9.86076131526265E-32,2.77555756156289E-16,
1.));
#3594=DIRECTION('ref_axis',(3.33066907387547E-16,-1.,2.77555756156289E-16));
#3595=DIRECTION('',(1.38777878078145E-15,1.,-2.77555756156289E-16));
#3596=DIRECTION('',(-1.,-1.11022302462516E-16,-1.09476442525376E-47));
#3597=DIRECTION('',(5.55111512312579E-17,-1.,2.77555756156289E-16));
#3598=DIRECTION('',(-1.,-1.11022302462516E-16,-1.09476442525376E-47));
#3599=DIRECTION('',(-0.75126413350351,0.660001667960938,-1.8318726201531E-16));
#3600=DIRECTION('',(-3.33066907387547E-16,1.,-2.77555756156289E-16));
#3601=DIRECTION('',(0.75126413350351,0.660001667960938,-1.8318726201531E-16));
#3602=DIRECTION('',(1.,1.11022302462516E-16,1.09476442525376E-47));
#3603=DIRECTION('',(3.33066907387547E-16,-1.,2.77555756156289E-16));
#3604=DIRECTION('',(-1.,-1.11022302462516E-16,-1.09476442525376E-47));
#3605=DIRECTION('center_axis',(3.33066907387547E-16,-1.,2.05268329735081E-48));
#3606=DIRECTION('ref_axis',(-6.16297582203915E-33,0.,1.));
#3607=DIRECTION('',(6.16297582203915E-33,0.,-1.));
#3608=DIRECTION('',(6.16297582203915E-33,0.,-1.));
#3609=DIRECTION('center_axis',(1.,5.55111512312579E-17,1.54074395550978E-32));
#3610=DIRECTION('ref_axis',(-5.55111512312579E-17,1.,-2.77555756156289E-16));
#3611=DIRECTION('',(6.16297582203915E-33,0.,-1.));
#3612=DIRECTION('center_axis',(3.33066907387547E-16,-1.,2.05268329735081E-48));
#3613=DIRECTION('ref_axis',(-6.16297582203915E-33,0.,1.));
#3614=DIRECTION('',(6.16297582203915E-33,0.,-1.));
#3615=DIRECTION('center_axis',(-0.660001667960938,-0.75126413350351,-4.06757432214877E-33));
#3616=DIRECTION('ref_axis',(-6.16297582203915E-33,0.,1.));
#3617=DIRECTION('',(6.16297582203915E-33,0.,-1.));
#3618=DIRECTION('center_axis',(-1.,-3.33066907387547E-16,6.16297582203916E-32));
#3619=DIRECTION('ref_axis',(-3.33066907387547E-16,1.,-2.77555756156289E-16));
#3620=DIRECTION('',(6.16297582203915E-33,0.,-1.));
#3621=DIRECTION('center_axis',(-0.660001667960938,0.75126413350351,-4.06757432214878E-33));
#3622=DIRECTION('ref_axis',(-6.16297582203915E-33,0.,1.));
#3623=DIRECTION('',(6.16297582203915E-33,0.,-1.));
#3624=DIRECTION('center_axis',(-1.11022302462516E-16,1.,-2.77555756156289E-16));
#3625=DIRECTION('ref_axis',(-1.,-1.11022302462516E-16,-1.09476442525376E-47));
#3626=DIRECTION('',(6.16297582203915E-33,0.,-1.));
#3627=DIRECTION('center_axis',(1.,1.11022302462516E-16,6.16297582203915E-33));
#3628=DIRECTION('ref_axis',(6.16297582203915E-33,0.,-1.));
#3629=DIRECTION('',(6.16297582203915E-33,0.,-1.));
#3630=DIRECTION('center_axis',(3.33066907387547E-16,-1.,2.05268329735081E-48));
#3631=DIRECTION('ref_axis',(-6.16297582203915E-33,0.,1.));
#3632=DIRECTION('',(6.16297582203915E-33,0.,-1.));
#3633=DIRECTION('center_axis',(-1.,1.38777878078145E-15,-4.16000867987643E-31));
#3634=DIRECTION('ref_axis',(1.38777878078145E-15,1.,-2.77555756156289E-16));
#3635=DIRECTION('center_axis',(-9.86076131526265E-32,2.77555756156289E-16,
1.));
#3636=DIRECTION('ref_axis',(3.33066907387547E-16,-1.,2.77555756156289E-16));
#3637=DIRECTION('',(1.,1.11022302462516E-16,1.09476442525376E-47));
#3638=DIRECTION('',(3.33066907387547E-16,-1.,2.77555756156289E-16));
#3639=DIRECTION('center_axis',(-6.16297582203915E-33,0.,1.));
#3640=DIRECTION('ref_axis',(1.,0.,6.16297582203915E-33));
#3641=DIRECTION('',(-1.,-1.11022302462516E-16,-1.09476442525376E-47));
#3642=DIRECTION('center_axis',(-6.16297582203915E-33,0.,1.));
#3643=DIRECTION('ref_axis',(1.,0.,6.16297582203915E-33));
#3644=DIRECTION('',(-3.33066907387547E-16,1.,-2.77555756156289E-16));
#3645=DIRECTION('center_axis',(3.33066907387547E-16,-1.,2.05268329735081E-48));
#3646=DIRECTION('ref_axis',(-6.16297582203915E-33,0.,1.));
#3647=DIRECTION('',(-6.16297582203915E-33,0.,1.));
#3648=DIRECTION('',(-1.,-1.11022302462516E-16,-1.09476442525376E-47));
#3649=DIRECTION('',(6.16297582203915E-33,0.,-1.));
#3650=DIRECTION('',(1.,1.11022302462516E-16,1.09476442525376E-47));
#3651=DIRECTION('center_axis',(1.,1.11022302462516E-16,6.16297582203915E-33));
#3652=DIRECTION('ref_axis',(6.16297582203915E-33,0.,-1.));
#3653=DIRECTION('',(6.16297582203915E-33,0.,-1.));
#3654=DIRECTION('',(-3.33066907387547E-16,1.,-2.77555756156289E-16));
#3655=DIRECTION('',(-3.33066907387547E-16,1.,-2.77555756156289E-16));
#3656=DIRECTION('center_axis',(1.09476442525376E-47,-6.84227765783601E-49,
-1.));
#3657=DIRECTION('ref_axis',(-1.,-1.11022302462516E-16,-1.09476442525376E-47));
#3658=DIRECTION('',(-1.,-1.11022302462516E-16,-1.09476442525376E-47));
#3659=DIRECTION('',(-3.33066907387547E-16,1.,-2.77555756156289E-16));
#3660=DIRECTION('center_axis',(-1.,-3.33066907387547E-16,6.16297582203916E-32));
#3661=DIRECTION('ref_axis',(-3.33066907387547E-16,1.,-2.77555756156289E-16));
#3662=DIRECTION('',(-6.16297582203915E-33,0.,1.));
#3663=DIRECTION('',(-3.33066907387547E-16,1.,-2.77555756156289E-16));
#3664=DIRECTION('center_axis',(-1.11022302462516E-16,1.,-2.77555756156289E-16));
#3665=DIRECTION('ref_axis',(-1.,-1.11022302462516E-16,-1.09476442525376E-47));
#3666=DIRECTION('',(-6.16297582203915E-33,0.,1.));
#3667=DIRECTION('',(1.,1.11022302462516E-16,-3.46944695195362E-15));
#3668=DIRECTION('',(6.16297582203915E-33,0.,-1.));
#3669=DIRECTION('',(-1.,-1.11022302462516E-16,-1.09476442525376E-47));
#3670=DIRECTION('',(-6.16297582203915E-33,0.,1.));
#3671=DIRECTION('',(-1.,-1.11022302462516E-16,-1.09476442525376E-47));
#3672=DIRECTION('',(6.16297582203915E-33,0.,-1.));
#3673=DIRECTION('',(1.,1.11022302462516E-16,1.09476442525376E-47));
#3674=DIRECTION('',(-6.16297582203915E-33,0.,1.));
#3675=DIRECTION('',(-1.,-1.11022302462516E-16,1.15648231731787E-15));
#3676=DIRECTION('',(6.16297582203915E-33,0.,-1.));
#3677=DIRECTION('',(1.,1.11022302462516E-16,1.09476442525376E-47));
#3678=DIRECTION('center_axis',(-1.15648231731787E-15,-1.730769043356E-31,
-1.));
#3679=DIRECTION('ref_axis',(-1.,-1.11022302462516E-16,1.15648231731787E-15));
#3680=DIRECTION('',(-1.,-1.11022302462516E-16,1.15648231731787E-15));
#3681=DIRECTION('',(-3.33066907387547E-16,1.,-2.77555756156289E-16));
#3682=DIRECTION('',(-3.33066907387547E-16,1.,-2.77555756156289E-16));
#3683=DIRECTION('center_axis',(-1.,-3.33066907387547E-16,6.16297582203916E-32));
#3684=DIRECTION('ref_axis',(-3.33066907387547E-16,1.,-2.77555756156289E-16));
#3685=DIRECTION('',(-6.16297582203915E-33,0.,1.));
#3686=DIRECTION('',(-3.33066907387547E-16,1.,-2.77555756156289E-16));
#3687=DIRECTION('center_axis',(-9.86076131526265E-32,2.77555756156289E-16,
1.));
#3688=DIRECTION('ref_axis',(3.33066907387547E-16,-1.,2.77555756156289E-16));
#3689=DIRECTION('',(1.,1.11022302462516E-16,1.09476442525376E-47));
#3690=DIRECTION('',(-3.33066907387547E-16,1.,-2.77555756156289E-16));
#3691=DIRECTION('center_axis',(-1.11022302462516E-16,1.,-2.77555756156289E-16));
#3692=DIRECTION('ref_axis',(-1.,-1.11022302462516E-16,-1.09476442525376E-47));
#3693=DIRECTION('',(-6.16297582203915E-33,0.,1.));
#3694=DIRECTION('',(1.,1.11022302462516E-16,3.46944695195362E-15));
#3695=DIRECTION('',(6.16297582203915E-33,0.,-1.));
#3696=DIRECTION('',(1.,1.11022302462516E-16,1.09476442525376E-47));
#3697=DIRECTION('',(-6.16297582203915E-33,0.,1.));
#3698=DIRECTION('',(-1.,-1.11022302462516E-16,-1.15648231731787E-15));
#3699=DIRECTION('',(6.16297582203915E-33,0.,-1.));
#3700=DIRECTION('',(1.,1.11022302462516E-16,1.09476442525376E-47));
#3701=DIRECTION('',(-6.16297582203915E-33,0.,1.));
#3702=DIRECTION('',(-1.,-1.11022302462516E-16,-1.09476442525376E-47));
#3703=DIRECTION('',(6.16297582203915E-33,0.,-1.));
#3704=DIRECTION('',(-1.,-1.11022302462516E-16,-1.09476442525376E-47));
#3705=DIRECTION('center_axis',(-9.86076131526265E-32,2.77555756156289E-16,
1.));
#3706=DIRECTION('ref_axis',(3.33066907387547E-16,-1.,2.77555756156289E-16));
#3707=DIRECTION('',(1.,1.11022302462516E-16,1.09476442525376E-47));
#3708=DIRECTION('',(-3.33066907387547E-16,1.,-2.77555756156289E-16));
#3709=DIRECTION('',(-3.33066907387547E-16,1.,-2.77555756156289E-16));
#3710=DIRECTION('center_axis',(1.,1.11022302462516E-16,6.16297582203915E-33));
#3711=DIRECTION('ref_axis',(6.16297582203915E-33,0.,-1.));
#3712=DIRECTION('',(6.16297582203915E-33,0.,-1.));
#3713=DIRECTION('',(-3.33066907387547E-16,1.,-2.77555756156289E-16));
#3714=DIRECTION('center_axis',(1.15648231731787E-15,1.730769043356E-31,
-1.));
#3715=DIRECTION('ref_axis',(-1.,-1.11022302462516E-16,-1.15648231731787E-15));
#3716=DIRECTION('',(-1.,-1.11022302462516E-16,-1.15648231731787E-15));
#3717=DIRECTION('',(-3.33066907387547E-16,1.,-2.77555756156289E-16));
#3718=DIRECTION('center_axis',(-1.11022302462516E-16,1.,-2.77555756156289E-16));
#3719=DIRECTION('ref_axis',(-1.,-1.11022302462516E-16,-1.09476442525376E-47));
#3720=DIRECTION('',(1.,1.11022302462516E-16,-1.58252211041702E-14));
#3721=DIRECTION('',(-1.,-1.11022302462516E-16,-1.09476442525376E-47));
#3722=DIRECTION('center_axis',(5.65263021642156E-16,-1.,1.36984830774236E-15));
#3723=DIRECTION('ref_axis',(-0.0221090331482483,-1.38201088837408E-15,-0.999755565452501));
#3724=DIRECTION('',(-3.33066907387547E-16,1.,-2.77555756156289E-16));
#3725=DIRECTION('',(-3.33066907387547E-16,1.,-2.77555756156289E-16));
#3726=DIRECTION('center_axis',(1.41315755410539E-16,-1.,-3.42462076935277E-16));
#3727=DIRECTION('ref_axis',(0.0221090331403946,3.45502722092157E-16,-0.999755565452674));
#3728=DIRECTION('',(-3.33066907387547E-16,1.,-2.77555756156289E-16));
#3729=DIRECTION('',(-3.33066907387547E-16,1.,-2.77555756156289E-16));
#3730=DIRECTION('center_axis',(3.33066907387547E-16,-1.,2.05268329735081E-48));
#3731=DIRECTION('ref_axis',(-6.16297582203915E-33,0.,1.));
#3732=DIRECTION('center_axis',(3.33066907387547E-16,-1.,2.77555756156289E-16));
#3733=DIRECTION('ref_axis',(-9.24446373305874E-32,2.77555756156289E-16,
1.));
#3734=DIRECTION('',(-6.16297582203915E-33,0.,1.));
#3735=DIRECTION('',(-1.,-1.11022302462516E-16,-1.09476442525376E-47));
#3736=DIRECTION('',(2.9909025447876E-16,4.60363668085942E-32,-1.));
#3737=DIRECTION('center_axis',(1.,1.11022302462516E-16,6.16297582203915E-33));
#3738=DIRECTION('ref_axis',(6.16297582203915E-33,0.,-1.));
#3739=DIRECTION('',(-6.16297582203915E-33,0.,1.));
#3740=DIRECTION('',(3.33066907387547E-16,-1.,2.77555756156289E-16));
#3741=DIRECTION('',(3.33066907387547E-16,-1.,2.77555756156289E-16));
#3742=DIRECTION('center_axis',(-9.86076131526265E-32,2.77555756156289E-16,
1.));
#3743=DIRECTION('ref_axis',(3.33066907387547E-16,-1.,2.77555756156289E-16));
#3744=DIRECTION('',(1.,1.11022302462516E-16,-1.58252211041702E-14));
#3745=DIRECTION('',(1.,1.11022302462516E-16,-1.58252211041702E-14));
#3746=DIRECTION('',(3.33066907387547E-16,-1.,2.77555756156289E-16));
#3747=DIRECTION('',(-1.,-1.11022302462516E-16,-1.09476442525376E-47));
#3748=DIRECTION('',(3.33066907387547E-16,-1.,2.77555756156289E-16));
#3749=DIRECTION('',(1.,1.11022302462516E-16,-1.58252211041702E-14));
#3750=DIRECTION('',(3.33066907387547E-16,-1.,2.77555756156289E-16));
#3751=DIRECTION('center_axis',(-1.,-1.11022302462516E-16,-2.9909025447876E-16));
#3752=DIRECTION('ref_axis',(2.9909025447876E-16,4.60363668085942E-32,-1.));
#3753=DIRECTION('',(2.9909025447876E-16,4.60363668085942E-32,-1.));
#3754=DIRECTION('',(3.33066907387547E-16,-1.,2.77555756156289E-16));
#3755=DIRECTION('center_axis',(3.33066907387547E-16,-1.,2.77555756156289E-16));
#3756=DIRECTION('ref_axis',(-1.22464679914735E-16,-2.77555756156289E-16,
-1.));
#3757=DIRECTION('center_axis',(3.33066907387547E-16,-1.,2.77555756156289E-16));
#3758=DIRECTION('ref_axis',(-9.24446373305874E-32,2.77555756156289E-16,
1.));
#3759=DIRECTION('center_axis',(-1.11022302462516E-16,1.,-2.77555756156289E-16));
#3760=DIRECTION('ref_axis',(-1.,-1.11022302462516E-16,-1.09476442525376E-47));
#3761=DIRECTION('center_axis',(3.33066907387547E-16,-1.,2.77555756156289E-16));
#3762=DIRECTION('ref_axis',(9.24446373305874E-32,-2.77555756156289E-16,
-1.));
#3763=DIRECTION('',(2.9909025447876E-16,4.60363668085942E-32,1.));
#3764=DIRECTION('',(6.16297582203915E-33,0.,-1.));
#3765=DIRECTION('center_axis',(1.,3.33066907387547E-16,-2.9909025447876E-16));
#3766=DIRECTION('ref_axis',(-3.33066907387547E-16,1.,-2.77555756156289E-16));
#3767=DIRECTION('',(2.9909025447876E-16,4.60363668085942E-32,1.));
#3768=DIRECTION('',(3.33066907387547E-16,-1.,2.77555756156289E-16));
#3769=DIRECTION('center_axis',(-1.,-3.33066907387547E-16,6.16297582203916E-32));
#3770=DIRECTION('ref_axis',(-3.33066907387547E-16,1.,-2.77555756156289E-16));
#3771=DIRECTION('',(6.16297582203915E-33,0.,-1.));
#3772=DIRECTION('',(3.33066907387547E-16,-1.,2.77555756156289E-16));
#3773=DIRECTION('center_axis',(3.33066907387547E-16,-1.,2.77555756156289E-16));
#3774=DIRECTION('ref_axis',(-1.22464679914735E-16,-2.77555756156289E-16,
-1.));
#3775=DIRECTION('center_axis',(3.33066907387547E-16,-1.,2.77555756156289E-16));
#3776=DIRECTION('ref_axis',(9.24446373305874E-32,-2.77555756156289E-16,
-1.));
#3777=DIRECTION('center_axis',(1.,1.11022302462516E-16,6.16297582203915E-33));
#3778=DIRECTION('ref_axis',(6.16297582203915E-33,0.,-1.));
#3779=DIRECTION('',(6.16297582203915E-33,0.,-1.));
#3780=DIRECTION('',(-3.33066907387547E-16,1.,-2.77555756156289E-16));
#3781=DIRECTION('',(-3.33066907387547E-16,1.,-2.77555756156289E-16));
#3782=DIRECTION('center_axis',(1.09476442525376E-47,-6.84227765783601E-49,
-1.));
#3783=DIRECTION('ref_axis',(-1.,-1.11022302462516E-16,-1.09476442525376E-47));
#3784=DIRECTION('center_axis',(-6.16297582203915E-33,0.,1.));
#3785=DIRECTION('ref_axis',(-1.,-4.33680868994202E-15,-6.16297582203915E-33));
#3786=DIRECTION('',(-1.,-1.11022302462516E-16,-1.09476442525376E-47));
#3787=DIRECTION('',(-3.33066907387547E-16,1.,-2.77555756156289E-16));
#3788=DIRECTION('center_axis',(-1.,-3.33066907387547E-16,6.16297582203916E-32));
#3789=DIRECTION('ref_axis',(-3.33066907387547E-16,1.,-2.77555756156289E-16));
#3790=DIRECTION('',(-6.16297582203915E-33,0.,1.));
#3791=DIRECTION('',(-3.33066907387547E-16,1.,-2.77555756156289E-16));
#3792=DIRECTION('center_axis',(-3.46944695195362E-15,2.77555756156288E-16,
1.));
#3793=DIRECTION('ref_axis',(3.33066907387547E-16,-1.,2.77555756156289E-16));
#3794=DIRECTION('center_axis',(3.46944695195362E-15,3.71319293277859E-31,
-1.));
#3795=DIRECTION('ref_axis',(1.,-7.77876909732643E-61,3.46944695195362E-15));
#3796=DIRECTION('',(-3.33066907387547E-16,1.,-2.77555756156289E-16));
#3797=DIRECTION('',(1.,1.11022302462516E-16,3.46944695195362E-15));
#3798=DIRECTION('center_axis',(1.,1.11022302462516E-16,6.16297582203915E-33));
#3799=DIRECTION('ref_axis',(6.16297582203915E-33,0.,-1.));
#3800=DIRECTION('',(6.16297582203915E-33,0.,-1.));
#3801=DIRECTION('',(-3.33066907387547E-16,1.,-2.77555756156289E-16));
#3802=DIRECTION('center_axis',(-9.86076131526265E-32,2.77555756156289E-16,
1.));
#3803=DIRECTION('ref_axis',(3.33066907387547E-16,-1.,2.77555756156289E-16));
#3804=DIRECTION('center_axis',(6.16297582203915E-33,0.,-1.));
#3805=DIRECTION('ref_axis',(1.,8.67361737988404E-16,6.16297582203915E-33));
#3806=DIRECTION('',(-3.33066907387547E-16,1.,-2.77555756156289E-16));
#3807=DIRECTION('center_axis',(1.09476442525376E-47,-6.84227765783601E-49,
-1.));
#3808=DIRECTION('ref_axis',(-1.,-1.11022302462516E-16,-1.09476442525376E-47));
#3809=DIRECTION('center_axis',(-6.16297582203915E-33,0.,1.));
#3810=DIRECTION('ref_axis',(-1.,8.67361737988404E-16,-6.16297582203915E-33));
#3811=DIRECTION('',(-3.33066907387547E-16,1.,-2.77555756156289E-16));
#3812=DIRECTION('center_axis',(2.31296463463574E-15,2.47546195518572E-31,
-1.));
#3813=DIRECTION('ref_axis',(-1.,-1.11022302462516E-16,-2.31296463463574E-15));
#3814=DIRECTION('center_axis',(-1.73472347597681E-15,-1.8565964663893E-31,
1.));
#3815=DIRECTION('ref_axis',(-1.,6.61195373272746E-61,-1.73472347597681E-15));
#3816=DIRECTION('',(-3.33066907387547E-16,1.,-2.77555756156289E-16));
#3817=DIRECTION('',(-3.33066907387547E-16,1.,-2.77555756156289E-16));
#3818=DIRECTION('center_axis',(-2.31296463463574E-15,2.77555756156288E-16,
1.));
#3819=DIRECTION('ref_axis',(3.33066907387547E-16,-1.,2.77555756156289E-16));
#3820=DIRECTION('center_axis',(1.73472347597681E-15,1.8565964663893E-31,
-1.));
#3821=DIRECTION('ref_axis',(1.,-6.61195373272746E-61,1.73472347597681E-15));
#3822=DIRECTION('',(-3.33066907387547E-16,1.,-2.77555756156289E-16));
#3823=DIRECTION('',(-3.33066907387547E-16,1.,-2.77555756156289E-16));
#3824=DIRECTION('center_axis',(-1.,-3.33066907387547E-16,6.16297582203916E-32));
#3825=DIRECTION('ref_axis',(-3.33066907387547E-16,1.,-2.77555756156289E-16));
#3826=DIRECTION('',(-6.16297582203915E-33,0.,1.));
#3827=DIRECTION('',(-3.33066907387547E-16,1.,-2.77555756156289E-16));
#3828=DIRECTION('center_axis',(3.46944695195362E-15,3.7131929327786E-31,
1.));
#3829=DIRECTION('ref_axis',(1.,1.11022302462516E-16,-3.46944695195362E-15));
#3830=DIRECTION('center_axis',(-3.46944695195362E-15,-3.71319293277859E-31,
-1.));
#3831=DIRECTION('ref_axis',(1.,4.33680868994202E-15,-3.46944695195362E-15));
#3832=DIRECTION('',(1.,1.11022302462516E-16,-3.46944695195362E-15));
#3833=DIRECTION('',(-3.33066907387547E-16,1.,-2.77555756156289E-16));
#3834=DIRECTION('center_axis',(1.,1.11022302462516E-16,6.16297582203915E-33));
#3835=DIRECTION('ref_axis',(6.16297582203915E-33,0.,-1.));
#3836=DIRECTION('',(6.16297582203915E-33,0.,-1.));
#3837=DIRECTION('',(-3.33066907387547E-16,1.,-2.77555756156289E-16));
#3838=DIRECTION('center_axis',(3.46944695195362E-15,3.7131929327786E-31,
-1.));
#3839=DIRECTION('ref_axis',(-1.,-1.11022302462516E-16,-3.46944695195362E-15));
#3840=DIRECTION('center_axis',(-3.46944695195362E-15,-3.71319293277859E-31,
1.));
#3841=DIRECTION('ref_axis',(-1.,7.77876909732643E-61,-3.46944695195362E-15));
#3842=DIRECTION('',(-3.33066907387547E-16,1.,-2.77555756156289E-16));
#3843=DIRECTION('',(-1.,-1.11022302462516E-16,-3.46944695195362E-15));
#3844=DIRECTION('center_axis',(-1.,-3.33066907387547E-16,6.16297582203916E-32));
#3845=DIRECTION('ref_axis',(-3.33066907387547E-16,1.,-2.77555756156289E-16));
#3846=DIRECTION('',(-6.16297582203915E-33,0.,1.));
#3847=DIRECTION('center_axis',(-1.11022302462516E-16,1.,-2.77555756156289E-16));
#3848=DIRECTION('ref_axis',(-1.,-1.11022302462516E-16,-1.09476442525376E-47));
#3849=DIRECTION('',(-1.,-1.11022302462516E-16,-1.09476442525376E-47));
#3850=DIRECTION('',(-6.16297582203915E-33,0.,1.));
#3851=DIRECTION('',(1.,1.11022302462516E-16,8.67361737988416E-15));
#3852=DIRECTION('',(6.16297582203915E-33,0.,-1.));
#3853=DIRECTION('center_axis',(-1.,-3.33066907387547E-16,6.16297582203916E-32));
#3854=DIRECTION('ref_axis',(-3.33066907387547E-16,1.,-2.77555756156289E-16));
#3855=DIRECTION('',(3.33066907387547E-16,-1.,2.77555756156289E-16));
#3856=DIRECTION('',(6.16297582203915E-33,0.,-1.));
#3857=DIRECTION('',(-3.33066907387547E-16,1.,-2.77555756156289E-16));
#3858=DIRECTION('',(6.16297582203915E-33,0.,-1.));
#3859=DIRECTION('center_axis',(1.,1.11022302462516E-16,6.16297582203915E-33));
#3860=DIRECTION('ref_axis',(6.16297582203915E-33,0.,-1.));
#3861=DIRECTION('',(-3.33066907387547E-16,1.,-2.77555756156289E-16));
#3862=DIRECTION('',(-6.16297582203915E-33,0.,1.));
#3863=DIRECTION('',(-3.33066907387547E-16,1.,-2.77555756156289E-16));
#3864=DIRECTION('',(-6.16297582203915E-33,0.,1.));
#3865=DIRECTION('center_axis',(6.16297582203915E-33,0.,-1.));
#3866=DIRECTION('ref_axis',(-1.,0.,-6.16297582203915E-33));
#3867=DIRECTION('center_axis',(-6.16297582203915E-33,0.,1.));
#3868=DIRECTION('ref_axis',(1.,0.,6.16297582203915E-33));
#3869=DIRECTION('center_axis',(-6.16297582203915E-33,0.,1.));
#3870=DIRECTION('ref_axis',(1.,0.,6.16297582203915E-33));
#3871=DIRECTION('center_axis',(-6.16297582203915E-33,0.,1.));
#3872=DIRECTION('ref_axis',(1.,0.,6.16297582203915E-33));
#3873=DIRECTION('center_axis',(-6.16297582203915E-33,0.,1.));
#3874=DIRECTION('ref_axis',(1.,0.,6.16297582203915E-33));
#3875=DIRECTION('center_axis',(-6.16297582203915E-33,0.,1.));
#3876=DIRECTION('ref_axis',(1.,0.,6.16297582203915E-33));
#3877=DIRECTION('center_axis',(-9.86076131526265E-32,2.77555756156289E-16,
1.));
#3878=DIRECTION('ref_axis',(3.33066907387547E-16,-1.,2.77555756156289E-16));
#3879=DIRECTION('',(-1.,-1.11022302462516E-16,-1.09476442525376E-47));
#3880=DIRECTION('',(-1.,-1.11022302462516E-16,-1.09476442525376E-47));
#3881=DIRECTION('',(-3.33066907387547E-16,1.,-2.77555756156289E-16));
#3882=DIRECTION('',(1.,1.11022302462516E-16,1.14882349402437E-16));
#3883=DIRECTION('',(-3.33066907387547E-16,1.,-2.77555756156289E-16));
#3884=DIRECTION('center_axis',(-0.00444423529354068,-0.999982667418875,
0.00386181751078314));
#3885=DIRECTION('ref_axis',(0.481825685340493,-0.00552535879365951,-0.876249667250359));
#3886=DIRECTION('center_axis',(-6.59156721459872E-7,0.999999999998014,-1.88105233851475E-6));
#3887=DIRECTION('ref_axis',(0.0228941805621434,1.89565015621962E-6,0.999737893896593));
#3888=DIRECTION('',(-3.33066907387547E-16,1.,-2.77555756156289E-16));
#3889=DIRECTION('center_axis',(-9.86076131526265E-32,2.77555756156289E-16,
1.));
#3890=DIRECTION('ref_axis',(3.33066907387547E-16,-1.,2.77555756156289E-16));
#3891=DIRECTION('',(-3.33066907387547E-16,1.,-2.77555756156289E-16));
#3892=DIRECTION('',(-1.,-1.11022302462516E-16,3.50449187066021E-16));
#3893=DIRECTION('center_axis',(-1.41621487031551E-15,-1.,7.87213093826941E-15));
#3894=DIRECTION('ref_axis',(0.0233069005030517,-7.90300011043677E-15,-0.999728357299592));
#3895=DIRECTION('center_axis',(3.33066907387547E-16,-1.,2.05268329735081E-48));
#3896=DIRECTION('ref_axis',(-6.16297582203915E-33,0.,1.));
#3897=DIRECTION('',(-1.,-1.11022302462516E-16,3.50449187066021E-16));
#3898=DIRECTION('center_axis',(-1.,-1.11022302462516E-16,-1.09476442525376E-47));
#3899=DIRECTION('ref_axis',(1.09476442525376E-47,1.21543267145725E-63,-1.));
#3900=DIRECTION('center_axis',(-1.66533453693773E-16,1.,-2.77555756156289E-16));
#3901=DIRECTION('ref_axis',(-1.,-1.66533453693773E-16,1.54074395550979E-32));
#3902=DIRECTION('',(-1.,-1.66533453693773E-16,1.54074395550979E-32));
#3903=DIRECTION('',(-6.16297582203915E-33,0.,1.));
#3904=DIRECTION('',(-1.,-1.66533453693773E-16,1.54074395550979E-32));
#3905=DIRECTION('',(-6.16297582203915E-33,0.,1.));
#3906=DIRECTION('center_axis',(-6.16297582203915E-33,0.,1.));
#3907=DIRECTION('ref_axis',(1.,0.,6.16297582203915E-33));
#3908=DIRECTION('center_axis',(-6.16297582203915E-33,0.,1.));
#3909=DIRECTION('ref_axis',(1.,0.,6.16297582203915E-33));
#3910=DIRECTION('center_axis',(-6.16297582203915E-33,0.,1.));
#3911=DIRECTION('ref_axis',(1.,0.,6.16297582203915E-33));
#3912=DIRECTION('',(-6.16297582203915E-33,0.,1.));
#3913=DIRECTION('center_axis',(-1.,-2.22044604925031E-16,3.08148791101958E-32));
#3914=DIRECTION('ref_axis',(-2.22044604925031E-16,1.,-2.77555756156289E-16));
#3915=DIRECTION('',(2.22044604925031E-16,-1.,2.77555756156289E-16));
#3916=DIRECTION('',(2.22044604925031E-16,-1.,2.77555756156289E-16));
#3917=DIRECTION('',(-6.16297582203915E-33,0.,1.));
#3918=DIRECTION('center_axis',(2.22044604925031E-16,-1.,2.77555756156289E-16));
#3919=DIRECTION('ref_axis',(1.,2.22044604925031E-16,-3.08148791101958E-32));
#3920=DIRECTION('',(1.,2.22044604925031E-16,-3.08148791101958E-32));
#3921=DIRECTION('',(1.,2.22044604925031E-16,-3.08148791101958E-32));
#3922=DIRECTION('',(-6.16297582203915E-33,0.,1.));
#3923=DIRECTION('center_axis',(1.,2.22044604925031E-16,6.16297582203915E-33));
#3924=DIRECTION('ref_axis',(6.16297582203915E-33,0.,-1.));
#3925=DIRECTION('',(-3.88578058618805E-16,1.,-2.77555756156289E-16));
#3926=DIRECTION('',(-3.88578058618805E-16,1.,-2.77555756156289E-16));
#3927=DIRECTION('',(-6.16297582203915E-33,0.,1.));
#3928=DIRECTION('center_axis',(-6.16297582203915E-33,0.,1.));
#3929=DIRECTION('ref_axis',(1.,0.,6.16297582203915E-33));
#3930=DIRECTION('center_axis',(-6.16297582203915E-33,0.,1.));
#3931=DIRECTION('ref_axis',(1.,0.,6.16297582203915E-33));
#3932=DIRECTION('center_axis',(-6.16297582203915E-33,0.,1.));
#3933=DIRECTION('ref_axis',(1.,0.,6.16297582203915E-33));
#3934=DIRECTION('center_axis',(-9.86076131526265E-32,2.77555756156289E-16,
1.));
#3935=DIRECTION('ref_axis',(3.33066907387547E-16,-1.,2.77555756156289E-16));
#3936=DIRECTION('',(1.,1.11022302462516E-16,1.09476442525376E-47));
#3937=DIRECTION('',(1.,1.11022302462516E-16,1.09476442525376E-47));
#3938=DIRECTION('center_axis',(-9.86076131526265E-32,2.77555756156289E-16,
1.));
#3939=DIRECTION('ref_axis',(3.33066907387547E-16,-1.,2.77555756156289E-16));
#3940=DIRECTION('center_axis',(-6.16297582203915E-33,0.,1.));
#3941=DIRECTION('ref_axis',(1.,0.,6.16297582203915E-33));
#3942=DIRECTION('',(-1.,-1.11022302462516E-16,-1.09476442525376E-47));
#3943=DIRECTION('center_axis',(-6.16297582203915E-33,0.,1.));
#3944=DIRECTION('ref_axis',(1.,0.,6.16297582203915E-33));
#3945=DIRECTION('',(3.33066907387547E-16,-1.,2.77555756156289E-16));
#3946=DIRECTION('',(1.,1.11022302462516E-16,1.09476442525376E-47));
#3947=DIRECTION('',(-3.33066907387547E-16,1.,-2.77555756156289E-16));
#3948=DIRECTION('center_axis',(-6.16297582203915E-33,0.,1.));
#3949=DIRECTION('ref_axis',(1.,0.,6.16297582203915E-33));
#3950=DIRECTION('',(-6.16297582203915E-33,0.,1.));
#3951=DIRECTION('',(6.16297582203915E-33,0.,-1.));
#3952=DIRECTION('center_axis',(6.16297582203915E-33,0.,-1.));
#3953=DIRECTION('ref_axis',(-1.,0.,-6.16297582203915E-33));
#3954=DIRECTION('',(-6.16297582203915E-33,0.,1.));
#3955=DIRECTION('',(6.16297582203915E-33,0.,-1.));
#3956=DIRECTION('center_axis',(1.,1.11022302462516E-16,6.16297582203915E-33));
#3957=DIRECTION('ref_axis',(6.16297582203915E-33,0.,-1.));
#3958=DIRECTION('',(-6.16297582203915E-33,0.,1.));
#3959=DIRECTION('',(-6.16297582203915E-33,0.,1.));
#3960=DIRECTION('center_axis',(-1.,-3.33066907387547E-16,6.16297582203916E-32));
#3961=DIRECTION('ref_axis',(-3.33066907387547E-16,1.,-2.77555756156289E-16));
#3962=DIRECTION('',(6.16297582203915E-33,0.,-1.));
#3963=DIRECTION('center_axis',(-1.11022302462516E-16,1.,-2.77555756156289E-16));
#3964=DIRECTION('ref_axis',(-1.,-1.11022302462516E-16,-1.09476442525376E-47));
#3965=DIRECTION('',(-6.16297582203915E-33,0.,1.));
#3966=DIRECTION('',(6.16297582203915E-33,0.,-1.));
#3967=DIRECTION('center_axis',(-6.16297582203915E-33,0.,1.));
#3968=DIRECTION('ref_axis',(1.,0.,6.16297582203915E-33));
#3969=DIRECTION('',(6.16297582203915E-33,0.,-1.));
#3970=DIRECTION('center_axis',(6.16297582203915E-33,0.,-1.));
#3971=DIRECTION('ref_axis',(-1.,0.,-6.16297582203915E-33));
#3972=DIRECTION('center_axis',(1.,1.11022302462516E-16,6.16297582203915E-33));
#3973=DIRECTION('ref_axis',(6.16297582203915E-33,0.,-1.));
#3974=DIRECTION('',(-6.16297582203915E-33,0.,1.));
#3975=DIRECTION('center_axis',(-1.,-3.33066907387547E-16,6.16297582203916E-32));
#3976=DIRECTION('ref_axis',(-3.33066907387547E-16,1.,-2.77555756156289E-16));
#3977=DIRECTION('',(6.16297582203915E-33,0.,-1.));
#3978=DIRECTION('center_axis',(-1.11022302462516E-16,1.,-2.77555756156289E-16));
#3979=DIRECTION('ref_axis',(-1.,-1.11022302462516E-16,-1.09476442525376E-47));
#3980=DIRECTION('center_axis',(-1.11022302462516E-16,1.,-2.77555756156289E-16));
#3981=DIRECTION('ref_axis',(-1.,-1.11022302462516E-16,-1.09476442525376E-47));
#3982=DIRECTION('center_axis',(0.707106781186544,0.707106781186551,4.3578819960526E-33));
#3983=DIRECTION('ref_axis',(6.16297582203915E-33,0.,-1.));
#3984=DIRECTION('',(0.707106781186551,-0.707106781186544,1.96261557335471E-16));
#3985=DIRECTION('',(6.16297582203915E-33,0.,-1.));
#3986=DIRECTION('',(0.707106781186551,-0.707106781186544,1.96261557335471E-16));
#3987=DIRECTION('',(6.16297582203915E-33,0.,-1.));
#3988=DIRECTION('center_axis',(-0.707106781186544,-0.707106781186551,-4.3578819960526E-33));
#3989=DIRECTION('ref_axis',(-6.16297582203915E-33,0.,1.));
#3990=DIRECTION('',(-0.707106781186551,0.707106781186544,-1.96261557335471E-16));
#3991=DIRECTION('',(6.16297582203915E-33,0.,-1.));
#3992=DIRECTION('',(-0.707106781186551,0.707106781186544,-1.96261557335471E-16));
#3993=DIRECTION('',(-6.16297582203915E-33,0.,1.));
#3994=DIRECTION('center_axis',(1.09476442525376E-47,-6.84227765783601E-49,
-1.));
#3995=DIRECTION('ref_axis',(-1.,-1.11022302462516E-16,-1.09476442525376E-47));
#3996=DIRECTION('center_axis',(6.16297582203915E-33,0.,-1.));
#3997=DIRECTION('ref_axis',(-1.,0.,-6.16297582203915E-33));
#3998=DIRECTION('center_axis',(-6.16297582203915E-33,0.,1.));
#3999=DIRECTION('ref_axis',(-1.,0.,-6.16297582203915E-33));
#4000=DIRECTION('center_axis',(0.707106781186549,-0.707106781186546,1.96261557335471E-16));
#4001=DIRECTION('ref_axis',(0.707106781186546,0.707106781186549,-1.96261557335472E-16));
#4002=DIRECTION('',(-0.707106781186546,-0.707106781186549,1.96261557335472E-16));
#4003=DIRECTION('',(6.16297582203915E-33,0.,-1.));
#4004=DIRECTION('',(-0.707106781186546,-0.707106781186549,1.96261557335472E-16));
#4005=DIRECTION('',(6.16297582203915E-33,0.,-1.));
#4006=DIRECTION('center_axis',(-0.707106781186548,0.707106781186547,-4.35788199605263E-33));
#4007=DIRECTION('ref_axis',(-6.16297582203915E-33,0.,1.));
#4008=DIRECTION('',(0.707106781186547,0.707106781186548,-1.96261557335472E-16));
#4009=DIRECTION('',(6.16297582203915E-33,0.,-1.));
#4010=DIRECTION('',(0.707106781186547,0.707106781186548,-1.96261557335472E-16));
#4011=DIRECTION('',(-6.16297582203915E-33,0.,1.));
#4012=DIRECTION('center_axis',(1.09476442525376E-47,-6.84227765783601E-49,
-1.));
#4013=DIRECTION('ref_axis',(-1.,-1.11022302462516E-16,-1.09476442525376E-47));
#4014=DIRECTION('center_axis',(6.16297582203915E-33,0.,-1.));
#4015=DIRECTION('ref_axis',(-1.,0.,-6.16297582203915E-33));
#4016=DIRECTION('center_axis',(-6.16297582203915E-33,0.,1.));
#4017=DIRECTION('ref_axis',(-1.,0.,-6.16297582203915E-33));
#4018=DIRECTION('center_axis',(-0.707106781186549,-0.707106781186546,-4.35788199605263E-33));
#4019=DIRECTION('ref_axis',(-6.16297582203915E-33,0.,1.));
#4020=DIRECTION('',(-0.707106781186546,0.707106781186549,-1.96261557335472E-16));
#4021=DIRECTION('',(6.16297582203915E-33,0.,-1.));
#4022=DIRECTION('',(-0.707106781186546,0.707106781186549,-1.96261557335472E-16));
#4023=DIRECTION('',(6.16297582203915E-33,0.,-1.));
#4024=DIRECTION('center_axis',(0.707106781186549,0.707106781186546,4.35788199605263E-33));
#4025=DIRECTION('ref_axis',(6.16297582203915E-33,0.,-1.));
#4026=DIRECTION('',(0.707106781186546,-0.707106781186549,1.96261557335472E-16));
#4027=DIRECTION('',(6.16297582203915E-33,0.,-1.));
#4028=DIRECTION('',(0.707106781186546,-0.707106781186549,1.96261557335472E-16));
#4029=DIRECTION('',(-6.16297582203915E-33,0.,1.));
#4030=DIRECTION('center_axis',(1.09476442525376E-47,-6.84227765783601E-49,
-1.));
#4031=DIRECTION('ref_axis',(-1.,-1.11022302462516E-16,-1.09476442525376E-47));
#4032=DIRECTION('center_axis',(6.16297582203915E-33,0.,-1.));
#4033=DIRECTION('ref_axis',(-1.,0.,-6.16297582203915E-33));
#4034=DIRECTION('center_axis',(-6.16297582203915E-33,0.,1.));
#4035=DIRECTION('ref_axis',(-1.,0.,-6.16297582203915E-33));
#4036=DIRECTION('center_axis',(-0.707106781186544,0.707106781186551,-4.3578819960526E-33));
#4037=DIRECTION('ref_axis',(-6.16297582203915E-33,0.,1.));
#4038=DIRECTION('',(0.707106781186551,0.707106781186544,-1.96261557335471E-16));
#4039=DIRECTION('',(6.16297582203915E-33,0.,-1.));
#4040=DIRECTION('',(0.707106781186551,0.707106781186544,-1.96261557335471E-16));
#4041=DIRECTION('',(6.16297582203915E-33,0.,-1.));
#4042=DIRECTION('center_axis',(0.707106781186544,-0.707106781186551,1.96261557335473E-16));
#4043=DIRECTION('ref_axis',(0.707106781186551,0.707106781186544,-1.96261557335471E-16));
#4044=DIRECTION('',(-0.707106781186551,-0.707106781186544,1.96261557335471E-16));
#4045=DIRECTION('',(6.16297582203915E-33,0.,-1.));
#4046=DIRECTION('',(-0.707106781186551,-0.707106781186544,1.96261557335471E-16));
#4047=DIRECTION('',(-6.16297582203915E-33,0.,1.));
#4048=DIRECTION('center_axis',(1.09476442525376E-47,-6.84227765783601E-49,
-1.));
#4049=DIRECTION('ref_axis',(-1.,-1.11022302462516E-16,-1.09476442525376E-47));
#4050=DIRECTION('center_axis',(6.16297582203915E-33,0.,-1.));
#4051=DIRECTION('ref_axis',(-1.,0.,-6.16297582203915E-33));
#4052=DIRECTION('center_axis',(-6.16297582203915E-33,0.,1.));
#4053=DIRECTION('ref_axis',(-1.,0.,-6.16297582203915E-33));
#4054=DIRECTION('center_axis',(6.16297582203915E-33,0.,-1.));
#4055=DIRECTION('ref_axis',(1.,-4.65236315081018E-15,0.));
#4056=DIRECTION('center_axis',(6.16297582203915E-33,0.,-1.));
#4057=DIRECTION('ref_axis',(-1.,0.,-6.16297582203915E-33));
#4058=DIRECTION('center_axis',(-6.16297582203915E-33,0.,1.));
#4059=DIRECTION('ref_axis',(-1.,0.,-6.16297582203915E-33));
#4060=DIRECTION('center_axis',(-6.16297582203915E-33,0.,1.));
#4061=DIRECTION('ref_axis',(1.,0.,6.16297582203915E-33));
#4062=DIRECTION('center_axis',(6.16297582203915E-33,0.,-1.));
#4063=DIRECTION('ref_axis',(-1.,0.,-6.16297582203915E-33));
#4064=DIRECTION('center_axis',(6.16297582203915E-33,0.,-1.));
#4065=DIRECTION('ref_axis',(-1.,0.,-6.16297582203915E-33));
#4066=DIRECTION('center_axis',(6.16297582203915E-33,0.,-1.));
#4067=DIRECTION('ref_axis',(-1.,0.,-6.16297582203915E-33));
#4068=DIRECTION('',(-6.16297582203915E-33,0.,1.));
#4069=DIRECTION('center_axis',(6.16297582203915E-33,0.,-1.));
#4070=DIRECTION('ref_axis',(-1.,0.,-6.16297582203915E-33));
#4071=DIRECTION('center_axis',(6.16297582203915E-33,0.,-1.));
#4072=DIRECTION('ref_axis',(-1.,0.,-6.16297582203915E-33));
#4073=DIRECTION('center_axis',(6.16297582203915E-33,0.,-1.));
#4074=DIRECTION('ref_axis',(-1.,0.,-6.16297582203915E-33));
#4075=DIRECTION('center_axis',(-6.16297582203915E-33,0.,1.));
#4076=DIRECTION('ref_axis',(1.,0.,6.16297582203915E-33));
#4077=DIRECTION('center_axis',(6.16297582203915E-33,0.,-1.));
#4078=DIRECTION('ref_axis',(-1.,0.,-6.16297582203915E-33));
#4079=DIRECTION('',(6.16297582203915E-33,0.,-1.));
#4080=DIRECTION('center_axis',(-6.16297582203915E-33,0.,1.));
#4081=DIRECTION('ref_axis',(-1.,0.,-6.16297582203915E-33));
#4082=DIRECTION('center_axis',(-6.16297582203915E-33,0.,1.));
#4083=DIRECTION('ref_axis',(-1.,0.,-6.16297582203915E-33));
#4084=DIRECTION('center_axis',(-6.16297582203915E-33,0.,1.));
#4085=DIRECTION('ref_axis',(-1.,0.,-6.16297582203915E-33));
#4086=DIRECTION('center_axis',(-6.16297582203915E-33,0.,1.));
#4087=DIRECTION('ref_axis',(-1.,0.,-6.16297582203915E-33));
#4088=DIRECTION('center_axis',(1.09476442525376E-47,-6.84227765783601E-49,
-1.));
#4089=DIRECTION('ref_axis',(-1.,-1.11022302462516E-16,-1.09476442525376E-47));
#4090=DIRECTION('center_axis',(1.09476442525376E-47,-6.84227765783601E-49,
-1.));
#4091=DIRECTION('ref_axis',(-1.,-1.11022302462516E-16,-1.09476442525376E-47));
#4092=DIRECTION('center_axis',(6.16297582203915E-33,0.,-1.));
#4093=DIRECTION('ref_axis',(-1.,0.,0.));
#4094=DIRECTION('center_axis',(6.16297582203915E-33,0.,-1.));
#4095=DIRECTION('ref_axis',(-1.,0.,-6.16297582203915E-33));
#4096=DIRECTION('center_axis',(6.16297582203915E-33,0.,-1.));
#4097=DIRECTION('ref_axis',(-1.,0.,0.));
#4098=DIRECTION('center_axis',(6.16297582203915E-33,0.,-1.));
#4099=DIRECTION('ref_axis',(-1.,0.,-6.16297582203915E-33));
#4100=DIRECTION('center_axis',(6.16297582203915E-33,0.,-1.));
#4101=DIRECTION('ref_axis',(-1.,0.,0.));
#4102=DIRECTION('center_axis',(6.16297582203915E-33,0.,-1.));
#4103=DIRECTION('ref_axis',(-1.,0.,-6.16297582203915E-33));
#4104=DIRECTION('center_axis',(1.09476442525376E-47,-6.84227765783601E-49,
-1.));
#4105=DIRECTION('ref_axis',(-1.,-1.11022302462516E-16,-1.09476442525376E-47));
#4106=DIRECTION('center_axis',(1.09476442525376E-47,-6.84227765783601E-49,
-1.));
#4107=DIRECTION('ref_axis',(-1.,-1.11022302462516E-16,-1.09476442525376E-47));
#4108=DIRECTION('center_axis',(1.09476442525376E-47,-6.84227765783601E-49,
-1.));
#4109=DIRECTION('ref_axis',(-1.,-1.11022302462516E-16,-1.09476442525376E-47));
#4110=DIRECTION('center_axis',(1.92788205030023E-17,-0.173648177666928,
-0.984807753012209));
#4111=DIRECTION('ref_axis',(1.,1.11022302462516E-16,-3.08148791101958E-33));
#4112=DIRECTION('',(3.27163533546974E-16,-0.984807753012209,0.173648177666928));
#4113=DIRECTION('',(-1.,-1.11022302462516E-16,-1.09476442525376E-47));
#4114=DIRECTION('',(-3.27163533546974E-16,0.984807753012209,-0.173648177666928));
#4115=DIRECTION('',(1.,1.11022302462516E-16,1.09476442525376E-47));
#4116=DIRECTION('center_axis',(6.74758717605077E-17,-0.173648177666927,
0.984807753012209));
#4117=DIRECTION('ref_axis',(3.27163533546974E-16,-0.984807753012209,-0.173648177666927));
#4118=DIRECTION('',(3.27163533546974E-16,-0.984807753012209,-0.173648177666927));
#4119=DIRECTION('',(1.,1.11022302462516E-16,1.09476442525376E-47));
#4120=DIRECTION('',(-3.27163533546974E-16,0.984807753012209,0.173648177666927));
#4121=DIRECTION('',(-1.,-1.11022302462516E-16,-1.09476442525376E-47));
#4122=DIRECTION('center_axis',(-1.11022302462516E-16,1.,-2.77555756156289E-16));
#4123=DIRECTION('ref_axis',(-1.,-1.11022302462516E-16,-1.09476442525376E-47));
#4124=DIRECTION('',(6.16297582203915E-33,0.,-1.));
#4125=DIRECTION('',(-1.,-1.11022302462516E-16,-1.09476442525376E-47));
#4126=DIRECTION('',(-6.16297582203915E-33,0.,1.));
#4127=DIRECTION('',(1.,1.11022302462516E-16,1.09476442525376E-47));
#4128=DIRECTION('center_axis',(-1.11022302462516E-16,1.,-2.77555756156289E-16));
#4129=DIRECTION('ref_axis',(-1.,-1.11022302462516E-16,-1.09476442525376E-47));
#4130=DIRECTION('',(-6.16297582203915E-33,0.,1.));
#4131=DIRECTION('',(6.16297582203915E-33,0.,-1.));
#4132=DIRECTION('center_axis',(-1.,-3.33066907387547E-16,6.16297582203916E-32));
#4133=DIRECTION('ref_axis',(-3.33066907387547E-16,1.,-2.77555756156289E-16));
#4134=DIRECTION('',(-3.33066907387547E-16,1.,-2.77555756156289E-16));
#4135=DIRECTION('',(-3.33066907387547E-16,1.,-2.77555756156289E-16));
#4136=DIRECTION('center_axis',(-9.86076131526265E-32,2.77555756156289E-16,
1.));
#4137=DIRECTION('ref_axis',(3.33066907387547E-16,-1.,2.77555756156289E-16));
#4138=DIRECTION('',(-3.33066907387547E-16,1.,-2.77555756156289E-16));
#4139=DIRECTION('center_axis',(1.,1.11022302462516E-16,6.16297582203915E-33));
#4140=DIRECTION('ref_axis',(6.16297582203915E-33,0.,-1.));
#4141=DIRECTION('',(-3.33066907387547E-16,1.,-2.77555756156289E-16));
#4142=DIRECTION('center_axis',(1.09476442525376E-47,-6.84227765783601E-49,
-1.));
#4143=DIRECTION('ref_axis',(-1.,-1.11022302462516E-16,-1.09476442525376E-47));
#4144=DIRECTION('center_axis',(-3.33066907387547E-16,1.,-2.77555756156289E-16));
#4145=DIRECTION('ref_axis',(9.24446373305874E-32,-2.77555756156289E-16,
-1.));
#4146=DIRECTION('center_axis',(3.33066907387547E-16,-1.,2.77555756156289E-16));
#4147=DIRECTION('ref_axis',(9.24446373305874E-32,-2.77555756156289E-16,
-1.));
#4148=DIRECTION('',(1.48918263179018E-16,-0.707106781186549,-0.707106781186546));
#4149=DIRECTION('center_axis',(-3.33066907387547E-16,1.,-2.77555756156289E-16));
#4150=DIRECTION('ref_axis',(9.24446373305874E-32,-2.77555756156289E-16,
-1.));
#4151=DIRECTION('center_axis',(3.33066907387547E-16,-1.,2.05268329735081E-48));
#4152=DIRECTION('ref_axis',(-6.16297582203915E-33,0.,1.));
#4153=DIRECTION('center_axis',(3.33066907387547E-16,-1.,2.77555756156289E-16));
#4154=DIRECTION('ref_axis',(-9.24446373305874E-32,2.77555756156289E-16,
1.));
#4155=DIRECTION('center_axis',(-1.11022302462516E-16,1.,-2.77555756156289E-16));
#4156=DIRECTION('ref_axis',(-1.,-1.11022302462516E-16,-1.09476442525376E-47));
#4157=DIRECTION('center_axis',(-3.33066907387547E-16,1.,-2.77555756156289E-16));
#4158=DIRECTION('ref_axis',(9.24446373305874E-32,-2.77555756156289E-16,
-1.));
#4159=DIRECTION('',(3.33066907387547E-16,-1.,2.77555756156289E-16));
#4160=DIRECTION('center_axis',(-3.33066907387547E-16,1.,-2.77555756156289E-16));
#4161=DIRECTION('ref_axis',(9.24446373305874E-32,-2.77555756156289E-16,
-1.));
#4162=DIRECTION('center_axis',(-3.33066907387547E-16,1.,-2.77555756156289E-16));
#4163=DIRECTION('ref_axis',(9.24446373305874E-32,-2.77555756156289E-16,
-1.));
#4164=DIRECTION('',(1.48918263179018E-16,-0.707106781186549,-0.707106781186546));
#4165=DIRECTION('center_axis',(3.33066907387547E-16,-1.,2.77555756156289E-16));
#4166=DIRECTION('ref_axis',(9.24446373305874E-32,-2.77555756156289E-16,
-1.));
#4167=DIRECTION('center_axis',(3.33066907387547E-16,-1.,2.05268329735081E-48));
#4168=DIRECTION('ref_axis',(-6.16297582203915E-33,0.,1.));
#4169=DIRECTION('center_axis',(-3.33066907387547E-16,1.,-2.77555756156289E-16));
#4170=DIRECTION('ref_axis',(-9.24446373305874E-32,2.77555756156289E-16,
1.));
#4171=DIRECTION('center_axis',(-1.11022302462516E-16,1.,-2.77555756156289E-16));
#4172=DIRECTION('ref_axis',(-1.,-1.11022302462516E-16,-1.09476442525376E-47));
#4173=DIRECTION('center_axis',(-3.33066907387547E-16,1.,-2.77555756156289E-16));
#4174=DIRECTION('ref_axis',(9.24446373305874E-32,-2.77555756156289E-16,
-1.));
#4175=DIRECTION('',(3.33066907387547E-16,-1.,2.77555756156289E-16));
#4176=DIRECTION('center_axis',(1.92788205030023E-17,-0.173648177666928,
-0.984807753012209));
#4177=DIRECTION('ref_axis',(1.,1.11022302462516E-16,-3.08148791101958E-33));
#4178=DIRECTION('',(3.27163533546974E-16,-0.984807753012209,0.173648177666928));
#4179=DIRECTION('',(-1.,-1.11022302462516E-16,-1.09476442525376E-47));
#4180=DIRECTION('',(-3.27163533546974E-16,0.984807753012209,-0.173648177666928));
#4181=DIRECTION('',(1.,1.11022302462516E-16,1.09476442525376E-47));
#4182=DIRECTION('center_axis',(6.74758717605077E-17,-0.173648177666927,
0.984807753012209));
#4183=DIRECTION('ref_axis',(3.27163533546974E-16,-0.984807753012209,-0.173648177666927));
#4184=DIRECTION('',(3.27163533546974E-16,-0.984807753012209,-0.173648177666927));
#4185=DIRECTION('',(1.,1.11022302462516E-16,1.09476442525376E-47));
#4186=DIRECTION('',(-3.27163533546974E-16,0.984807753012209,0.173648177666927));
#4187=DIRECTION('',(-1.,-1.11022302462516E-16,-1.09476442525376E-47));
#4188=DIRECTION('center_axis',(-1.11022302462516E-16,1.,-2.77555756156289E-16));
#4189=DIRECTION('ref_axis',(-1.,-1.11022302462516E-16,-1.09476442525376E-47));
#4190=DIRECTION('',(-1.,-1.11022302462516E-16,-1.09476442525376E-47));
#4191=DIRECTION('',(-6.16297582203915E-33,0.,1.));
#4192=DIRECTION('',(1.,1.11022302462516E-16,1.09476442525376E-47));
#4193=DIRECTION('',(6.16297582203915E-33,0.,-1.));
#4194=DIRECTION('center_axis',(-1.11022302462516E-16,1.,-2.77555756156289E-16));
#4195=DIRECTION('ref_axis',(-1.,-1.11022302462516E-16,-1.09476442525376E-47));
#4196=DIRECTION('',(-6.16297582203915E-33,0.,1.));
#4197=DIRECTION('',(6.16297582203915E-33,0.,-1.));
#4198=DIRECTION('center_axis',(-9.86076131526265E-32,2.77555756156289E-16,
1.));
#4199=DIRECTION('ref_axis',(3.33066907387547E-16,-1.,2.77555756156289E-16));
#4200=DIRECTION('',(-3.33066907387547E-16,1.,-2.77555756156289E-16));
#4201=DIRECTION('',(-3.33066907387547E-16,1.,-2.77555756156289E-16));
#4202=DIRECTION('center_axis',(1.,1.11022302462516E-16,6.16297582203915E-33));
#4203=DIRECTION('ref_axis',(6.16297582203915E-33,0.,-1.));
#4204=DIRECTION('',(-3.33066907387547E-16,1.,-2.77555756156289E-16));
#4205=DIRECTION('center_axis',(1.09476442525376E-47,-6.84227765783601E-49,
-1.));
#4206=DIRECTION('ref_axis',(-1.,-1.11022302462516E-16,-1.09476442525376E-47));
#4207=DIRECTION('',(-3.33066907387547E-16,1.,-2.77555756156289E-16));
#4208=DIRECTION('center_axis',(-1.,-3.33066907387547E-16,6.16297582203916E-32));
#4209=DIRECTION('ref_axis',(-3.33066907387547E-16,1.,-2.77555756156289E-16));
#4210=DIRECTION('center_axis',(-0.707106781186544,0.707106781186551,-4.3578819960526E-33));
#4211=DIRECTION('ref_axis',(-6.16297582203915E-33,0.,1.));
#4212=DIRECTION('',(-0.707106781186551,-0.707106781186544,1.96261557335471E-16));
#4213=DIRECTION('',(6.16297582203915E-33,0.,-1.));
#4214=DIRECTION('',(-0.707106781186551,-0.707106781186544,1.96261557335471E-16));
#4215=DIRECTION('',(6.16297582203915E-33,0.,-1.));
#4216=DIRECTION('center_axis',(0.707106781186544,-0.707106781186551,1.96261557335473E-16));
#4217=DIRECTION('ref_axis',(0.707106781186551,0.707106781186544,-1.96261557335471E-16));
#4218=DIRECTION('',(-6.16297582203915E-33,0.,1.));
#4219=DIRECTION('',(0.707106781186551,0.707106781186544,-1.96261557335471E-16));
#4220=DIRECTION('',(6.16297582203915E-33,0.,-1.));
#4221=DIRECTION('',(0.707106781186551,0.707106781186544,-1.96261557335471E-16));
#4222=DIRECTION('center_axis',(1.09476442525376E-47,-6.84227765783601E-49,
-1.));
#4223=DIRECTION('ref_axis',(-1.,-1.11022302462516E-16,-1.09476442525376E-47));
#4224=DIRECTION('center_axis',(-6.16297582203915E-33,0.,1.));
#4225=DIRECTION('ref_axis',(1.,0.,6.16297582203915E-33));
#4226=DIRECTION('center_axis',(6.16297582203915E-33,0.,-1.));
#4227=DIRECTION('ref_axis',(1.,0.,6.16297582203915E-33));
#4228=DIRECTION('center_axis',(-0.707106781186549,-0.707106781186546,-4.35788199605263E-33));
#4229=DIRECTION('ref_axis',(-6.16297582203915E-33,0.,1.));
#4230=DIRECTION('',(0.707106781186546,-0.707106781186549,1.96261557335472E-16));
#4231=DIRECTION('',(6.16297582203915E-33,0.,-1.));
#4232=DIRECTION('',(0.707106781186546,-0.707106781186549,1.96261557335472E-16));
#4233=DIRECTION('',(6.16297582203915E-33,0.,-1.));
#4234=DIRECTION('center_axis',(0.707106781186548,0.707106781186547,4.35788199605263E-33));
#4235=DIRECTION('ref_axis',(6.16297582203915E-33,0.,-1.));
#4236=DIRECTION('',(-6.16297582203915E-33,0.,1.));
#4237=DIRECTION('',(-0.707106781186547,0.707106781186548,-1.96261557335472E-16));
#4238=DIRECTION('',(6.16297582203915E-33,0.,-1.));
#4239=DIRECTION('',(-0.707106781186547,0.707106781186548,-1.96261557335472E-16));
#4240=DIRECTION('center_axis',(1.09476442525376E-47,-6.84227765783601E-49,
-1.));
#4241=DIRECTION('ref_axis',(-1.,-1.11022302462516E-16,-1.09476442525376E-47));
#4242=DIRECTION('center_axis',(-6.16297582203915E-33,0.,1.));
#4243=DIRECTION('ref_axis',(1.,0.,6.16297582203915E-33));
#4244=DIRECTION('center_axis',(6.16297582203915E-33,0.,-1.));
#4245=DIRECTION('ref_axis',(1.,0.,6.16297582203915E-33));
#4246=DIRECTION('center_axis',(0.707106781186549,-0.707106781186546,1.96261557335471E-16));
#4247=DIRECTION('ref_axis',(0.707106781186546,0.707106781186549,-1.96261557335472E-16));
#4248=DIRECTION('',(0.707106781186546,0.707106781186549,-1.96261557335472E-16));
#4249=DIRECTION('',(6.16297582203915E-33,0.,-1.));
#4250=DIRECTION('',(0.707106781186546,0.707106781186549,-1.96261557335472E-16));
#4251=DIRECTION('',(6.16297582203915E-33,0.,-1.));
#4252=DIRECTION('center_axis',(-0.707106781186549,0.707106781186546,-4.35788199605263E-33));
#4253=DIRECTION('ref_axis',(-6.16297582203915E-33,0.,1.));
#4254=DIRECTION('',(-6.16297582203915E-33,0.,1.));
#4255=DIRECTION('',(-0.707106781186546,-0.707106781186549,1.96261557335472E-16));
#4256=DIRECTION('',(6.16297582203915E-33,0.,-1.));
#4257=DIRECTION('',(-0.707106781186546,-0.707106781186549,1.96261557335472E-16));
#4258=DIRECTION('center_axis',(1.09476442525376E-47,-6.84227765783601E-49,
-1.));
#4259=DIRECTION('ref_axis',(-1.,-1.11022302462516E-16,-1.09476442525376E-47));
#4260=DIRECTION('center_axis',(-6.16297582203915E-33,0.,1.));
#4261=DIRECTION('ref_axis',(1.,0.,6.16297582203915E-33));
#4262=DIRECTION('center_axis',(6.16297582203915E-33,0.,-1.));
#4263=DIRECTION('ref_axis',(1.,0.,6.16297582203915E-33));
#4264=DIRECTION('center_axis',(0.707106781186544,0.707106781186551,4.3578819960526E-33));
#4265=DIRECTION('ref_axis',(6.16297582203915E-33,0.,-1.));
#4266=DIRECTION('',(-0.707106781186551,0.707106781186544,-1.96261557335471E-16));
#4267=DIRECTION('',(6.16297582203915E-33,0.,-1.));
#4268=DIRECTION('',(-0.707106781186551,0.707106781186544,-1.96261557335471E-16));
#4269=DIRECTION('',(6.16297582203915E-33,0.,-1.));
#4270=DIRECTION('center_axis',(-0.707106781186543,-0.707106781186552,-4.3578819960526E-33));
#4271=DIRECTION('ref_axis',(-6.16297582203915E-33,0.,1.));
#4272=DIRECTION('',(-6.16297582203915E-33,0.,1.));
#4273=DIRECTION('',(0.707106781186552,-0.707106781186543,1.96261557335471E-16));
#4274=DIRECTION('',(6.16297582203915E-33,0.,-1.));
#4275=DIRECTION('',(0.707106781186552,-0.707106781186543,1.96261557335471E-16));
#4276=DIRECTION('center_axis',(1.09476442525376E-47,-6.84227765783601E-49,
-1.));
#4277=DIRECTION('ref_axis',(-1.,-1.11022302462516E-16,-1.09476442525376E-47));
#4278=DIRECTION('center_axis',(-6.16297582203915E-33,0.,1.));
#4279=DIRECTION('ref_axis',(1.,0.,6.16297582203915E-33));
#4280=DIRECTION('center_axis',(6.16297582203915E-33,0.,-1.));
#4281=DIRECTION('ref_axis',(1.,0.,6.16297582203915E-33));
#4282=DIRECTION('center_axis',(6.16297582203915E-33,0.,-1.));
#4283=DIRECTION('ref_axis',(-1.,-3.80647894157196E-15,0.));
#4284=DIRECTION('center_axis',(6.16297582203915E-33,0.,-1.));
#4285=DIRECTION('ref_axis',(1.,2.06514699521048E-15,6.16297582203915E-33));
#4286=DIRECTION('center_axis',(-6.16297582203915E-33,0.,1.));
#4287=DIRECTION('ref_axis',(1.,0.,6.16297582203915E-33));
#4288=DIRECTION('center_axis',(-6.16297582203915E-33,0.,1.));
#4289=DIRECTION('ref_axis',(-1.,0.,-6.16297582203915E-33));
#4290=DIRECTION('center_axis',(-6.16297582203915E-33,0.,1.));
#4291=DIRECTION('ref_axis',(1.,0.,6.16297582203915E-33));
#4292=DIRECTION('center_axis',(-6.16297582203915E-33,0.,1.));
#4293=DIRECTION('ref_axis',(1.,0.,6.16297582203915E-33));
#4294=DIRECTION('center_axis',(-6.16297582203915E-33,0.,1.));
#4295=DIRECTION('ref_axis',(1.,0.,6.16297582203915E-33));
#4296=DIRECTION('',(-6.16297582203915E-33,0.,1.));
#4297=DIRECTION('center_axis',(-6.16297582203915E-33,0.,1.));
#4298=DIRECTION('ref_axis',(1.,0.,6.16297582203915E-33));
#4299=DIRECTION('center_axis',(-6.16297582203915E-33,0.,1.));
#4300=DIRECTION('ref_axis',(1.,0.,6.16297582203915E-33));
#4301=DIRECTION('center_axis',(-6.16297582203915E-33,0.,1.));
#4302=DIRECTION('ref_axis',(1.,0.,6.16297582203915E-33));
#4303=DIRECTION('center_axis',(-6.16297582203915E-33,0.,1.));
#4304=DIRECTION('ref_axis',(-1.,0.,-6.16297582203915E-33));
#4305=DIRECTION('center_axis',(-6.16297582203915E-33,0.,1.));
#4306=DIRECTION('ref_axis',(1.,0.,6.16297582203915E-33));
#4307=DIRECTION('',(6.16297582203915E-33,0.,-1.));
#4308=DIRECTION('center_axis',(6.16297582203915E-33,0.,-1.));
#4309=DIRECTION('ref_axis',(1.,-2.47817639425258E-15,6.16297582203915E-33));
#4310=DIRECTION('center_axis',(6.16297582203915E-33,0.,-1.));
#4311=DIRECTION('ref_axis',(1.,0.,6.16297582203915E-33));
#4312=DIRECTION('center_axis',(6.16297582203915E-33,0.,-1.));
#4313=DIRECTION('ref_axis',(1.,0.,6.16297582203915E-33));
#4314=DIRECTION('center_axis',(6.16297582203915E-33,0.,-1.));
#4315=DIRECTION('ref_axis',(1.,-2.47817639425258E-15,6.16297582203915E-33));
#4316=DIRECTION('center_axis',(1.09476442525376E-47,-6.84227765783601E-49,
-1.));
#4317=DIRECTION('ref_axis',(-1.,-1.11022302462516E-16,-1.09476442525376E-47));
#4318=DIRECTION('center_axis',(1.09476442525376E-47,-6.84227765783601E-49,
-1.));
#4319=DIRECTION('ref_axis',(-1.,-1.11022302462516E-16,-1.09476442525376E-47));
#4320=DIRECTION('center_axis',(6.16297582203915E-33,0.,-1.));
#4321=DIRECTION('ref_axis',(1.,0.,0.));
#4322=DIRECTION('center_axis',(-6.16297582203915E-33,0.,1.));
#4323=DIRECTION('ref_axis',(1.,0.,6.16297582203915E-33));
#4324=DIRECTION('center_axis',(6.16297582203915E-33,0.,-1.));
#4325=DIRECTION('ref_axis',(1.,0.,0.));
#4326=DIRECTION('center_axis',(-6.16297582203915E-33,0.,1.));
#4327=DIRECTION('ref_axis',(1.,0.,6.16297582203915E-33));
#4328=DIRECTION('center_axis',(6.16297582203915E-33,0.,-1.));
#4329=DIRECTION('ref_axis',(1.,0.,0.));
#4330=DIRECTION('center_axis',(-6.16297582203915E-33,0.,1.));
#4331=DIRECTION('ref_axis',(1.,0.,6.16297582203915E-33));
#4332=DIRECTION('center_axis',(1.09476442525376E-47,-6.84227765783601E-49,
-1.));
#4333=DIRECTION('ref_axis',(-1.,-1.11022302462516E-16,-1.09476442525376E-47));
#4334=DIRECTION('center_axis',(1.09476442525376E-47,-6.84227765783601E-49,
-1.));
#4335=DIRECTION('ref_axis',(-1.,-1.11022302462516E-16,-1.09476442525376E-47));
#4336=DIRECTION('center_axis',(1.09476442525376E-47,-6.84227765783601E-49,
-1.));
#4337=DIRECTION('ref_axis',(-1.,-1.11022302462516E-16,-1.09476442525376E-47));
#4338=CARTESIAN_POINT('',(0.,0.,0.));
#4339=CARTESIAN_POINT('Origin',(-5.08407806528477,0.549241519897892,-1.65000000000027));
#4340=CARTESIAN_POINT('',(-7.15000000000001,2.36419828674157,-9.75000000000027));
#4341=CARTESIAN_POINT('',(-7.15000000000001,2.36419828674157,-1.50000000000027));
#4342=CARTESIAN_POINT('',(-7.15000000000001,2.36419828674157,-9.75000000000027));
#4343=CARTESIAN_POINT('',(-4.80037239669504,0.299999999999997,-9.75000000000027));
#4344=CARTESIAN_POINT('',(-11.8910206250979,6.5292866769052,-9.75000000000027));
#4345=CARTESIAN_POINT('',(-4.80037239669504,0.299999999999997,-1.50000000000027));
#4346=CARTESIAN_POINT('',(-4.80037239669504,0.299999999999997,-9.35000000000027));
#4347=CARTESIAN_POINT('',(-11.8910206250979,6.5292866769052,-1.50000000000027));
#4348=CARTESIAN_POINT('Origin',(-7.15000000000001,11.9258772080177,-9.75000000000027));
#4349=CARTESIAN_POINT('',(-7.15000000000001,0.299999999999996,-1.50000000000027));
#4350=CARTESIAN_POINT('',(-7.15000000000001,11.9258772080177,-1.50000000000027));
#4351=CARTESIAN_POINT('',(-7.15000000000001,0.299999999999996,-9.75000000000027));
#4352=CARTESIAN_POINT('',(-7.15000000000001,0.299999999999996,-9.75000000000027));
#4353=CARTESIAN_POINT('',(-7.15000000000001,11.9258772080177,-9.75000000000027));
#4354=CARTESIAN_POINT('Origin',(-7.15000000000001,11.9258772080177,-1.50000000000027));
#4355=CARTESIAN_POINT('',(-7.15000000000001,0.299999999999996,-1.50000000000027));
#4356=CARTESIAN_POINT('Origin',(-7.15000000000001,11.9258772080177,-9.75000000000027));
#4357=CARTESIAN_POINT('',(-7.15000000000001,0.299999999999996,-9.75000000000027));
#4358=CARTESIAN_POINT('Origin',(-2.53685961126848E-15,-2.60208521396521E-15,
-9.35000000000027));
#4359=CARTESIAN_POINT('',(7.75,-8.67361737988404E-16,-9.85000000000027));
#4360=CARTESIAN_POINT('',(7.75,-8.67361737988404E-16,-10.3500000000003));
#4361=CARTESIAN_POINT('',(7.75,-8.67361737988404E-16,-10.3500000000003));
#4362=CARTESIAN_POINT('',(7.25,-8.67361737988404E-16,-9.85000000000027));
#4363=CARTESIAN_POINT('',(7.75,-8.67361737988404E-16,-9.85000000000027));
#4364=CARTESIAN_POINT('',(7.25,-8.67361737988404E-16,-10.3500000000003));
#4365=CARTESIAN_POINT('',(7.25,-8.67361737988404E-16,-10.3500000000003));
#4366=CARTESIAN_POINT('',(7.75,-8.67361737988404E-16,-10.3500000000003));
#4367=CARTESIAN_POINT('Origin',(7.75,-0.707106781186552,-9.85000000000027));
#4368=CARTESIAN_POINT('',(7.25,0.299999999999999,-9.85000000000027));
#4369=CARTESIAN_POINT('',(7.25,-0.707106781186551,-9.85000000000027));
#4370=CARTESIAN_POINT('',(7.75,0.299999999999999,-9.85000000000027));
#4371=CARTESIAN_POINT('',(7.75,-0.707106781186552,-9.85000000000027));
#4372=CARTESIAN_POINT('',(7.75,0.299999999999999,-9.85000000000027));
#4373=CARTESIAN_POINT('Origin',(7.25,-0.707106781186551,-10.3500000000003));
#4374=CARTESIAN_POINT('',(7.25,0.299999999999999,-10.3500000000003));
#4375=CARTESIAN_POINT('',(7.25,-0.707106781186551,-10.3500000000003));
#4376=CARTESIAN_POINT('',(7.25,0.299999999999999,-10.3500000000003));
#4377=CARTESIAN_POINT('Origin',(-2.53685961126848E-15,-2.60208521396521E-15,
-9.35000000000027));
#4378=CARTESIAN_POINT('',(-7.25000000000001,-3.46944695195361E-15,-10.3500000000003));
#4379=CARTESIAN_POINT('',(-7.75,-2.60208521396521E-15,-10.3500000000003));
#4380=CARTESIAN_POINT('',(-7.75,-2.60208521396521E-15,-10.3500000000003));
#4381=CARTESIAN_POINT('',(-7.25000000000001,-3.46944695195361E-15,-9.85000000000027));
#4382=CARTESIAN_POINT('',(-7.25000000000001,-3.46944695195361E-15,-10.3500000000003));
#4383=CARTESIAN_POINT('',(-7.75,-2.60208521396521E-15,-9.85000000000027));
#4384=CARTESIAN_POINT('',(-7.75,-2.60208521396521E-15,-9.85000000000027));
#4385=CARTESIAN_POINT('',(-7.75,-2.60208521396521E-15,-10.3500000000003));
#4386=CARTESIAN_POINT('Origin',(-7.25000000000001,-0.707106781186554,-10.3500000000003));
#4387=CARTESIAN_POINT('',(-7.25000000000001,0.299999999999996,-9.85000000000027));
#4388=CARTESIAN_POINT('',(-7.25000000000001,-0.707106781186554,-9.85000000000027));
#4389=CARTESIAN_POINT('',(-7.25000000000001,0.299999999999996,-10.3500000000003));
#4390=CARTESIAN_POINT('',(-7.25000000000001,-0.707106781186554,-10.3500000000003));
#4391=CARTESIAN_POINT('',(-7.25000000000001,0.299999999999996,-10.3500000000003));
#4392=CARTESIAN_POINT('Origin',(-7.75000000000001,-0.707106781186554,-9.85000000000027));
#4393=CARTESIAN_POINT('',(-7.75000000000001,0.299999999999996,-9.85000000000027));
#4394=CARTESIAN_POINT('',(-7.75000000000001,-0.707106781186554,-9.85000000000027));
#4395=CARTESIAN_POINT('',(-7.75000000000001,0.299999999999996,-9.85000000000027));
#4396=CARTESIAN_POINT('Origin',(-4.68807706450821,7.7,-10.1500000000003));
#4397=CARTESIAN_POINT('',(-7.05000000000001,5.625,-10.1500000000003));
#4398=CARTESIAN_POINT('',(-7.25000000000001,5.71551366007678,-10.3500000000003));
#4399=CARTESIAN_POINT('',(-6.4046661587158,5.3329423602698,-9.50466615871606));
#4400=CARTESIAN_POINT('',(-4.76345137902015,7.9,-10.3500000000003));
#4401=CARTESIAN_POINT('',(-8.7858401013882,4.36624516257733,-10.3500000000003));
#4402=CARTESIAN_POINT('',(-4.68807706450821,7.7,-10.1500000000003));
#4403=CARTESIAN_POINT('',(-4.68807706450821,7.7,-10.1500000000003));
#4404=CARTESIAN_POINT('',(-4.68807706450821,7.7,-10.1500000000003));
#4405=CARTESIAN_POINT('Origin',(-4.24660306919123E-15,7.7,-10.1500000000003));
#4406=CARTESIAN_POINT('',(7.25,7.9,-10.3500000000003));
#4407=CARTESIAN_POINT('',(7.05,7.7,-10.1500000000003));
#4408=CARTESIAN_POINT('',(7.05,7.7,-10.1500000000003));
#4409=CARTESIAN_POINT('',(-4.24660306919123E-15,7.7,-10.1500000000003));
#4410=CARTESIAN_POINT('',(-4.95000000000001,7.9,-10.3500000000003));
#4411=CARTESIAN_POINT('Origin',(-7.05000000000001,3.075,-10.1500000000003));
#4412=CARTESIAN_POINT('',(-7.05000000000001,3.075,-10.1500000000003));
#4413=CARTESIAN_POINT('',(-7.25000000000001,2.98448633992322,-10.3500000000003));
#4414=CARTESIAN_POINT('',(-7.05000000000001,3.075,-10.1500000000003));
#4415=CARTESIAN_POINT('',(-7.25000000000001,-3.46944695195361E-15,-10.3500000000003));
#4416=CARTESIAN_POINT('',(-7.05000000000001,3.075,-10.1500000000003));
#4417=CARTESIAN_POINT('Origin',(7.05,7.7,-10.1500000000003));
#4418=CARTESIAN_POINT('',(7.25,0.8,-10.3500000000003));
#4419=CARTESIAN_POINT('',(7.05,0.999999999999999,-10.1500000000003));
#4420=CARTESIAN_POINT('',(7.05,0.999999999999999,-10.1500000000003));
#4421=CARTESIAN_POINT('',(7.05,7.7,-10.1500000000003));
#4422=CARTESIAN_POINT('',(7.25,-8.67361737988404E-16,-10.3500000000003));
#4423=CARTESIAN_POINT('Origin',(-4.68807706450821,0.999999999999997,-10.1500000000003));
#4424=CARTESIAN_POINT('',(-4.68807706450821,0.999999999999997,-10.1500000000003));
#4425=CARTESIAN_POINT('',(-4.76345137902015,0.799999999999998,-10.3500000000003));
#4426=CARTESIAN_POINT('',(-4.68807706450821,0.999999999999997,-10.1500000000003));
#4427=CARTESIAN_POINT('',(-4.47207054502175,0.544015682535047,-10.3500000000003));
#4428=CARTESIAN_POINT('',(-4.68807706450821,0.999999999999997,-10.1500000000003));
#4429=CARTESIAN_POINT('Origin',(7.05,0.999999999999999,-10.1500000000003));
#4430=CARTESIAN_POINT('',(0.549999999999999,0.799999999999999,-10.3500000000003));
#4431=CARTESIAN_POINT('',(0.749999999999998,0.999999999999998,-10.1500000000003));
#4432=CARTESIAN_POINT('',(0.749999999999998,0.999999999999998,-10.1500000000003));
#4433=CARTESIAN_POINT('',(7.05,0.999999999999999,-10.1500000000003));
#4434=CARTESIAN_POINT('',(-4.95000000000001,0.799999999999998,-10.3500000000003));
#4435=CARTESIAN_POINT('Origin',(-0.750000000000003,0.999999999999998,-10.1500000000003));
#4436=CARTESIAN_POINT('',(-0.750000000000003,0.999999999999998,-10.1500000000003));
#4437=CARTESIAN_POINT('',(-0.550000000000005,0.8,-10.3500000000003));
#4438=CARTESIAN_POINT('',(-0.750000000000003,0.999999999999998,-10.1500000000003));
#4439=CARTESIAN_POINT('',(-4.95000000000001,0.799999999999998,-10.3500000000003));
#4440=CARTESIAN_POINT('',(-0.750000000000003,0.999999999999998,-10.1500000000003));
#4441=CARTESIAN_POINT('Origin',(0.749999999999998,0.999999999999998,-10.1500000000003));
#4442=CARTESIAN_POINT('',(0.549999999999999,1.6,-10.3500000000003));
#4443=CARTESIAN_POINT('',(0.749999999999998,1.8,-10.1500000000003));
#4444=CARTESIAN_POINT('',(0.483333333333329,1.53333333333333,-10.4166666666669));
#4445=CARTESIAN_POINT('',(0.749999999999998,0.999999999999998,-10.1500000000003));
#4446=CARTESIAN_POINT('',(0.549999999999999,-1.73472347597681E-15,-10.3500000000003));
#4447=CARTESIAN_POINT('Origin',(-0.750000000000003,0.999999999999998,-10.1500000000003));
#4448=CARTESIAN_POINT('',(-0.750000000000004,1.8,-10.1500000000003));
#4449=CARTESIAN_POINT('',(-0.550000000000005,1.6,-10.3500000000003));
#4450=CARTESIAN_POINT('',(-0.250000000000003,1.3,-10.6500000000003));
#4451=CARTESIAN_POINT('',(-0.550000000000004,-1.73472347597681E-15,-10.3500000000003));
#4452=CARTESIAN_POINT('',(-0.750000000000003,0.999999999999998,-10.1500000000003));
#4453=CARTESIAN_POINT('Origin',(0.749999999999998,1.8,-10.1500000000003));
#4454=CARTESIAN_POINT('',(-4.95000000000001,1.6,-10.3500000000003));
#4455=CARTESIAN_POINT('',(0.749999999999998,1.8,-10.1500000000003));
#4456=CARTESIAN_POINT('Origin',(-3.46944695195361E-15,4.2,-1.65000000000027));
#4457=CARTESIAN_POINT('',(0.749999999999998,0.999999999999998,-1.65000000000027));
#4458=CARTESIAN_POINT('',(0.749999999999998,1.8,-1.65000000000027));
#4459=CARTESIAN_POINT('',(0.749999999999998,0.999999999999998,-1.65000000000027));
#4460=CARTESIAN_POINT('',(-0.750000000000004,1.8,-1.65000000000027));
#4461=CARTESIAN_POINT('',(0.749999999999998,1.8,-1.65000000000027));
#4462=CARTESIAN_POINT('',(-0.750000000000003,0.999999999999998,-1.65000000000027));
#4463=CARTESIAN_POINT('',(-0.750000000000003,0.999999999999998,-1.65000000000027));
#4464=CARTESIAN_POINT('',(-4.68807706450821,0.999999999999997,-1.65000000000027));
#4465=CARTESIAN_POINT('',(-0.750000000000003,0.999999999999998,-1.65000000000027));
#4466=CARTESIAN_POINT('',(-7.05000000000001,3.075,-1.65000000000027));
#4467=CARTESIAN_POINT('',(-4.68807706450821,0.999999999999997,-1.65000000000027));
#4468=CARTESIAN_POINT('',(-7.05000000000001,5.625,-1.65000000000027));
#4469=CARTESIAN_POINT('',(-7.05000000000001,3.075,-1.65000000000027));
#4470=CARTESIAN_POINT('',(-4.68807706450821,7.7,-1.65000000000027));
#4471=CARTESIAN_POINT('',(-4.68807706450821,7.7,-1.65000000000027));
#4472=CARTESIAN_POINT('',(7.05,7.7,-1.65000000000027));
#4473=CARTESIAN_POINT('',(-4.24660306919123E-15,7.7,-1.65000000000027));
#4474=CARTESIAN_POINT('',(7.05,0.999999999999999,-1.65000000000027));
#4475=CARTESIAN_POINT('',(7.05,7.7,-1.65000000000027));
#4476=CARTESIAN_POINT('',(7.05,0.999999999999999,-1.65000000000027));
#4477=CARTESIAN_POINT('Origin',(0.749999999999998,1.8,-1.65000000000027));
#4478=CARTESIAN_POINT('',(0.749999999999998,1.8,-1.65000000000027));
#4479=CARTESIAN_POINT('',(-0.750000000000004,1.8,-1.65000000000027));
#4480=CARTESIAN_POINT('Origin',(-0.750000000000003,0.999999999999998,-1.65000000000027));
#4481=CARTESIAN_POINT('',(-0.750000000000003,0.999999999999998,-1.65000000000027));
#4482=CARTESIAN_POINT('Origin',(-0.750000000000003,0.999999999999998,-1.65000000000027));
#4483=CARTESIAN_POINT('',(-4.68807706450821,0.999999999999997,-1.65000000000027));
#4484=CARTESIAN_POINT('Origin',(-4.68807706450821,0.999999999999997,-1.65000000000027));
#4485=CARTESIAN_POINT('',(-7.05000000000001,3.075,-1.65000000000027));
#4486=CARTESIAN_POINT('Origin',(-7.05000000000001,3.075,-1.65000000000027));
#4487=CARTESIAN_POINT('',(-7.05000000000001,5.625,-1.65000000000027));
#4488=CARTESIAN_POINT('Origin',(-4.68807706450821,7.7,-1.65000000000027));
#4489=CARTESIAN_POINT('',(-4.68807706450821,7.7,-1.65000000000027));
#4490=CARTESIAN_POINT('Origin',(-4.24660306919123E-15,7.7,-1.65000000000027));
#4491=CARTESIAN_POINT('',(7.05,7.7,-1.65000000000027));
#4492=CARTESIAN_POINT('Origin',(7.05,7.7,-1.65000000000027));
#4493=CARTESIAN_POINT('',(7.05,0.999999999999999,-1.65000000000027));
#4494=CARTESIAN_POINT('Origin',(7.05,0.999999999999999,-1.65000000000027));
#4495=CARTESIAN_POINT('',(0.749999999999998,0.999999999999998,-1.65000000000027));
#4496=CARTESIAN_POINT('Origin',(0.749999999999998,0.999999999999998,-1.65000000000027));
#4497=CARTESIAN_POINT('Origin',(-4.95000000000001,-2.60208521396521E-15,
-10.3500000000003));
#4498=CARTESIAN_POINT('',(7.75,0.299999999999999,-10.3500000000003));
#4499=CARTESIAN_POINT('',(-7.75000000000001,7.4,-10.3500000000003));
#4500=CARTESIAN_POINT('',(-7.75000000000001,0.299999999999996,-10.3500000000003));
#4501=CARTESIAN_POINT('',(-6.75000000000001,8.4,-10.3500000000003));
#4502=CARTESIAN_POINT('Origin',(-6.75000000000001,7.4,-10.3500000000003));
#4503=CARTESIAN_POINT('',(6.75,8.4,-10.3500000000003));
#4504=CARTESIAN_POINT('',(-6.75000000000001,8.4,-10.3500000000003));
#4505=CARTESIAN_POINT('',(7.75,7.4,-10.3500000000003));
#4506=CARTESIAN_POINT('Origin',(6.75,7.4,-10.3500000000003));
#4507=CARTESIAN_POINT('',(7.75,7.4,-10.3500000000003));
#4508=CARTESIAN_POINT('Origin',(-2.53685961126848E-15,-2.60208521396521E-15,
-9.35000000000027));
#4509=CARTESIAN_POINT('',(0.999999999999998,-2.60208521396521E-15,3.74999999999973));
#4510=CARTESIAN_POINT('',(0.999999999999998,-2.60208521396521E-15,5.24999999999973));
#4511=CARTESIAN_POINT('',(0.999999999999998,-2.60208521396521E-15,5.24999999999973));
#4512=CARTESIAN_POINT('',(-1.,-2.60208521396521E-15,5.24999999999973));
#4513=CARTESIAN_POINT('',(-1.,-2.60208521396521E-15,5.24999999999973));
#4514=CARTESIAN_POINT('',(-1.,-2.60208521396521E-15,3.74999999999973));
#4515=CARTESIAN_POINT('',(-1.,-2.60208521396521E-15,5.24999999999973));
#4516=CARTESIAN_POINT('',(-1.,-2.60208521396521E-15,3.74999999999973));
#4517=CARTESIAN_POINT('Origin',(-1.,-2.60208521396521E-15,5.24999999999973));
#4518=CARTESIAN_POINT('',(-1.,0.299999999999998,5.24999999999973));
#4519=CARTESIAN_POINT('',(-1.,0.299999999999998,3.74999999999973));
#4520=CARTESIAN_POINT('',(-1.,0.299999999999998,5.24999999999973));
#4521=CARTESIAN_POINT('',(-1.,-2.60208521396521E-15,3.74999999999973));
#4522=CARTESIAN_POINT('',(-1.,-2.60208521396521E-15,5.24999999999973));
#4523=CARTESIAN_POINT('Origin',(-1.,-2.60208521396521E-15,5.24999999999973));
#4524=CARTESIAN_POINT('',(0.999999999999998,0.299999999999998,5.24999999999973));
#4525=CARTESIAN_POINT('',(-1.,0.299999999999998,5.24999999999973));
#4526=CARTESIAN_POINT('',(0.999999999999998,-2.60208521396521E-15,5.24999999999973));
#4527=CARTESIAN_POINT('Origin',(0.999999999999998,-2.60208521396521E-15,
5.24999999999973));
#4528=CARTESIAN_POINT('',(0.999999999999998,0.299999999999998,3.74999999999973));
#4529=CARTESIAN_POINT('',(0.999999999999998,0.299999999999998,5.24999999999973));
#4530=CARTESIAN_POINT('',(0.999999999999998,-2.60208521396521E-15,3.74999999999973));
#4531=CARTESIAN_POINT('Origin',(-2.53685961126848E-15,-2.60208521396521E-15,
-9.35000000000027));
#4532=CARTESIAN_POINT('',(-7.00000000000001,-2.60208521396521E-15,0.49999999999973));
#4533=CARTESIAN_POINT('',(-7.00000000000001,-2.60208521396521E-15,0.74999999999973));
#4534=CARTESIAN_POINT('',(-7.00000000000001,-2.60208521396521E-15,0.74999999999973));
#4535=CARTESIAN_POINT('',(-6.50000000000001,-2.60208521396521E-15,0.74999999999973));
#4536=CARTESIAN_POINT('',(-6.50000000000001,-2.60208521396521E-15,0.74999999999973));
#4537=CARTESIAN_POINT('',(-6.50000000000001,-2.60208521396521E-15,-0.75000000000027));
#4538=CARTESIAN_POINT('',(-6.50000000000001,-2.60208521396521E-15,-0.75000000000027));
#4539=CARTESIAN_POINT('',(-7.00000000000001,-2.60208521396521E-15,-0.75000000000027));
#4540=CARTESIAN_POINT('',(-7.00000000000001,-2.60208521396521E-15,-0.75000000000027));
#4541=CARTESIAN_POINT('',(-7.00000000000001,-2.60208521396521E-15,-0.500000000000269));
#4542=CARTESIAN_POINT('',(-7.00000000000001,-2.60208521396521E-15,-0.500000000000269));
#4543=CARTESIAN_POINT('',(-7.75,-2.60208521396521E-15,-0.500000000000269));
#4544=CARTESIAN_POINT('',(-7.75,-2.60208521396521E-15,-0.500000000000269));
#4545=CARTESIAN_POINT('',(-7.75,-2.60208521396521E-15,-1.00000000000027));
#4546=CARTESIAN_POINT('',(-7.75,-2.60208521396521E-15,-0.500000000000269));
#4547=CARTESIAN_POINT('',(-6.25,-3.46944695195361E-15,-1.00000000000027));
#4548=CARTESIAN_POINT('',(-7.75,-2.60208521396521E-15,-1.00000000000027));
#4549=CARTESIAN_POINT('',(-6.25,-3.46944695195361E-15,0.99999999999973));
#4550=CARTESIAN_POINT('',(-6.25,-3.46944695195361E-15,-1.00000000000027));
#4551=CARTESIAN_POINT('',(-7.75,-2.60208521396521E-15,0.99999999999973));
#4552=CARTESIAN_POINT('',(-6.25,-3.46944695195361E-15,0.99999999999973));
#4553=CARTESIAN_POINT('',(-7.75,-2.60208521396521E-15,0.49999999999973));
#4554=CARTESIAN_POINT('',(-7.75,-2.60208521396521E-15,0.49999999999973));
#4555=CARTESIAN_POINT('',(-7.00000000000001,-2.60208521396521E-15,0.49999999999973));
#4556=CARTESIAN_POINT('Origin',(-6.25,-3.46944695195361E-15,0.99999999999973));
#4557=CARTESIAN_POINT('',(-6.25,0.299999999999998,0.99999999999973));
#4558=CARTESIAN_POINT('',(-7.75000000000001,0.299999999999996,0.99999999999973));
#4559=CARTESIAN_POINT('',(-6.25,0.299999999999998,0.99999999999973));
#4560=CARTESIAN_POINT('',(-7.75,-2.60208521396521E-15,0.99999999999973));
#4561=CARTESIAN_POINT('',(-6.25,-3.46944695195361E-15,0.99999999999973));
#4562=CARTESIAN_POINT('Origin',(-6.25,-3.46944695195361E-15,-1.00000000000027));
#4563=CARTESIAN_POINT('',(-6.25,0.299999999999998,-1.00000000000027));
#4564=CARTESIAN_POINT('',(-6.25,0.299999999999998,-1.00000000000027));
#4565=CARTESIAN_POINT('',(-6.25,-3.46944695195361E-15,-1.00000000000027));
#4566=CARTESIAN_POINT('Origin',(-7.75,-2.60208521396521E-15,-1.00000000000027));
#4567=CARTESIAN_POINT('',(-7.75000000000001,0.299999999999996,-1.00000000000027));
#4568=CARTESIAN_POINT('',(-7.75000000000001,0.299999999999996,-1.00000000000027));
#4569=CARTESIAN_POINT('',(-7.75,-2.60208521396521E-15,-1.00000000000027));
#4570=CARTESIAN_POINT('Origin',(-2.53685961126848E-15,-2.60208521396521E-15,
-9.35000000000027));
#4571=CARTESIAN_POINT('',(6.5,-8.67361737988404E-16,-0.75000000000027));
#4572=CARTESIAN_POINT('',(6.5,-8.67361737988404E-16,0.74999999999973));
#4573=CARTESIAN_POINT('',(6.5,-8.67361737988404E-16,-0.75000000000027));
#4574=CARTESIAN_POINT('',(7.,-8.67361737988404E-16,0.74999999999973));
#4575=CARTESIAN_POINT('',(6.5,-8.67361737988404E-16,0.74999999999973));
#4576=CARTESIAN_POINT('',(7.,-8.67361737988404E-16,0.49999999999973));
#4577=CARTESIAN_POINT('',(7.,-8.67361737988404E-16,0.74999999999973));
#4578=CARTESIAN_POINT('',(7.75,-8.67361737988404E-16,0.49999999999973));
#4579=CARTESIAN_POINT('',(7.,-8.67361737988404E-16,0.49999999999973));
#4580=CARTESIAN_POINT('',(7.75,-8.67361737988404E-16,0.99999999999973));
#4581=CARTESIAN_POINT('',(7.75,-8.67361737988404E-16,0.49999999999973));
#4582=CARTESIAN_POINT('',(6.25,-8.67361737988404E-16,0.99999999999973));
#4583=CARTESIAN_POINT('',(6.25,-8.67361737988404E-16,0.99999999999973));
#4584=CARTESIAN_POINT('',(6.25,-8.67361737988404E-16,-1.00000000000027));
#4585=CARTESIAN_POINT('',(6.25,-8.67361737988404E-16,-1.00000000000027));
#4586=CARTESIAN_POINT('',(7.75,-8.67361737988404E-16,-1.00000000000027));
#4587=CARTESIAN_POINT('',(7.75,-8.67361737988404E-16,-1.00000000000027));
#4588=CARTESIAN_POINT('',(7.75,-8.67361737988404E-16,-0.500000000000269));
#4589=CARTESIAN_POINT('',(7.75,-8.67361737988404E-16,-0.500000000000269));
#4590=CARTESIAN_POINT('',(7.,-8.67361737988404E-16,-0.500000000000269));
#4591=CARTESIAN_POINT('',(7.75,-8.67361737988404E-16,-0.500000000000269));
#4592=CARTESIAN_POINT('',(7.,-8.67361737988404E-16,-0.75000000000027));
#4593=CARTESIAN_POINT('',(7.,-8.67361737988404E-16,-0.500000000000269));
#4594=CARTESIAN_POINT('',(7.,-8.67361737988404E-16,-0.75000000000027));
#4595=CARTESIAN_POINT('Origin',(7.75,-8.67361737988404E-16,-1.00000000000027));
#4596=CARTESIAN_POINT('',(6.25,0.299999999999998,-1.00000000000027));
#4597=CARTESIAN_POINT('',(7.75,0.299999999999999,-1.00000000000027));
#4598=CARTESIAN_POINT('',(7.75,0.299999999999999,-1.00000000000027));
#4599=CARTESIAN_POINT('',(7.75,-8.67361737988404E-16,-1.00000000000027));
#4600=CARTESIAN_POINT('',(6.25,-8.67361737988404E-16,-1.00000000000027));
#4601=CARTESIAN_POINT('Origin',(6.25,-8.67361737988404E-16,-1.00000000000027));
#4602=CARTESIAN_POINT('',(6.25,0.299999999999998,0.99999999999973));
#4603=CARTESIAN_POINT('',(6.25,0.299999999999998,-1.00000000000027));
#4604=CARTESIAN_POINT('',(6.25,-8.67361737988404E-16,0.99999999999973));
#4605=CARTESIAN_POINT('Origin',(6.25,-8.67361737988404E-16,0.99999999999973));
#4606=CARTESIAN_POINT('',(7.75,0.299999999999999,0.99999999999973));
#4607=CARTESIAN_POINT('',(6.25,0.299999999999998,0.99999999999973));
#4608=CARTESIAN_POINT('',(7.75,-8.67361737988404E-16,0.99999999999973));
#4609=CARTESIAN_POINT('Origin',(-5.45746536419326,-3.46944695195361E-15,
7.74190516480688));
#4610=CARTESIAN_POINT('',(-4.95000000000001,-2.60208521396521E-15,7.84999999999973));
#4611=CARTESIAN_POINT('',(-5.9193528536585,-3.46944695195361E-15,7.44999999999973));
#4612=CARTESIAN_POINT('Ctrl Pts',(-4.95000000000001,-2.60208521396521E-15,
7.84999999999973));
#4613=CARTESIAN_POINT('Ctrl Pts',(-5.24953670007179,-2.60208521396521E-15,
7.84999999999973));
#4614=CARTESIAN_POINT('Ctrl Pts',(-5.52863864783071,-2.60208521396521E-15,
7.7383423348736));
#4615=CARTESIAN_POINT('Ctrl Pts',(-5.7848219672934,-2.60208521396521E-15,
7.55465220092452));
#4616=CARTESIAN_POINT('Ctrl Pts',(-5.83039728229096,-2.60208521396521E-15,
7.52197350921957));
#4617=CARTESIAN_POINT('Ctrl Pts',(-5.87524724951592,-2.60208521396521E-15,
7.4870150741486));
#4618=CARTESIAN_POINT('Ctrl Pts',(-5.91935285365855,-3.46944695175757E-15,
7.4499999999998));
#4619=CARTESIAN_POINT('',(5.91935285365792,0.,7.45000000000033));
#4620=CARTESIAN_POINT('',(5.91935285365865,-8.67361737988404E-16,7.44999999999973));
#4621=CARTESIAN_POINT('',(4.95,-1.73472347597681E-15,7.84999999999973));
#4622=CARTESIAN_POINT('Ctrl Pts',(5.91935285365792,-8.4533702552648E-45,
7.45000000000033));
#4623=CARTESIAN_POINT('Ctrl Pts',(5.87524724951549,-1.718440218982E-30,
7.48701507414893));
#4624=CARTESIAN_POINT('Ctrl Pts',(5.83039728229075,-2.61999359164683E-16,
7.52197350921972));
#4625=CARTESIAN_POINT('Ctrl Pts',(5.7848219672934,-4.64643150868633E-16,
7.55465220092453));
#4626=CARTESIAN_POINT('Ctrl Pts',(5.5286386478307,-1.60372379639447E-15,
7.7383423348736));
#4627=CARTESIAN_POINT('Ctrl Pts',(5.24953670007178,-8.67361737988404E-16,
7.84999999999973));
#4628=CARTESIAN_POINT('Ctrl Pts',(4.95,-1.73472347597681E-15,7.84999999999973));
#4629=CARTESIAN_POINT('',(4.95,-1.73472347597681E-15,7.84999999999973));
#4630=CARTESIAN_POINT('Ctrl Pts',(5.91935285365792,0.,7.45000000000033));
#4631=CARTESIAN_POINT('Ctrl Pts',(5.91935285365792,0.359999999999999,7.45000000000033));
#4632=CARTESIAN_POINT('Ctrl Pts',(5.87524724951549,0.,7.48701507414893));
#4633=CARTESIAN_POINT('Ctrl Pts',(5.87524724951549,0.359999999999999,7.48701507414893));
#4634=CARTESIAN_POINT('Ctrl Pts',(5.57829121386102,-1.73472347597681E-15,
7.71847830441813));
#4635=CARTESIAN_POINT('Ctrl Pts',(5.57829121386102,0.359999999999997,7.71847830441813));
#4636=CARTESIAN_POINT('Ctrl Pts',(5.24953670007178,-8.67361737988404E-16,
7.84999999999973));
#4637=CARTESIAN_POINT('Ctrl Pts',(5.24953670007178,0.359999999999998,7.84999999999973));
#4638=CARTESIAN_POINT('Ctrl Pts',(4.95,-1.73472347597681E-15,7.84999999999973));
#4639=CARTESIAN_POINT('Ctrl Pts',(4.95,0.359999999999997,7.84999999999973));
#4640=CARTESIAN_POINT('',(5.91935285365792,0.299999999999999,7.45000000000033));
#4641=CARTESIAN_POINT('',(4.95,0.299999999999999,7.84999999999973));
#4642=CARTESIAN_POINT('Origin',(4.39336762739029,0.299999999999962,-18.5270232485869));
#4643=CARTESIAN_POINT('',(4.95,-1.73472347597681E-15,7.84999999999973));
#4644=CARTESIAN_POINT('',(5.91935285365792,0.,7.45000000000033));
#4645=CARTESIAN_POINT('Ctrl Pts',(-4.95000000000001,-2.60208521396521E-15,
7.84999999999973));
#4646=CARTESIAN_POINT('Ctrl Pts',(-4.95000000000001,0.359999999999998,7.84999999999973));
#4647=CARTESIAN_POINT('Ctrl Pts',(-5.24953670007179,-2.60208521396521E-15,
7.84999999999973));
#4648=CARTESIAN_POINT('Ctrl Pts',(-5.24953670007179,0.359999999999998,7.84999999999973));
#4649=CARTESIAN_POINT('Ctrl Pts',(-5.578291213865,-2.60208521396521E-15,
7.71847830441653));
#4650=CARTESIAN_POINT('Ctrl Pts',(-5.578291213865,0.359999999999998,7.71847830441653));
#4651=CARTESIAN_POINT('Ctrl Pts',(-5.87524724952268,-2.60208521396521E-15,
7.48701507414333));
#4652=CARTESIAN_POINT('Ctrl Pts',(-5.87524724952268,0.359999999999998,7.48701507414333));
#4653=CARTESIAN_POINT('Ctrl Pts',(-5.91935285366852,-3.46944695195361E-15,
7.44999999999143));
#4654=CARTESIAN_POINT('Ctrl Pts',(-5.91935285366852,0.359999999999997,7.44999999999143));
#4655=CARTESIAN_POINT('',(-4.95000000000001,0.299999999999997,7.84999999999973));
#4656=CARTESIAN_POINT('',(-5.91935285365849,0.299999999999997,7.44999999999973));
#4657=CARTESIAN_POINT('Origin',(-4.39336762789762,0.300000000000006,-18.5270232346009));
#4658=CARTESIAN_POINT('',(-5.9193528536585,-3.46944695195361E-15,7.44999999999973));
#4659=CARTESIAN_POINT('',(-4.95000000000001,-2.60208521396521E-15,7.84999999999973));
#4660=CARTESIAN_POINT('Origin',(3.6,0.599999999999999,5.99999999999973));
#4661=CARTESIAN_POINT('',(2.15,0.599999999999999,5.99999999999973));
#4662=CARTESIAN_POINT('',(5.05,0.599999999999999,5.99999999999973));
#4663=CARTESIAN_POINT('Origin',(3.6,0.599999999999999,5.99999999999973));
#4664=CARTESIAN_POINT('',(5.05,0.599999999999999,7.44999999999973));
#4665=CARTESIAN_POINT('',(5.05,0.599999999999999,5.99999999999973));
#4666=CARTESIAN_POINT('',(2.15,0.599999999999999,7.44999999999973));
#4667=CARTESIAN_POINT('',(5.05,0.599999999999999,7.44999999999973));
#4668=CARTESIAN_POINT('',(2.15,0.599999999999999,5.99999999999973));
#4669=CARTESIAN_POINT('Origin',(5.05,0.599999999999999,5.99999999999973));
#4670=CARTESIAN_POINT('',(5.05,0.299999999999999,5.99999999999973));
#4671=CARTESIAN_POINT('',(5.05,0.299999999999999,7.44999999999973));
#4672=CARTESIAN_POINT('',(5.05,0.299999999999999,5.99999999999973));
#4673=CARTESIAN_POINT('',(5.05,0.599999999999999,7.44999999999973));
#4674=CARTESIAN_POINT('',(5.05,0.599999999999999,5.99999999999973));
#4675=CARTESIAN_POINT('Origin',(5.05,0.599999999999999,7.44999999999973));
#4676=CARTESIAN_POINT('',(5.91935285365865,0.299999999999999,7.44999999999973));
#4677=CARTESIAN_POINT('',(-5.05000000000001,0.299999999999997,7.44999999999973));
#4678=CARTESIAN_POINT('',(5.91935285365865,0.299999999999999,7.44999999999973));
#4679=CARTESIAN_POINT('',(-5.05000000000001,0.599999999999997,7.44999999999973));
#4680=CARTESIAN_POINT('',(-5.05000000000001,0.599999999999997,7.44999999999973));
#4681=CARTESIAN_POINT('',(-2.15,0.599999999999998,7.44999999999973));
#4682=CARTESIAN_POINT('',(-5.05000000000001,0.599999999999997,7.44999999999973));
#4683=CARTESIAN_POINT('',(-2.15,0.299999999999998,7.44999999999973));
#4684=CARTESIAN_POINT('',(-2.15,0.599999999999998,7.44999999999973));
#4685=CARTESIAN_POINT('',(2.15,0.299999999999997,7.44999999999973));
#4686=CARTESIAN_POINT('',(5.91935285365865,0.299999999999999,7.44999999999973));
#4687=CARTESIAN_POINT('',(2.15,0.599999999999999,7.44999999999973));
#4688=CARTESIAN_POINT('Origin',(2.15,0.599999999999999,5.99999999999973));
#4689=CARTESIAN_POINT('',(2.15,0.299999999999997,5.99999999999973));
#4690=CARTESIAN_POINT('',(2.15,0.299999999999997,5.99999999999973));
#4691=CARTESIAN_POINT('',(2.15,0.599999999999999,5.99999999999973));
#4692=CARTESIAN_POINT('Origin',(3.6,0.599999999999999,5.99999999999973));
#4693=CARTESIAN_POINT('Origin',(3.6,0.299999999999999,5.99999999999973));
#4694=CARTESIAN_POINT('Origin',(-3.6,0.599999999999998,5.99999999999973));
#4695=CARTESIAN_POINT('',(-5.05000000000001,0.599999999999997,5.99999999999973));
#4696=CARTESIAN_POINT('',(-2.15,0.599999999999998,5.99999999999973));
#4697=CARTESIAN_POINT('Origin',(-3.6,0.599999999999998,5.99999999999973));
#4698=CARTESIAN_POINT('',(-2.15,0.599999999999998,5.99999999999973));
#4699=CARTESIAN_POINT('',(-5.05000000000001,0.599999999999997,5.99999999999973));
#4700=CARTESIAN_POINT('Origin',(-2.15,0.599999999999998,5.99999999999973));
#4701=CARTESIAN_POINT('',(-2.15,0.299999999999998,5.99999999999973));
#4702=CARTESIAN_POINT('',(-2.15,0.299999999999998,5.99999999999973));
#4703=CARTESIAN_POINT('',(-2.15,0.599999999999998,5.99999999999973));
#4704=CARTESIAN_POINT('Origin',(-5.05000000000001,0.599999999999997,5.99999999999973));
#4705=CARTESIAN_POINT('',(-5.05000000000001,0.299999999999997,5.99999999999973));
#4706=CARTESIAN_POINT('',(-5.05000000000001,0.299999999999997,5.99999999999973));
#4707=CARTESIAN_POINT('',(-5.05000000000001,0.599999999999997,5.99999999999973));
#4708=CARTESIAN_POINT('Origin',(-3.6,0.599999999999998,5.99999999999973));
#4709=CARTESIAN_POINT('Origin',(-3.60000000000001,0.299999999999997,5.99999999999973));
#4710=CARTESIAN_POINT('Origin',(7.,0.299499999999999,-0.500000000000269));
#4711=CARTESIAN_POINT('',(7.,8.36824583655186,-0.500000000000273));
#4712=CARTESIAN_POINT('',(7.,8.36824583655186,-0.750000000000273));
#4713=CARTESIAN_POINT('',(7.,8.36824583655186,6.25621359775623));
#4714=CARTESIAN_POINT('',(7.,0.299499999999999,-0.75000000000027));
#4715=CARTESIAN_POINT('',(7.,0.299499999999999,-0.500000000000269));
#4716=CARTESIAN_POINT('Origin',(7.,0.299499999999999,-0.75000000000027));
#4717=CARTESIAN_POINT('',(6.75,8.4,-0.750000000000273));
#4718=CARTESIAN_POINT('Origin',(6.75,7.4,-0.750000000000273));
#4719=CARTESIAN_POINT('',(6.5,8.4,-0.750000000000273));
#4720=CARTESIAN_POINT('',(7.,8.4,-0.750000000000273));
#4721=CARTESIAN_POINT('',(6.5,0.299499999999999,-0.75000000000027));
#4722=CARTESIAN_POINT('Origin',(6.5,0.299499999999999,-0.75000000000027));
#4723=CARTESIAN_POINT('',(6.5,8.4,0.749999999999727));
#4724=CARTESIAN_POINT('',(6.5,8.4,-0.750000000000273));
#4725=CARTESIAN_POINT('',(6.5,0.299499999999999,0.74999999999973));
#4726=CARTESIAN_POINT('Origin',(7.,0.299499999999999,0.74999999999973));
#4727=CARTESIAN_POINT('',(6.75,8.4,0.749999999999727));
#4728=CARTESIAN_POINT('',(7.,8.36824583655186,0.749999999999727));
#4729=CARTESIAN_POINT('Origin',(6.75,7.4,0.749999999999727));
#4730=CARTESIAN_POINT('',(7.,0.299499999999999,0.74999999999973));
#4731=CARTESIAN_POINT('',(7.,8.4,0.749999999999727));
#4732=CARTESIAN_POINT('Origin',(7.,0.299499999999999,0.49999999999973));
#4733=CARTESIAN_POINT('',(7.,8.36824583655186,0.499999999999726));
#4734=CARTESIAN_POINT('',(7.,8.36824583655186,6.25621359775623));
#4735=CARTESIAN_POINT('',(7.,0.299499999999999,0.49999999999973));
#4736=CARTESIAN_POINT('Origin',(7.75,0.299499999999999,0.49999999999973));
#4737=CARTESIAN_POINT('',(7.75,7.4,0.499999999999726));
#4738=CARTESIAN_POINT('Origin',(6.75,7.4,0.499999999999726));
#4739=CARTESIAN_POINT('',(7.75,0.299499999999999,0.49999999999973));
#4740=CARTESIAN_POINT('Origin',(7.75,0.299499999999999,-0.500000000000269));
#4741=CARTESIAN_POINT('',(7.75,7.4,-0.500000000000273));
#4742=CARTESIAN_POINT('Origin',(6.75,7.4,-0.500000000000273));
#4743=CARTESIAN_POINT('',(7.75,0.299499999999999,-0.500000000000269));
#4744=CARTESIAN_POINT('Origin',(-7.75000000000001,0.299499999999998,-0.500000000000269));
#4745=CARTESIAN_POINT('',(-7.00000000000001,8.36824583655185,-0.500000000000273));
#4746=CARTESIAN_POINT('',(-7.75000000000001,7.4,-0.500000000000273));
#4747=CARTESIAN_POINT('Origin',(-6.75000000000001,7.4,-0.500000000000273));
#4748=CARTESIAN_POINT('',(-7.75000000000001,0.299499999999998,-0.500000000000269));
#4749=CARTESIAN_POINT('',(-7.00000000000001,0.299499999999996,-0.500000000000269));
#4750=CARTESIAN_POINT('Origin',(-7.75000000000001,0.299499999999998,0.49999999999973));
#4751=CARTESIAN_POINT('',(-7.75000000000001,7.4,0.499999999999726));
#4752=CARTESIAN_POINT('',(-7.00000000000001,8.36824583655185,0.499999999999726));
#4753=CARTESIAN_POINT('Origin',(-6.75000000000001,7.4,0.499999999999726));
#4754=CARTESIAN_POINT('',(-7.00000000000001,0.299499999999996,0.49999999999973));
#4755=CARTESIAN_POINT('',(-7.75000000000001,0.299499999999998,0.49999999999973));
#4756=CARTESIAN_POINT('Origin',(-7.00000000000001,0.299499999999996,0.49999999999973));
#4757=CARTESIAN_POINT('',(-7.00000000000001,8.36824583655185,0.749999999999727));
#4758=CARTESIAN_POINT('',(-7.00000000000001,8.36824583655185,6.25621359775623));
#4759=CARTESIAN_POINT('',(-7.00000000000001,0.299499999999996,0.74999999999973));
#4760=CARTESIAN_POINT('Origin',(-7.00000000000001,0.299499999999996,0.74999999999973));
#4761=CARTESIAN_POINT('',(-6.75000000000001,8.4,0.749999999999727));
#4762=CARTESIAN_POINT('Origin',(-6.75000000000001,7.4,0.749999999999727));
#4763=CARTESIAN_POINT('',(-6.50000000000001,8.4,0.749999999999727));
#4764=CARTESIAN_POINT('',(-7.00000000000001,8.4,0.749999999999727));
#4765=CARTESIAN_POINT('',(-6.50000000000001,0.299499999999997,0.74999999999973));
#4766=CARTESIAN_POINT('Origin',(-6.50000000000001,0.299499999999997,-0.75000000000027));
#4767=CARTESIAN_POINT('',(-6.50000000000001,8.4,-0.750000000000273));
#4768=CARTESIAN_POINT('',(-6.50000000000001,8.4,-0.750000000000273));
#4769=CARTESIAN_POINT('',(-6.50000000000001,0.299499999999997,-0.75000000000027));
#4770=CARTESIAN_POINT('Origin',(-7.00000000000001,0.299499999999996,-0.75000000000027));
#4771=CARTESIAN_POINT('',(-6.75000000000001,8.4,-0.750000000000273));
#4772=CARTESIAN_POINT('',(-7.00000000000001,8.36824583655185,-0.750000000000273));
#4773=CARTESIAN_POINT('Origin',(-6.75000000000001,7.4,-0.750000000000273));
#4774=CARTESIAN_POINT('',(-7.00000000000001,0.299499999999996,-0.75000000000027));
#4775=CARTESIAN_POINT('',(-7.00000000000001,8.4,-0.750000000000273));
#4776=CARTESIAN_POINT('Origin',(-7.00000000000001,0.299499999999996,-0.500000000000269));
#4777=CARTESIAN_POINT('',(-7.00000000000001,8.36824583655185,6.25621359775623));
#4778=CARTESIAN_POINT('Origin',(6.83896076284076,8.4,6.25621359775623));
#4779=CARTESIAN_POINT('',(6.75,8.4,3.74999999999973));
#4780=CARTESIAN_POINT('',(-6.75000000000001,8.4,3.74999999999973));
#4781=CARTESIAN_POINT('',(-6.75000000000001,8.4,3.74999999999973));
#4782=CARTESIAN_POINT('',(-6.75000000000001,8.4,4.34999999999973));
#4783=CARTESIAN_POINT('',(-6.75000000000001,8.4,6.25621359775623));
#4784=CARTESIAN_POINT('',(6.75,8.4,4.34999999999985));
#4785=CARTESIAN_POINT('',(-7.75000000000001,8.4,4.34999999999973));
#4786=CARTESIAN_POINT('',(6.75,8.4,6.25621359775623));
#4787=CARTESIAN_POINT('Origin',(-7.75,-2.60208521396521E-15,-1.65000000000027));
#4788=CARTESIAN_POINT('',(-7.75000000000001,7.4,3.74999999999973));
#4789=CARTESIAN_POINT('',(-7.75000000000001,0.299999999999996,3.74999999999973));
#4790=CARTESIAN_POINT('',(-7.75000000000001,0.299999999999996,3.74999999999973));
#4791=CARTESIAN_POINT('',(-7.75000000000001,0.299999999999996,4.34999999999973));
#4792=CARTESIAN_POINT('',(-7.75000000000001,0.299999999999996,4.34999999999973));
#4793=CARTESIAN_POINT('',(-7.75000000000001,7.4,4.34999999999973));
#4794=CARTESIAN_POINT('',(-7.75,-2.60208521396521E-15,4.34999999999973));
#4795=CARTESIAN_POINT('',(-7.75000000000001,7.4,-1.65000000000027));
#4796=CARTESIAN_POINT('Origin',(7.75,-8.67361737988404E-16,-1.65000000000027));
#4797=CARTESIAN_POINT('',(7.75,0.299999999999999,3.74999999999973));
#4798=CARTESIAN_POINT('',(7.75,7.4,3.74999999999973));
#4799=CARTESIAN_POINT('',(7.75,7.4,3.74999999999973));
#4800=CARTESIAN_POINT('',(7.75,7.4,4.34999999999973));
#4801=CARTESIAN_POINT('',(7.75,7.4,-1.65000000000027));
#4802=CARTESIAN_POINT('',(7.75,0.299999999999999,4.34999999999973));
#4803=CARTESIAN_POINT('',(7.75,-8.67361737988404E-16,4.34999999999973));
#4804=CARTESIAN_POINT('',(7.75,0.299999999999999,-1.65000000000027));
#4805=CARTESIAN_POINT('Origin',(6.75,7.4,6.25621359775623));
#4806=CARTESIAN_POINT('Origin',(6.75,7.4,3.74999999999973));
#4807=CARTESIAN_POINT('Origin',(6.75,7.4,4.34999999999973));
#4808=CARTESIAN_POINT('Origin',(-6.75000000000001,7.4,6.25621359775623));
#4809=CARTESIAN_POINT('Origin',(-6.75000000000001,7.4,3.74999999999973));
#4810=CARTESIAN_POINT('Origin',(-6.75000000000001,7.4,4.34999999999973));
#4811=CARTESIAN_POINT('Origin',(7.75,8.4,4.34999999999973));
#4812=CARTESIAN_POINT('',(7.55,0.299999999999999,4.34999999999973));
#4813=CARTESIAN_POINT('',(7.75,0.299999999999999,4.34999999999973));
#4814=CARTESIAN_POINT('',(-7.55,0.299999999999996,4.34999999999973));
#4815=CARTESIAN_POINT('',(-7.55,0.299999999999996,4.34999999999973));
#4816=CARTESIAN_POINT('',(-7.55000000000001,7.20029667652432,4.34999999999973));
#4817=CARTESIAN_POINT('',(-7.55,-3.46944695195361E-15,4.34999999999973));
#4818=CARTESIAN_POINT('',(-6.53939443454923,8.19999974239887,4.34999999606914));
#4819=CARTESIAN_POINT('Ctrl Pts',(-7.55001756488276,7.20029720985592,4.34999999999973));
#4820=CARTESIAN_POINT('Ctrl Pts',(-7.54221552175641,7.32866708764177,4.34999999999973));
#4821=CARTESIAN_POINT('Ctrl Pts',(-7.53491015886954,7.44815451674326,4.34999999999973));
#4822=CARTESIAN_POINT('Ctrl Pts',(-7.41978695747381,7.69260389975332,4.34999999999973));
#4823=CARTESIAN_POINT('Ctrl Pts',(-7.35474236027885,7.8043616690695,4.34999999999973));
#4824=CARTESIAN_POINT('Ctrl Pts',(-7.19728722512821,7.95997475176544,4.34999999999973));
#4825=CARTESIAN_POINT('Ctrl Pts',(-7.09740596448745,8.04763314141587,4.34999999999973));
#4826=CARTESIAN_POINT('Ctrl Pts',(-6.79072805012891,8.18454138066475,4.34999999999973));
#4827=CARTESIAN_POINT('Ctrl Pts',(-6.65341060544189,8.19314261176819,4.34999999999973));
#4828=CARTESIAN_POINT('Ctrl Pts',(-6.53939441904131,8.19999948453295,4.34999999999973));
#4829=CARTESIAN_POINT('',(6.53938584784436,8.2,4.34999999999973));
#4830=CARTESIAN_POINT('',(-7.55000000000001,8.2,4.34999999999973));
#4831=CARTESIAN_POINT('',(7.54999999999999,7.20029310483953,4.35000007781313));
#4832=CARTESIAN_POINT('Ctrl Pts',(7.55001754833219,7.20029748216835,4.34999999999973));
#4833=CARTESIAN_POINT('Ctrl Pts',(7.54221551262217,7.32866723692698,4.34999999999973));
#4834=CARTESIAN_POINT('Ctrl Pts',(7.53491011122976,7.44815461790021,4.34999999999973));
#4835=CARTESIAN_POINT('Ctrl Pts',(7.41978695747387,7.69260389975318,4.34999999999973));
#4836=CARTESIAN_POINT('Ctrl Pts',(7.35474236027892,7.80436166906941,4.34999999999973));
#4837=CARTESIAN_POINT('Ctrl Pts',(7.19728722512822,7.95997475176543,4.34999999999973));
#4838=CARTESIAN_POINT('Ctrl Pts',(7.09740596448741,8.04763314141588,4.34999999999973));
#4839=CARTESIAN_POINT('Ctrl Pts',(6.79072805012892,8.18454138066475,4.34999999999973));
#4840=CARTESIAN_POINT('Ctrl Pts',(6.65340203452468,8.19314313181053,4.34999999999973));
#4841=CARTESIAN_POINT('Ctrl Pts',(6.53938584784891,8.19999999999973,4.34999999999973));
#4842=CARTESIAN_POINT('',(7.55,-8.67361737988404E-16,4.34999999999973));
#4843=CARTESIAN_POINT('Ctrl Pts',(4.95,0.299999999999999,7.84999999999973));
#4844=CARTESIAN_POINT('Ctrl Pts',(4.95,8.58124300003039,7.84999999999973));
#4845=CARTESIAN_POINT('Ctrl Pts',(5.24953670007178,0.299999999999999,7.84999999999973));
#4846=CARTESIAN_POINT('Ctrl Pts',(5.24953670007178,8.58124300003039,7.84999999999973));
#4847=CARTESIAN_POINT('Ctrl Pts',(6.71621771906143,0.299999999999999,7.26323885633828));
#4848=CARTESIAN_POINT('Ctrl Pts',(6.71621771906143,8.58124300003039,7.26323885633828));
#4849=CARTESIAN_POINT('Ctrl Pts',(7.55,0.299999999999999,4.68729851628303));
#4850=CARTESIAN_POINT('Ctrl Pts',(7.55,8.58124300003039,4.68729851628303));
#4851=CARTESIAN_POINT('Ctrl Pts',(7.55,0.299999999999999,4.34999999999973));
#4852=CARTESIAN_POINT('Ctrl Pts',(7.55,8.58124300003039,4.34999999999973));
#4853=CARTESIAN_POINT('Ctrl Pts',(7.55,0.299999999999999,4.34999999999973));
#4854=CARTESIAN_POINT('Ctrl Pts',(7.55,0.299999999999999,4.67319609796209));
#4855=CARTESIAN_POINT('Ctrl Pts',(6.93015531552665,0.299999999999999,6.60169673325782));
#4856=CARTESIAN_POINT('Ctrl Pts',(5.91935285365792,0.299999999999999,7.45000000000033));
#4857=CARTESIAN_POINT('',(7.41468764005205,7.20024991930754,4.92329477770625));
#4858=CARTESIAN_POINT('Ctrl Pts',(7.54999999999999,7.20029310483954,4.35000007781312));
#4859=CARTESIAN_POINT('Ctrl Pts',(7.54999997269639,7.20027870966221,4.43869660739182));
#4860=CARTESIAN_POINT('Ctrl Pts',(7.50331646640674,7.20026431448488,4.64829631590456));
#4861=CARTESIAN_POINT('Ctrl Pts',(7.41468764005205,7.20024991930754,4.92329477770625));
#4862=CARTESIAN_POINT('',(6.55566281635857,7.20000000000005,6.72046839029073));
#4863=CARTESIAN_POINT('Ctrl Pts',(7.41468764005205,7.20024991930754,4.92329477770625));
#4864=CARTESIAN_POINT('Ctrl Pts',(7.25511144106773,7.20016661287171,5.4183596365723));
#4865=CARTESIAN_POINT('Ctrl Pts',(6.95957533413286,7.20008330643588,6.12537472643264));
#4866=CARTESIAN_POINT('Ctrl Pts',(6.55566281635857,7.20000000000005,6.72046839029073));
#4867=CARTESIAN_POINT('',(6.46924944583571,7.20086000933779,6.84372334542992));
#4868=CARTESIAN_POINT('Origin',(5.96669238542833,7.19923865039896,5.84552813962161));
#4869=CARTESIAN_POINT('',(6.01078072942297,7.19999999993734,7.36939361232634));
#4870=CARTESIAN_POINT('Ctrl Pts',(6.01078774654647,7.19999999993742,7.3694012053222));
#4871=CARTESIAN_POINT('Ctrl Pts',(6.01190470300281,7.20000013422506,7.36836915005413));
#4872=CARTESIAN_POINT('Ctrl Pts',(6.01510251104425,7.20000020953709,7.36541845702543));
#4873=CARTESIAN_POINT('Ctrl Pts',(6.0203207766791,7.20000024642334,7.36055026539734));
#4874=CARTESIAN_POINT('Ctrl Pts',(6.02588019167541,7.20000028572107,7.3553638108479));
#4875=CARTESIAN_POINT('Ctrl Pts',(6.03373303319738,7.20000028140455,7.34800093287523));
#4876=CARTESIAN_POINT('Ctrl Pts',(6.04378161116931,7.20000025832324,7.33840500219928));
#4877=CARTESIAN_POINT('Ctrl Pts',(6.05383018914123,7.20000023524194,7.32880907152333));
#4878=CARTESIAN_POINT('Ctrl Pts',(6.0660744180291,7.20000019339586,7.31697921231324));
#4879=CARTESIAN_POINT('Ctrl Pts',(6.08039258203246,7.20000015763446,7.30281034581376));
#4880=CARTESIAN_POINT('Ctrl Pts',(6.09768229296043,7.20000011445126,7.28570091712615));
#4881=CARTESIAN_POINT('Ctrl Pts',(6.1179729780251,7.20000008014043,7.26520309113378));
#4882=CARTESIAN_POINT('Ctrl Pts',(6.14094529482157,7.20000005470196,7.24114024275272));
#4883=CARTESIAN_POINT('Ctrl Pts',(6.1459254478264,7.20000004918717,7.23592367414402));
#4884=CARTESIAN_POINT('Ctrl Pts',(6.15103147964265,7.20000004408936,7.23053942909928));
#4885=CARTESIAN_POINT('Ctrl Pts',(6.15625989163866,7.20000003940853,7.2249855510949));
#4886=CARTESIAN_POINT('Ctrl Pts',(6.17093283725757,7.20000002627231,7.20939922201554));
#4887=CARTESIAN_POINT('Ctrl Pts',(6.18656961133712,7.20000001642015,7.19247719612999));
#4888=CARTESIAN_POINT('Ctrl Pts',(6.20309074992384,7.20000000985204,7.17417507618344));
#4889=CARTESIAN_POINT('Ctrl Pts',(6.2113513192172,7.20000000656799,7.16502401621017));
#4890=CARTESIAN_POINT('Ctrl Pts',(6.21983294681968,7.20000000410495,7.155527902318));
#4891=CARTESIAN_POINT('Ctrl Pts',(6.22852558632995,7.20000000246293,7.14568106116128));
#4892=CARTESIAN_POINT('Ctrl Pts',(6.23287190608508,7.20000000164191,7.14075764058292));
#4893=CARTESIAN_POINT('Ctrl Pts',(6.23727097802881,7.20000000102615,7.13574653769804));
#4894=CARTESIAN_POINT('Ctrl Pts',(6.24172154839257,7.20000000061565,7.13064703672281));
#4895=CARTESIAN_POINT('Ctrl Pts',(6.24523558465963,7.20000000029152,7.12662062439671));
#4896=CARTESIAN_POINT('Ctrl Pts',(6.24957707738862,7.20000000009536,7.12162091048791));
#4897=CARTESIAN_POINT('Ctrl Pts',(6.25286109458978,7.20000000002715,7.11782181037066));
#4898=CARTESIAN_POINT('Ctrl Pts',(6.25373632576251,7.20000000000898,7.11680930323465));
#4899=CARTESIAN_POINT('Ctrl Pts',(6.25453659748783,7.19999999999989,7.11588235571868));
#4900=CARTESIAN_POINT('Ctrl Pts',(6.25522650147466,7.19999999999989,7.11508262345366));
#4901=CARTESIAN_POINT('Ctrl Pts',(6.27720665956595,7.19999999999989,7.08960336554045));
#4902=CARTESIAN_POINT('Ctrl Pts',(6.29752781191906,7.20001260646673,7.06533321994545));
#4903=CARTESIAN_POINT('Ctrl Pts',(6.31631598584152,7.20003780461302,7.04240379325778));
#4904=CARTESIAN_POINT('Ctrl Pts',(6.33652837149936,7.2000649128702,7.01773623285318));
#4905=CARTESIAN_POINT('Ctrl Pts',(6.35496671694482,7.20010659415096,6.99462013449113));
#4906=CARTESIAN_POINT('Ctrl Pts',(6.37177124145951,7.20016283004374,6.9731601741694));
#4907=CARTESIAN_POINT('Ctrl Pts',(6.38934696015055,7.20022164671725,6.95071537215159));
#4908=CARTESIAN_POINT('Ctrl Pts',(6.40513553497508,7.2002963845381,6.93008164732131));
#4909=CARTESIAN_POINT('Ctrl Pts',(6.41927799696581,7.2003870224418,6.91132299441603));
#4910=CARTESIAN_POINT('Ctrl Pts',(6.43439953603836,7.20048393517192,6.89126568734732));
#4911=CARTESIAN_POINT('Ctrl Pts',(6.44763930284525,7.2005990257028,6.87335163501587));
#4912=CARTESIAN_POINT('Ctrl Pts',(6.45914608191329,7.20073226828519,6.85760439282628));
#4913=CARTESIAN_POINT('Ctrl Pts',(6.46267581898627,7.20077314082476,6.85277388167933));
#4914=CARTESIAN_POINT('Ctrl Pts',(6.46604231992928,7.20081572142338,6.84814692028786));
#4915=CARTESIAN_POINT('Ctrl Pts',(6.46924944583571,7.20086000933779,6.84372334542992));
#4916=CARTESIAN_POINT('',(5.77708296490612,7.2,7.56017401232306));
#4917=CARTESIAN_POINT('Ctrl Pts',(5.77708279740389,7.2,7.56017377642953));
#4918=CARTESIAN_POINT('Ctrl Pts',(5.86162961307096,7.20000026678217,7.50029972306169));
#4919=CARTESIAN_POINT('Ctrl Pts',(5.9386522796502,7.20000026678214,7.43621669824607));
#4920=CARTESIAN_POINT('Ctrl Pts',(6.01078072942297,7.19999999993734,7.36939361232634));
#4921=CARTESIAN_POINT('',(4.95,7.2,7.84999999999998));
#4922=CARTESIAN_POINT('Origin',(4.3379261568713,7.19994705179595,-20.083699870904));
#4923=CARTESIAN_POINT('',(4.95,-1.73472347597681E-15,7.84999999999973));
#4924=CARTESIAN_POINT('Origin',(-4.95000000000001,-2.60208521396521E-15,
7.84999999999973));
#4925=CARTESIAN_POINT('',(-4.95000000000001,7.2,7.84999999999998));
#4926=CARTESIAN_POINT('',(-4.95000000000001,-2.60208521396521E-15,7.84999999999973));
#4927=CARTESIAN_POINT('',(4.95,7.2,7.84999999999998));
#4928=CARTESIAN_POINT('Ctrl Pts',(-7.55,0.299999999999996,4.34999999999973));
#4929=CARTESIAN_POINT('Ctrl Pts',(-7.55000000000001,8.58124300003038,4.34999999999973));
#4930=CARTESIAN_POINT('Ctrl Pts',(-7.55,0.299999999999996,4.68729851628303));
#4931=CARTESIAN_POINT('Ctrl Pts',(-7.55000000000001,8.58124300003038,4.68729851628303));
#4932=CARTESIAN_POINT('Ctrl Pts',(-6.71621771906143,0.299999999999997,7.26323885633828));
#4933=CARTESIAN_POINT('Ctrl Pts',(-6.71621771906144,8.58124300003038,7.26323885633828));
#4934=CARTESIAN_POINT('Ctrl Pts',(-5.24953670007179,0.299999999999997,7.84999999999973));
#4935=CARTESIAN_POINT('Ctrl Pts',(-5.24953670007179,8.58124300003038,7.84999999999973));
#4936=CARTESIAN_POINT('Ctrl Pts',(-4.95000000000001,0.299999999999997,7.84999999999973));
#4937=CARTESIAN_POINT('Ctrl Pts',(-4.95000000000001,8.58124300003038,7.84999999999973));
#4938=CARTESIAN_POINT('Ctrl Pts',(-5.91935285365855,0.299999999999997,7.4499999999998));
#4939=CARTESIAN_POINT('Ctrl Pts',(-6.93015531552691,0.299999999999997,6.60169673325703));
#4940=CARTESIAN_POINT('Ctrl Pts',(-7.55,0.299999999999996,4.67319609796203));
#4941=CARTESIAN_POINT('Ctrl Pts',(-7.55,0.299999999999996,4.34999999999973));
#4942=CARTESIAN_POINT('',(-5.7770827974039,7.2,7.56017377642953));
#4943=CARTESIAN_POINT('Origin',(-4.30931315704142,7.19999999999978,-20.8369400767524));
#4944=CARTESIAN_POINT('',(-6.01078772884501,7.20000063053813,7.36940116905285));
#4945=CARTESIAN_POINT('Ctrl Pts',(-5.7770827974039,7.2,7.56017377642953));
#4946=CARTESIAN_POINT('Ctrl Pts',(-5.7781322778352,7.20122965870976,7.55942927568393));
#4947=CARTESIAN_POINT('Ctrl Pts',(-5.78364503876636,7.20103585949896,7.55551200027591));
#4948=CARTESIAN_POINT('Ctrl Pts',(-5.79577439742655,7.20103578789862,7.54676163776967));
#4949=CARTESIAN_POINT('Ctrl Pts',(-5.79908000449706,7.20103574213728,7.54435229961053));
#4950=CARTESIAN_POINT('Ctrl Pts',(-5.81057823661276,7.20103459248116,7.53590072324135));
#4951=CARTESIAN_POINT('Ctrl Pts',(-5.81595656867405,7.20103348049354,7.53190298147176));
#4952=CARTESIAN_POINT('Ctrl Pts',(-5.82597983331947,7.20103018219914,7.52438955513957));
#4953=CARTESIAN_POINT('Ctrl Pts',(-5.82928790451019,7.20102884621373,7.52189283200261));
#4954=CARTESIAN_POINT('Ctrl Pts',(-5.84614386355242,7.2010181248506,7.50904507537405));
#4955=CARTESIAN_POINT('Ctrl Pts',(-5.86199602851348,7.2009999526939,7.49670612151924));
#4956=CARTESIAN_POINT('Ctrl Pts',(-5.87637428406369,7.20097060434686,7.48523249226722));
#4957=CARTESIAN_POINT('Ctrl Pts',(-5.88563542544031,7.2009485551843,7.47778542949299));
#4958=CARTESIAN_POINT('Ctrl Pts',(-5.88890983058052,7.20094003291891,7.47513772859022));
#4959=CARTESIAN_POINT('Ctrl Pts',(-5.93842572247498,7.20078476227345,7.43471444543086));
#4960=CARTESIAN_POINT('Ctrl Pts',(-5.97708337920345,7.20047716871091,7.40054366360823));
#4961=CARTESIAN_POINT('Ctrl Pts',(-6.01078072942298,7.19999999993734,7.36939361232634));
#4962=CARTESIAN_POINT('',(-6.46929201876355,7.20086161658355,6.84375420124809));
#4963=CARTESIAN_POINT('Ctrl Pts',(-6.01078772884501,7.20000063053813,7.36940116905285));
#4964=CARTESIAN_POINT('Ctrl Pts',(-6.02130414359888,7.20000059646167,7.35966033704119));
#4965=CARTESIAN_POINT('Ctrl Pts',(-6.03168011255896,7.20000056422681,7.34989532147731));
#4966=CARTESIAN_POINT('Ctrl Pts',(-6.04192278471295,7.20000066973545,7.34011474261509));
#4967=CARTESIAN_POINT('Ctrl Pts',(-6.10783516012164,7.20000134869159,7.27717597273273));
#4968=CARTESIAN_POINT('Ctrl Pts',(-6.16822677120281,7.20000773163428,7.2135921603816));
#4969=CARTESIAN_POINT('Ctrl Pts',(-6.22376319985372,7.20005603340238,7.15096779510333));
#4970=CARTESIAN_POINT('Ctrl Pts',(-6.24029640825344,7.20007041285057,7.13232450623515));
#4971=CARTESIAN_POINT('Ctrl Pts',(-6.25639913997111,7.20008850737291,7.11376615001385));
#4972=CARTESIAN_POINT('Ctrl Pts',(-6.27208768227886,7.20011127245482,7.0953343570046));
#4973=CARTESIAN_POINT('Ctrl Pts',(-6.32322244946544,7.20018547228428,7.03525832024664));
#4974=CARTESIAN_POINT('Ctrl Pts',(-6.36995776766963,7.20030928978807,6.97652718517734));
#4975=CARTESIAN_POINT('Ctrl Pts',(-6.4125163559619,7.20051580944425,6.92039191799678));
#4976=CARTESIAN_POINT('Ctrl Pts',(-6.4323421651458,7.20061201609631,6.89424144777991));
#4977=CARTESIAN_POINT('Ctrl Pts',(-6.4512612090933,7.20072617025805,6.86865412241348));
#4978=CARTESIAN_POINT('Ctrl Pts',(-6.46929201876355,7.20086161658355,6.84375420124809));
#4979=CARTESIAN_POINT('',(-6.55567490756043,7.20000000000005,6.72047659668669));
#4980=CARTESIAN_POINT('Ctrl Pts',(-6.55566280946941,7.20000000007061,6.72046840046174));
#4981=CARTESIAN_POINT('Ctrl Pts',(-6.5275644211234,7.20028779975376,6.7619522425109));
#4982=CARTESIAN_POINT('Ctrl Pts',(-6.49879809996759,7.20057470826501,6.80306041802394));
#4983=CARTESIAN_POINT('Ctrl Pts',(-6.4692707690274,7.20086000933779,6.84373880490843));
#4984=CARTESIAN_POINT('',(-7.4146803560877,7.20024991930755,4.92329242989929));
#4985=CARTESIAN_POINT('Ctrl Pts',(-7.41468035607121,7.20024991930754,4.92329242995042));
#4986=CARTESIAN_POINT('Ctrl Pts',(-7.40410215365165,7.200245723702,4.95611161107239));
#4987=CARTESIAN_POINT('Ctrl Pts',(-7.39320073279446,7.20024152323409,4.98901164764471));
#4988=CARTESIAN_POINT('Ctrl Pts',(-7.3820409312391,7.20023731839999,5.02186200300772));
#4989=CARTESIAN_POINT('Ctrl Pts',(-7.3697656053041,7.20023269325421,5.05799605227021));
#4990=CARTESIAN_POINT('Ctrl Pts',(-7.35717783786066,7.20022806282574,5.09406988617878));
#4991=CARTESIAN_POINT('Ctrl Pts',(-7.344340127549,7.20022342777491,5.12997278846791));
#4992=CARTESIAN_POINT('Ctrl Pts',(-7.33120748393848,7.20021868623851,5.16670052331312));
#4993=CARTESIAN_POINT('Ctrl Pts',(-7.31781317251906,7.20021393986493,5.20325004213509));
#4994=CARTESIAN_POINT('Ctrl Pts',(-7.30420024739245,7.20020918936106,5.2395601555491));
#4995=CARTESIAN_POINT('Ctrl Pts',(-7.28990349386452,7.20020420022152,5.27769426245287));
#4996=CARTESIAN_POINT('Ctrl Pts',(-7.27536560705075,7.20019920652632,5.31556475511684));
#4997=CARTESIAN_POINT('Ctrl Pts',(-7.2606112032727,7.20019420909432,5.35315488991395));
#4998=CARTESIAN_POINT('Ctrl Pts',(-7.24506575567006,7.20018894372959,5.39276038530741));
#4999=CARTESIAN_POINT('Ctrl Pts',(-7.2292799651686,7.20018367421663,5.43205514516717));
#5000=CARTESIAN_POINT('Ctrl Pts',(-7.21325518337876,7.20017840151322,5.47107078646051));
#5001=CARTESIAN_POINT('Ctrl Pts',(-7.19586111184065,7.20017267826647,5.513420246482));
#5002=CARTESIAN_POINT('Ctrl Pts',(-7.17818564549899,7.20016695126073,5.55544125165233));
#5003=CARTESIAN_POINT('Ctrl Pts',(-7.16019725748605,7.20016122172087,5.59722610430765));
#5004=CARTESIAN_POINT('Ctrl Pts',(-7.14056396764698,7.20015496825799,5.64283186522821));
#5005=CARTESIAN_POINT('Ctrl Pts',(-7.12055820763864,7.20014871177635,5.68815696061509));
#5006=CARTESIAN_POINT('Ctrl Pts',(-7.10009698616969,7.20014245386849,5.73337223525585));
#5007=CARTESIAN_POINT('Ctrl Pts',(-7.08177287746384,7.2001368495802,5.77386491106895));
#5008=CARTESIAN_POINT('Ctrl Pts',(-7.06308279878834,7.20013124414806,5.81427084333346));
#5009=CARTESIAN_POINT('Ctrl Pts',(-7.04393997502866,7.20012563871591,5.85473513690952));
#5010=CARTESIAN_POINT('Ctrl Pts',(-7.01528653706588,7.20011724837056,5.91530306253246));
#5011=CARTESIAN_POINT('Ctrl Pts',(-6.98585797261406,7.2001088580252,5.9754917875029));
#5012=CARTESIAN_POINT('Ctrl Pts',(-6.95563838693164,7.20010046035884,6.03522765870451));
#5013=CARTESIAN_POINT('Ctrl Pts',(-6.92177265033133,7.20009104947016,6.10217097490225));
#5014=CARTESIAN_POINT('Ctrl Pts',(-6.88691410086711,7.20008162938728,6.16854689595975));
#5015=CARTESIAN_POINT('Ctrl Pts',(-6.85098937756815,7.20007218980671,6.23429539566409));
#5016=CARTESIAN_POINT('Ctrl Pts',(-6.81430129588504,7.20006254964608,6.30144097414554));
#5017=CARTESIAN_POINT('Ctrl Pts',(-6.7765011347745,7.20005288915035,6.36793462253641));
#5018=CARTESIAN_POINT('Ctrl Pts',(-6.73745777458019,7.20004319734515,6.43372448331092));
#5019=CARTESIAN_POINT('Ctrl Pts',(-6.70138753362611,7.20003424356282,6.49450450118494));
#5020=CARTESIAN_POINT('Ctrl Pts',(-6.66425553585561,7.20002526305784,6.55468548488266));
#5021=CARTESIAN_POINT('Ctrl Pts',(-6.6259206975735,7.20001624717685,6.61420793141279));
#5022=CARTESIAN_POINT('Ctrl Pts',(-6.60295009129147,7.20001084477367,6.64987435770953));
#5023=CARTESIAN_POINT('Ctrl Pts',(-6.57954692199186,7.20000542966865,6.68530386722108));
#5024=CARTESIAN_POINT('Ctrl Pts',(-6.55567490756043,7.20000000000005,6.72047659668669));
#5025=CARTESIAN_POINT('Ctrl Pts',(-7.55,7.20029282903075,4.3500000778429));
#5026=CARTESIAN_POINT('Ctrl Pts',(-7.54999999828108,7.20029256464083,4.35558190657861));
#5027=CARTESIAN_POINT('Ctrl Pts',(-7.54981656579317,7.20029228863871,4.36130287567688));
#5028=CARTESIAN_POINT('Ctrl Pts',(-7.54950864529923,7.20029200222923,4.36704029292313));
#5029=CARTESIAN_POINT('Ctrl Pts',(-7.54917451033244,7.20029169143659,4.37326615888135));
#5030=CARTESIAN_POINT('Ctrl Pts',(-7.54869380014742,7.20029136838912,4.37951151546811));
#5031=CARTESIAN_POINT('Ctrl Pts',(-7.54812109468333,7.20029103462635,4.38567942412108));
#5032=CARTESIAN_POINT('Ctrl Pts',(-7.547516468349,7.20029068226065,4.39219111334552));
#5033=CARTESIAN_POINT('Ctrl Pts',(-7.54680919373471,7.20029031795188,4.39861694338267));
#5034=CARTESIAN_POINT('Ctrl Pts',(-7.5460422482888,7.2002899435116,4.40490174330813));
#5035=CARTESIAN_POINT('Ctrl Pts',(-7.54523014695934,7.20028954702518,4.41155657697601));
#5036=CARTESIAN_POINT('Ctrl Pts',(-7.54435101531347,7.20028913917909,4.41805376139353));
#5037=CARTESIAN_POINT('Ctrl Pts',(-7.54343459829306,7.20028872212408,4.42438452194161));
#5038=CARTESIAN_POINT('Ctrl Pts',(-7.54243101353648,7.20028826539964,4.43131745164733));
#5039=CARTESIAN_POINT('Ctrl Pts',(-7.54138268043589,7.20028779763109,4.43805102217299));
#5040=CARTESIAN_POINT('Ctrl Pts',(-7.54030504235808,7.20028732164313,4.44463432346135));
#5041=CARTESIAN_POINT('Ctrl Pts',(-7.53917467211233,7.2002868223636,4.45153976606626));
#5042=CARTESIAN_POINT('Ctrl Pts',(-7.53801188134481,7.20028631404059,4.45828045474178));
#5043=CARTESIAN_POINT('Ctrl Pts',(-7.53681165558587,7.20028579993407,4.46496944061891));
#5044=CARTESIAN_POINT('Ctrl Pts',(-7.53554837631364,7.20028525881912,4.47200983043543));
#5045=CARTESIAN_POINT('Ctrl Pts',(-7.53424355590327,7.20028471129703,4.47899325515969));
#5046=CARTESIAN_POINT('Ctrl Pts',(-7.53286870578281,7.20028416116904,4.48610521838477));
#5047=CARTESIAN_POINT('Ctrl Pts',(-7.53192619270426,7.20028378403497,4.49098074499972));
#5048=CARTESIAN_POINT('Ctrl Pts',(-7.53095031303248,7.20028340567622,4.4959177577428));
#5049=CARTESIAN_POINT('Ctrl Pts',(-7.52992625508291,7.20028302731747,4.50098884851089));
#5050=CARTESIAN_POINT('Ctrl Pts',(-7.52730072396583,7.20028205726234,4.51399036528522));
#5051=CARTESIAN_POINT('Ctrl Pts',(-7.52454017748454,7.20028108720721,4.52697086935337));
#5052=CARTESIAN_POINT('Ctrl Pts',(-7.52168468746676,7.20028011715207,4.53987986336325));
#5053=CARTESIAN_POINT('Ctrl Pts',(-7.5187093516652,7.20027910638343,4.55333065177458));
#5054=CARTESIAN_POINT('Ctrl Pts',(-7.51563083459504,7.20027809561478,4.56670426240094));
#5055=CARTESIAN_POINT('Ctrl Pts',(-7.51247280925961,7.20027708484613,4.57999858940496));
#5056=CARTESIAN_POINT('Ctrl Pts',(-7.50911675291381,7.20027601069499,4.59412656678512));
#5057=CARTESIAN_POINT('Ctrl Pts',(-7.5056708776763,7.20027493654384,4.60816528815409));
#5058=CARTESIAN_POINT('Ctrl Pts',(-7.50214057850066,7.20027386239269,4.62216733519433));
#5059=CARTESIAN_POINT('Ctrl Pts',(-7.50026127218515,7.20027329058307,4.62962113276885));
#5060=CARTESIAN_POINT('Ctrl Pts',(-7.4983576657845,7.20027271877345,4.63706541565112));
#5061=CARTESIAN_POINT('Ctrl Pts',(-7.49642819087863,7.20027214696383,4.64451351317085));
#5062=CARTESIAN_POINT('Ctrl Pts',(-7.49135734020515,7.20027064419166,4.66408784928125));
#5063=CARTESIAN_POINT('Ctrl Pts',(-7.48611745390058,7.20026914141949,4.68365192359366));
#5064=CARTESIAN_POINT('Ctrl Pts',(-7.48075258274312,7.20026763449497,4.70313903373059));
#5065=CARTESIAN_POINT('Ctrl Pts',(-7.47500857359147,7.20026602107538,4.72400330720159));
#5066=CARTESIAN_POINT('Ctrl Pts',(-7.46912132069777,7.20026440289581,4.74477954055157));
#5067=CARTESIAN_POINT('Ctrl Pts',(-7.46312216540078,7.20026277485988,4.7654423503021));
#5068=CARTESIAN_POINT('Ctrl Pts',(-7.45687722372846,7.20026108012306,4.7869517187532));
#5069=CARTESIAN_POINT('Ctrl Pts',(-7.45051094752453,7.2002593747057,4.8083386355502));
#5070=CARTESIAN_POINT('Ctrl Pts',(-7.44403540277239,7.20025765285903,4.82962809826065));
#5071=CARTESIAN_POINT('Ctrl Pts',(-7.43717128609461,7.20025582769113,4.85219505774359));
#5072=CARTESIAN_POINT('Ctrl Pts',(-7.43018440032179,7.20025398406303,4.87465282344762));
#5073=CARTESIAN_POINT('Ctrl Pts',(-7.42306394489748,7.20025211512774,4.89708431830041));
#5074=CARTESIAN_POINT('Ctrl Pts',(-7.42029046896055,7.20025138716207,4.90582156999235));
#5075=CARTESIAN_POINT('Ctrl Pts',(-7.41749646952733,7.20025065535688,4.91455535592657));
#5076=CARTESIAN_POINT('Ctrl Pts',(-7.4146803560877,7.20024991930754,4.92329242989929));
#5077=CARTESIAN_POINT('Ctrl Pts',(-4.94466473451352,7.19977628029019,7.85012838763409));
#5078=CARTESIAN_POINT('Ctrl Pts',(-4.97323914467304,7.19977628029024,7.84951105963695));
#5079=CARTESIAN_POINT('Ctrl Pts',(-5.02885911944947,7.19977628029034,7.84845417349319));
#5080=CARTESIAN_POINT('Ctrl Pts',(-5.12398945137442,7.19977628029043,7.8383658778741));
#5081=CARTESIAN_POINT('Ctrl Pts',(-5.27001095667501,7.19977628029048,7.8110808720829));
#5082=CARTESIAN_POINT('Ctrl Pts',(-5.44291627168804,7.1997762802904,7.75214377350377));
#5083=CARTESIAN_POINT('Ctrl Pts',(-5.61999639651324,7.19977628029028,7.66441877685713));
#5084=CARTESIAN_POINT('Ctrl Pts',(-5.82724464276001,7.1997762802902,7.53131694547748));
#5085=CARTESIAN_POINT('Ctrl Pts',(-6.04800904599958,7.19977628029011,7.34352800436113));
#5086=CARTESIAN_POINT('Ctrl Pts',(-6.35258765595023,7.19977628029004,7.01586798767603));
#5087=CARTESIAN_POINT('Ctrl Pts',(-6.66813794625865,7.19977628029043,6.5698540697835));
#5088=CARTESIAN_POINT('Ctrl Pts',(-6.98405103450702,7.19977628029016,5.99955467017295));
#5089=CARTESIAN_POINT('Ctrl Pts',(-7.2062110378368,7.1997762802902,5.50132516200253));
#5090=CARTESIAN_POINT('Ctrl Pts',(-7.36109962924604,7.19977628029025,5.08997179575687));
#5091=CARTESIAN_POINT('Ctrl Pts',(-7.44705541952625,7.1997762802902,4.8268098278251));
#5092=CARTESIAN_POINT('Ctrl Pts',(-7.49527046983754,7.19977628029016,4.6514738580073));
#5093=CARTESIAN_POINT('Ctrl Pts',(-7.51513714161177,7.1997762802902,4.56921528403624));
#5094=CARTESIAN_POINT('Ctrl Pts',(-7.52759782967667,7.19977628029024,4.51393803468845));
#5095=CARTESIAN_POINT('Ctrl Pts',(-7.54123609653978,7.1997762802902,4.44375815515176));
#5096=CARTESIAN_POINT('Ctrl Pts',(-7.55333950626865,7.1997762802902,4.35715903567698));
#5097=CARTESIAN_POINT('Ctrl Pts',(-7.54250556422756,7.1997762802902,4.22661331798277));
#5098=CARTESIAN_POINT('Ctrl Pts',(-7.53330713091337,7.19977628029025,4.00361581470621));
#5099=CARTESIAN_POINT('Ctrl Pts',(-7.51509587824276,7.19977628029032,3.68221284175863));
#5100=CARTESIAN_POINT('Ctrl Pts',(-7.50187904531378,7.19977628029033,3.42584649749906));
#5101=CARTESIAN_POINT('Ctrl Pts',(-7.49527062884929,7.19977628029033,3.29766332536928));
#5102=CARTESIAN_POINT('Ctrl Pts',(-4.94466860661721,7.26713318220559,7.84600329061403));
#5103=CARTESIAN_POINT('Ctrl Pts',(-4.97322226467639,7.26713318220564,7.84538481999785));
#5104=CARTESIAN_POINT('Ctrl Pts',(-5.02880250132742,7.26713318220574,7.8443258937515));
#5105=CARTESIAN_POINT('Ctrl Pts',(-5.12382735072526,7.26713318220583,7.83422358207792));
#5106=CARTESIAN_POINT('Ctrl Pts',(-5.26965289063333,7.26713318220588,7.80691301727196));
#5107=CARTESIAN_POINT('Ctrl Pts',(-5.44227471789261,7.26713318220581,7.7479505821962));
#5108=CARTESIAN_POINT('Ctrl Pts',(-5.61904089874226,7.26713318220568,7.66022120587329));
#5109=CARTESIAN_POINT('Ctrl Pts',(-5.82590902457966,7.26713318220558,7.52714582469758));
#5110=CARTESIAN_POINT('Ctrl Pts',(-6.04628174585472,7.26713318220551,7.33945098364432));
#5111=CARTESIAN_POINT('Ctrl Pts',(-6.35034737213158,7.26713318220544,7.01202336391178));
#5112=CARTESIAN_POINT('Ctrl Pts',(-6.6653999789321,7.26713318220583,6.56640456323594));
#5113=CARTESIAN_POINT('Ctrl Pts',(-6.98085524898324,7.26713318220556,5.99668076501973));
#5114=CARTESIAN_POINT('Ctrl Pts',(-7.20270502832053,7.26713318220563,5.49898612415637));
#5115=CARTESIAN_POINT('Ctrl Pts',(-7.35738409758322,7.26713318220565,5.08809079456165));
#5116=CARTESIAN_POINT('Ctrl Pts',(-7.44322297086315,7.26713318220558,4.82522697889294));
#5117=CARTESIAN_POINT('Ctrl Pts',(-7.49136716260599,7.26713318220556,4.65009053309908));
#5118=CARTESIAN_POINT('Ctrl Pts',(-7.51120751277466,7.2671331822056,4.56792793091806));
#5119=CARTESIAN_POINT('Ctrl Pts',(-7.52360840349222,7.26713318220564,4.51269455069492));
#5120=CARTESIAN_POINT('Ctrl Pts',(-7.53729851294429,7.2671331822056,4.44263279468214));
#5121=CARTESIAN_POINT('Ctrl Pts',(-7.54926104181462,7.26713318220561,4.35607167580851));
#5122=CARTESIAN_POINT('Ctrl Pts',(-7.53825872165956,7.2671331822056,4.2255930008655));
#5123=CARTESIAN_POINT('Ctrl Pts',(-7.52918583068663,7.26713318220565,4.00294667406069));
#5124=CARTESIAN_POINT('Ctrl Pts',(-7.51093563654628,7.26713318220573,3.68192390311281));
#5125=CARTESIAN_POINT('Ctrl Pts',(-7.49774586072487,7.26713318220573,3.42589411929992));
#5126=CARTESIAN_POINT('Ctrl Pts',(-7.49115097281416,7.26713318220573,3.2978792273935));
#5127=CARTESIAN_POINT('Ctrl Pts',(-4.9446763289867,7.40177793295435,7.83777601374114));
#5128=CARTESIAN_POINT('Ctrl Pts',(-4.97318859988432,7.4017779329544,7.83715526548437));
#5129=CARTESIAN_POINT('Ctrl Pts',(-5.02868958433694,7.4017779329545,7.83609227275845));
#5130=CARTESIAN_POINT('Ctrl Pts',(-5.12350406721564,7.40177793295459,7.82596201325765));
#5131=CARTESIAN_POINT('Ctrl Pts',(-5.26893878252169,7.40177793295465,7.79860048073405));
#5132=CARTESIAN_POINT('Ctrl Pts',(-5.44099523582202,7.40177793295456,7.73958752415634));
#5133=CARTESIAN_POINT('Ctrl Pts',(-5.61713527976947,7.40177793295443,7.6518494121762));
#5134=CARTESIAN_POINT('Ctrl Pts',(-5.82324528500363,7.40177793295434,7.51882678394558));
#5135=CARTESIAN_POINT('Ctrl Pts',(-6.04283680193522,7.40177793295427,7.33131960712178));
#5136=CARTESIAN_POINT('Ctrl Pts',(-6.34587929296303,7.4017779329542,7.00435547717643));
#5137=CARTESIAN_POINT('Ctrl Pts',(-6.65993928473042,7.4017779329546,6.55952470796904));
#5138=CARTESIAN_POINT('Ctrl Pts',(-6.97448144813531,7.40177793295432,5.99094891009866));
#5139=CARTESIAN_POINT('Ctrl Pts',(-7.1957124965309,7.40177793295439,5.49432103257673));
#5140=CARTESIAN_POINT('Ctrl Pts',(-7.34997368163256,7.4017779329544,5.08433923330608));
#5141=CARTESIAN_POINT('Ctrl Pts',(-7.4355793690127,7.40177793295434,4.82207006737217));
#5142=CARTESIAN_POINT('Ctrl Pts',(-7.48358223698285,7.40177793295432,4.64733156267729));
#5143=CARTESIAN_POINT('Ctrl Pts',(-7.50337014262405,7.40177793295436,4.56536039453811));
#5144=CARTESIAN_POINT('Ctrl Pts',(-7.51565139890121,7.40177793295439,4.51021433281627));
#5145=CARTESIAN_POINT('Ctrl Pts',(-7.52944552630464,7.40177793295436,4.44038846390271));
#5146=CARTESIAN_POINT('Ctrl Pts',(-7.54112739237199,7.40177793295436,4.35390333871416));
#5147=CARTESIAN_POINT('Ctrl Pts',(-7.52978827518704,7.40177793295437,4.22355781889766));
#5148=CARTESIAN_POINT('Ctrl Pts',(-7.52096638013688,7.4017779329544,4.00161224603197));
#5149=CARTESIAN_POINT('Ctrl Pts',(-7.50263818527236,7.40177793295449,3.68134757962208));
#5150=CARTESIAN_POINT('Ctrl Pts',(-7.48950242703502,7.40177793295449,3.42598908119138));
#5151=CARTESIAN_POINT('Ctrl Pts',(-7.48293454791634,7.40177793295449,3.29830983197604));
#5152=CARTESIAN_POINT('Ctrl Pts',(-4.94475505693611,7.65108757687112,7.75515675615219));
#5153=CARTESIAN_POINT('Ctrl Pts',(-4.9728453892775,7.65108757687117,7.75450861951193));
#5154=CARTESIAN_POINT('Ctrl Pts',(-5.02753864059666,7.65108757687126,7.75339614706936));
#5155=CARTESIAN_POINT('Ctrl Pts',(-5.12019534469035,7.65108757687134,7.74296204879233));
#5156=CARTESIAN_POINT('Ctrl Pts',(-5.26164215262811,7.65108757687139,7.71505863329164));
#5157=CARTESIAN_POINT('Ctrl Pts',(-5.42792485457431,7.6510875768713,7.65549954432693));
#5158=CARTESIAN_POINT('Ctrl Pts',(-5.59775215618886,7.65108757687119,7.56767600702088));
#5159=CARTESIAN_POINT('Ctrl Pts',(-5.79621852914981,7.65108757687111,7.43518500024853));
#5160=CARTESIAN_POINT('Ctrl Pts',(-6.00802445022098,7.65108757687102,7.24960978221248));
#5161=CARTESIAN_POINT('Ctrl Pts',(-6.30085685003845,7.65108757687099,6.92734714496733));
#5162=CARTESIAN_POINT('Ctrl Pts',(-6.60499558435059,7.65108757687134,6.49045833116023));
#5163=CARTESIAN_POINT('Ctrl Pts',(-6.910417672225,7.65108757687108,5.93342773489048));
#5164=CARTESIAN_POINT('Ctrl Pts',(-7.12545855692023,7.65108757687116,5.44751166781745));
#5165=CARTESIAN_POINT('Ctrl Pts',(-7.27553731596647,7.65108757687117,5.04669762402437));
#5166=CARTESIAN_POINT('Ctrl Pts',(-7.35880651726517,7.65108757687111,4.79039418993029));
#5167=CARTESIAN_POINT('Ctrl Pts',(-7.40539125756712,7.65108757687109,4.61964637656423));
#5168=CARTESIAN_POINT('Ctrl Pts',(-7.42446294659462,7.65108757687114,4.53951218560671));
#5169=CARTESIAN_POINT('Ctrl Pts',(-7.43688704661904,7.65108757687116,4.48587915799177));
#5170=CARTESIAN_POINT('Ctrl Pts',(-7.44948222595074,7.65108757687111,4.41735130251091));
#5171=CARTESIAN_POINT('Ctrl Pts',(-7.45720274700425,7.65108757687113,4.33089352148767));
#5172=CARTESIAN_POINT('Ctrl Pts',(-7.44600955940948,7.65108757687114,4.20390145630057));
#5173=CARTESIAN_POINT('Ctrl Pts',(-7.43750838175438,7.65108757687117,3.98772091501335));
#5174=CARTESIAN_POINT('Ctrl Pts',(-7.41960441613499,7.65108757687127,3.67574587145153));
#5175=CARTESIAN_POINT('Ctrl Pts',(-7.4068170891332,7.65108757687126,3.42700466159127));
#5176=CARTESIAN_POINT('Ctrl Pts',(-7.40042342563231,7.65108757687126,3.30263405666113));
#5177=CARTESIAN_POINT('Ctrl Pts',(-4.94492476740702,7.92173753029082,7.57186882942031));
#5178=CARTESIAN_POINT('Ctrl Pts',(-4.97210543797369,7.92173753029085,7.57116221085871));
#5179=CARTESIAN_POINT('Ctrl Pts',(-5.02506227927134,7.92173753029093,7.56994617485483));
#5180=CARTESIAN_POINT('Ctrl Pts',(-5.11279004165601,7.92173753029101,7.55874732326033));
#5181=CARTESIAN_POINT('Ctrl Pts',(-5.24501904756308,7.92173753029103,7.52945700583463));
#5182=CARTESIAN_POINT('Ctrl Pts',(-5.3981653794364,7.92173753029095,7.46855620538833));
#5183=CARTESIAN_POINT('Ctrl Pts',(-5.55360066693197,7.92173753029086,7.38039585713028));
#5184=CARTESIAN_POINT('Ctrl Pts',(-5.73526305276564,7.92173753029077,7.24925284062498));
#5185=CARTESIAN_POINT('Ctrl Pts',(-5.92973780222571,7.92173753029069,7.06800407050548));
#5186=CARTESIAN_POINT('Ctrl Pts',(-6.20030564165603,7.92173753029074,6.75645315735893));
#5187=CARTESIAN_POINT('Ctrl Pts',(-6.48260619476963,7.921737530291,6.33729602219238));
#5188=CARTESIAN_POINT('Ctrl Pts',(-6.7680485535662,7.92173753029078,5.80598145684063));
#5189=CARTESIAN_POINT('Ctrl Pts',(-6.9694652589397,7.92173753029085,5.34383284938505));
#5190=CARTESIAN_POINT('Ctrl Pts',(-7.110292946797,7.92173753029084,4.96331627485085));
#5191=CARTESIAN_POINT('Ctrl Pts',(-7.18850293519839,7.92173753029079,4.72027379600089));
#5192=CARTESIAN_POINT('Ctrl Pts',(-7.2317771267798,7.9217375302908,4.55827032386549));
#5193=CARTESIAN_POINT('Ctrl Pts',(-7.25036577717534,7.92173753029083,4.48270148819713));
#5194=CARTESIAN_POINT('Ctrl Pts',(-7.25579211168523,7.92173753029087,4.42891004167157));
#5195=CARTESIAN_POINT('Ctrl Pts',(-7.28135502798396,7.92173753029081,4.37100518538989));
#5196=CARTESIAN_POINT('Ctrl Pts',(-7.26557404764852,7.92173753029081,4.27721777717447));
#5197=CARTESIAN_POINT('Ctrl Pts',(-7.26327099155715,7.92173753029085,4.16213516436457));
#5198=CARTESIAN_POINT('Ctrl Pts',(-7.25013843097951,7.92173753029083,3.95589022277347));
#5199=CARTESIAN_POINT('Ctrl Pts',(-7.23610604979416,7.92173753029099,3.66377421852689));
#5200=CARTESIAN_POINT('Ctrl Pts',(-7.22361923336529,7.92173753029096,3.42940952277929));
#5201=CARTESIAN_POINT('Ctrl Pts',(-7.21737582515086,7.92173753029095,3.31222717490549));
#5202=CARTESIAN_POINT('Ctrl Pts',(-4.94520507397955,8.10503633541407,7.30125671210621));
#5203=CARTESIAN_POINT('Ctrl Pts',(-4.97088305754819,8.10503633541411,7.30034700586102));
#5204=CARTESIAN_POINT('Ctrl Pts',(-5.02098181834201,8.10503633541419,7.29875652176317));
#5205=CARTESIAN_POINT('Ctrl Pts',(-5.09999421732932,8.10503633541423,7.28572374881003));
#5206=CARTESIAN_POINT('Ctrl Pts',(-5.21657108737524,8.10503633541425,7.25347181191008));
#5207=CARTESIAN_POINT('Ctrl Pts',(-5.34786035497002,8.10503633541416,7.18968412191703));
#5208=CARTESIAN_POINT('Ctrl Pts',(-5.48164752825338,8.10503633541407,7.10125853357008));
#5209=CARTESIAN_POINT('Ctrl Pts',(-5.63857558656823,8.10503633541398,6.97260033822213));
#5210=CARTESIAN_POINT('Ctrl Pts',(-5.80885171686705,8.10503633541395,6.79883423303468));
#5211=CARTESIAN_POINT('Ctrl Pts',(-6.04818677389215,8.10503633541408,6.50421035322258));
#5212=CARTESIAN_POINT('Ctrl Pts',(-6.29940395365713,8.10503633541419,6.11188886562633));
#5213=CARTESIAN_POINT('Ctrl Pts',(-6.55647691755135,8.10503633541405,5.61885255736109));
#5214=CARTESIAN_POINT('Ctrl Pts',(-6.73825022063285,8.1050363354141,5.19169857936887));
#5215=CARTESIAN_POINT('Ctrl Pts',(-6.86597734510588,8.10503633541408,4.84110106552553));
#5216=CARTESIAN_POINT('Ctrl Pts',(-6.93624145608619,8.10503633541409,4.61716205210195));
#5217=CARTESIAN_POINT('Ctrl Pts',(-6.97566090052718,8.10503633541401,4.46847753212443));
#5218=CARTESIAN_POINT('Ctrl Pts',(-6.98887725276237,8.10503633541414,4.39744348330793));
#5219=CARTESIAN_POINT('Ctrl Pts',(-7.01222974891379,8.10503633541404,4.35700820505097));
#5220=CARTESIAN_POINT('Ctrl Pts',(-6.99323831746409,8.10503633541409,4.28271814438367));
#5221=CARTESIAN_POINT('Ctrl Pts',(-6.99422593180445,8.10503633541408,4.20545470259563));
#5222=CARTESIAN_POINT('Ctrl Pts',(-6.98693694965477,8.10503633541413,4.09810774687295));
#5223=CARTESIAN_POINT('Ctrl Pts',(-6.97823540801727,8.10503633541405,3.91229233931437));
#5224=CARTESIAN_POINT('Ctrl Pts',(-6.9636985689294,8.10503633541428,3.64578111368413));
#5225=CARTESIAN_POINT('Ctrl Pts',(-6.95263071503374,8.10503633541423,3.43285497057793));
#5226=CARTESIAN_POINT('Ctrl Pts',(-6.94709678808591,8.10503633541421,3.32639189902483));
#5227=CARTESIAN_POINT('Ctrl Pts',(-4.94547314874976,8.18763780340657,7.05206739562078));
#5228=CARTESIAN_POINT('Ctrl Pts',(-4.96971300840718,8.18763780340661,7.05088230759316));
#5229=CARTESIAN_POINT('Ctrl Pts',(-5.01712362871818,8.18763780340669,7.04879399641277));
#5230=CARTESIAN_POINT('Ctrl Pts',(-5.08517872475498,8.18763780340672,7.03272418495563));
#5231=CARTESIAN_POINT('Ctrl Pts',(-5.18304799310367,8.18763780340669,6.99602984861623));
#5232=CARTESIAN_POINT('Ctrl Pts',(-5.29271127017838,8.1876378034066,6.92947189210468));
#5233=CARTESIAN_POINT('Ctrl Pts',(-5.40721949907229,8.1876378034065,6.84159266599993));
#5234=CARTESIAN_POINT('Ctrl Pts',(-5.54257807764711,8.18763780340646,6.71630373575898));
#5235=CARTESIAN_POINT('Ctrl Pts',(-5.69251321576104,8.18763780340646,6.55065566593028));
#5236=CARTESIAN_POINT('Ctrl Pts',(-5.90389307859765,8.18763780340668,6.27220943874578));
#5237=CARTESIAN_POINT('Ctrl Pts',(-6.12850484269182,8.18763780340662,5.90555257312743));
#5238=CARTESIAN_POINT('Ctrl Pts',(-6.36019302400236,8.18763780340658,5.44776657372923));
#5239=CARTESIAN_POINT('Ctrl Pts',(-6.52444526782819,8.18763780340655,5.05272126281719));
#5240=CARTESIAN_POINT('Ctrl Pts',(-6.64063682719658,8.18763780340662,4.72953480250703));
#5241=CARTESIAN_POINT('Ctrl Pts',(-6.70311787589367,8.18763780340646,4.52275379834639));
#5242=CARTESIAN_POINT('Ctrl Pts',(-6.74002344332857,8.18763780340666,4.38662660303053));
#5243=CARTESIAN_POINT('Ctrl Pts',(-6.7543975565033,8.18763780340655,4.32241319970213));
#5244=CARTESIAN_POINT('Ctrl Pts',(-6.74376661828332,8.18763780340659,4.27008894302955));
#5245=CARTESIAN_POINT('Ctrl Pts',(-6.74503537302922,8.18763780340659,4.21171961840977));
#5246=CARTESIAN_POINT('Ctrl Pts',(-6.73977051660198,8.18763780340661,4.13836127795435));
#5247=CARTESIAN_POINT('Ctrl Pts',(-6.73517325665777,8.1876378034066,4.04173888077529));
#5248=CARTESIAN_POINT('Ctrl Pts',(-6.72599165152662,8.18763780340658,3.87209158341625));
#5249=CARTESIAN_POINT('Ctrl Pts',(-6.71346540671153,8.18763780340678,3.63002815152083));
#5250=CARTESIAN_POINT('Ctrl Pts',(-6.70328699022057,8.18763780340672,3.43630014597419));
#5251=CARTESIAN_POINT('Ctrl Pts',(-6.69819778197509,8.1876378034067,3.33943614320087));
#5252=CARTESIAN_POINT('Ctrl Pts',(-4.94578644194391,8.195879267802,6.91760646020228));
#5253=CARTESIAN_POINT('Ctrl Pts',(-4.96834684929203,8.19587926780206,6.91586538865614));
#5254=CARTESIAN_POINT('Ctrl Pts',(-5.01255983993953,8.19587926780216,6.91271545173443));
#5255=CARTESIAN_POINT('Ctrl Pts',(-5.07106001185185,8.19587926780214,6.89365168932353));
#5256=CARTESIAN_POINT('Ctrl Pts',(-5.15794243789891,8.1958792678021,6.85455661010698));
#5257=CARTESIAN_POINT('Ctrl Pts',(-5.25732729517954,8.19587926780199,6.78750575974778));
#5258=CARTESIAN_POINT('Ctrl Pts',(-5.3617783207532,8.19587926780193,6.70034698532173));
#5259=CARTESIAN_POINT('Ctrl Pts',(-5.48702351547158,8.1958792678019,6.57778425229193));
#5260=CARTESIAN_POINT('Ctrl Pts',(-5.62658922355802,8.19587926780193,6.41689778145458));
#5261=CARTESIAN_POINT('Ctrl Pts',(-5.82356521734152,8.19587926780213,6.14757539145423));
#5262=CARTESIAN_POINT('Ctrl Pts',(-6.03494812094922,8.19587926780205,5.79516337094193));
#5263=CARTESIAN_POINT('Ctrl Pts',(-6.25333459492242,8.19587926780202,5.35632404680405));
#5264=CARTESIAN_POINT('Ctrl Pts',(-6.40850233279332,8.19587926780201,4.97849890213363));
#5265=CARTESIAN_POINT('Ctrl Pts',(-6.51869826188252,8.19587926780204,4.66993659825055));
#5266=CARTESIAN_POINT('Ctrl Pts',(-6.57688895946015,8.19587926780196,4.47226186303267));
#5267=CARTESIAN_POINT('Ctrl Pts',(-6.61274717507628,8.19587926780204,4.34287752383275));
#5268=CARTESIAN_POINT('Ctrl Pts',(-6.61398710814707,8.19587926780202,4.27632613671481));
#5269=CARTESIAN_POINT('Ctrl Pts',(-6.60908350767305,8.19587926780203,4.22923207276955));
#5270=CARTESIAN_POINT('Ctrl Pts',(-6.60746075872059,8.19587926780204,4.17255703295085));
#5271=CARTESIAN_POINT('Ctrl Pts',(-6.60339897259199,8.19587926780204,4.10350732499137));
#5272=CARTESIAN_POINT('Ctrl Pts',(-6.59873916375005,8.19587926780203,4.01181450382103));
#5273=CARTESIAN_POINT('Ctrl Pts',(-6.59022973347543,8.19587926780205,3.85117662645533));
#5274=CARTESIAN_POINT('Ctrl Pts',(-6.57825769486127,8.19587926780221,3.62178502406529));
#5275=CARTESIAN_POINT('Ctrl Pts',(-6.56863092141999,8.19587926780217,3.43824748371515));
#5276=CARTESIAN_POINT('Ctrl Pts',(-6.56381753469935,8.19587926780214,3.34647871354009));
#5277=CARTESIAN_POINT('Ctrl Pts',(-4.94594308854099,8.19999999999972,6.85037599249303));
#5278=CARTESIAN_POINT('Ctrl Pts',(-4.96766376973446,8.19999999999978,6.84835692918763));
#5279=CARTESIAN_POINT('Ctrl Pts',(-5.01027794555022,8.19999999999989,6.84467617939527));
#5280=CARTESIAN_POINT('Ctrl Pts',(-5.06400065540029,8.19999999999985,6.82411544150748));
#5281=CARTESIAN_POINT('Ctrl Pts',(-5.14538966029653,8.19999999999981,6.78381999085238));
#5282=CARTESIAN_POINT('Ctrl Pts',(-5.23963530768013,8.19999999999969,6.71652269356933));
#5283=CARTESIAN_POINT('Ctrl Pts',(-5.33905773159365,8.19999999999964,6.62972414498263));
#5284=CARTESIAN_POINT('Ctrl Pts',(-5.45924623438381,8.19999999999962,6.50852451055843));
#5285=CARTESIAN_POINT('Ctrl Pts',(-5.5936272274565,8.19999999999967,6.35001883921673));
#5286=CARTESIAN_POINT('Ctrl Pts',(-5.78340128671346,8.19999999999986,6.08525836780843));
#5287=CARTESIAN_POINT('Ctrl Pts',(-5.98816976007792,8.19999999999976,5.73996876984918));
#5288=CARTESIAN_POINT('Ctrl Pts',(-6.19990538038244,8.19999999999974,5.31060278334147));
#5289=CARTESIAN_POINT('Ctrl Pts',(-6.35053086527589,8.19999999999973,4.94138772179183));
#5290=CARTESIAN_POINT('Ctrl Pts',(-6.45772897922548,8.19999999999975,4.64013749612231));
#5291=CARTESIAN_POINT('Ctrl Pts',(-6.51377450124339,8.1999999999997,4.44701589537583));
#5292=CARTESIAN_POINT('Ctrl Pts',(-6.54910904095014,8.19999999999973,4.32100298423385));
#5293=CARTESIAN_POINT('Ctrl Pts',(-6.54378188396896,8.19999999999975,4.25328260522113));
#5294=CARTESIAN_POINT('Ctrl Pts',(-6.54174195236792,8.19999999999975,4.20880363763957));
#5295=CARTESIAN_POINT('Ctrl Pts',(-6.53867345156628,8.19999999999977,4.15297574022139));
#5296=CARTESIAN_POINT('Ctrl Pts',(-6.535213200587,8.19999999999976,4.08608034850989));
#5297=CARTESIAN_POINT('Ctrl Pts',(-6.53052211729619,8.19999999999975,3.99685231534387));
#5298=CARTESIAN_POINT('Ctrl Pts',(-6.52234877444984,8.19999999999979,3.84071914797485));
#5299=CARTESIAN_POINT('Ctrl Pts',(-6.51065383893614,8.19999999999993,3.61766346033753));
#5300=CARTESIAN_POINT('Ctrl Pts',(-6.5013028870197,8.19999999999988,3.43922115258565));
#5301=CARTESIAN_POINT('Ctrl Pts',(-6.49662741106147,8.19999999999986,3.34999999870969));
#5302=CARTESIAN_POINT('',(-4.95000000000001,8.19999999999978,6.84999999999973));
#5303=CARTESIAN_POINT('Ctrl Pts',(-4.95000000000001,7.2,7.84999999999998));
#5304=CARTESIAN_POINT('Ctrl Pts',(-4.95000000000001,7.26728233173515,7.84587926780224));
#5305=CARTESIAN_POINT('Ctrl Pts',(-4.95000000000001,7.40184699520543,7.83763780340673));
#5306=CARTESIAN_POINT('Ctrl Pts',(-4.95000000000001,7.65108757687113,7.75503633541413));
#5307=CARTESIAN_POINT('Ctrl Pts',(-4.95000000000001,7.92173753029082,7.57173753029068));
#5308=CARTESIAN_POINT('Ctrl Pts',(-4.95000000000001,8.10503633541408,7.30108757687093));
#5309=CARTESIAN_POINT('Ctrl Pts',(-4.95000000000001,8.18763780340657,7.05184699520518));
#5310=CARTESIAN_POINT('Ctrl Pts',(-4.95000000000001,8.19587926780201,6.91728233173488));
#5311=CARTESIAN_POINT('Ctrl Pts',(-4.95000000000001,8.19999999999978,6.84999999999973));
#5312=CARTESIAN_POINT('Ctrl Pts',(-4.95000000000001,8.19999999999973,6.84999999999973));
#5313=CARTESIAN_POINT('Ctrl Pts',(-4.97038486843427,8.19999999999979,6.84811355482064));
#5314=CARTESIAN_POINT('Ctrl Pts',(-4.99076973686854,8.19999999999984,6.84622710964151));
#5315=CARTESIAN_POINT('Ctrl Pts',(-5.00756792734786,8.19999999999986,6.84275573418258));
#5316=CARTESIAN_POINT('Ctrl Pts',(-5.02436611782718,8.19999999999988,6.83928435872366));
#5317=CARTESIAN_POINT('Ctrl Pts',(-5.03757763035155,8.19999999999987,6.83422805298493));
#5318=CARTESIAN_POINT('Ctrl Pts',(-5.05026097226762,8.19999999999986,6.82893835150887));
#5319=CARTESIAN_POINT('Ctrl Pts',(-5.07562765609975,8.19999999999984,6.81835894855675));
#5320=CARTESIAN_POINT('Ctrl Pts',(-5.09888165749867,8.19999999999983,6.80684596265529));
#5321=CARTESIAN_POINT('Ctrl Pts',(-5.12066736825687,8.19999999999982,6.79468415223545));
#5322=CARTESIAN_POINT('Ctrl Pts',(-5.16423878977325,8.19999999999979,6.77036053139577));
#5323=CARTESIAN_POINT('Ctrl Pts',(-5.20193704872669,8.19999999999974,6.74344161248255));
#5324=CARTESIAN_POINT('Ctrl Pts',(-5.23735658218899,8.19999999999971,6.71551572826149));
#5325=CARTESIAN_POINT('Ctrl Pts',(-5.2727761156513,8.19999999999967,6.68758984404043));
#5326=CARTESIAN_POINT('Ctrl Pts',(-5.30591692362248,8.19999999999966,6.65865699451153));
#5327=CARTESIAN_POINT('Ctrl Pts',(-5.33751089045683,8.19999999999965,6.62904061544405));
#5328=CARTESIAN_POINT('Ctrl Pts',(-5.36910485729119,8.19999999999964,6.59942423637658));
#5329=CARTESIAN_POINT('Ctrl Pts',(-5.39915198298873,8.19999999999963,6.56912432777053));
#5330=CARTESIAN_POINT('Ctrl Pts',(-5.42814213299194,8.19999999999963,6.53835734394372));
#5331=CARTESIAN_POINT('Ctrl Pts',(-5.48612243299835,8.19999999999963,6.47682337629009));
#5332=CARTESIAN_POINT('Ctrl Pts',(-5.53987483022742,8.19999999999965,6.41342110775341));
#5333=CARTESIAN_POINT('Ctrl Pts',(-5.59047278624908,8.19999999999968,6.34862491455903));
#5334=CARTESIAN_POINT('Ctrl Pts',(-5.64107074227074,8.19999999999972,6.28382872136465));
#5335=CARTESIAN_POINT('Ctrl Pts',(-5.68851425708498,8.19999999999976,6.21763860351258));
#5336=CARTESIAN_POINT('Ctrl Pts',(-5.73379449851877,8.19999999999979,6.15049255174724));
#5337=CARTESIAN_POINT('Ctrl Pts',(-5.82435498138635,8.19999999999984,6.01620044821658));
#5338=CARTESIAN_POINT('Ctrl Pts',(-5.90626237073213,8.1999999999998,5.87808460903288));
#5339=CARTESIAN_POINT('Ctrl Pts',(-5.98250533545578,8.19999999999977,5.73746569168974));
#5340=CARTESIAN_POINT('Ctrl Pts',(-6.05874830017942,8.19999999999975,5.59684677434661));
#5341=CARTESIAN_POINT('Ctrl Pts',(-6.12932684028093,8.19999999999975,5.45372477884404));
#5342=CARTESIAN_POINT('Ctrl Pts',(-6.19474120731037,8.19999999999974,5.30832076878283));
#5343=CARTESIAN_POINT('Ctrl Pts',(-6.26015557433982,8.19999999999974,5.16291675872161));
#5344=CARTESIAN_POINT('Ctrl Pts',(-6.3204057682972,8.19999999999973,5.01523073410176));
#5345=CARTESIAN_POINT('Ctrl Pts',(-6.37622187093286,8.19999999999974,4.86558531733863));
#5346=CARTESIAN_POINT('Ctrl Pts',(-6.40412992225069,8.19999999999974,4.79076260895707));
#5347=CARTESIAN_POINT('Ctrl Pts',(-6.43092945073808,8.19999999999975,4.71545005253969));
#5348=CARTESIAN_POINT('Ctrl Pts',(-6.45553831938536,8.19999999999974,4.6391694541817));
#5349=CARTESIAN_POINT('Ctrl Pts',(-6.48014718803264,8.19999999999973,4.56288885582371));
#5350=CARTESIAN_POINT('Ctrl Pts',(-6.50256539683981,8.19999999999971,4.48564021552512));
#5351=CARTESIAN_POINT('Ctrl Pts',(-6.52453435452701,8.19999999999972,4.40819306418786));
#5352=CARTESIAN_POINT('Ctrl Pts',(-6.52997590179097,8.19999999999972,4.38900998138253));
#5353=CARTESIAN_POINT('Ctrl Pts',(-6.53538988622992,8.19999998521164,4.36981471788523));
#5354=CARTESIAN_POINT('Ctrl Pts',(-6.53939443467851,8.19999948363982,4.34999999610182));
#5355=CARTESIAN_POINT('Origin',(6.83896076284076,8.2,6.25621359775623));
#5356=CARTESIAN_POINT('',(4.95,8.19999999999978,6.84999999999973));
#5357=CARTESIAN_POINT('',(4.95,8.19999999999973,6.84999999999973));
#5358=CARTESIAN_POINT('Ctrl Pts',(4.9499999999996,8.2,6.84999999999538));
#5359=CARTESIAN_POINT('Ctrl Pts',(4.99298972252394,8.2,6.84602166895883));
#5360=CARTESIAN_POINT('Ctrl Pts',(5.02456089044762,8.2,6.84310002746717));
#5361=CARTESIAN_POINT('Ctrl Pts',(5.12267434494327,8.2,6.79472497759601));
#5362=CARTESIAN_POINT('Ctrl Pts',(5.15441655752674,8.19999999999955,6.77566784635519));
#5363=CARTESIAN_POINT('Ctrl Pts',(5.22809128342518,8.19999999999955,6.72450232677787));
#5364=CARTESIAN_POINT('Ctrl Pts',(5.28180718815348,8.19999999999952,6.68174599995186));
#5365=CARTESIAN_POINT('Ctrl Pts',(5.42142817473605,8.19999999999952,6.54970134219845));
#5366=CARTESIAN_POINT('Ctrl Pts',(5.50716484321399,8.19999999999948,6.45647743735439));
#5367=CARTESIAN_POINT('Ctrl Pts',(5.74760245716788,8.19999999999948,6.14538033811718));
#5368=CARTESIAN_POINT('Ctrl Pts',(5.88097682914647,8.19999999999977,5.9270191815184));
#5369=CARTESIAN_POINT('Ctrl Pts',(6.34607573237629,8.19999999999977,5.05936665698064));
#5370=CARTESIAN_POINT('Ctrl Pts',(6.51657244502128,8.2,4.46311486609751));
#5371=CARTESIAN_POINT('Ctrl Pts',(6.53938584784433,8.2,4.34999999999972));
#5372=CARTESIAN_POINT('Ctrl Pts',(4.94466462655948,7.1997762757626,7.85012839024363));
#5373=CARTESIAN_POINT('Ctrl Pts',(4.97323907238102,7.19977627576266,7.84951106128801));
#5374=CARTESIAN_POINT('Ctrl Pts',(5.02885908803697,7.19977627576275,7.84845417710229));
#5375=CARTESIAN_POINT('Ctrl Pts',(5.1239894513853,7.19977627576284,7.83836587815253));
#5376=CARTESIAN_POINT('Ctrl Pts',(5.27001095669907,7.1997762757629,7.81108087236305));
#5377=CARTESIAN_POINT('Ctrl Pts',(5.44291627173115,7.19977627576282,7.75214377378563));
#5378=CARTESIAN_POINT('Ctrl Pts',(5.61999639657746,7.19977627576268,7.66441877713929));
#5379=CARTESIAN_POINT('Ctrl Pts',(5.82724464284977,7.19977627576261,7.53131694575786));
#5380=CARTESIAN_POINT('Ctrl Pts',(6.04800904611568,7.19977627576252,7.34352800463518));
#5381=CARTESIAN_POINT('Ctrl Pts',(6.35258765610081,7.19977627576244,7.01586798793446));
#5382=CARTESIAN_POINT('Ctrl Pts',(6.66813794644268,7.19977627576284,6.56985407001537));
#5383=CARTESIAN_POINT('Ctrl Pts',(6.98405103472183,7.19977627576257,5.99955467036613));
#5384=CARTESIAN_POINT('Ctrl Pts',(7.20621103807246,7.19977627576261,5.50132516215975));
#5385=CARTESIAN_POINT('Ctrl Pts',(7.36109962949578,7.19977627576266,5.0899717958833));
#5386=CARTESIAN_POINT('Ctrl Pts',(7.44705541978385,7.19977627576261,4.82680982793149));
#5387=CARTESIAN_POINT('Ctrl Pts',(7.4952704700999,7.19977627576257,4.65147385810029));
#5388=CARTESIAN_POINT('Ctrl Pts',(7.5151371418759,7.19977627576261,4.56921528412277));
#5389=CARTESIAN_POINT('Ctrl Pts',(7.52759782994482,7.19977627576265,4.51393803477203));
#5390=CARTESIAN_POINT('Ctrl Pts',(7.54123609680445,7.19977627576261,4.4437581552274));
#5391=CARTESIAN_POINT('Ctrl Pts',(7.55333950654279,7.19977627576261,4.35715903575007));
#5392=CARTESIAN_POINT('Ctrl Pts',(7.54250556451301,7.19977627576261,4.22661331805135));
#5393=CARTESIAN_POINT('Ctrl Pts',(7.53330713119038,7.19977627576266,4.00361581475119));
#5394=CARTESIAN_POINT('Ctrl Pts',(7.5150958785224,7.19977627576274,3.68221284177805));
#5395=CARTESIAN_POINT('Ctrl Pts',(7.5018790455916,7.19977627576274,3.42584649749585));
#5396=CARTESIAN_POINT('Ctrl Pts',(7.4952706291262,7.19977627576274,3.29766332535477));
#5397=CARTESIAN_POINT('Ctrl Pts',(4.94466849874166,7.26713317918708,7.84600329313505));
#5398=CARTESIAN_POINT('Ctrl Pts',(4.97322219243564,7.26713317918712,7.8453848215587));
#5399=CARTESIAN_POINT('Ctrl Pts',(5.02880246994848,7.26713317918722,7.84432589727232));
#5400=CARTESIAN_POINT('Ctrl Pts',(5.12382735073249,7.26713317918732,7.83422358226313));
#5401=CARTESIAN_POINT('Ctrl Pts',(5.26965289064934,7.26713317918737,7.80691301745831));
#5402=CARTESIAN_POINT('Ctrl Pts',(5.44227471792128,7.26713317918729,7.74795058238368));
#5403=CARTESIAN_POINT('Ctrl Pts',(5.61904089878497,7.26713317918716,7.66022120606097));
#5404=CARTESIAN_POINT('Ctrl Pts',(5.82590902463936,7.26713317918706,7.52714582488408));
#5405=CARTESIAN_POINT('Ctrl Pts',(6.04628174593194,7.267133179187,7.33945098382662));
#5406=CARTESIAN_POINT('Ctrl Pts',(6.35034737223173,7.26713317918692,7.01202336408368));
#5407=CARTESIAN_POINT('Ctrl Pts',(6.66539997905451,7.26713317918732,6.56640456339018));
#5408=CARTESIAN_POINT('Ctrl Pts',(6.98085524912612,7.26713317918704,5.99668076514823));
#5409=CARTESIAN_POINT('Ctrl Pts',(7.20270502847728,7.26713317918712,5.49898612426096));
#5410=CARTESIAN_POINT('Ctrl Pts',(7.35738409774934,7.26713317918713,5.08809079464576));
#5411=CARTESIAN_POINT('Ctrl Pts',(7.4432229710345,7.26713317918706,4.82522697896371));
#5412=CARTESIAN_POINT('Ctrl Pts',(7.49136716278051,7.26713317918705,4.65009053316093));
#5413=CARTESIAN_POINT('Ctrl Pts',(7.51120751295035,7.26713317918709,4.56792793097562));
#5414=CARTESIAN_POINT('Ctrl Pts',(7.5236084036706,7.26713317918712,4.51269455075052));
#5415=CARTESIAN_POINT('Ctrl Pts',(7.53729851312033,7.26713317918708,4.44263279473246));
#5416=CARTESIAN_POINT('Ctrl Pts',(7.54926104199696,7.26713317918709,4.35607167585712));
#5417=CARTESIAN_POINT('Ctrl Pts',(7.53825872184945,7.26713317918709,4.22559300091113));
#5418=CARTESIAN_POINT('Ctrl Pts',(7.52918583087089,7.26713317918713,4.00294667409061));
#5419=CARTESIAN_POINT('Ctrl Pts',(7.51093563673229,7.26713317918721,3.68192390312573));
#5420=CARTESIAN_POINT('Ctrl Pts',(7.49774586090967,7.26713317918722,3.42589411929779));
#5421=CARTESIAN_POINT('Ctrl Pts',(7.49115097299835,7.26713317918722,3.29787922738384));
#5422=CARTESIAN_POINT('Ctrl Pts',(4.94467622126724,7.40177793155668,7.8377760165495));
#5423=CARTESIAN_POINT('Ctrl Pts',(4.97318852774775,7.40177793155674,7.83715526732934));
#5424=CARTESIAN_POINT('Ctrl Pts',(5.02868955303139,7.40177793155683,7.83609227656752));
#5425=CARTESIAN_POINT('Ctrl Pts',(5.12350406723418,7.40177793155692,7.82596201372296));
#5426=CARTESIAN_POINT('Ctrl Pts',(5.26893878256259,7.40177793155698,7.79860048120239));
#5427=CARTESIAN_POINT('Ctrl Pts',(5.44099523589529,7.4017779315569,7.73958752462775));
#5428=CARTESIAN_POINT('Ctrl Pts',(5.61713527987812,7.40177793155677,7.65184941264809));
#5429=CARTESIAN_POINT('Ctrl Pts',(5.82324528515514,7.40177793155667,7.51882678441449));
#5430=CARTESIAN_POINT('Ctrl Pts',(6.04283680213037,7.4017779315566,7.33131960757986));
#5431=CARTESIAN_POINT('Ctrl Pts',(6.34587929321542,7.40177793155653,7.00435547760815));
#5432=CARTESIAN_POINT('Ctrl Pts',(6.65993928503843,7.40177793155693,6.55952470835624));
#5433=CARTESIAN_POINT('Ctrl Pts',(6.97448144849445,7.40177793155665,5.99094891042113));
#5434=CARTESIAN_POINT('Ctrl Pts',(7.19571249692474,7.40177793155672,5.49432103283914));
#5435=CARTESIAN_POINT('Ctrl Pts',(7.34997368204985,7.40177793155674,5.0843392335171));
#5436=CARTESIAN_POINT('Ctrl Pts',(7.43557936944309,7.40177793155667,4.82207006754975));
#5437=CARTESIAN_POINT('Ctrl Pts',(7.48358223742119,7.40177793155665,4.6473315628325));
#5438=CARTESIAN_POINT('Ctrl Pts',(7.5033701430664,7.4017779315567,4.56536039468302));
#5439=CARTESIAN_POINT('Ctrl Pts',(7.51565139934277,7.40177793155673,4.5102143329527));
#5440=CARTESIAN_POINT('Ctrl Pts',(7.52944552675292,7.40177793155669,4.44038846403186));
#5441=CARTESIAN_POINT('Ctrl Pts',(7.54112739284248,7.40177793155669,4.35390333884315));
#5442=CARTESIAN_POINT('Ctrl Pts',(7.52978827565671,7.4017779315567,4.22355781900786));
#5443=CARTESIAN_POINT('Ctrl Pts',(7.52096638060474,7.40177793155674,4.00161224610984));
#5444=CARTESIAN_POINT('Ctrl Pts',(7.50263818573785,7.40177793155682,3.68134757965348));
#5445=CARTESIAN_POINT('Ctrl Pts',(7.48950242749855,7.40177793155682,3.42598908118569));
#5446=CARTESIAN_POINT('Ctrl Pts',(7.4829345483789,7.40177793155682,3.29830983195179));
#5447=CARTESIAN_POINT('Ctrl Pts',(4.94475495081117,7.65108757687112,7.75515675860085));
#5448=CARTESIAN_POINT('Ctrl Pts',(4.97284531818887,7.65108757687117,7.75450862095789));
#5449=CARTESIAN_POINT('Ctrl Pts',(5.02753860999725,7.65108757687126,7.75339615051517));
#5450=CARTESIAN_POINT('Ctrl Pts',(5.12019534469034,7.65108757687134,7.74296204879233));
#5451=CARTESIAN_POINT('Ctrl Pts',(5.2616421526281,7.65108757687139,7.71505863329164));
#5452=CARTESIAN_POINT('Ctrl Pts',(5.4279248545743,7.65108757687131,7.65549954432693));
#5453=CARTESIAN_POINT('Ctrl Pts',(5.59775215618885,7.65108757687119,7.56767600702088));
#5454=CARTESIAN_POINT('Ctrl Pts',(5.7962185291498,7.65108757687111,7.43518500024853));
#5455=CARTESIAN_POINT('Ctrl Pts',(6.00802445022097,7.65108757687102,7.24960978221248));
#5456=CARTESIAN_POINT('Ctrl Pts',(6.30085685003844,7.65108757687099,6.92734714496733));
#5457=CARTESIAN_POINT('Ctrl Pts',(6.60499558435058,7.65108757687134,6.49045833116023));
#5458=CARTESIAN_POINT('Ctrl Pts',(6.91041767222499,7.65108757687108,5.93342773489048));
#5459=CARTESIAN_POINT('Ctrl Pts',(7.12545855692022,7.65108757687116,5.44751166781745));
#5460=CARTESIAN_POINT('Ctrl Pts',(7.27553731596646,7.65108757687117,5.04669762402437));
#5461=CARTESIAN_POINT('Ctrl Pts',(7.35880651726516,7.65108757687111,4.79039418993029));
#5462=CARTESIAN_POINT('Ctrl Pts',(7.40539125756711,7.65108757687109,4.61964637656423));
#5463=CARTESIAN_POINT('Ctrl Pts',(7.42446294659461,7.65108757687114,4.53951218560671));
#5464=CARTESIAN_POINT('Ctrl Pts',(7.43688704661903,7.65108757687116,4.48587915799177));
#5465=CARTESIAN_POINT('Ctrl Pts',(7.44948222595073,7.65108757687111,4.41735130251091));
#5466=CARTESIAN_POINT('Ctrl Pts',(7.45720274700424,7.65108757687113,4.33089352148767));
#5467=CARTESIAN_POINT('Ctrl Pts',(7.44600955940947,7.65108757687114,4.20390145630057));
#5468=CARTESIAN_POINT('Ctrl Pts',(7.43750838175437,7.65108757687117,3.98772091501335));
#5469=CARTESIAN_POINT('Ctrl Pts',(7.41960441613498,7.65108757687127,3.67574587145153));
#5470=CARTESIAN_POINT('Ctrl Pts',(7.40681708913319,7.65108757687126,3.42700466159127));
#5471=CARTESIAN_POINT('Ctrl Pts',(7.4004234256323,7.65108757687126,3.30263405666113));
#5472=CARTESIAN_POINT('Ctrl Pts',(4.94492466471877,7.92173753029082,7.57186883208991));
#5473=CARTESIAN_POINT('Ctrl Pts',(4.972105369142,7.92173753029085,7.57116221243928));
#5474=CARTESIAN_POINT('Ctrl Pts',(5.02506225029969,7.92173753029093,7.56994617855319));
#5475=CARTESIAN_POINT('Ctrl Pts',(5.112790041656,7.92173753029101,7.55874732326033));
#5476=CARTESIAN_POINT('Ctrl Pts',(5.24501904756307,7.92173753029103,7.52945700583463));
#5477=CARTESIAN_POINT('Ctrl Pts',(5.39816537943639,7.92173753029095,7.46855620538833));
#5478=CARTESIAN_POINT('Ctrl Pts',(5.55360066693196,7.92173753029086,7.38039585713028));
#5479=CARTESIAN_POINT('Ctrl Pts',(5.73526305276563,7.92173753029077,7.24925284062498));
#5480=CARTESIAN_POINT('Ctrl Pts',(5.9297378022257,7.92173753029069,7.06800407050548));
#5481=CARTESIAN_POINT('Ctrl Pts',(6.20030564165602,7.92173753029074,6.75645315735893));
#5482=CARTESIAN_POINT('Ctrl Pts',(6.48260619476962,7.921737530291,6.33729602219238));
#5483=CARTESIAN_POINT('Ctrl Pts',(6.76804855356619,7.92173753029078,5.80598145684063));
#5484=CARTESIAN_POINT('Ctrl Pts',(6.96946525893969,7.92173753029085,5.34383284938505));
#5485=CARTESIAN_POINT('Ctrl Pts',(7.11029294679699,7.92173753029085,4.96331627485085));
#5486=CARTESIAN_POINT('Ctrl Pts',(7.18850293519838,7.92173753029079,4.72027379600089));
#5487=CARTESIAN_POINT('Ctrl Pts',(7.23177712677979,7.9217375302908,4.55827032386549));
#5488=CARTESIAN_POINT('Ctrl Pts',(7.25036577717533,7.92173753029083,4.48270148819713));
#5489=CARTESIAN_POINT('Ctrl Pts',(7.25579211168522,7.92173753029087,4.42891004167157));
#5490=CARTESIAN_POINT('Ctrl Pts',(7.28135502798395,7.92173753029081,4.37100518538989));
#5491=CARTESIAN_POINT('Ctrl Pts',(7.26557404764851,7.92173753029081,4.27721777717447));
#5492=CARTESIAN_POINT('Ctrl Pts',(7.26327099155714,7.92173753029086,4.16213516436457));
#5493=CARTESIAN_POINT('Ctrl Pts',(7.2501384309795,7.92173753029083,3.95589022277347));
#5494=CARTESIAN_POINT('Ctrl Pts',(7.23610604979415,7.92173753029099,3.66377421852689));
#5495=CARTESIAN_POINT('Ctrl Pts',(7.22361923336528,7.92173753029096,3.42940952277929));
#5496=CARTESIAN_POINT('Ctrl Pts',(7.21737582515085,7.92173753029095,3.31222717490549));
#5497=CARTESIAN_POINT('Ctrl Pts',(4.94520497696843,8.10503633541407,7.30125671554307));
#5498=CARTESIAN_POINT('Ctrl Pts',(4.97088299243134,8.10503633541411,7.30034700792828));
#5499=CARTESIAN_POINT('Ctrl Pts',(5.02098179224856,8.10503633541419,7.29875652606717));
#5500=CARTESIAN_POINT('Ctrl Pts',(5.09999421732931,8.10503633541423,7.28572374881003));
#5501=CARTESIAN_POINT('Ctrl Pts',(5.21657108737523,8.10503633541425,7.25347181191008));
#5502=CARTESIAN_POINT('Ctrl Pts',(5.34786035497001,8.10503633541416,7.18968412191703));
#5503=CARTESIAN_POINT('Ctrl Pts',(5.48164752825337,8.10503633541407,7.10125853357008));
#5504=CARTESIAN_POINT('Ctrl Pts',(5.63857558656822,8.10503633541398,6.97260033822213));
#5505=CARTESIAN_POINT('Ctrl Pts',(5.80885171686704,8.10503633541395,6.79883423303468));
#5506=CARTESIAN_POINT('Ctrl Pts',(6.04818677389214,8.10503633541408,6.50421035322258));
#5507=CARTESIAN_POINT('Ctrl Pts',(6.29940395365712,8.10503633541419,6.11188886562633));
#5508=CARTESIAN_POINT('Ctrl Pts',(6.55647691755134,8.10503633541405,5.61885255736109));
#5509=CARTESIAN_POINT('Ctrl Pts',(6.73825022063284,8.1050363354141,5.19169857936887));
#5510=CARTESIAN_POINT('Ctrl Pts',(6.86597734510587,8.10503633541408,4.84110106552553));
#5511=CARTESIAN_POINT('Ctrl Pts',(6.93624145608618,8.10503633541409,4.61716205210195));
#5512=CARTESIAN_POINT('Ctrl Pts',(6.97566090052717,8.10503633541401,4.46847753212443));
#5513=CARTESIAN_POINT('Ctrl Pts',(6.98887725276236,8.10503633541414,4.39744348330793));
#5514=CARTESIAN_POINT('Ctrl Pts',(7.01222974891378,8.10503633541405,4.35700820505097));
#5515=CARTESIAN_POINT('Ctrl Pts',(6.99323831746408,8.10503633541409,4.28271814438367));
#5516=CARTESIAN_POINT('Ctrl Pts',(6.99422593180444,8.10503633541409,4.20545470259563));
#5517=CARTESIAN_POINT('Ctrl Pts',(6.98693694965476,8.10503633541413,4.09810774687295));
#5518=CARTESIAN_POINT('Ctrl Pts',(6.97823540801726,8.10503633541406,3.91229233931437));
#5519=CARTESIAN_POINT('Ctrl Pts',(6.9636985689294,8.10503633541428,3.64578111368413));
#5520=CARTESIAN_POINT('Ctrl Pts',(6.95263071503373,8.10503633541423,3.43285497057793));
#5521=CARTESIAN_POINT('Ctrl Pts',(6.9470967880859,8.10503633541421,3.32639189902483));
#5522=CARTESIAN_POINT('Ctrl Pts',(4.94547305761611,8.1876379402886,7.05206698715695));
#5523=CARTESIAN_POINT('Ctrl Pts',(4.96971294484536,8.18763794028864,7.05088189691005));
#5524=CARTESIAN_POINT('Ctrl Pts',(5.01712359984978,8.18763794028872,7.04879358749734));
#5525=CARTESIAN_POINT('Ctrl Pts',(5.08517870020365,8.18763794028875,7.03272376570044));
#5526=CARTESIAN_POINT('Ctrl Pts',(5.18304793755127,8.18763794028872,6.99602942199937));
#5527=CARTESIAN_POINT('Ctrl Pts',(5.29271117878873,8.18763794028863,6.92947146089711));
#5528=CARTESIAN_POINT('Ctrl Pts',(5.40721937573476,8.18763794028853,6.84159223569776));
#5529=CARTESIAN_POINT('Ctrl Pts',(5.54257791856598,8.18763794028849,6.71630331104014));
#5530=CARTESIAN_POINT('Ctrl Pts',(5.69251302297208,8.18763794028849,6.55065525466415));
#5531=CARTESIAN_POINT('Ctrl Pts',(5.90389283948307,8.18763794028871,6.27220905428825));
#5532=CARTESIAN_POINT('Ctrl Pts',(6.1285045594884,8.18763794028866,5.90555223119972));
#5533=CARTESIAN_POINT('Ctrl Pts',(6.36019269873285,8.18763794028861,5.44776629021615));
#5534=CARTESIAN_POINT('Ctrl Pts',(6.52444491352387,8.18763794028859,5.0527210325126));
#5535=CARTESIAN_POINT('Ctrl Pts',(6.64063645377624,8.18763794028865,4.72953461762634));
#5536=CARTESIAN_POINT('Ctrl Pts',(6.70311748957572,8.1876379402885,4.52275364189888));
#5537=CARTESIAN_POINT('Ctrl Pts',(6.74002305284478,8.18763794028868,4.38662646739224));
#5538=CARTESIAN_POINT('Ctrl Pts',(6.75439716793808,8.18763794028858,4.3224130753666));
#5539=CARTESIAN_POINT('Ctrl Pts',(6.74376617340286,8.18763794028862,4.27008879899234));
#5540=CARTESIAN_POINT('Ctrl Pts',(6.74503496172268,8.18763794028862,4.21171950075541));
#5541=CARTESIAN_POINT('Ctrl Pts',(6.73977009493423,8.18763794028864,4.13836116677129));
#5542=CARTESIAN_POINT('Ctrl Pts',(6.73517283945058,8.18763794028863,4.0417387873643));
#5543=CARTESIAN_POINT('Ctrl Pts',(6.7259912335239,8.18763794028861,3.87209151679805));
#5544=CARTESIAN_POINT('Ctrl Pts',(6.71346499204064,8.18763794028881,3.63002812541599));
#5545=CARTESIAN_POINT('Ctrl Pts',(6.7032865770236,8.18763794028876,3.43630015168332));
#5546=CARTESIAN_POINT('Ctrl Pts',(6.69819736951508,8.18763794028873,3.33943616481698));
#5547=CARTESIAN_POINT('Ctrl Pts',(4.94578635878768,8.19587932243061,6.91760557549865));
#5548=CARTESIAN_POINT('Ctrl Pts',(4.96834678276968,8.19587932243067,6.91586449778357));
#5549=CARTESIAN_POINT('Ctrl Pts',(5.01255979036882,8.19587932243077,6.91271455602632));
#5550=CARTESIAN_POINT('Ctrl Pts',(5.07105991826514,8.19587932243075,6.89365076747413));
#5551=CARTESIAN_POINT('Ctrl Pts',(5.15794227148533,8.19587932243072,6.85455567234413));
#5552=CARTESIAN_POINT('Ctrl Pts',(5.25732706063493,8.1958793224306,6.78750481871777));
#5553=CARTESIAN_POINT('Ctrl Pts',(5.36177801954389,8.19587932243054,6.70034604906728));
#5554=CARTESIAN_POINT('Ctrl Pts',(5.48702314722519,8.19587932243051,6.57778333410823));
#5555=CARTESIAN_POINT('Ctrl Pts',(5.62658878657731,8.19587932243054,6.41689689483339));
#5556=CARTESIAN_POINT('Ctrl Pts',(5.82356468488402,8.19587932243074,6.14757456531088));
#5557=CARTESIAN_POINT('Ctrl Pts',(6.03494750080353,8.19587932243066,5.79516263922129));
#5558=CARTESIAN_POINT('Ctrl Pts',(6.25333388660566,8.19587932243064,5.35632344067244));
#5559=CARTESIAN_POINT('Ctrl Pts',(6.40850156425944,8.19587932243062,4.97849841014681));
#5560=CARTESIAN_POINT('Ctrl Pts',(6.51869745360629,8.19587932243066,4.66993620320071));
#5561=CARTESIAN_POINT('Ctrl Pts',(6.5768881227451,8.19587932243057,4.47226152834422));
#5562=CARTESIAN_POINT('Ctrl Pts',(6.61274633141881,8.19587932243065,4.34287723383967));
#5563=CARTESIAN_POINT('Ctrl Pts',(6.61398617742885,8.19587932243063,4.27632583122422));
#5564=CARTESIAN_POINT('Ctrl Pts',(6.60908261491904,8.19587932243064,4.22923180194769));
#5565=CARTESIAN_POINT('Ctrl Pts',(6.60745984679995,8.19587932243065,4.17255677335958));
#5566=CARTESIAN_POINT('Ctrl Pts',(6.60339806864601,8.19587932243065,4.10350709396012));
#5567=CARTESIAN_POINT('Ctrl Pts',(6.59873825938945,8.19587932243065,4.01181430546572));
#5568=CARTESIAN_POINT('Ctrl Pts',(6.59022883357039,8.19587932243066,3.85117648781944));
#5569=CARTESIAN_POINT('Ctrl Pts',(6.5782567986298,8.19587932243082,3.62178496942529));
#5570=CARTESIAN_POINT('Ctrl Pts',(6.56863002884512,8.19587932243078,3.43824749662318));
#5571=CARTESIAN_POINT('Ctrl Pts',(6.56381664395278,8.19587932243076,3.34647876022214));
#5572=CARTESIAN_POINT('Ctrl Pts',(4.9459430095956,8.20000008194318,6.85037466319911));
#5573=CARTESIAN_POINT('Ctrl Pts',(4.9676637007624,8.20000008194324,6.84835559152178));
#5574=CARTESIAN_POINT('Ctrl Pts',(5.01027788243163,8.20000008194335,6.8446748331798));
#5575=CARTESIAN_POINT('Ctrl Pts',(5.06400051502034,8.20000008194331,6.82411405873359));
#5576=CARTESIAN_POINT('Ctrl Pts',(5.1453894106763,8.20000008194327,6.78381858420831));
#5577=CARTESIAN_POINT('Ctrl Pts',(5.23963495586334,8.20000008194315,6.71652128202451));
#5578=CARTESIAN_POINT('Ctrl Pts',(5.33905727977982,8.20000008194311,6.62972274060113));
#5579=CARTESIAN_POINT('Ctrl Pts',(5.45924568201435,8.20000008194308,6.50852313328304));
#5580=CARTESIAN_POINT('Ctrl Pts',(5.59362657198558,8.20000008194313,6.3500175092851));
#5581=CARTESIAN_POINT('Ctrl Pts',(5.78340048802735,8.20000008194332,6.08525712859354));
#5582=CARTESIAN_POINT('Ctrl Pts',(5.98816882985952,8.20000008194322,5.73996767226834));
#5583=CARTESIAN_POINT('Ctrl Pts',(6.19990431790746,8.2000000819432,5.31060187414416));
#5584=CARTESIAN_POINT('Ctrl Pts',(6.35052971247523,8.20000008194319,4.94138698381167));
#5585=CARTESIAN_POINT('Ctrl Pts',(6.4577277668113,8.20000008194322,4.64013690354762));
#5586=CARTESIAN_POINT('Ctrl Pts',(6.51377324617098,8.20000008194316,4.4470153933432));
#5587=CARTESIAN_POINT('Ctrl Pts',(6.54910777546409,8.2000000819432,4.32100254924428));
#5588=CARTESIAN_POINT('Ctrl Pts',(6.54378048789202,8.20000008194322,4.25328214698539));
#5589=CARTESIAN_POINT('Ctrl Pts',(6.54174061323691,8.20000008194322,4.20880323140674));
#5590=CARTESIAN_POINT('Ctrl Pts',(6.53867208368555,8.20000008194323,4.15297535083454));
#5591=CARTESIAN_POINT('Ctrl Pts',(6.53521184466819,8.20000008194322,4.08608000196303));
#5592=CARTESIAN_POINT('Ctrl Pts',(6.53052076075547,8.20000008194322,3.99685201781094));
#5593=CARTESIAN_POINT('Ctrl Pts',(6.52234742459244,8.20000008194326,3.84071894002103));
#5594=CARTESIAN_POINT('Ctrl Pts',(6.51065249458911,8.20000008194339,3.61766337837753));
#5595=CARTESIAN_POINT('Ctrl Pts',(6.50130154815757,8.20000008194335,3.43922117194769));
#5596=CARTESIAN_POINT('Ctrl Pts',(6.49662607494179,8.20000008194333,3.35000006873275));
#5597=CARTESIAN_POINT('Ctrl Pts',(4.95,7.2,7.84999999999998));
#5598=CARTESIAN_POINT('Ctrl Pts',(4.95,7.46179938779915,7.84999999999991));
#5599=CARTESIAN_POINT('Ctrl Pts',(4.95,7.72198665876326,7.74222690360965));
#5600=CARTESIAN_POINT('Ctrl Pts',(4.94999999999999,8.09222690360969,7.37198665876302));
#5601=CARTESIAN_POINT('Ctrl Pts',(4.95,8.1999999999998,7.11179938779887));
#5602=CARTESIAN_POINT('Ctrl Pts',(4.95,8.19999999999978,6.84999999999973));
#5603=CARTESIAN_POINT('Origin',(4.95,7.19999999999974,6.84999999999998));
#5604=CARTESIAN_POINT('Origin',(-6.75000000000001,8.3,3.69999999999973));
#5605=CARTESIAN_POINT('',(6.75,8.3,3.74999999999973));
#5606=CARTESIAN_POINT('',(-6.75000000000001,8.3,3.74999999999973));
#5607=CARTESIAN_POINT('',(-6.75000000000001,8.3,3.74999999999973));
#5608=CARTESIAN_POINT('',(6.75,8.3,3.69999999999973));
#5609=CARTESIAN_POINT('',(6.75,8.3,3.69999999999973));
#5610=CARTESIAN_POINT('',(-6.75000000000001,8.3,3.69999999999973));
#5611=CARTESIAN_POINT('',(-6.75000000000001,8.3,3.69999999999973));
#5612=CARTESIAN_POINT('',(-6.75000000000001,8.3,3.69999999999973));
#5613=CARTESIAN_POINT('Origin',(-6.75000000000001,7.4,3.69999999999973));
#5614=CARTESIAN_POINT('',(-7.65000000000001,7.4,3.74999999999973));
#5615=CARTESIAN_POINT('Origin',(-6.75000000000001,7.4,3.74999999999973));
#5616=CARTESIAN_POINT('',(-7.65000000000001,7.4,3.69999999999973));
#5617=CARTESIAN_POINT('Origin',(-6.75000000000001,7.4,3.69999999999973));
#5618=CARTESIAN_POINT('',(-7.65000000000001,7.4,3.69999999999973));
#5619=CARTESIAN_POINT('Origin',(-7.65000000000001,0.399999999999996,3.69999999999973));
#5620=CARTESIAN_POINT('',(-7.65000000000001,0.399999999999996,3.74999999999973));
#5621=CARTESIAN_POINT('',(-7.65000000000001,0.399999999999996,3.74999999999973));
#5622=CARTESIAN_POINT('',(-7.65000000000001,0.399999999999996,3.69999999999973));
#5623=CARTESIAN_POINT('',(-7.65000000000001,0.399999999999996,3.69999999999973));
#5624=CARTESIAN_POINT('',(-7.65000000000001,0.399999999999996,3.69999999999973));
#5625=CARTESIAN_POINT('Origin',(7.65,0.399999999999998,3.69999999999973));
#5626=CARTESIAN_POINT('',(7.65,0.399999999999998,3.74999999999973));
#5627=CARTESIAN_POINT('',(7.65,0.399999999999998,3.74999999999973));
#5628=CARTESIAN_POINT('',(7.65,0.399999999999998,3.69999999999973));
#5629=CARTESIAN_POINT('',(7.65,0.399999999999998,3.69999999999973));
#5630=CARTESIAN_POINT('',(7.65,0.399999999999998,3.69999999999973));
#5631=CARTESIAN_POINT('Origin',(7.65,7.4,3.69999999999973));
#5632=CARTESIAN_POINT('',(7.65,7.4,3.74999999999973));
#5633=CARTESIAN_POINT('',(7.65,7.4,3.74999999999973));
#5634=CARTESIAN_POINT('',(7.65,7.4,3.69999999999973));
#5635=CARTESIAN_POINT('',(7.65,7.4,3.69999999999973));
#5636=CARTESIAN_POINT('',(7.65,7.4,3.69999999999973));
#5637=CARTESIAN_POINT('Origin',(6.75,7.4,3.69999999999973));
#5638=CARTESIAN_POINT('Origin',(6.75,7.4,3.74999999999973));
#5639=CARTESIAN_POINT('Origin',(6.75,7.4,3.69999999999973));
#5640=CARTESIAN_POINT('Origin',(6.75,7.4,3.74999999999973));
#5641=CARTESIAN_POINT('',(7.75,0.299999999999999,3.74999999999973));
#5642=CARTESIAN_POINT('',(7.75,0.299999999999999,3.74999999999973));
#5643=CARTESIAN_POINT('Origin',(6.75,7.4,3.69999999999973));
#5644=CARTESIAN_POINT('',(7.75,7.4,3.69999999999973));
#5645=CARTESIAN_POINT('',(6.75,8.4,3.69999999999973));
#5646=CARTESIAN_POINT('Origin',(6.75,7.4,3.69999999999973));
#5647=CARTESIAN_POINT('',(-6.75000000000001,8.4,3.69999999999973));
#5648=CARTESIAN_POINT('',(-6.75000000000001,8.4,3.69999999999973));
#5649=CARTESIAN_POINT('',(-7.75000000000001,7.4,3.69999999999973));
#5650=CARTESIAN_POINT('Origin',(-6.75000000000001,7.4,3.69999999999973));
#5651=CARTESIAN_POINT('',(-7.75000000000001,0.299999999999996,3.69999999999973));
#5652=CARTESIAN_POINT('',(-7.75000000000001,0.299999999999996,3.69999999999973));
#5653=CARTESIAN_POINT('',(7.75,0.299999999999999,3.69999999999973));
#5654=CARTESIAN_POINT('',(7.75,0.299999999999999,3.69999999999973));
#5655=CARTESIAN_POINT('',(7.75,7.4,3.69999999999973));
#5656=CARTESIAN_POINT('Origin',(-6.75000000000001,7.4,6.25621359775623));
#5657=CARTESIAN_POINT('',(-6.75000000000001,8.4,6.25621359775623));
#5658=CARTESIAN_POINT('',(-7.75000000000001,7.4,-1.65000000000027));
#5659=CARTESIAN_POINT('Origin',(6.75,7.4,6.25621359775623));
#5660=CARTESIAN_POINT('',(7.75,7.4,-1.65000000000027));
#5661=CARTESIAN_POINT('',(6.75,8.4,6.25621359775623));
#5662=CARTESIAN_POINT('Origin',(7.75,-8.67361737988404E-16,-1.65000000000027));
#5663=CARTESIAN_POINT('',(7.75,7.4,-1.65000000000027));
#5664=CARTESIAN_POINT('',(7.75,0.299999999999999,-1.65000000000027));
#5665=CARTESIAN_POINT('Origin',(-7.75,-2.60208521396521E-15,-1.65000000000027));
#5666=CARTESIAN_POINT('',(-7.75000000000001,0.299999999999996,4.34999999999973));
#5667=CARTESIAN_POINT('Origin',(6.83896076284076,8.4,6.25621359775623));
#5668=CARTESIAN_POINT('',(-6.75000000000001,8.4,6.25621359775623));
#5669=CARTESIAN_POINT('',(6.75,8.4,6.25621359775623));
#5670=CARTESIAN_POINT('Origin',(-6.75000000000001,7.4,6.25621359775623));
#5671=CARTESIAN_POINT('',(-7.75000000000001,7.4,-1.65000000000027));
#5672=CARTESIAN_POINT('Origin',(6.75,7.4,6.25621359775623));
#5673=CARTESIAN_POINT('Origin',(7.75,-8.67361737988404E-16,-1.65000000000027));
#5674=CARTESIAN_POINT('',(7.75,0.299999999999999,-1.65000000000027));
#5675=CARTESIAN_POINT('Origin',(-7.75,-2.60208521396521E-15,-1.65000000000027));
#5676=CARTESIAN_POINT('',(-7.75000000000001,0.299999999999996,4.34999999999973));
#5677=CARTESIAN_POINT('Origin',(6.83896076284076,0.299999999999998,6.25621359775623));
#5678=CARTESIAN_POINT('Origin',(6.83896076284076,0.299999999999998,6.25621359775623));
#5679=CARTESIAN_POINT('Origin',(5.29559970883949,2.86653232551647,-1.85000000000027));
#5680=CARTESIAN_POINT('',(4.22568125944863,3.93645077490732,-1.85000000000027));
#5681=CARTESIAN_POINT('',(5.18719734153784,2.97493469281811,-1.85000000000027));
#5682=CARTESIAN_POINT('',(5.29559970883949,2.86653232551647,-1.85000000000027));
#5683=CARTESIAN_POINT('',(4.22568125944863,3.93645077490732,-9.65000000000027));
#5684=CARTESIAN_POINT('',(4.22568125944863,3.93645077490732,-1.85000000000027));
#5685=CARTESIAN_POINT('',(4.83245404978486,3.32967798457109,-9.65000000000027));
#5686=CARTESIAN_POINT('',(5.29559970883949,2.86653232551647,-9.65000000000027));
#5687=CARTESIAN_POINT('',(5.18719734153784,2.97493469281811,-9.15000000000027));
#5688=CARTESIAN_POINT('Ctrl Pts',(4.83245404978485,3.32967798457109,-9.65000000000027));
#5689=CARTESIAN_POINT('Ctrl Pts',(4.87631565683726,3.28581637751869,-9.65000000000027));
#5690=CARTESIAN_POINT('Ctrl Pts',(4.92794517579245,3.2341868585635,-9.63552773701958));
#5691=CARTESIAN_POINT('Ctrl Pts',(5.00889911933054,3.15323291502541,-9.58819429369736));
#5692=CARTESIAN_POINT('Ctrl Pts',(5.05257112460862,3.10956090974733,-9.54702270879097));
#5693=CARTESIAN_POINT('Ctrl Pts',(5.11441306277398,3.04771897158197,-9.45970800118486));
#5694=CARTESIAN_POINT('Ctrl Pts',(5.14355083801635,3.0185811963396,-9.39815513951845));
#5695=CARTESIAN_POINT('Ctrl Pts',(5.17697565441164,2.98515637994431,-9.28419613042275));
#5696=CARTESIAN_POINT('Ctrl Pts',(5.18719734153784,2.97493469281811,-9.21164648656184));
#5697=CARTESIAN_POINT('Ctrl Pts',(5.18719734153784,2.97493469281811,-9.15000000000027));
#5698=CARTESIAN_POINT('',(5.18719734153784,2.97493469281811,-9.65000000000027));
#5699=CARTESIAN_POINT('Origin',(5.08346767448353,2.6544002911605,-1.85000000000027));
#5700=CARTESIAN_POINT('',(4.97506530718188,2.76280265846215,-9.15000000000027));
#5701=CARTESIAN_POINT('',(4.6203220154289,3.11754595021513,-9.65000000000027));
#5702=CARTESIAN_POINT('Ctrl Pts',(4.97506530718187,2.76280265846215,-9.15000000000027));
#5703=CARTESIAN_POINT('Ctrl Pts',(4.97506530718187,2.76280265846215,-9.21164648656184));
#5704=CARTESIAN_POINT('Ctrl Pts',(4.96484362005568,2.77302434558835,-9.28419613042275));
#5705=CARTESIAN_POINT('Ctrl Pts',(4.93141880366039,2.80644916198364,-9.39815513951845));
#5706=CARTESIAN_POINT('Ctrl Pts',(4.90228102841802,2.83558693722601,-9.45970800118486));
#5707=CARTESIAN_POINT('Ctrl Pts',(4.84043909025266,2.89742887539137,-9.54702270879097));
#5708=CARTESIAN_POINT('Ctrl Pts',(4.79676708497457,2.94110088066945,-9.58819429369736));
#5709=CARTESIAN_POINT('Ctrl Pts',(4.71581314143649,3.02205482420753,-9.63552773701958));
#5710=CARTESIAN_POINT('Ctrl Pts',(4.66418362248129,3.07368434316273,-9.65000000000027));
#5711=CARTESIAN_POINT('Ctrl Pts',(4.62032201542889,3.11754595021513,-9.65000000000027));
#5712=CARTESIAN_POINT('',(4.01354922509267,3.72431874055135,-9.65000000000027));
#5713=CARTESIAN_POINT('',(5.08346767448353,2.6544002911605,-9.65000000000027));
#5714=CARTESIAN_POINT('',(4.01354922509267,3.72431874055135,-1.85000000000027));
#5715=CARTESIAN_POINT('',(4.01354922509267,3.72431874055135,-1.85000000000027));
#5716=CARTESIAN_POINT('',(4.97506530718188,2.76280265846215,-1.85000000000027));
#5717=CARTESIAN_POINT('',(5.08346767448353,2.6544002911605,-1.85000000000027));
#5718=CARTESIAN_POINT('',(4.97506530718188,2.76280265846215,-9.65000000000027));
#5719=CARTESIAN_POINT('Origin',(3.6,4.35,-1.85000000000027));
#5720=CARTESIAN_POINT('Origin',(3.6,4.35,-1.85000000000027));
#5721=CARTESIAN_POINT('Origin',(3.6,4.35,-1.85000000000027));
#5722=CARTESIAN_POINT('Origin',(2.11653232551644,2.65440029116051,-1.85000000000027));
#5723=CARTESIAN_POINT('',(3.1864507749073,3.72431874055137,-1.85000000000027));
#5724=CARTESIAN_POINT('',(2.2249346928181,2.76280265846217,-1.85000000000027));
#5725=CARTESIAN_POINT('',(2.11653232551644,2.65440029116051,-1.85000000000027));
#5726=CARTESIAN_POINT('',(3.1864507749073,3.72431874055137,-9.65000000000027));
#5727=CARTESIAN_POINT('',(3.1864507749073,3.72431874055137,-1.85000000000027));
#5728=CARTESIAN_POINT('',(2.57967798457108,3.11754595021515,-9.65000000000027));
#5729=CARTESIAN_POINT('',(2.11653232551644,2.65440029116051,-9.65000000000027));
#5730=CARTESIAN_POINT('',(2.2249346928181,2.76280265846217,-9.15000000000027));
#5731=CARTESIAN_POINT('Ctrl Pts',(2.57967798457108,3.11754595021515,-9.65000000000027));
#5732=CARTESIAN_POINT('Ctrl Pts',(2.53581637751868,3.07368434316275,-9.65000000000027));
#5733=CARTESIAN_POINT('Ctrl Pts',(2.48418685856349,3.02205482420755,-9.63552773701958));
#5734=CARTESIAN_POINT('Ctrl Pts',(2.4032329150254,2.94110088066947,-9.58819429369736));
#5735=CARTESIAN_POINT('Ctrl Pts',(2.35956090974732,2.89742887539138,-9.54702270879097));
#5736=CARTESIAN_POINT('Ctrl Pts',(2.29771897158196,2.83558693722602,-9.45970800118486));
#5737=CARTESIAN_POINT('Ctrl Pts',(2.26858119633959,2.80644916198365,-9.39815513951845));
#5738=CARTESIAN_POINT('Ctrl Pts',(2.2351563799443,2.77302434558837,-9.28419613042275));
#5739=CARTESIAN_POINT('Ctrl Pts',(2.2249346928181,2.76280265846217,-9.21164648656184));
#5740=CARTESIAN_POINT('Ctrl Pts',(2.2249346928181,2.76280265846217,-9.15000000000027));
#5741=CARTESIAN_POINT('',(2.2249346928181,2.76280265846217,-9.65000000000027));
#5742=CARTESIAN_POINT('Origin',(1.90440029116048,2.86653232551647,-1.85000000000027));
#5743=CARTESIAN_POINT('',(2.01280265846214,2.97493469281813,-9.15000000000027));
#5744=CARTESIAN_POINT('',(2.36754595021512,3.32967798457111,-9.65000000000027));
#5745=CARTESIAN_POINT('Ctrl Pts',(2.01280265846214,2.97493469281813,-9.15000000000027));
#5746=CARTESIAN_POINT('Ctrl Pts',(2.01280265846214,2.97493469281813,-9.21164648656184));
#5747=CARTESIAN_POINT('Ctrl Pts',(2.02302434558834,2.98515637994433,-9.28419613042275));
#5748=CARTESIAN_POINT('Ctrl Pts',(2.05644916198363,3.01858119633962,-9.39815513951845));
#5749=CARTESIAN_POINT('Ctrl Pts',(2.085586937226,3.04771897158199,-9.45970800118486));
#5750=CARTESIAN_POINT('Ctrl Pts',(2.14742887539136,3.10956090974735,-9.54702270879097));
#5751=CARTESIAN_POINT('Ctrl Pts',(2.19110088066944,3.15323291502543,-9.58819429369736));
#5752=CARTESIAN_POINT('Ctrl Pts',(2.27205482420753,3.23418685856352,-9.63552773701958));
#5753=CARTESIAN_POINT('Ctrl Pts',(2.32368434316272,3.28581637751871,-9.65000000000027));
#5754=CARTESIAN_POINT('Ctrl Pts',(2.36754595021512,3.32967798457111,-9.65000000000027));
#5755=CARTESIAN_POINT('',(2.97431874055134,3.93645077490733,-9.65000000000027));
#5756=CARTESIAN_POINT('',(1.90440029116048,2.86653232551647,-9.65000000000027));
#5757=CARTESIAN_POINT('',(2.97431874055134,3.93645077490733,-1.85000000000027));
#5758=CARTESIAN_POINT('',(2.97431874055134,3.93645077490733,-1.85000000000027));
#5759=CARTESIAN_POINT('',(2.01280265846214,2.97493469281813,-1.85000000000027));
#5760=CARTESIAN_POINT('',(1.90440029116048,2.86653232551647,-1.85000000000027));
#5761=CARTESIAN_POINT('',(2.01280265846214,2.97493469281813,-9.65000000000027));
#5762=CARTESIAN_POINT('Origin',(3.6,4.35,-1.85000000000027));
#5763=CARTESIAN_POINT('Origin',(3.6,4.35,-1.85000000000027));
#5764=CARTESIAN_POINT('Origin',(3.6,4.35,-1.85000000000027));
#5765=CARTESIAN_POINT('Origin',(1.9044002911605,5.83346767448356,-1.85000000000027));
#5766=CARTESIAN_POINT('',(2.97431874055135,4.7635492250927,-1.85000000000027));
#5767=CARTESIAN_POINT('',(2.01280265846216,5.72506530718189,-1.85000000000027));
#5768=CARTESIAN_POINT('',(1.9044002911605,5.83346767448356,-1.85000000000027));
#5769=CARTESIAN_POINT('',(2.97431874055135,4.7635492250927,-9.65000000000027));
#5770=CARTESIAN_POINT('',(2.97431874055135,4.7635492250927,-1.85000000000027));
#5771=CARTESIAN_POINT('',(2.36754595021514,5.37032201542891,-9.65000000000027));
#5772=CARTESIAN_POINT('',(1.9044002911605,5.83346767448356,-9.65000000000027));
#5773=CARTESIAN_POINT('',(2.01280265846216,5.72506530718189,-9.15000000000027));
#5774=CARTESIAN_POINT('Ctrl Pts',(2.36754595021514,5.37032201542891,-9.65000000000027));
#5775=CARTESIAN_POINT('Ctrl Pts',(2.32368434316274,5.41418362248131,-9.65000000000027));
#5776=CARTESIAN_POINT('Ctrl Pts',(2.27205482420754,5.46581314143651,-9.63552773701958));
#5777=CARTESIAN_POINT('Ctrl Pts',(2.19110088066946,5.54676708497459,-9.58819429369736));
#5778=CARTESIAN_POINT('Ctrl Pts',(2.14742887539138,5.59043909025268,-9.54702270879097));
#5779=CARTESIAN_POINT('Ctrl Pts',(2.08558693722602,5.65228102841804,-9.45970800118486));
#5780=CARTESIAN_POINT('Ctrl Pts',(2.05644916198365,5.68141880366041,-9.39815513951845));
#5781=CARTESIAN_POINT('Ctrl Pts',(2.02302434558836,5.7148436200557,-9.28419613042275));
#5782=CARTESIAN_POINT('Ctrl Pts',(2.01280265846216,5.72506530718189,-9.21164648656184));
#5783=CARTESIAN_POINT('Ctrl Pts',(2.01280265846216,5.72506530718189,-9.15000000000027));
#5784=CARTESIAN_POINT('',(2.01280265846216,5.72506530718189,-9.65000000000027));
#5785=CARTESIAN_POINT('Origin',(2.11653232551645,6.04559970883952,-1.85000000000027));
#5786=CARTESIAN_POINT('',(2.22493469281812,5.93719734153786,-9.15000000000027));
#5787=CARTESIAN_POINT('',(2.57967798457111,5.58245404978487,-9.65000000000027));
#5788=CARTESIAN_POINT('Ctrl Pts',(2.22493469281812,5.93719734153785,-9.15000000000027));
#5789=CARTESIAN_POINT('Ctrl Pts',(2.22493469281812,5.93719734153785,-9.21164648656184));
#5790=CARTESIAN_POINT('Ctrl Pts',(2.23515637994432,5.92697565441166,-9.28419613042275));
#5791=CARTESIAN_POINT('Ctrl Pts',(2.26858119633961,5.89355083801637,-9.39815513951845));
#5792=CARTESIAN_POINT('Ctrl Pts',(2.29771897158198,5.864413062774,-9.45970800118486));
#5793=CARTESIAN_POINT('Ctrl Pts',(2.35956090974734,5.80257112460864,-9.54702270879097));
#5794=CARTESIAN_POINT('Ctrl Pts',(2.40323291502542,5.75889911933055,-9.58819429369736));
#5795=CARTESIAN_POINT('Ctrl Pts',(2.48418685856351,5.67794517579247,-9.63552773701958));
#5796=CARTESIAN_POINT('Ctrl Pts',(2.5358163775187,5.62631565683727,-9.65000000000027));
#5797=CARTESIAN_POINT('Ctrl Pts',(2.5796779845711,5.58245404978487,-9.65000000000027));
#5798=CARTESIAN_POINT('',(3.18645077490732,4.97568125944866,-9.65000000000027));
#5799=CARTESIAN_POINT('',(2.11653232551645,6.04559970883952,-9.65000000000027));
#5800=CARTESIAN_POINT('',(3.18645077490732,4.97568125944866,-1.85000000000027));
#5801=CARTESIAN_POINT('',(3.18645077490732,4.97568125944866,-1.85000000000027));
#5802=CARTESIAN_POINT('',(2.22493469281812,5.93719734153786,-1.85000000000027));
#5803=CARTESIAN_POINT('',(2.11653232551645,6.04559970883952,-1.85000000000027));
#5804=CARTESIAN_POINT('',(2.22493469281812,5.93719734153786,-9.65000000000027));
#5805=CARTESIAN_POINT('Origin',(3.6,4.35,-1.85000000000027));
#5806=CARTESIAN_POINT('Origin',(3.6,4.35,-1.85000000000027));
#5807=CARTESIAN_POINT('Origin',(3.6,4.35,-1.85000000000027));
#5808=CARTESIAN_POINT('Origin',(5.08346767448355,6.0455997088395,-1.85000000000027));
#5809=CARTESIAN_POINT('',(4.01354922509269,4.97568125944864,-1.85000000000027));
#5810=CARTESIAN_POINT('',(4.97506530718189,5.93719734153784,-1.85000000000027));
#5811=CARTESIAN_POINT('',(5.08346767448355,6.0455997088395,-1.85000000000027));
#5812=CARTESIAN_POINT('',(4.01354922509269,4.97568125944864,-9.65000000000027));
#5813=CARTESIAN_POINT('',(4.01354922509269,4.97568125944864,-1.85000000000027));
#5814=CARTESIAN_POINT('',(4.62032201542891,5.58245404978486,-9.65000000000027));
#5815=CARTESIAN_POINT('',(5.08346767448355,6.0455997088395,-9.65000000000027));
#5816=CARTESIAN_POINT('',(4.97506530718189,5.93719734153784,-9.15000000000027));
#5817=CARTESIAN_POINT('Ctrl Pts',(4.6203220154289,5.58245404978486,-9.65000000000027));
#5818=CARTESIAN_POINT('Ctrl Pts',(4.66418362248131,5.62631565683726,-9.65000000000027));
#5819=CARTESIAN_POINT('Ctrl Pts',(4.7158131414365,5.67794517579246,-9.63552773701958));
#5820=CARTESIAN_POINT('Ctrl Pts',(4.79676708497459,5.75889911933054,-9.58819429369736));
#5821=CARTESIAN_POINT('Ctrl Pts',(4.84043909025267,5.80257112460863,-9.54702270879097));
#5822=CARTESIAN_POINT('Ctrl Pts',(4.90228102841803,5.86441306277398,-9.45970800118486));
#5823=CARTESIAN_POINT('Ctrl Pts',(4.9314188036604,5.89355083801635,-9.39815513951845));
#5824=CARTESIAN_POINT('Ctrl Pts',(4.96484362005569,5.92697565441164,-9.28419613042275));
#5825=CARTESIAN_POINT('Ctrl Pts',(4.97506530718189,5.93719734153784,-9.21164648656184));
#5826=CARTESIAN_POINT('Ctrl Pts',(4.97506530718189,5.93719734153784,-9.15000000000027));
#5827=CARTESIAN_POINT('',(4.97506530718189,5.93719734153784,-9.65000000000027));
#5828=CARTESIAN_POINT('Origin',(5.29559970883951,5.83346767448353,-1.85000000000027));
#5829=CARTESIAN_POINT('',(5.18719734153785,5.72506530718187,-9.15000000000027));
#5830=CARTESIAN_POINT('',(4.83245404978487,5.37032201542889,-9.65000000000027));
#5831=CARTESIAN_POINT('Ctrl Pts',(5.18719734153785,5.72506530718187,-9.15000000000027));
#5832=CARTESIAN_POINT('Ctrl Pts',(5.18719734153785,5.72506530718187,-9.21164648656184));
#5833=CARTESIAN_POINT('Ctrl Pts',(5.17697565441165,5.71484362005568,-9.28419613042275));
#5834=CARTESIAN_POINT('Ctrl Pts',(5.14355083801636,5.68141880366039,-9.39815513951845));
#5835=CARTESIAN_POINT('Ctrl Pts',(5.11441306277399,5.65228102841802,-9.45970800118486));
#5836=CARTESIAN_POINT('Ctrl Pts',(5.05257112460863,5.59043909025266,-9.54702270879097));
#5837=CARTESIAN_POINT('Ctrl Pts',(5.00889911933055,5.54676708497458,-9.58819429369736));
#5838=CARTESIAN_POINT('Ctrl Pts',(4.92794517579247,5.46581314143649,-9.63552773701958));
#5839=CARTESIAN_POINT('Ctrl Pts',(4.87631565683727,5.4141836224813,-9.65000000000027));
#5840=CARTESIAN_POINT('Ctrl Pts',(4.83245404978487,5.37032201542889,-9.65000000000027));
#5841=CARTESIAN_POINT('',(4.22568125944865,4.76354922509268,-9.65000000000027));
#5842=CARTESIAN_POINT('',(5.29559970883951,5.83346767448353,-9.65000000000027));
#5843=CARTESIAN_POINT('',(4.22568125944865,4.76354922509268,-1.85000000000027));
#5844=CARTESIAN_POINT('',(4.22568125944865,4.76354922509268,-1.85000000000027));
#5845=CARTESIAN_POINT('',(5.18719734153785,5.72506530718187,-1.85000000000027));
#5846=CARTESIAN_POINT('',(5.29559970883951,5.83346767448353,-1.85000000000027));
#5847=CARTESIAN_POINT('',(5.18719734153785,5.72506530718187,-9.65000000000027));
#5848=CARTESIAN_POINT('Origin',(3.6,4.35,-1.85000000000027));
#5849=CARTESIAN_POINT('Origin',(3.6,4.35,-1.85000000000027));
#5850=CARTESIAN_POINT('Origin',(3.6,4.35,-1.85000000000027));
#5851=CARTESIAN_POINT('Origin',(3.6,4.35,-9.15000000000027));
#5852=CARTESIAN_POINT('Origin',(3.6,4.35,-9.65000000000027));
#5853=CARTESIAN_POINT('Origin',(3.6,4.35,-9.15000000000027));
#5854=CARTESIAN_POINT('Origin',(3.6,4.35,-9.65000000000027));
#5855=CARTESIAN_POINT('Origin',(3.6,4.35,-9.65000000000027));
#5856=CARTESIAN_POINT('Origin',(3.6,4.35,-9.65000000000027));
#5857=CARTESIAN_POINT('',(2.85,4.35,-9.65000000000027));
#5858=CARTESIAN_POINT('Origin',(3.6,4.35,-9.65000000000027));
#5859=CARTESIAN_POINT('',(2.85,4.35,-1.65000000000027));
#5860=CARTESIAN_POINT('',(2.85,4.35,-9.65000000000027));
#5861=CARTESIAN_POINT('Origin',(3.6,4.35,-1.65000000000027));
#5862=CARTESIAN_POINT('Origin',(3.6,4.35,-9.65000000000027));
#5863=CARTESIAN_POINT('Origin',(3.6,4.35,-9.65000000000027));
#5864=CARTESIAN_POINT('Origin',(3.6,4.35,-9.65000000000027));
#5865=CARTESIAN_POINT('',(1.5,4.35,-1.65000000000027));
#5866=CARTESIAN_POINT('Origin',(3.6,4.35,-1.65000000000027));
#5867=CARTESIAN_POINT('',(1.5,4.35,-9.15000000000027));
#5868=CARTESIAN_POINT('',(1.5,4.35,-9.65000000000027));
#5869=CARTESIAN_POINT('Origin',(3.6,4.35,-9.15000000000027));
#5870=CARTESIAN_POINT('Origin',(3.6,4.35,-9.15000000000027));
#5871=CARTESIAN_POINT('Origin',(3.6,4.35,-9.15000000000027));
#5872=CARTESIAN_POINT('Origin',(3.6,4.35,-9.15000000000027));
#5873=CARTESIAN_POINT('Origin',(3.6,4.35,-1.65000000000027));
#5874=CARTESIAN_POINT('Origin',(3.6,4.35,-9.65000000000027));
#5875=CARTESIAN_POINT('Origin',(3.6,4.35,-9.15000000000027));
#5876=CARTESIAN_POINT('Origin',(3.6,4.35,-9.65000000000027));
#5877=CARTESIAN_POINT('Origin',(3.6,4.35,-9.15000000000027));
#5878=CARTESIAN_POINT('Origin',(3.6,4.35,-9.65000000000027));
#5879=CARTESIAN_POINT('Origin',(3.6,4.35,-9.15000000000027));
#5880=CARTESIAN_POINT('Origin',(3.6,4.35,-9.65000000000027));
#5881=CARTESIAN_POINT('Origin',(3.6,4.35,-9.65000000000027));
#5882=CARTESIAN_POINT('Origin',(3.6,4.35,-9.65000000000027));
#5883=CARTESIAN_POINT('Origin',(3.6,4.35,-9.65000000000027));
#5884=CARTESIAN_POINT('Origin',(6.83896076284076,-2.55,-0.4855095289373));
#5885=CARTESIAN_POINT('',(-7.00000000000001,-1.05,-0.749999999999999));
#5886=CARTESIAN_POINT('',(-7.00000000000001,-2.55000000000001,-0.4855095289373));
#5887=CARTESIAN_POINT('',(-7.,-14.9145633324627,1.69469659125441));
#5888=CARTESIAN_POINT('',(-6.50000000000001,-1.05,-0.749999999999999));
#5889=CARTESIAN_POINT('',(-7.00000000000001,-1.05,-0.749999999999999));
#5890=CARTESIAN_POINT('',(-6.5,-2.55000000000001,-0.4855095289373));
#5891=CARTESIAN_POINT('',(-6.5,-14.6580482249685,1.64946605684385));
#5892=CARTESIAN_POINT('',(-6.5,-2.55000000000001,-0.4855095289373));
#5893=CARTESIAN_POINT('Origin',(6.83896076284076,-2.55,0.4855095289373));
#5894=CARTESIAN_POINT('',(-6.50000000000001,-1.05,0.74999999999999));
#5895=CARTESIAN_POINT('',(-6.5,-2.55000000000001,0.4855095289373));
#5896=CARTESIAN_POINT('',(-6.5,-14.9145633324628,-1.69469659125439));
#5897=CARTESIAN_POINT('',(-7.00000000000001,-1.05,0.74999999999999));
#5898=CARTESIAN_POINT('',(-6.50000000000001,-1.05,0.74999999999999));
#5899=CARTESIAN_POINT('',(-7.00000000000001,-2.55000000000001,0.4855095289373));
#5900=CARTESIAN_POINT('',(-7.,-14.6580482249685,-1.64946605684383));
#5901=CARTESIAN_POINT('',(-7.00000000000001,-2.55000000000001,0.4855095289373));
#5902=CARTESIAN_POINT('Origin',(-4.35762537165374E-15,8.2,-9.35000000000027));
#5903=CARTESIAN_POINT('',(-6.50000000000001,8.2,0.749999999999987));
#5904=CARTESIAN_POINT('',(-6.50000000000001,8.2,-0.750000000000002));
#5905=CARTESIAN_POINT('',(-6.50000000000001,8.2,0.749999999999987));
#5906=CARTESIAN_POINT('',(-7.00000000000001,8.2,-0.750000000000002));
#5907=CARTESIAN_POINT('',(-6.50000000000001,8.2,-0.750000000000002));
#5908=CARTESIAN_POINT('',(-7.00000000000001,8.2,0.749999999999987));
#5909=CARTESIAN_POINT('',(-7.00000000000001,8.2,-0.750000000000002));
#5910=CARTESIAN_POINT('',(-7.00000000000001,8.2,0.749999999999987));
#5911=CARTESIAN_POINT('Origin',(6.83896076284076,-2.55,6.25621359775623));
#5912=CARTESIAN_POINT('',(-6.5,-2.55000000000001,-0.749999999999999));
#5913=CARTESIAN_POINT('',(-7.00000000000001,-2.55000000000001,0.74999999999999));
#5914=CARTESIAN_POINT('Origin',(-7.,-15.0811388300842,0.749999999999994));
#5915=CARTESIAN_POINT('',(-7.,-15.0811388300842,0.749999999999994));
#5916=CARTESIAN_POINT('',(-7.,-15.0811388300842,-0.749999999999996));
#5917=CARTESIAN_POINT('Origin',(-6.5,-15.0811388300842,0.749999999999994));
#5918=CARTESIAN_POINT('',(-6.5,-15.0811388300842,0.749999999999994));
#5919=CARTESIAN_POINT('Origin',(-6.5,-15.0811388300842,-0.749999999999996));
#5920=CARTESIAN_POINT('',(-6.5,-15.0811388300842,-0.749999999999996));
#5921=CARTESIAN_POINT('Origin',(-7.,-15.0811388300842,-0.749999999999996));
#5922=CARTESIAN_POINT('Origin',(-3.6,-2.20000000000001,5.99999999999973));
#5923=CARTESIAN_POINT('',(-3.6,-2.20000000000001,7.24999999999973));
#5924=CARTESIAN_POINT('Origin',(-3.6,-2.20000000000001,5.99999999999973));
#5925=CARTESIAN_POINT('',(-3.6,-2.50000000000001,6.94999999999973));
#5926=CARTESIAN_POINT('',(-3.6,-2.20000000000001,7.24999999999973));
#5927=CARTESIAN_POINT('Origin',(-3.6,-2.5,5.99999999999973));
#5928=CARTESIAN_POINT('Origin',(-3.6,0.599999999999998,5.99999999999973));
#5929=CARTESIAN_POINT('',(-3.6,0.599999999999998,7.24999999999973));
#5930=CARTESIAN_POINT('Origin',(-3.6,0.599999999999998,5.99999999999973));
#5931=CARTESIAN_POINT('Origin',(-6.83896076284076,-2.50000000000001,6.25621359775623));
#5932=CARTESIAN_POINT('Origin',(-3.6,-16.9355339059328,5.99999999999974));
#5933=CARTESIAN_POINT('',(-3.6,-16.9355339059328,7.24999999999974));
#5934=CARTESIAN_POINT('Origin',(3.6,-2.2,5.99999999999973));
#5935=CARTESIAN_POINT('',(3.6,-2.2,7.24999999999973));
#5936=CARTESIAN_POINT('Origin',(3.6,-2.2,5.99999999999973));
#5937=CARTESIAN_POINT('',(3.6,-2.5,6.94999999999973));
#5938=CARTESIAN_POINT('',(3.6,-2.2,7.24999999999973));
#5939=CARTESIAN_POINT('Origin',(3.6,-2.5,5.99999999999973));
#5940=CARTESIAN_POINT('Origin',(3.6,0.599999999999999,5.99999999999973));
#5941=CARTESIAN_POINT('',(3.6,0.600000000000001,7.24999999999973));
#5942=CARTESIAN_POINT('Origin',(3.6,0.599999999999999,5.99999999999973));
#5943=CARTESIAN_POINT('Origin',(6.83896076284076,-2.5,6.25621359775623));
#5944=CARTESIAN_POINT('Origin',(3.60000000000001,-16.9355339059328,5.99999999999974));
#5945=CARTESIAN_POINT('',(3.60000000000001,-16.9355339059328,7.24999999999974));
#5946=CARTESIAN_POINT('Origin',(6.83896076284076,-2.55,-0.4855095289373));
#5947=CARTESIAN_POINT('',(6.5,-1.05,-0.749999999999999));
#5948=CARTESIAN_POINT('',(6.5,-2.55,-0.4855095289373));
#5949=CARTESIAN_POINT('',(6.5,-14.6580482249685,1.64946605684385));
#5950=CARTESIAN_POINT('',(7.,-1.05,-0.749999999999999));
#5951=CARTESIAN_POINT('',(6.5,-1.05,-0.749999999999999));
#5952=CARTESIAN_POINT('',(7.,-2.55,-0.4855095289373));
#5953=CARTESIAN_POINT('',(7.00000000000001,-14.9145633324627,1.69469659125441));
#5954=CARTESIAN_POINT('',(7.,-2.55,-0.4855095289373));
#5955=CARTESIAN_POINT('Origin',(6.83896076284076,-2.55,0.4855095289373));
#5956=CARTESIAN_POINT('',(7.,-1.05,0.74999999999999));
#5957=CARTESIAN_POINT('',(7.,-2.55,0.4855095289373));
#5958=CARTESIAN_POINT('',(7.00000000000001,-14.6580482249685,-1.64946605684383));
#5959=CARTESIAN_POINT('',(6.5,-1.05,0.74999999999999));
#5960=CARTESIAN_POINT('',(7.,-1.05,0.74999999999999));
#5961=CARTESIAN_POINT('',(6.5,-2.55,0.4855095289373));
#5962=CARTESIAN_POINT('',(6.50000000000001,-14.9145633324628,-1.69469659125439));
#5963=CARTESIAN_POINT('',(6.5,-2.55,0.4855095289373));
#5964=CARTESIAN_POINT('Origin',(-4.35762537165374E-15,8.2,-9.35000000000027));
#5965=CARTESIAN_POINT('',(7.,8.2,-0.750000000000002));
#5966=CARTESIAN_POINT('',(6.5,8.2,-0.750000000000002));
#5967=CARTESIAN_POINT('',(7.,8.2,-0.750000000000002));
#5968=CARTESIAN_POINT('',(6.5,8.2,0.749999999999987));
#5969=CARTESIAN_POINT('',(6.5,8.2,-0.750000000000002));
#5970=CARTESIAN_POINT('',(7.,8.2,0.749999999999987));
#5971=CARTESIAN_POINT('',(6.5,8.2,0.749999999999987));
#5972=CARTESIAN_POINT('',(7.,8.2,0.749999999999987));
#5973=CARTESIAN_POINT('Origin',(6.83896076284076,-2.55,6.25621359775623));
#5974=CARTESIAN_POINT('',(7.,-2.55,0.74999999999999));
#5975=CARTESIAN_POINT('',(6.5,-2.55,-0.749999999999999));
#5976=CARTESIAN_POINT('Origin',(6.5,-15.0811388300842,0.749999999999994));
#5977=CARTESIAN_POINT('',(6.5,-15.0811388300842,0.749999999999994));
#5978=CARTESIAN_POINT('',(7.00000000000001,-15.0811388300842,0.749999999999994));
#5979=CARTESIAN_POINT('Origin',(7.00000000000001,-15.0811388300842,0.749999999999994));
#5980=CARTESIAN_POINT('',(7.00000000000001,-15.0811388300842,-0.749999999999996));
#5981=CARTESIAN_POINT('Origin',(7.00000000000001,-15.0811388300842,-0.749999999999996));
#5982=CARTESIAN_POINT('',(6.5,-15.0811388300842,-0.749999999999996));
#5983=CARTESIAN_POINT('Origin',(6.5,-15.0811388300842,-0.749999999999996));
#5984=CARTESIAN_POINT('Origin',(-5.2955997088395,2.86653232551646,-1.85000000000027));
#5985=CARTESIAN_POINT('',(-4.22568125944863,3.93645077490732,-1.85000000000027));
#5986=CARTESIAN_POINT('',(-5.18719734153785,2.97493469281811,-1.85000000000027));
#5987=CARTESIAN_POINT('',(-5.2955997088395,2.86653232551646,-1.85000000000027));
#5988=CARTESIAN_POINT('',(-5.18719734153785,2.97493469281811,-9.15000000000027));
#5989=CARTESIAN_POINT('',(-5.18719734153785,2.97493469281811,-9.65000000000027));
#5990=CARTESIAN_POINT('',(-4.83245404978487,3.32967798457109,-9.65000000000027));
#5991=CARTESIAN_POINT('Ctrl Pts',(-4.83245404978486,3.32967798457109,-9.65000000000027));
#5992=CARTESIAN_POINT('Ctrl Pts',(-4.87631565683727,3.28581637751869,-9.65000000000027));
#5993=CARTESIAN_POINT('Ctrl Pts',(-4.92794517579246,3.23418685856349,-9.63552773701958));
#5994=CARTESIAN_POINT('Ctrl Pts',(-5.00889911933055,3.15323291502541,-9.58819429369736));
#5995=CARTESIAN_POINT('Ctrl Pts',(-5.05257112460863,3.10956090974733,-9.54702270879097));
#5996=CARTESIAN_POINT('Ctrl Pts',(-5.11441306277399,3.04771897158197,-9.45970800118486));
#5997=CARTESIAN_POINT('Ctrl Pts',(-5.14355083801636,3.0185811963396,-9.39815513951845));
#5998=CARTESIAN_POINT('Ctrl Pts',(-5.17697565441165,2.98515637994431,-9.28419613042275));
#5999=CARTESIAN_POINT('Ctrl Pts',(-5.18719734153785,2.97493469281811,-9.21164648656184));
#6000=CARTESIAN_POINT('Ctrl Pts',(-5.18719734153785,2.97493469281811,-9.15000000000027));
#6001=CARTESIAN_POINT('',(-4.22568125944863,3.93645077490732,-9.65000000000027));
#6002=CARTESIAN_POINT('',(-5.2955997088395,2.86653232551646,-9.65000000000027));
#6003=CARTESIAN_POINT('',(-4.22568125944863,3.93645077490732,-1.85000000000027));
#6004=CARTESIAN_POINT('Origin',(-5.08346767448354,2.6544002911605,-1.85000000000027));
#6005=CARTESIAN_POINT('',(-4.97506530718189,2.76280265846215,-9.15000000000027));
#6006=CARTESIAN_POINT('',(-4.62032201542891,3.11754595021513,-9.65000000000027));
#6007=CARTESIAN_POINT('Ctrl Pts',(-4.97506530718188,2.76280265846215,-9.15000000000027));
#6008=CARTESIAN_POINT('Ctrl Pts',(-4.97506530718188,2.76280265846215,-9.21164648656184));
#6009=CARTESIAN_POINT('Ctrl Pts',(-4.96484362005568,2.77302434558835,-9.28419613042275));
#6010=CARTESIAN_POINT('Ctrl Pts',(-4.9314188036604,2.80644916198363,-9.39815513951845));
#6011=CARTESIAN_POINT('Ctrl Pts',(-4.90228102841802,2.83558693722601,-9.45970800118486));
#6012=CARTESIAN_POINT('Ctrl Pts',(-4.84043909025267,2.89742887539136,-9.54702270879097));
#6013=CARTESIAN_POINT('Ctrl Pts',(-4.79676708497458,2.94110088066945,-9.58819429369736));
#6014=CARTESIAN_POINT('Ctrl Pts',(-4.7158131414365,3.02205482420753,-9.63552773701958));
#6015=CARTESIAN_POINT('Ctrl Pts',(-4.6641836224813,3.07368434316273,-9.65000000000027));
#6016=CARTESIAN_POINT('Ctrl Pts',(-4.6203220154289,3.11754595021513,-9.65000000000027));
#6017=CARTESIAN_POINT('',(-4.97506530718189,2.76280265846215,-1.85000000000027));
#6018=CARTESIAN_POINT('',(-4.97506530718189,2.76280265846215,-9.65000000000027));
#6019=CARTESIAN_POINT('',(-4.01354922509268,3.72431874055135,-1.85000000000027));
#6020=CARTESIAN_POINT('',(-5.08346767448354,2.6544002911605,-1.85000000000027));
#6021=CARTESIAN_POINT('',(-4.01354922509268,3.72431874055135,-9.65000000000027));
#6022=CARTESIAN_POINT('',(-4.01354922509268,3.72431874055135,-1.85000000000027));
#6023=CARTESIAN_POINT('',(-5.08346767448354,2.6544002911605,-9.65000000000027));
#6024=CARTESIAN_POINT('Origin',(-3.60000000000001,4.35,-1.85000000000027));
#6025=CARTESIAN_POINT('Origin',(-3.60000000000001,4.35,-1.85000000000027));
#6026=CARTESIAN_POINT('Origin',(-3.60000000000001,4.35,-1.85000000000027));
#6027=CARTESIAN_POINT('Origin',(-2.11653232551645,2.65440029116051,-1.85000000000027));
#6028=CARTESIAN_POINT('',(-3.18645077490731,3.72431874055137,-1.85000000000027));
#6029=CARTESIAN_POINT('',(-2.22493469281811,2.76280265846217,-1.85000000000027));
#6030=CARTESIAN_POINT('',(-2.11653232551645,2.65440029116051,-1.85000000000027));
#6031=CARTESIAN_POINT('',(-2.22493469281811,2.76280265846217,-9.15000000000027));
#6032=CARTESIAN_POINT('',(-2.22493469281811,2.76280265846217,-9.65000000000027));
#6033=CARTESIAN_POINT('',(-2.57967798457109,3.11754595021515,-9.65000000000027));
#6034=CARTESIAN_POINT('Ctrl Pts',(-2.57967798457109,3.11754595021515,-9.65000000000027));
#6035=CARTESIAN_POINT('Ctrl Pts',(-2.53581637751869,3.07368434316275,-9.65000000000027));
#6036=CARTESIAN_POINT('Ctrl Pts',(-2.48418685856349,3.02205482420755,-9.63552773701958));
#6037=CARTESIAN_POINT('Ctrl Pts',(-2.40323291502541,2.94110088066947,-9.58819429369736));
#6038=CARTESIAN_POINT('Ctrl Pts',(-2.35956090974732,2.89742887539138,-9.54702270879097));
#6039=CARTESIAN_POINT('Ctrl Pts',(-2.29771897158197,2.83558693722602,-9.45970800118486));
#6040=CARTESIAN_POINT('Ctrl Pts',(-2.26858119633959,2.80644916198365,-9.39815513951845));
#6041=CARTESIAN_POINT('Ctrl Pts',(-2.23515637994431,2.77302434558837,-9.28419613042275));
#6042=CARTESIAN_POINT('Ctrl Pts',(-2.22493469281811,2.76280265846217,-9.21164648656184));
#6043=CARTESIAN_POINT('Ctrl Pts',(-2.22493469281811,2.76280265846217,-9.15000000000027));
#6044=CARTESIAN_POINT('',(-3.18645077490731,3.72431874055137,-9.65000000000027));
#6045=CARTESIAN_POINT('',(-2.11653232551645,2.65440029116051,-9.65000000000027));
#6046=CARTESIAN_POINT('',(-3.18645077490731,3.72431874055137,-1.85000000000027));
#6047=CARTESIAN_POINT('Origin',(-1.90440029116049,2.86653232551647,-1.85000000000027));
#6048=CARTESIAN_POINT('',(-2.01280265846215,2.97493469281813,-9.15000000000027));
#6049=CARTESIAN_POINT('',(-2.36754595021513,3.32967798457111,-9.65000000000027));
#6050=CARTESIAN_POINT('Ctrl Pts',(-2.01280265846215,2.97493469281813,-9.15000000000027));
#6051=CARTESIAN_POINT('Ctrl Pts',(-2.01280265846215,2.97493469281813,-9.21164648656184));
#6052=CARTESIAN_POINT('Ctrl Pts',(-2.02302434558835,2.98515637994433,-9.28419613042275));
#6053=CARTESIAN_POINT('Ctrl Pts',(-2.05644916198363,3.01858119633962,-9.39815513951845));
#6054=CARTESIAN_POINT('Ctrl Pts',(-2.08558693722601,3.04771897158199,-9.45970800118486));
#6055=CARTESIAN_POINT('Ctrl Pts',(-2.14742887539136,3.10956090974735,-9.54702270879097));
#6056=CARTESIAN_POINT('Ctrl Pts',(-2.19110088066945,3.15323291502543,-9.58819429369736));
#6057=CARTESIAN_POINT('Ctrl Pts',(-2.27205482420753,3.23418685856352,-9.63552773701958));
#6058=CARTESIAN_POINT('Ctrl Pts',(-2.32368434316273,3.28581637751871,-9.65000000000027));
#6059=CARTESIAN_POINT('Ctrl Pts',(-2.36754595021513,3.32967798457111,-9.65000000000027));
#6060=CARTESIAN_POINT('',(-2.01280265846215,2.97493469281813,-1.85000000000027));
#6061=CARTESIAN_POINT('',(-2.01280265846215,2.97493469281813,-9.65000000000027));
#6062=CARTESIAN_POINT('',(-2.97431874055135,3.93645077490733,-1.85000000000027));
#6063=CARTESIAN_POINT('',(-1.90440029116049,2.86653232551647,-1.85000000000027));
#6064=CARTESIAN_POINT('',(-2.97431874055135,3.93645077490733,-9.65000000000027));
#6065=CARTESIAN_POINT('',(-2.97431874055135,3.93645077490733,-1.85000000000027));
#6066=CARTESIAN_POINT('',(-1.90440029116049,2.86653232551647,-9.65000000000027));
#6067=CARTESIAN_POINT('Origin',(-3.60000000000001,4.35,-1.85000000000027));
#6068=CARTESIAN_POINT('Origin',(-3.60000000000001,4.35,-1.85000000000027));
#6069=CARTESIAN_POINT('Origin',(-3.60000000000001,4.35,-1.85000000000027));
#6070=CARTESIAN_POINT('Origin',(-1.9044002911605,5.83346767448356,-1.85000000000027));
#6071=CARTESIAN_POINT('',(-2.97431874055136,4.7635492250927,-1.85000000000027));
#6072=CARTESIAN_POINT('',(-2.01280265846217,5.72506530718189,-1.85000000000027));
#6073=CARTESIAN_POINT('',(-1.9044002911605,5.83346767448356,-1.85000000000027));
#6074=CARTESIAN_POINT('',(-2.01280265846217,5.72506530718189,-9.15000000000027));
#6075=CARTESIAN_POINT('',(-2.01280265846217,5.72506530718189,-9.65000000000027));
#6076=CARTESIAN_POINT('',(-2.36754595021515,5.37032201542891,-9.65000000000027));
#6077=CARTESIAN_POINT('Ctrl Pts',(-2.36754595021515,5.37032201542891,-9.65000000000027));
#6078=CARTESIAN_POINT('Ctrl Pts',(-2.32368434316275,5.41418362248131,-9.65000000000027));
#6079=CARTESIAN_POINT('Ctrl Pts',(-2.27205482420755,5.46581314143651,-9.63552773701958));
#6080=CARTESIAN_POINT('Ctrl Pts',(-2.19110088066947,5.54676708497459,-9.58819429369736));
#6081=CARTESIAN_POINT('Ctrl Pts',(-2.14742887539138,5.59043909025268,-9.54702270879097));
#6082=CARTESIAN_POINT('Ctrl Pts',(-2.08558693722603,5.65228102841803,-9.45970800118486));
#6083=CARTESIAN_POINT('Ctrl Pts',(-2.05644916198365,5.6814188036604,-9.39815513951845));
#6084=CARTESIAN_POINT('Ctrl Pts',(-2.02302434558837,5.71484362005569,-9.28419613042275));
#6085=CARTESIAN_POINT('Ctrl Pts',(-2.01280265846217,5.72506530718189,-9.21164648656184));
#6086=CARTESIAN_POINT('Ctrl Pts',(-2.01280265846217,5.72506530718189,-9.15000000000027));
#6087=CARTESIAN_POINT('',(-2.97431874055136,4.7635492250927,-9.65000000000027));
#6088=CARTESIAN_POINT('',(-1.9044002911605,5.83346767448356,-9.65000000000027));
#6089=CARTESIAN_POINT('',(-2.97431874055136,4.7635492250927,-1.85000000000027));
#6090=CARTESIAN_POINT('Origin',(-2.11653232551647,6.04559970883952,-1.85000000000027));
#6091=CARTESIAN_POINT('',(-2.22493469281813,5.93719734153786,-9.15000000000027));
#6092=CARTESIAN_POINT('',(-2.57967798457112,5.58245404978487,-9.65000000000027));
#6093=CARTESIAN_POINT('Ctrl Pts',(-2.22493469281814,5.93719734153785,-9.15000000000027));
#6094=CARTESIAN_POINT('Ctrl Pts',(-2.22493469281814,5.93719734153785,-9.21164648656184));
#6095=CARTESIAN_POINT('Ctrl Pts',(-2.23515637994433,5.92697565441166,-9.28419613042275));
#6096=CARTESIAN_POINT('Ctrl Pts',(-2.26858119633962,5.89355083801637,-9.39815513951845));
#6097=CARTESIAN_POINT('Ctrl Pts',(-2.29771897158199,5.864413062774,-9.45970800118486));
#6098=CARTESIAN_POINT('Ctrl Pts',(-2.35956090974735,5.80257112460864,-9.54702270879097));
#6099=CARTESIAN_POINT('Ctrl Pts',(-2.40323291502543,5.75889911933055,-9.58819429369736));
#6100=CARTESIAN_POINT('Ctrl Pts',(-2.48418685856352,5.67794517579247,-9.63552773701958));
#6101=CARTESIAN_POINT('Ctrl Pts',(-2.53581637751871,5.62631565683727,-9.65000000000027));
#6102=CARTESIAN_POINT('Ctrl Pts',(-2.57967798457112,5.58245404978487,-9.65000000000027));
#6103=CARTESIAN_POINT('',(-2.22493469281813,5.93719734153786,-1.85000000000027));
#6104=CARTESIAN_POINT('',(-2.22493469281813,5.93719734153786,-9.65000000000027));
#6105=CARTESIAN_POINT('',(-3.18645077490733,4.97568125944866,-1.85000000000027));
#6106=CARTESIAN_POINT('',(-2.11653232551647,6.04559970883952,-1.85000000000027));
#6107=CARTESIAN_POINT('',(-3.18645077490733,4.97568125944866,-9.65000000000027));
#6108=CARTESIAN_POINT('',(-3.18645077490733,4.97568125944866,-1.85000000000027));
#6109=CARTESIAN_POINT('',(-2.11653232551647,6.04559970883952,-9.65000000000027));
#6110=CARTESIAN_POINT('Origin',(-3.60000000000001,4.35,-1.85000000000027));
#6111=CARTESIAN_POINT('Origin',(-3.60000000000001,4.35,-1.85000000000027));
#6112=CARTESIAN_POINT('Origin',(-3.60000000000001,4.35,-1.85000000000027));
#6113=CARTESIAN_POINT('Origin',(-5.08346767448356,6.0455997088395,-1.85000000000027));
#6114=CARTESIAN_POINT('',(-4.01354922509269,4.97568125944864,-1.85000000000027));
#6115=CARTESIAN_POINT('',(-4.97506530718189,5.93719734153784,-1.85000000000027));
#6116=CARTESIAN_POINT('',(-5.08346767448356,6.0455997088395,-1.85000000000027));
#6117=CARTESIAN_POINT('',(-4.97506530718189,5.93719734153784,-9.15000000000027));
#6118=CARTESIAN_POINT('',(-4.97506530718189,5.93719734153784,-9.65000000000027));
#6119=CARTESIAN_POINT('',(-4.62032201542891,5.58245404978486,-9.65000000000027));
#6120=CARTESIAN_POINT('Ctrl Pts',(-4.62032201542891,5.58245404978486,-9.65000000000027));
#6121=CARTESIAN_POINT('Ctrl Pts',(-4.66418362248132,5.62631565683726,-9.65000000000027));
#6122=CARTESIAN_POINT('Ctrl Pts',(-4.71581314143651,5.67794517579245,-9.63552773701958));
#6123=CARTESIAN_POINT('Ctrl Pts',(-4.7967670849746,5.75889911933054,-9.58819429369736));
#6124=CARTESIAN_POINT('Ctrl Pts',(-4.84043909025268,5.80257112460862,-9.54702270879097));
#6125=CARTESIAN_POINT('Ctrl Pts',(-4.90228102841804,5.86441306277398,-9.45970800118486));
#6126=CARTESIAN_POINT('Ctrl Pts',(-4.93141880366041,5.89355083801635,-9.39815513951845));
#6127=CARTESIAN_POINT('Ctrl Pts',(-4.9648436200557,5.92697565441164,-9.28419613042275));
#6128=CARTESIAN_POINT('Ctrl Pts',(-4.97506530718189,5.93719734153784,-9.21164648656184));
#6129=CARTESIAN_POINT('Ctrl Pts',(-4.97506530718189,5.93719734153784,-9.15000000000027));
#6130=CARTESIAN_POINT('',(-4.01354922509269,4.97568125944864,-9.65000000000027));
#6131=CARTESIAN_POINT('',(-5.08346767448356,6.0455997088395,-9.65000000000027));
#6132=CARTESIAN_POINT('',(-4.01354922509269,4.97568125944864,-1.85000000000027));
#6133=CARTESIAN_POINT('Origin',(-5.29559970883952,5.83346767448353,-1.85000000000027));
#6134=CARTESIAN_POINT('',(-5.18719734153786,5.72506530718187,-9.15000000000027));
#6135=CARTESIAN_POINT('',(-4.83245404978487,5.37032201542889,-9.65000000000027));
#6136=CARTESIAN_POINT('Ctrl Pts',(-5.18719734153786,5.72506530718187,-9.15000000000027));
#6137=CARTESIAN_POINT('Ctrl Pts',(-5.18719734153786,5.72506530718187,-9.21164648656184));
#6138=CARTESIAN_POINT('Ctrl Pts',(-5.17697565441166,5.71484362005567,-9.28419613042275));
#6139=CARTESIAN_POINT('Ctrl Pts',(-5.14355083801637,5.68141880366039,-9.39815513951845));
#6140=CARTESIAN_POINT('Ctrl Pts',(-5.114413062774,5.65228102841802,-9.45970800118486));
#6141=CARTESIAN_POINT('Ctrl Pts',(-5.05257112460864,5.59043909025266,-9.54702270879097));
#6142=CARTESIAN_POINT('Ctrl Pts',(-5.00889911933056,5.54676708497458,-9.58819429369736));
#6143=CARTESIAN_POINT('Ctrl Pts',(-4.92794517579247,5.46581314143649,-9.63552773701958));
#6144=CARTESIAN_POINT('Ctrl Pts',(-4.87631565683728,5.4141836224813,-9.65000000000027));
#6145=CARTESIAN_POINT('Ctrl Pts',(-4.83245404978487,5.37032201542889,-9.65000000000027));
#6146=CARTESIAN_POINT('',(-5.18719734153786,5.72506530718187,-1.85000000000027));
#6147=CARTESIAN_POINT('',(-5.18719734153786,5.72506530718187,-9.65000000000027));
#6148=CARTESIAN_POINT('',(-4.22568125944866,4.76354922509268,-1.85000000000027));
#6149=CARTESIAN_POINT('',(-5.29559970883952,5.83346767448353,-1.85000000000027));
#6150=CARTESIAN_POINT('',(-4.22568125944866,4.76354922509268,-9.65000000000027));
#6151=CARTESIAN_POINT('',(-4.22568125944866,4.76354922509268,-1.85000000000027));
#6152=CARTESIAN_POINT('',(-5.29559970883952,5.83346767448353,-9.65000000000027));
#6153=CARTESIAN_POINT('Origin',(-3.60000000000001,4.35,-1.85000000000027));
#6154=CARTESIAN_POINT('Origin',(-3.60000000000001,4.35,-1.85000000000027));
#6155=CARTESIAN_POINT('Origin',(-3.60000000000001,4.35,-1.85000000000027));
#6156=CARTESIAN_POINT('Origin',(-3.60000000000001,4.35,-9.15000000000027));
#6157=CARTESIAN_POINT('Origin',(-3.60000000000001,4.35,-9.15000000000027));
#6158=CARTESIAN_POINT('Origin',(-3.60000000000001,4.35,-9.65000000000027));
#6159=CARTESIAN_POINT('Origin',(-3.60000000000001,4.35,-9.65000000000027));
#6160=CARTESIAN_POINT('Origin',(-3.60000000000001,4.35,-9.65000000000027));
#6161=CARTESIAN_POINT('Origin',(-3.60000000000001,4.35,-9.65000000000027));
#6162=CARTESIAN_POINT('',(-2.85000000000001,4.35,-9.65000000000027));
#6163=CARTESIAN_POINT('Origin',(-3.60000000000001,4.35,-9.65000000000027));
#6164=CARTESIAN_POINT('',(-2.85000000000001,4.35,-1.65000000000027));
#6165=CARTESIAN_POINT('',(-2.85000000000001,4.35,-9.65000000000027));
#6166=CARTESIAN_POINT('Origin',(-3.60000000000001,4.35,-1.65000000000027));
#6167=CARTESIAN_POINT('Origin',(-3.60000000000001,4.35,-9.65000000000027));
#6168=CARTESIAN_POINT('Origin',(-3.60000000000001,4.35,-9.65000000000027));
#6169=CARTESIAN_POINT('Origin',(-3.60000000000001,4.35,-9.65000000000027));
#6170=CARTESIAN_POINT('',(-1.5,4.35,-1.65000000000027));
#6171=CARTESIAN_POINT('Origin',(-3.60000000000001,4.35,-1.65000000000027));
#6172=CARTESIAN_POINT('',(-1.5,4.35,-9.15000000000027));
#6173=CARTESIAN_POINT('',(-1.5,4.35,-9.65000000000027));
#6174=CARTESIAN_POINT('Origin',(-3.60000000000001,4.35,-9.15000000000027));
#6175=CARTESIAN_POINT('Origin',(-3.60000000000001,4.35,-9.15000000000027));
#6176=CARTESIAN_POINT('Origin',(-3.60000000000001,4.35,-9.15000000000027));
#6177=CARTESIAN_POINT('Origin',(-3.60000000000001,4.35,-9.15000000000027));
#6178=CARTESIAN_POINT('Origin',(-3.60000000000001,4.35,-1.65000000000027));
#6179=CARTESIAN_POINT('Origin',(-3.60000000000001,4.35,-9.65000000000027));
#6180=CARTESIAN_POINT('Origin',(-3.60000000000001,4.35,-9.15000000000027));
#6181=CARTESIAN_POINT('Origin',(-3.60000000000001,4.35,-9.65000000000027));
#6182=CARTESIAN_POINT('Origin',(-3.60000000000001,4.35,-9.15000000000027));
#6183=CARTESIAN_POINT('Origin',(-3.60000000000001,4.35,-9.65000000000027));
#6184=CARTESIAN_POINT('Origin',(-3.60000000000001,4.35,-9.15000000000027));
#6185=CARTESIAN_POINT('Origin',(-3.60000000000001,4.35,-9.65000000000027));
#6186=CARTESIAN_POINT('Origin',(-3.60000000000001,4.35,-9.65000000000027));
#6187=CARTESIAN_POINT('Origin',(-3.60000000000001,4.35,-9.65000000000027));
#6188=CARTESIAN_POINT('Origin',(-3.60000000000001,4.35,-9.65000000000027));
#6189=UNCERTAINTY_MEASURE_WITH_UNIT(LENGTH_MEASURE(0.01),#6193,
'DISTANCE_ACCURACY_VALUE',
'Maximum model space distance between geometric entities at asserted c
onnectivities');
#6190=UNCERTAINTY_MEASURE_WITH_UNIT(LENGTH_MEASURE(0.01),#6193,
'DISTANCE_ACCURACY_VALUE',
'Maximum model space distance between geometric entities at asserted c
onnectivities');
#6191=(
GEOMETRIC_REPRESENTATION_CONTEXT(3)
GLOBAL_UNCERTAINTY_ASSIGNED_CONTEXT((#6189))
GLOBAL_UNIT_ASSIGNED_CONTEXT((#6193,#6195,#6196))
REPRESENTATION_CONTEXT('','3D')
);
#6192=(
GEOMETRIC_REPRESENTATION_CONTEXT(3)
GLOBAL_UNCERTAINTY_ASSIGNED_CONTEXT((#6190))
GLOBAL_UNIT_ASSIGNED_CONTEXT((#6193,#6195,#6196))
REPRESENTATION_CONTEXT('','3D')
);
#6193=(
LENGTH_UNIT()
NAMED_UNIT(*)
SI_UNIT(.MILLI.,.METRE.)
);
#6194=(
LENGTH_UNIT()
NAMED_UNIT(*)
SI_UNIT($,.METRE.)
);
#6195=(
NAMED_UNIT(*)
PLANE_ANGLE_UNIT()
SI_UNIT($,.RADIAN.)
);
#6196=(
NAMED_UNIT(*)
SI_UNIT($,.STERADIAN.)
SOLID_ANGLE_UNIT()
);
#6197=SHAPE_DEFINITION_REPRESENTATION(#6198,#6199);
#6198=PRODUCT_DEFINITION_SHAPE('',$,#6201);
#6199=SHAPE_REPRESENTATION('',(#3244),#6191);
#6200=PRODUCT_DEFINITION_CONTEXT('part definition',#6205,'design');
#6201=PRODUCT_DEFINITION('2025-12-08-02-18-19-880','XT60_CAD',#6202,#6200);
#6202=PRODUCT_DEFINITION_FORMATION('',$,#6207);
#6203=PRODUCT_RELATED_PRODUCT_CATEGORY('XT60_CAD','XT60_CAD',(#6207));
#6204=APPLICATION_PROTOCOL_DEFINITION('international standard',
'automotive_design',2009,#6205);
#6205=APPLICATION_CONTEXT(
'Core Data for Automotive Mechanical Design Process');
#6206=PRODUCT_CONTEXT('part definition',#6205,'mechanical');
#6207=PRODUCT('2025-12-08-02-18-19-880','XT60_CAD','STEP AP214',(#6206));
#6208=PRESENTATION_STYLE_ASSIGNMENT((#6212));
#6209=PRESENTATION_STYLE_ASSIGNMENT((#6213));
#6210=PRESENTATION_STYLE_ASSIGNMENT((#6214));
#6211=PRESENTATION_STYLE_ASSIGNMENT((#6215));
#6212=SURFACE_STYLE_USAGE(.BOTH.,#6216);
#6213=SURFACE_STYLE_USAGE(.BOTH.,#6217);
#6214=SURFACE_STYLE_USAGE(.BOTH.,#6218);
#6215=SURFACE_STYLE_USAGE(.BOTH.,#6219);
#6216=SURFACE_SIDE_STYLE('',(#6220));
#6217=SURFACE_SIDE_STYLE('',(#6221));
#6218=SURFACE_SIDE_STYLE('',(#6222));
#6219=SURFACE_SIDE_STYLE('',(#6223));
#6220=SURFACE_STYLE_FILL_AREA(#6224);
#6221=SURFACE_STYLE_FILL_AREA(#6225);
#6222=SURFACE_STYLE_FILL_AREA(#6226);
#6223=SURFACE_STYLE_FILL_AREA(#6227);
#6224=FILL_AREA_STYLE('Steel - Satin',(#6228));
#6225=FILL_AREA_STYLE('Opaque(255,255,0)',(#6229));
#6226=FILL_AREA_STYLE('Opaque(202,209,238)',(#6230));
#6227=FILL_AREA_STYLE('Opaque(203,210,239)',(#6231));
#6228=FILL_AREA_STYLE_COLOUR('Steel - Satin',#6232);
#6229=FILL_AREA_STYLE_COLOUR('Opaque(255,255,0)',#6233);
#6230=FILL_AREA_STYLE_COLOUR('Opaque(202,209,238)',#6234);
#6231=FILL_AREA_STYLE_COLOUR('Opaque(203,210,239)',#6235);
#6232=COLOUR_RGB('Steel - Satin',0.627450980392157,0.627450980392157,0.627450980392157);
#6233=COLOUR_RGB('Opaque(255,255,0)',1.,1.,0.);
#6234=COLOUR_RGB('Opaque(202,209,238)',0.792156862745098,0.819607843137255,
0.933333333333333);
#6235=COLOUR_RGB('Opaque(203,210,239)',0.796078431372549,0.823529411764706,
0.937254901960784);
ENDSEC;
END-ISO-10303-21;
